机构,文件,类别,问题
化英社,题-HYS-01-01-11在DielsAlder反.md,行尾,CRLF（.gitattributes 定 eol=lf）
化英社,题-HYS-01-01-11在DielsAlder反.md,内容,占位语
化英社,题-HYS-01-01-本题可能用到氨基酸相关的缩写.md,内容,占位语
化英社,题-HYS-01-01-某金属元素M在自然界中分布广.md,内容,占位语
化英社,题-HYS-01-02-AIndene是一种芳香烃含.md,行尾,CRLF（.gitattributes 定 eol=lf）
化英社,题-HYS-01-02-自然界中存在的含氮化合物大多.md,内容,占位语
化英社,题-HYS-01-02-载有生物活性分子的碳硼簇药物.md,内容,占位语
化英社,题-HYS-01-03-31向的DMF溶液中通入一氧.md,行尾,CRLF（.gitattributes 定 eol=lf）
化英社,题-HYS-01-03-31研究人员利用CO激活有机.md,内容,占位语
化英社,题-HYS-01-03-31研究人员利用激活有机硼化.md,内容,占位语
化英社,题-HYS-01-03-纳米孔Nanopore技术是.md,内容,占位语
化英社,题-HYS-01-04-苯炔是最具反应性的有机中间体.md,内容,占位语
化英社,题-HYS-01-05-20世纪70年代钯催化的交叉.md,行尾,CRLF（.gitattributes 定 eol=lf）
化英社,题-HYS-01-06-61酸性是有机化合物的基本性.md,行尾,CRLF（.gitattributes 定 eol=lf）
化英社,题-HYS-01-07-12迁移反应是正离子重排的常.md,行尾,CRLF（.gitattributes 定 eol=lf）
化英社,题-HYS-01-07-12迁移反应是正离子重排的常.md,内容,占位语
化英社,题-HYS-01-07-71氯甲基麟酸二氯存在两种构.md,内容,占位语
化英社,题-HYS-01-07-申联反应不仅体现了步骤经济性.md,内容,占位语
化英社,题-HYS-01-08-三价磷可以催化一些特殊的缺电.md,内容,占位语
化英社,题-HYS-01-08-将三级胺类药物转化为季铵盐以.md,内容,占位语
化英社,题-HYS-01-09-伊博加生物碱是一类主要来自热.md,内容,占位语
化英社,题-HYS-01-09-自2003年以来一些高氧化态.md,内容,占位语
化英社,题-HYS-01-10-具有吗啡骨架的化合物是一类常.md,内容,占位语
化英社,题-HYS-02-01-In混合卤化物因其光致发光的.md,行尾,CRLF（.gitattributes 定 eol=lf）
化英社,题-HYS-02-01-已知XYZ是同族元素其相对原.md,内容,占位语
化英社,题-HYS-02-02-21唯象热力学中的热容在唯象.md,行尾,CRLF（.gitattributes 定 eol=lf）
化英社,题-HYS-02-02-21唯象热力学中的热容在唯象.md,内容,占位语
化英社,题-HYS-02-03-钴氧体系在电化学中十分重要的.md,内容,占位语
化英社,题-HYS-02-04-41堆积参数在自组装问题中几.md,行尾,CRLF（.gitattributes 定 eol=lf）
化英社,题-HYS-02-04-41堆积参数在自组装问题中几.md,内容,占位语
化英社,题-HYS-02-04-轮烷是一种超分子其由两个不由.md,内容,占位语
化英社,题-HYS-02-05-NiNO32是实验室中最常见.md,内容,占位语
化英社,题-HYS-02-05-酶支撑生命之流的网格51推断.md,内容,占位语
化英社,题-HYS-02-06-61单壁碳纳米管可以看做单层.md,行尾,CRLF（.gitattributes 定 eol=lf）
化英社,题-HYS-02-07-高张力氮杂桥环凭借其刚性三维.md,内容,占位语
化英社,题-HYS-02-08-81具有偶数个累积双键的结构.md,行尾,CRLF（.gitattributes 定 eol=lf）
化英社,题-HYS-02-08-本题的两问可以说没有先后之分.md,内容,占位语
化英社,题-HYS-02-08-氧杂三元环由于可以通过双键环.md,内容,占位语
化英社,题-HYS-02-09-在全合成流程中某些步骤往往不.md,内容,占位语
化英社,题-HYS-02-09-联烯是最简单的累积双键分子而.md,内容,占位语
化英社,题-HYS-02-09-金属铜配合物作为有机反应的催.md,内容,占位语
化英社,题-HYS-02-10-101以下是两个十分经典的反.md,行尾,CRLF（.gitattributes 定 eol=lf）
化英社,题-HYS-03-01-M单质与稀酸反应速率较慢这可.md,行尾,CRLF（.gitattributes 定 eol=lf）
化英社,题-HYS-03-02-21聚硅氧烷是一种主链由硅氧.md,行尾,CRLF（.gitattributes 定 eol=lf）
化英社,题-HYS-03-04-具有多样的氟化物对于其结构我.md,行尾,CRLF（.gitattributes 定 eol=lf）
化英社,题-HYS-03-05-卡诺循环是一种理想化的热力学.md,内容,占位语
化英社,题-HYS-03-06-水宝宝是一种外表晶莹漂亮的凝.md,内容,占位语
化英社,题-HYS-03-07-71判断下述化合物的DL构型.md,行尾,CRLF（.gitattributes 定 eol=lf）
化英社,题-HYS-03-08-123三唑骨架在自然界中并不.md,行尾,CRLF（.gitattributes 定 eol=lf）
化英社,题-HYS-03-09-91在碘存在下研究人员实现了.md,行尾,CRLF（.gitattributes 定 eol=lf）
化英社,题-HYS-03-10-SecuamamineD是一.md,行尾,CRLF（.gitattributes 定 eol=lf）
化英社,题-HYS-04-02-21将混合反应可以制得簇合物.md,行尾,CRLF（.gitattributes 定 eol=lf）
化英社,题-HYS-04-03-2020年研究人员发现一例特.md,行尾,CRLF（.gitattributes 定 eol=lf）
化英社,题-HYS-04-05-51葡萄糖Glucose具有.md,行尾,CRLF（.gitattributes 定 eol=lf）
化英社,题-HYS-04-06-61如下的反应通过手性硫叶立.md,行尾,CRLF（.gitattributes 定 eol=lf）
化英社,题-HYS-04-06-多光子激发MPE具有三维荧光.md,内容,占位语
化英社,题-HYS-04-07-71比较下列化合物的酸性按从.md,内容,占位语
化英社,题-HYS-04-08-81以下合成路线使用了一种含.md,行尾,CRLF（.gitattributes 定 eol=lf）
化英社,题-HYS-04-09-中国科学家开发了一种Lewi.md,行尾,CRLF（.gitattributes 定 eol=lf）
化英社,题-HYS-05-02-在罗马奥斯提亚Ostia港口.md,行尾,CRLF（.gitattributes 定 eol=lf）
化英社,题-HYS-05-05-传统的气液压缩制冷剂如氟利昂.md,行尾,CRLF（.gitattributes 定 eol=lf）
化英社,题-HYS-05-07-作为地壳中最丰富的金属Al在.md,内容,占位语
化英社,题-HYS-05-08-1952年Lane等人首次从.md,行尾,CRLF（.gitattributes 定 eol=lf）
化英社,题-HYS-05-09-吲哚是有机合成中的常见基团探.md,行尾,CRLF（.gitattributes 定 eol=lf）
化英社,题-HYS-05-10-通过高度立体选择性的33重排.md,行尾,CRLF（.gitattributes 定 eol=lf）
化英社,题-HYS-06-01-11一氯甲烷与单质在约和粉催.md,行尾,CRLF（.gitattributes 定 eol=lf）
化英社,题-HYS-06-03-31葫芦脲cucurbitu.md,行尾,CRLF（.gitattributes 定 eol=lf）
化英社,题-HYS-06-04-盐类X是一种常见的干燥剂其沿.md,行尾,CRLF（.gitattributes 定 eol=lf）
化英社,题-HYS-07-01-本题涉及所有含M化合物中M的.md,行尾,CRLF（.gitattributes 定 eol=lf）
化英社,题-HYS-07-01-环境的开发利用与健康状况是人.md,内容,占位语
化英社,题-HYS-07-02-PAOx是一类新兴的生物相容.md,行尾,CRLF（.gitattributes 定 eol=lf）
化英社,题-HYS-07-03-31研究人员首先通过研究硼的.md,行尾,CRLF（.gitattributes 定 eol=lf）
化英社,题-HYS-07-04-葡萄酒初榨橄榄油水果蔬菜全谷.md,行尾,CRLF（.gitattributes 定 eol=lf）
化英社,题-HYS-07-05-含有过渡金属阳离子的扩展固体.md,行尾,CRLF（.gitattributes 定 eol=lf）
化英社,题-HYS-07-06-TIS存在多种晶型其中一种四.md,行尾,CRLF（.gitattributes 定 eol=lf）
化英社,题-HYS-07-08-81写出如下反应的产物82在.md,行尾,CRLF（.gitattributes 定 eol=lf）
化英社,题-HYS-08-01-NO在人体中是一种关键的信号.md,行尾,CRLF（.gitattributes 定 eol=lf）
化英社,题-HYS-08-02-21高锰酸钾法是一种常见的氧.md,行尾,CRLF（.gitattributes 定 eol=lf）
化英社,题-HYS-08-03-金刚石晶体是最基础的几种晶体.md,行尾,CRLF（.gitattributes 定 eol=lf）
化英社,题-HYS-08-04-在推动金属基氧化还原化学研究.md,行尾,CRLF（.gitattributes 定 eol=lf）
化英社,题-HYS-08-06-实验是化学中不可或缺的一部分.md,行尾,CRLF（.gitattributes 定 eol=lf）
化英社,题-HYS-08-07-71对于下面的环氧化反应说法.md,行尾,CRLF（.gitattributes 定 eol=lf）
化英社,题-HYS-08-08-812018年NielsMa.md,行尾,CRLF（.gitattributes 定 eol=lf）
化英社,题-HYS-08-09-2011年LomaADuff.md,行尾,CRLF（.gitattributes 定 eol=lf）
化英社,题-HYS-09-01-元素和的分离问题是当今化学研.md,行尾,CRLF（.gitattributes 定 eol=lf）
化英社,题-HYS-09-03-31由于半径规则与电价规则的.md,行尾,CRLF（.gitattributes 定 eol=lf）
化英社,题-HYS-09-05-51空间同位素效应一般出现在.md,行尾,CRLF（.gitattributes 定 eol=lf）
化英社,题-HYS-09-08-萜类化合物pedrolide.md,行尾,CRLF（.gitattributes 定 eol=lf）
化英社,题-HYS-10-02-21某种钾的含水锗酸盐A系立.md,行尾,CRLF（.gitattributes 定 eol=lf）
化英社,题-HYS-10-03-蜗型螯合配阴离子HBmt具有.md,行尾,CRLF（.gitattributes 定 eol=lf）
化英社,题-HYS-10-04-41利用催化剂以发烟硫酸为工.md,行尾,CRLF（.gitattributes 定 eol=lf）
化英社,题-HYS-10-05-CCB是一种由三种元素金属元.md,行尾,CRLF（.gitattributes 定 eol=lf）
化英社,题-HYS-10-06-气相吸附是指气体混合物中的特.md,行尾,CRLF（.gitattributes 定 eol=lf）
化英社,题-HYS-10-07-71利用叠氮阴离子的亲核性可.md,行尾,CRLF（.gitattributes 定 eol=lf）
化英社,题-HYS-10-09-烯炔复分解是一种将烯烃和炔烃.md,内容,占位语
化英社,题-HYS-10-10-101首先让我们明确碳氢活化.md,内容,占位语
化英社,题-HYS-11-02-在酸性溶液中含有金属M的黄色.md,行尾,CRLF（.gitattributes 定 eol=lf）
化英社,题-HYS-11-04-分子氙通常被视为惰性物质因为.md,行尾,CRLF（.gitattributes 定 eol=lf）
化英社,题-HYS-11-04-分子氙通常被视为惰性物质因为.md,译名,N(氮) 疑误作 氙
化英社,题-HYS-11-05-51S元素可以形成多硫阴离子.md,行尾,CRLF（.gitattributes 定 eol=lf）
化英社,题-HYS-13-01-炸药最早起源于我国早在宋代我.md,行尾,CRLF（.gitattributes 定 eol=lf）
化英社,题-HYS-13-03-2026年是北京大学化学与分.md,行尾,CRLF（.gitattributes 定 eol=lf）
化英社,题-HYS-13-05-X是一种较为常见的过渡金属元.md,行尾,CRLF（.gitattributes 定 eol=lf）
化英社,题-HYS-13-05-X是一种较为常见的过渡金属元.md,内容,占位语
化英社,题-HYS-14-01-二氧化硫是葡萄酒中最常用的防.md,行尾,CRLF（.gitattributes 定 eol=lf）
化英社,题-HYS-14-01-二氧化硫是葡萄酒中最常用的防.md,内容,占位语
化英社,题-HYS-14-02-电化学碳捕获ECC是减少二氧.md,行尾,CRLF（.gitattributes 定 eol=lf）
化英社,题-HYS-14-05-20世纪40年代中期洛杉矶首.md,行尾,CRLF（.gitattributes 定 eol=lf）
化英社,题-HYS-14-05-20世纪40年代中期洛杉矶首.md,内容,占位语
化英社,题-HYS-14-07-乙酰乙酸乙酯是重要的有机合成.md,行尾,CRLF（.gitattributes 定 eol=lf）
化英社,题-HYS-14-08-均相金催化领域始于一项发现即.md,行尾,CRLF（.gitattributes 定 eol=lf）
化英社,题-HYS-14-09-在35二甲基苷色酸衍生的类萜.md,行尾,CRLF（.gitattributes 定 eol=lf）
化英社,题-HYS-15-02-二氧化锰的晶型种类多达20余.md,行尾,CRLF（.gitattributes 定 eol=lf）
化英社,题-HYS-15-03-在上一题中我们探讨了二氧化锰.md,行尾,CRLF（.gitattributes 定 eol=lf）
化英社,题-HYS-15-05-锂是新能源产业的关键战略资源.md,行尾,CRLF（.gitattributes 定 eol=lf）
化英社,题-HYS-15-07-由于羟基具有给电子共轭效应间.md,行尾,CRLF（.gitattributes 定 eol=lf）
化英社,题-HYS-16-01-火柴小巧而便捷的点火工具自诞.md,行尾,CRLF（.gitattributes 定 eol=lf）
化英社,题-HYS-16-02-金属Sn是一种柔软低熔点的银.md,行尾,CRLF（.gitattributes 定 eol=lf）
化英社,题-HYS-16-03-31镍的常见价态为价然而其高.md,行尾,CRLF（.gitattributes 定 eol=lf）
化英社,题-HYS-16-05-硅宾作为卡宾的较重类似物通常.md,行尾,CRLF（.gitattributes 定 eol=lf）
化英社,题-HYS-16-06-正当晶胞是晶体学中一个极为重.md,行尾,CRLF（.gitattributes 定 eol=lf）
化英社,题-HYS-16-09-磷酸钠作为强碱弱酸盐具有良好.md,行尾,CRLF（.gitattributes 定 eol=lf）
化英社,题-HYS-17-02-膦亚基PR桥连双核配合物因磷.md,行尾,CRLF（.gitattributes 定 eol=lf）
化英社,题-HYS-17-03-众所周知的是苯酚在浓硝酸中可.md,行尾,CRLF（.gitattributes 定 eol=lf）
化英社,题-HYS-18-02-21中国科学家开发了一种选择.md,行尾,CRLF（.gitattributes 定 eol=lf）
化英社,题-HYS-18-03-32环加成反应是周环反应中较.md,行尾,CRLF（.gitattributes 定 eol=lf）
化英社,题-HYS-18-04-苯并噻吩是广泛存在于生物活性.md,行尾,CRLF（.gitattributes 定 eol=lf）
化英社,题-HYS-18-08-生物碱是一类含氮的天然有机分.md,行尾,CRLF（.gitattributes 定 eol=lf）
化英社,题-HYS-19-01-11在我们讨论一步基元反应快.md,行尾,CRLF（.gitattributes 定 eol=lf）
化英社,题-HYS-19-02-溶剂同位素效应是同位素效应中.md,行尾,CRLF（.gitattributes 定 eol=lf）
化英社,题-HYS-19-03-金催化有机反应是一种较为热门.md,行尾,CRLF（.gitattributes 定 eol=lf）
化英社,题-HYS-19-03-金催化有机反应是一种较为热门.md,内容,占位语
化英社,题-HYS-19-04-41首先我们来看硫与卡宾最经.md,行尾,CRLF（.gitattributes 定 eol=lf）
化英社,题-HYS-19-05-以下是一个膦催化环化反应已知.md,行尾,CRLF（.gitattributes 定 eol=lf）
化英社,题-HYS-19-06-BeckwithHouk模型.md,行尾,CRLF（.gitattributes 定 eol=lf）
化英社,题-HYS-19-09-聚合物的主链重构反应是一种在.md,行尾,CRLF（.gitattributes 定 eol=lf）
化英社,题-HYS-20-02-让我们从左到右细数主族金属簇.md,行尾,CRLF（.gitattributes 定 eol=lf）
化英社,题-HYS-20-03-1931年德国化学家Eric.md,行尾,CRLF（.gitattributes 定 eol=lf）
化英社,题-HYS-20-04-ABCDE是五种元素组成相同.md,行尾,CRLF（.gitattributes 定 eol=lf）
化英社,题-HYS-20-05-半导体材料X是一种含ABC三.md,行尾,CRLF（.gitattributes 定 eol=lf）
化英社,题-HYS-20-07-自1825年法拉第发现苯以来.md,行尾,CRLF（.gitattributes 定 eol=lf）
化英社,题-HYS-20-08-生物固氮由固氮酶中的FeMo.md,行尾,CRLF（.gitattributes 定 eol=lf）
化英社,题-HYS-40-01-11制备最有用的制备肼的方法.md,行尾,CRLF（.gitattributes 定 eol=lf）
化英社,题-HYS-40-02-21不可避免苦杏仁的气味让他.md,行尾,CRLF（.gitattributes 定 eol=lf）
化英社,题-HYS-40-05-卡诺循环是一种理想化的热力学.md,内容,占位语
化英社,题-HYS-40-06-碳纳米环是一类独特的非平面纳.md,内容,占位语
化英社,题-HYS-40-06-葡萄糖是一种十分重要的糖类是.md,内容,占位语
化英社,题-HYS-40-07-mathrm明信比尔定律Am.md,行尾,CRLF（.gitattributes 定 eol=lf）
化英社,题-HYS-40-07-早在1979年研究人员就报道.md,内容,占位语
化英社,题-HYS-40-08-2023年10月Alexan.md,行尾,CRLF（.gitattributes 定 eol=lf）
化英社,题-HYS-40-08-高镍层状氧化物如图是下一代高.md,内容,占位语
清北营,题-QBY-01-01-元素X的化学性质较为惰性即使.md,行尾,CRLF（.gitattributes 定 eol=lf）
清北营,题-QBY-01-06-某类有机发光小分子可以可逆形.md,内容,占位语
清北营,题-QBY-01-09-四氢大麻酚Tetrahydr.md,行尾,CRLF（.gitattributes 定 eol=lf）
清北营,题-QBY-02-04-近些年来有关主族金属金属键以.md,内容,占位语
清北营,题-QBY-02-08-812009年BioMM报道.md,内容,占位语
清北营,题-QBY-02-08-苯并氮硼烷作为萘的等电子体通.md,内容,占位语
清北营,题-QBY-03-01-11按要求书写下列反应方程式.md,行尾,CRLF（.gitattributes 定 eol=lf）
清北营,题-QBY-03-06-Pu有一种奇怪的特性在水溶液.md,行尾,CRLF（.gitattributes 定 eol=lf）
清北营,题-QBY-03-10-Prins反应早在100年前.md,内容,占位语
清北营,题-QBY-04-01-11ATGC是一类较强的分子.md,内容,占位语
清北营,题-QBY-04-03-氧化还原滴定作为分析化学中最.md,内容,占位语
清北营,题-QBY-04-07-71画出以下两个分子的优势构.md,内容,占位语
清北营,题-QBY-04-08-81选出下列反应中有碳正离子.md,内容,占位语
清北营,题-QBY-04-08-近日美国的一课题组开发了一种.md,内容,占位语
清北营,题-QBY-04-10-alstrostineG是一.md,行尾,CRLF（.gitattributes 定 eol=lf）
清北营,题-QBY-05-01-以下是pH0时V的Latim.md,行尾,CRLF（.gitattributes 定 eol=lf）
清北营,题-QBY-05-08-在有机反应中构造一个羰基位负.md,内容,占位语
清北营,题-QBY-05-09-在20世纪末和21世纪初呋喃.md,内容,占位语
清北营,题-QBY-06-02-典型的Nazarov环化如下.md,内容,占位语
清北营,题-QBY-06-05-CS键在各种天然产物药物农用.md,内容,占位语
清北营,题-QBY-06-06-相比于钯铑和铱催化剂而言铂和.md,内容,占位语
清北营,题-QBY-06-06-靶向药物由三个部分构成设计靶.md,内容,占位语
清北营,题-QBY-06-08-现代有机合成致力于开发能构建.md,内容,占位语
清北营,题-QBY-07-03-31金银单质都有绚丽的颜色3.md,行尾,CRLF（.gitattributes 定 eol=lf）
清北营,题-QBY-07-05-51在第39届中国化学奥林匹.md,行尾,CRLF（.gitattributes 定 eol=lf）
清北营,题-QBY-07-06-2024年XuQ等人报道了一.md,内容,占位语
清北营,题-QBY-07-09-生物碱是一类重要的天然产物它.md,内容,占位语
清北营,题-QBY-08-05-多锑配体络合物因其高光敏性和.md,内容,占位语
清北营,题-QBY-08-08-1975年一位印度籍的研究生.md,行尾,CRLF（.gitattributes 定 eol=lf）
清北营,题-QBY-08-10-醛类化合物在有机合成中有重要.md,内容,占位语
清北营,题-QBY-09-01-早在5500年前古埃及人就知.md,行尾,CRLF（.gitattributes 定 eol=lf）
清北营,题-QBY-09-02-金属有机框架MOF的合成主要.md,内容,占位语
清北营,题-QBY-09-03-物质存在固体液体气体三种状态.md,内容,占位语
清北营,题-QBY-09-04-含磷杂环因其独特的空间结构和.md,内容,占位语
清北营,题-QBY-09-06-分子变色龙是一类可以根据环境.md,行尾,CRLF（.gitattributes 定 eol=lf）
清北营,题-QBY-09-07-Fentanyl及其衍生物正.md,内容,占位语
清北营,题-QBY-09-08-1885年AdolfvonB.md,行尾,CRLF（.gitattributes 定 eol=lf）
清北营,题-QBY-10-01-11298K下在一弹式热量计.md,行尾,CRLF（.gitattributes 定 eol=lf）
清北营,题-QBY-10-02-单原子催化剂SACs为具有催.md,内容,占位语
清北营,题-QBY-10-05-氧气的氧化还原反应是生命过程.md,行尾,CRLF（.gitattributes 定 eol=lf）
清北营,题-QBY-11-03-苯拥有众所周知的芳香性这使得.md,内容,占位语
清北营,题-QBY-11-04-四三苯基膦钯0PdPPh是S.md,内容,占位语
清北营,题-QBY-12-10-近日上海交通大学的吴华课题组.md,内容,占位语
清北营,题-QBY-13-02-卡宾与烯烃或炔烃的环加成反应.md,行尾,CRLF（.gitattributes 定 eol=lf）
清北营,题-QBY-16-02-氮气在温和条件下的转化是工业.md,内容,占位语
清北营,题-QBY-16-06-一氧化碳是一种不可或缺的C1.md,内容,占位语
清北营,题-QBY-16-09-小环具有独特的反应性在有机合.md,行尾,CRLF（.gitattributes 定 eol=lf）
清北营,题-QBY-17-09-小环双环碳环骨架因其刚性结构.md,内容,占位语
chemy,题-CM-01-02-奎宁结构如右图所示是从金鸡纳.md,行尾,CRLF（.gitattributes 定 eol=lf）
chemy,题-CM-01-04-自20世纪50年代以来人们已.md,行尾,CRLF（.gitattributes 定 eol=lf）
chemy,题-CM-01-05-很多具有钙钛矿结构的化合物是.md,行尾,CRLF（.gitattributes 定 eol=lf）
chemy,题-CM-01-07-71有机物的熔沸点对有机反应.md,行尾,CRLF（.gitattributes 定 eol=lf）
chemy,题-CM-02-01-锌碘ZnI电池是一种新兴的二.md,行尾,CRLF（.gitattributes 定 eol=lf）
chemy,题-CM-02-05-51氙是稀有气体的一种在很早.md,行尾,CRLF（.gitattributes 定 eol=lf）
chemy,题-CM-02-09-吡啶N氧化物具有特殊的化学性.md,内容,占位语
chemy,题-CM-03-02-132G具有非凡的氧化性质它.md,行尾,CRLF（.gitattributes 定 eol=lf）
chemy,题-CM-03-07-71通过如下得几步反应制备了.md,内容,占位语
chemy,题-CM-04-02-CO2的捕集是解决温室气体过.md,行尾,CRLF（.gitattributes 定 eol=lf）
chemy,题-CM-04-03-PCl和NHCl在一定条件下.md,行尾,CRLF（.gitattributes 定 eol=lf）
chemy,题-CM-04-04-电池研究的方向是多维度的目前.md,行尾,CRLF（.gitattributes 定 eol=lf）
chemy,题-CM-04-06-氢能是一种清洁能源有望促进社.md,行尾,CRLF（.gitattributes 定 eol=lf）
chemy,题-CM-04-08-Smiles重排是一种分子内.md,内容,占位语
chemy,题-CM-04-09-炔丙醇在酸性条件下易于发生下.md,内容,占位语
chemy,题-CM-05-08-81在甲烷分子中的HCH键角.md,内容,占位语
chemy,题-CM-10-01-11固态的为层状结构层内硼酸.md,行尾,CRLF（.gitattributes 定 eol=lf）
chemy,题-CM-10-02-1925年LTschugaj.md,行尾,CRLF（.gitattributes 定 eol=lf）
chemy,题-CM-10-03-31的制备过程如下称取和于锥.md,行尾,CRLF（.gitattributes 定 eol=lf）
chemy,题-CM-10-04-M是一种多彩的元素它的许多化.md,行尾,CRLF（.gitattributes 定 eol=lf）
chemy,题-CM-10-05-基于YSZ的氧气传感器在包括.md,行尾,CRLF（.gitattributes 定 eol=lf）
chemy,题-CM-11-01-三氯化铬的四氢呋喃THF合物.md,行尾,CRLF（.gitattributes 定 eol=lf）
chemy,题-CM-11-02-将溴化铵与三溴化锑在浓溴化氢.md,行尾,CRLF（.gitattributes 定 eol=lf）
chemy,题-CM-11-04-在冬季北极地区的温度可达到2.md,行尾,CRLF（.gitattributes 定 eol=lf）
chemy,题-CM-11-10-2乙烯基氮杂环化合物和异氰酸.md,行尾,CRLF（.gitattributes 定 eol=lf）
chemy,题-CM-11-11-在环系结构和原子间位置合适时.md,内容,占位语
chemy,题-CM-12-04-41雌黄雄黄均是砷的硫化物矿.md,行尾,CRLF（.gitattributes 定 eol=lf）
chemy,题-CM-12-08-81一般地可通过化学键均裂时.md,行尾,CRLF（.gitattributes 定 eol=lf）
chemy,题-CM-12-09-周环反应是一种没有明显电性的.md,行尾,CRLF（.gitattributes 定 eol=lf）
chemy,题-CM-14-01-以硫和氮为骨架可以组成多种多.md,行尾,CRLF（.gitattributes 定 eol=lf）
chemy,题-CM-14-02-0时向饱和溶液中通入加入KO.md,行尾,CRLF（.gitattributes 定 eol=lf）
chemy,题-CM-14-03-由于与重卤原子的亲和性As的.md,行尾,CRLF（.gitattributes 定 eol=lf）
chemy,题-CM-14-04-第111号元素轮是第七周期超.md,译名,Rg(錀) 疑误作 轮/铊
chemy,题-CM-14-05-在高温下含有七并五环系的芳稠.md,行尾,CRLF（.gitattributes 定 eol=lf）
chemy,题-CM-14-07-键角是反映分子空间结构的重要.md,行尾,CRLF（.gitattributes 定 eol=lf）
chemy,题-CM-14-08-SculponinU是一种贝.md,行尾,CRLF（.gitattributes 定 eol=lf）
chemy,题-CM-14-09-早在1967年人们就已经成功.md,行尾,CRLF（.gitattributes 定 eol=lf）
chemy,题-CM-15-02-211963年科学家在研究铋.md,行尾,CRLF（.gitattributes 定 eol=lf）
chemy,题-CM-15-07-71同位素标记实验常被用于研.md,行尾,CRLF（.gitattributes 定 eol=lf）
chemy,题-CM-15-08-核酸酶如CRISPRCas9.md,行尾,CRLF（.gitattributes 定 eol=lf）
chemy,题-CM-15-09-重氮酯类化合物是有机合成中重.md,行尾,CRLF（.gitattributes 定 eol=lf）
chemy,题-CM-16-01-Bluehasnodimen.md,行尾,CRLF（.gitattributes 定 eol=lf）
chemy,题-CM-16-02-通过热解M和N叔丁基异丁酰胺.md,行尾,CRLF（.gitattributes 定 eol=lf）
chemy,题-CM-16-03-中国新能源汽车产业发展规划2.md,行尾,CRLF（.gitattributes 定 eol=lf）
chemy,题-CM-16-04-电解水过程中阳极处的析氧反应.md,行尾,CRLF（.gitattributes 定 eol=lf）
chemy,题-CM-16-05-清华大学某课题组使用缓慢还原.md,行尾,CRLF（.gitattributes 定 eol=lf）
chemy,题-CM-16-06-三核氧心过渡金属羧酸配合物的.md,行尾,CRLF（.gitattributes 定 eol=lf）
chemy,题-CM-16-07-氮杂环卡宾NHeterocy.md,行尾,CRLF（.gitattributes 定 eol=lf）
chemy,题-CM-16-09-底物A和酮酯在TMSOTf催.md,行尾,CRLF（.gitattributes 定 eol=lf）
chemy,题-CM-16-10-2015年有课题组发现如下化.md,行尾,CRLF（.gitattributes 定 eol=lf）
chemy,题-CM-17-01-11醋酸铍有多种碱式盐其中最.md,行尾,CRLF（.gitattributes 定 eol=lf）
chemy,题-CM-17-03-31砷的氰化物在一百多年前就.md,行尾,CRLF（.gitattributes 定 eol=lf）
chemy,题-CM-17-04-将银盐A含银与浓度为的HCl.md,行尾,CRLF（.gitattributes 定 eol=lf）
chemy,题-CM-17-06-细胞膜及其刚度测量.md,行尾,CRLF（.gitattributes 定 eol=lf）
chemy,题-CM-17-08-烷烃构象中的取代基排斥不仅取.md,行尾,CRLF（.gitattributes 定 eol=lf）
chemy,题-CM-18-01-以仁慈与智慧之神圣名我在库法.md,行尾,CRLF（.gitattributes 定 eol=lf）
chemy,题-CM-18-02-低价锑化合物为键活化与催化反.md,行尾,CRLF（.gitattributes 定 eol=lf）
chemy,题-CM-18-03-水系有机液流电池AORFBs.md,行尾,CRLF（.gitattributes 定 eol=lf）
chemy,题-CM-18-04-甲基丙烯酸酯基聚合物在现代生.md,行尾,CRLF（.gitattributes 定 eol=lf）
chemy,题-CM-18-06-酚酞是分析化学中常见的酸碱滴.md,行尾,CRLF（.gitattributes 定 eol=lf）
chemy,题-CM-18-07-氮叶立德是有机化学中一类常见.md,行尾,CRLF（.gitattributes 定 eol=lf）
chemy,题-CM-18-08-开发出能够在单一操作中高效且.md,行尾,CRLF（.gitattributes 定 eol=lf）
chemy,题-CM-182-01-振荡反应.md,内容,占位语
chemy,题-CM-183-02-化学反应的路径势能面分析.md,内容,占位语
chemy,题-CM-184-03-C2之谜.md,内容,占位语
chemy,题-CM-185-04-环茂配合物的合成与轨道性质研.md,内容,占位语
chemy,题-CM-186-05-烟花中的化学.md,内容,占位语
chemy,题-CM-187-06-mathbfC6的转换.md,内容,占位语
chemy,题-CM-188-07-立方烷.md,内容,占位语
chemy,题-CM-189-08-HalichondrinPa.md,内容,占位语
chemy,题-CM-19-02-苯与六氟代苯能形成加合物晶体.md,行尾,CRLF（.gitattributes 定 eol=lf）
chemy,题-CM-19-07-电势pH图是无机化学中具有重.md,行尾,CRLF（.gitattributes 定 eol=lf）
chemy,题-CM-19-08-81有一种工业上由乙烯与氯气.md,行尾,CRLF（.gitattributes 定 eol=lf）
chemy,题-CM-190-09-思考题T1.md,内容,占位语
chemy,题-CM-191-10-思考题T7.md,内容,占位语
chemy,题-CM-20-01-11选出如下反应的主要产物1.md,行尾,CRLF（.gitattributes 定 eol=lf）
chemy,题-CM-20-02-21利用含磷化合物与含硼化合.md,行尾,CRLF（.gitattributes 定 eol=lf）
chemy,题-CM-20-03-环丁酮是有机合成中的重质中相.md,行尾,CRLF（.gitattributes 定 eol=lf）
chemy,题-CM-20-04-自牺牲高分子Selfimmo.md,行尾,CRLF（.gitattributes 定 eol=lf）
chemy,题-CM-20-05-大肠杆菌色氨酸合酶由2个亚基.md,行尾,CRLF（.gitattributes 定 eol=lf）
chemy,题-CM-20-06-在卤代烃的亲核取代反应中反应.md,行尾,CRLF（.gitattributes 定 eol=lf）
chemy,题-CM-20-07-71画出如下反应产物A的结构.md,行尾,CRLF（.gitattributes 定 eol=lf）
chemy,题-CM-20-08-第36届中国化学奥林匹克竞赛.md,行尾,CRLF（.gitattributes 定 eol=lf）
chemy,题-CM-21-01-11化学式为的配合物也被称为.md,行尾,CRLF（.gitattributes 定 eol=lf）
chemy,题-CM-21-02-花色素苷Anthocyani.md,行尾,CRLF（.gitattributes 定 eol=lf）
chemy,题-CM-21-03-312026年德国萨尔大学的.md,行尾,CRLF（.gitattributes 定 eol=lf）
chemy,题-CM-21-04-高熵材料指混合多种金属元素的.md,行尾,CRLF（.gitattributes 定 eol=lf）
chemy,题-CM-21-05-作为一种温室气体的大量排放将.md,行尾,CRLF（.gitattributes 定 eol=lf）
chemy,题-CM-21-06-有课题组通过以下反应合成了笼.md,行尾,CRLF（.gitattributes 定 eol=lf）
chemy,题-CM-21-07-Corey课题组开发了以下酰.md,行尾,CRLF（.gitattributes 定 eol=lf）
chemy,题-CM-21-08-氮杂环庚烷azepanes是.md,行尾,CRLF（.gitattributes 定 eol=lf）
chemy,题-CM-22-01-氧化钢锡ITO是一种广泛应用.md,行尾,CRLF（.gitattributes 定 eol=lf）
chemy,题-CM-22-02-氟化物A可以和硫单质反应生成.md,行尾,CRLF（.gitattributes 定 eol=lf）
chemy,题-CM-22-03-受阻Lewis酸碱对FLPs.md,行尾,CRLF（.gitattributes 定 eol=lf）
chemy,题-CM-22-04-2010年美国西北大学的JF.md,行尾,CRLF（.gitattributes 定 eol=lf）
chemy,题-CM-22-05-苯酚是化工中常用的有机底物之.md,行尾,CRLF（.gitattributes 定 eol=lf）
chemy,题-CM-22-06-哈珀博世法是目前各个国家合成.md,行尾,CRLF（.gitattributes 定 eol=lf）
chemy,题-CM-22-07-Phenytoin苯妥英是一.md,行尾,CRLF（.gitattributes 定 eol=lf）
chemy,题-CM-22-08-811873年Wallach.md,行尾,CRLF（.gitattributes 定 eol=lf）
chemy,题-CM-22-09-氟原子在天然产物中极为罕见但.md,行尾,CRLF（.gitattributes 定 eol=lf）
chemy,题-CM-41-02-21在无水氟化氢中将和按摩尔.md,行尾,CRLF（.gitattributes 定 eol=lf）
chemy,题-CM-41-03-硼是一种易形成多中心键和原子.md,行尾,CRLF（.gitattributes 定 eol=lf）
chemy,题-CM-41-04-一氧化二硫为无色气体遇冷变为.md,行尾,CRLF（.gitattributes 定 eol=lf）
chemy,题-CM-41-05-将配体结构如下左图与按一定的.md,行尾,CRLF（.gitattributes 定 eol=lf）
chemy,题-CM-41-06-有一顺磁性物质的单位体积内有.md,内容,占位语
chemy,题-CM-41-07-71石墨合成立方金刚石的物理.md,行尾,CRLF（.gitattributes 定 eol=lf）
chemy,题-CM-41-08-81通过不同的反应条件可以控.md,行尾,CRLF（.gitattributes 定 eol=lf）
chemy,题-CM-41-10-01对以下化合物在酸性条件下.md,行尾,CRLF（.gitattributes 定 eol=lf）
chemy,题-CM-42-01-DNA是对生命现象非常重要的.md,行尾,CRLF（.gitattributes 定 eol=lf）
chemy,题-CM-42-05-51工业制氧在目前深冷分离法.md,行尾,CRLF（.gitattributes 定 eol=lf）
chemy,题-CM-42-06-铁氮化物因具有良好的磁学性质.md,行尾,CRLF（.gitattributes 定 eol=lf）
chemy,题-CM-42-07-莫比乌斯环是一种具有代表性的.md,行尾,CRLF（.gitattributes 定 eol=lf）
伽马,题-GM-01-01-11设将直链共轭多烯烃分子中.md,行尾,CRLF（.gitattributes 定 eol=lf）
伽马,题-GM-01-01-11设将直链共轭多烯烃分子中.md,内容,占位语
伽马,题-GM-01-01-题.md,内容,占位语
伽马,题-GM-01-02-21从离子开始已知碳原子的第.md,行尾,CRLF（.gitattributes 定 eol=lf）
伽马,题-GM-01-02-X与某元素的二元化合物只能通.md,内容,占位语
伽马,题-GM-01-02-题.md,内容,占位语
伽马,题-GM-01-03-非常无聊的一道题基本就是看图.md,内容,占位语
伽马,题-GM-01-04-化合物X是元素M的盐化学式为.md,行尾,CRLF（.gitattributes 定 eol=lf）
伽马,题-GM-01-04-长期以来有机硫化合物在合成中.md,内容,占位语
伽马,题-GM-01-05-加州大学的研究人员制备了含Z.md,行尾,CRLF（.gitattributes 定 eol=lf）
伽马,题-GM-01-05-我们用NN二乙基14苯二胺D.md,内容,占位语
伽马,题-GM-01-06-1921年Staudinge.md,行尾,CRLF（.gitattributes 定 eol=lf）
伽马,题-GM-01-07-71有一系列卤代烷烃当时的转.md,内容,占位语
伽马,题-GM-01-08-81周环反应811有以下转化.md,内容,占位语
伽马,题-GM-01-09-91Edman降解瑞典化学家.md,内容,占位语
伽马,题-GM-01-11-在室温以及碱存在下以下两化合.md,内容,占位语
伽马,题-GM-02-01-作为主要的温室气体备受关注特.md,行尾,CRLF（.gitattributes 定 eol=lf）
伽马,题-GM-02-01-多肽材料是一种多功能智能产品.md,内容,占位语
伽马,题-GM-02-02-乙酸丁酯是一种重要的有机溶剂.md,行尾,CRLF（.gitattributes 定 eol=lf）
伽马,题-GM-02-03-一些含亚铜与卤素的盐由于其磁.md,行尾,CRLF（.gitattributes 定 eol=lf）
伽马,题-GM-02-05-51用还原反应的历程如下所示.md,行尾,CRLF（.gitattributes 定 eol=lf）
伽马,题-GM-02-06-诸如等小分子是普遍存在的稳定.md,行尾,CRLF（.gitattributes 定 eol=lf）
伽马,题-GM-02-07-71分别选出以下两组化合物中.md,行尾,CRLF（.gitattributes 定 eol=lf）
伽马,题-GM-02-09-91画出环丙烯酮的所有共振式.md,行尾,CRLF（.gitattributes 定 eol=lf）
伽马,题-GM-02-10-Petasis反应是一种高效.md,内容,占位语
伽马,题-GM-03-01-11过氧化氢是一种常见的氧化.md,行尾,CRLF（.gitattributes 定 eol=lf）
伽马,题-GM-03-01-可持续高分子材料具有可回收可.md,内容,占位语
伽马,题-GM-03-02-21CoII配合物一NN二水.md,行尾,CRLF（.gitattributes 定 eol=lf）
伽马,题-GM-03-03-A为一种银白色金属质地较软在.md,内容,占位语
伽马,题-GM-03-04-水杨酸邻羟基苯甲酸是一种常见.md,行尾,CRLF（.gitattributes 定 eol=lf）
伽马,题-GM-03-05-mathrmCuImathr.md,行尾,CRLF（.gitattributes 定 eol=lf）
伽马,题-GM-03-06-246三硝基甲苯TNT是一种.md,行尾,CRLF（.gitattributes 定 eol=lf）
伽马,题-GM-03-07-按要求回答下列问题71戊二酸.md,行尾,CRLF（.gitattributes 定 eol=lf）
伽马,题-GM-03-09-91重氮化合物具有丰富的反应.md,行尾,CRLF（.gitattributes 定 eol=lf）
伽马,题-GM-03-10-101以下是天然产物epot.md,行尾,CRLF（.gitattributes 定 eol=lf）
伽马,题-GM-04-07-71最近研究者制备出了含BB.md,行尾,CRLF（.gitattributes 定 eol=lf）
伽马,题-GM-05-01-11设将直链共轭多烯烃分子中.md,行尾,CRLF（.gitattributes 定 eol=lf）
伽马,题-GM-05-02-X与某元素的二元化合物只能通.md,行尾,CRLF（.gitattributes 定 eol=lf）
伽马,题-GM-05-03-对叔丁基杯芳烃是一类常见的具.md,行尾,CRLF（.gitattributes 定 eol=lf）
伽马,题-GM-05-04-Te的卤化物有着非常丰富的结.md,行尾,CRLF（.gitattributes 定 eol=lf）
伽马,题-GM-05-05-可以用离子选择电极监测乳品厂.md,行尾,CRLF（.gitattributes 定 eol=lf）
伽马,题-GM-05-06-61比较下列化合物的碱性AB.md,行尾,CRLF（.gitattributes 定 eol=lf）
伽马,题-GM-05-07-71判断以下化合物是否具有芳.md,行尾,CRLF（.gitattributes 定 eol=lf）
伽马,题-GM-05-08-81苯炔是将苯环的两个领位取.md,行尾,CRLF（.gitattributes 定 eol=lf）
伽马,题-GM-05-09-酶多年来一直被用于进行不对称.md,行尾,CRLF（.gitattributes 定 eol=lf）
伽马,题-GM-06-01-11卤素是一种生活中常见的元.md,行尾,CRLF（.gitattributes 定 eol=lf）
伽马,题-GM-06-02-21卡宾是具有六个价电子的二.md,行尾,CRLF（.gitattributes 定 eol=lf）
伽马,题-GM-06-02-十10分下列反应并未得到预期.md,内容,占位语
伽马,题-GM-06-03-31对于第三周期的过渡金属而.md,行尾,CRLF（.gitattributes 定 eol=lf）
伽马,题-GM-06-04-1935年KarlFishe.md,行尾,CRLF（.gitattributes 定 eol=lf）
伽马,题-GM-06-05-分子的发光有多种机理其中以d.md,行尾,CRLF（.gitattributes 定 eol=lf）
伽马,题-GM-06-05-黄原酸酯的反应1899年俄国.md,内容,占位语
伽马,题-GM-06-06-反应机理的研究是催化反应中非.md,行尾,CRLF（.gitattributes 定 eol=lf）
伽马,题-GM-06-06-苯甲酸重排苯甲酸重排Benz.md,内容,占位语
伽马,题-GM-06-07-71将的碱性由强到弱排序72.md,内容,占位语
伽马,题-GM-06-08-1993年ClaudeAga.md,内容,占位语
伽马,题-GM-06-09-91锂卤交换是有机化学中常用.md,行尾,CRLF（.gitattributes 定 eol=lf）
伽马,题-GM-06-09-高价碘试剂作为一种高效温和的.md,内容,占位语
伽马,题-GM-06-10-二萜天然产物crinipel.md,行尾,CRLF（.gitattributes 定 eol=lf）
伽马,题-GM-07-01-11对于一维势阱模型其能级能.md,行尾,CRLF（.gitattributes 定 eol=lf）
伽马,题-GM-07-02-21氮元素在自然界中主要以双.md,行尾,CRLF（.gitattributes 定 eol=lf）
伽马,题-GM-07-03-311Ti在强酸性水溶液中的.md,行尾,CRLF（.gitattributes 定 eol=lf）
伽马,题-GM-07-04-检出限量是痕量元素分析的基本.md,行尾,CRLF（.gitattributes 定 eol=lf）
伽马,题-GM-07-05-量子点QD是一种重要的低维半.md,行尾,CRLF（.gitattributes 定 eol=lf）
伽马,题-GM-07-06-61醋酸亚铬二水合物是一种抗.md,行尾,CRLF（.gitattributes 定 eol=lf）
伽马,题-GM-07-07-芳香性是有机化学中最重要的概.md,行尾,CRLF（.gitattributes 定 eol=lf）
伽马,题-GM-07-08-有机电化学合成最早可追溯至1.md,行尾,CRLF（.gitattributes 定 eol=lf）
伽马,题-GM-07-09-91Pd催化是有机化学中常用.md,行尾,CRLF（.gitattributes 定 eol=lf）
伽马,题-GM-07-10-以下是生物碱环巴胺的部分全合.md,行尾,CRLF（.gitattributes 定 eol=lf）
伽马,题-GM-08-01-11卡宾具有两种形态在光谱学.md,内容,占位语
伽马,题-GM-08-02-COF材料即共价有机框架Co.md,内容,占位语
伽马,题-GM-08-03-31作为金属配合物和纳米颗粒.md,内容,占位语
伽马,题-GM-08-04-最近来自日本的研究人员报道了.md,内容,占位语
伽马,题-GM-08-05-本题涉及的化合物均由MN和氧.md,内容,占位语
伽马,题-GM-08-06-苯酚在四氮化碳溶液中溶解时分.md,内容,占位语
伽马,题-GM-08-07-含磷有机化合物具有独特的化学.md,内容,占位语
伽马,题-GM-08-08-硼是有机化学中新兴的热点硼具.md,内容,占位语
伽马,题-GM-08-09-全合成TotalSynthe.md,内容,占位语
伽马,题-GM-09-01-二氧化碳是造成温室效应的主要.md,内容,占位语
伽马,题-GM-09-02-本题是一道非常中规中矩考查酸.md,内容,占位语
伽马,题-GM-09-03-21反应1反应2或反应3或2.md,内容,占位语
伽马,题-GM-09-04-Si元素具有丰富的化学性质关.md,行尾,CRLF（.gitattributes 定 eol=lf）
伽马,题-GM-09-07-Grubbs试剂作为一种高效.md,行尾,CRLF（.gitattributes 定 eol=lf）
伽马,题-GM-09-08-81近日加拿大麦吉尔大学的J.md,行尾,CRLF（.gitattributes 定 eol=lf）
伽马,题-GM-09-09-尽管从吡啶制备苯是一种潜在的.md,内容,占位语
伽马,题-GM-09-10-C19二萜生物碱C19DTA.md,行尾,CRLF（.gitattributes 定 eol=lf）
伽马,题-GM-10-06-611邻硝基苄基是一种常见的.md,行尾,CRLF（.gitattributes 定 eol=lf）
伽马,题-GM-10-07-711在的共同作用下发生了如.md,行尾,CRLF（.gitattributes 定 eol=lf）
伽马,题-GM-10-08-8112021年Richmo.md,行尾,CRLF（.gitattributes 定 eol=lf）
伽马,题-GM-20-01-11水解试验有时使用水解的方.md,行尾,CRLF（.gitattributes 定 eol=lf）
伽马,题-GM-20-02-21从离子开始已知碳原子的第.md,内容,占位语
伽马,题-GM-20-03-31聚电解质溶液的双电层结构.md,行尾,CRLF（.gitattributes 定 eol=lf）
伽马,题-GM-20-04-化合物X是元素M的盐化学式为.md,内容,占位语
伽马,题-GM-20-05-许多SbIII配合物被发现有.md,行尾,CRLF（.gitattributes 定 eol=lf）
伽马,题-GM-20-06-某最简式为的晶体属立方晶系a.md,行尾,CRLF（.gitattributes 定 eol=lf）
伽马,题-GM-20-06-某最简式为的晶体属立方晶系a.md,内容,占位语
伽马,题-GM-20-07-71有一系列卤代烷烃当XFC.md,行尾,CRLF（.gitattributes 定 eol=lf）
伽马,题-GM-20-08-81周环反应811有以下转化.md,行尾,CRLF（.gitattributes 定 eol=lf）
伽马,题-GM-20-09-91Edman降解瑞典化学家.md,行尾,CRLF（.gitattributes 定 eol=lf）
伽马,题-GM-21-01-11设将直链共轭多烯烃分子中.md,内容,占位语
伽马,题-GM-21-02-题.md,行尾,CRLF（.gitattributes 定 eol=lf）
伽马,题-GM-21-02-题.md,内容,占位语
伽马,题-GM-21-03-非常无聊的一道题基本就是看图.md,内容,占位语
伽马,题-GM-21-04-这题几乎没救了.md,行尾,CRLF（.gitattributes 定 eol=lf）
伽马,题-GM-21-05-511光欲发电子迁3哈哈娘6.md,行尾,CRLF（.gitattributes 定 eol=lf）
伽马,题-GM-21-06-纳米尺度的定向运动是生命的核.md,行尾,CRLF（.gitattributes 定 eol=lf）
伽马,题-GM-22-01-多肽材料是一种多功能智能产品.md,行尾,CRLF（.gitattributes 定 eol=lf）
伽马,题-GM-22-02-6hole由于存在电子缺陷正.md,行尾,CRLF（.gitattributes 定 eol=lf）
伽马,题-GM-22-03-元素A其单质是灰黑色的脆性晶.md,行尾,CRLF（.gitattributes 定 eol=lf）
伽马,题-GM-22-04-将和水混合后短暂搅拌并置于聚.md,行尾,CRLF（.gitattributes 定 eol=lf）
伽马,题-GM-22-05-51用还原反应的历程如下所示.md,行尾,CRLF（.gitattributes 定 eol=lf）
伽马,题-GM-22-05-51用还原反应的历程如下所示.md,内容,占位语
伽马,题-GM-22-06-诸如CO等小分子是普遍存在的.md,行尾,CRLF（.gitattributes 定 eol=lf）
伽马,题-GM-22-07-若将忽略气体分子的内部结构将.md,行尾,CRLF（.gitattributes 定 eol=lf）
伽马,题-GM-22-07-若将忽略气体分子的内部结构将.md,内容,占位语
伽马,题-GM-23-01-对于RichardTurne.md,行尾,CRLF（.gitattributes 定 eol=lf）
伽马,题-GM-23-01-对于RichardTurne.md,内容,占位语
伽马,题-GM-23-04-1935年KarlFishe.md,行尾,CRLF（.gitattributes 定 eol=lf）
伽马,题-GM-23-05-近日中国科学家报道了在嫦娥六.md,行尾,CRLF（.gitattributes 定 eol=lf）
伽马,题-GM-23-06-注意此题的电池中的硫单质应写.md,行尾,CRLF（.gitattributes 定 eol=lf）
伽马,题-GM-24-01-短周期元素ABC和D两两之间.md,内容,占位语
伽马,题-GM-24-02-已知酰胺A可形成分子内氢键可.md,行尾,CRLF（.gitattributes 定 eol=lf）
伽马,题-GM-24-03-X射线衍射XRD是研究晶体结.md,行尾,CRLF（.gitattributes 定 eol=lf）
伽马,题-GM-24-03-X射线衍射XRD是研究晶体结.md,内容,占位语
伽马,题-GM-24-04-蜘蛛丝是自然界中性能最卓越的.md,行尾,CRLF（.gitattributes 定 eol=lf）
伽马,题-GM-24-05-51光致发光原理分子被光激发.md,行尾,CRLF（.gitattributes 定 eol=lf）
伽马,题-GM-24-06-61光敏分子611反式二苯乙.md,内容,占位语
伽马,题-GM-25-01-题源化英社3809金红石是缺.md,内容,占位语
伽马,题-GM-25-02-题源TBNChem3710R.md,内容,占位语
伽马,题-GM-25-03-题源Chemy3717立方钙.md,内容,占位语
伽马,题-GM-25-04-题源化英社3801钙钛矿是一.md,内容,占位语
伽马,题-GM-25-05-题源Chemy3819钙钛矿.md,内容,占位语
伽马,题-GM-25-06-题源COBP3504T52灼.md,内容,占位语
伽马,题-GM-25-07-题源COBP3505俗称刚玉.md,内容,占位语
伽马,题-GM-25-08-题源2024年清北营暑假班试.md,内容,占位语
伽马,题-GM-25-09-题源2018年清北营暑假班明.md,内容,占位语
伽马,题-GM-25-10-的晶体结构与一种常见的晶体结.md,内容,占位语
壹尖培优,题-YJ-01-02-21从离子开始已知碳原子的第.md,行尾,CRLF（.gitattributes 定 eol=lf）
壹尖培优,题-YJ-01-02-极性反转是最有效的有机合成方.md,内容,占位语
壹尖培优,题-YJ-01-03-31一种含Ga配合物的合成一.md,行尾,CRLF（.gitattributes 定 eol=lf）
壹尖培优,题-YJ-01-04-硒元素被誉为生命之火在电子和.md,行尾,CRLF（.gitattributes 定 eol=lf）
壹尖培优,题-YJ-01-04-硝基甲烷作为简单结构的大宗工.md,内容,占位语
壹尖培优,题-YJ-01-05-51用可以制成从可见光红外光.md,行尾,CRLF（.gitattributes 定 eol=lf）
壹尖培优,题-YJ-01-05-Claisen重排最早由Cl.md,内容,占位语
壹尖培优,题-YJ-01-08-81Wittig反应通过控制.md,行尾,CRLF（.gitattributes 定 eol=lf）
壹尖培优,题-YJ-01-09-人们对亚硝酸盐的生理化学越来.md,行尾,CRLF（.gitattributes 定 eol=lf）
壹尖培优,题-YJ-02-04-41用三氯化铁催化熔融的硫单.md,行尾,CRLF（.gitattributes 定 eol=lf）
壹尖培优,题-YJ-02-07-71回答下列问题711为什么.md,行尾,CRLF（.gitattributes 定 eol=lf）
壹尖培优,题-YJ-02-08-光化学在自然界和日常生活中扮.md,行尾,CRLF（.gitattributes 定 eol=lf）
壹尖培优,题-YJ-02-09-波尔模型是第一个成功的量子原.md,行尾,CRLF（.gitattributes 定 eol=lf）
壹尖培优,题-YJ-03-01-11比较下列化合物沸点的大小.md,行尾,CRLF（.gitattributes 定 eol=lf）
壹尖培优,题-YJ-03-02-21写出以下反应后处理后的产.md,行尾,CRLF（.gitattributes 定 eol=lf）
壹尖培优,题-YJ-03-03-Smiles重排反应是一种经.md,行尾,CRLF（.gitattributes 定 eol=lf）
壹尖培优,题-YJ-03-04-不知道您是否有这样的体验深夜.md,行尾,CRLF（.gitattributes 定 eol=lf）
壹尖培优,题-YJ-03-07-DNA分子作为人体内极其重要.md,行尾,CRLF（.gitattributes 定 eol=lf）
壹尖培优,题-YJ-03-09-菲啶酮是一种重要的特殊结构单.md,行尾,CRLF（.gitattributes 定 eol=lf）
壹尖培优,题-YJ-04-03-稀酸溶液中奎宁具有很强的荧光.md,行尾,CRLF（.gitattributes 定 eol=lf）
壹尖培优,题-YJ-04-04-41氮杂环卡宾NHCs的类似.md,行尾,CRLF（.gitattributes 定 eol=lf）
壹尖培优,题-YJ-04-06-一般地我们可以通过基团加和法.md,行尾,CRLF（.gitattributes 定 eol=lf）
壹尖培优,题-YJ-04-07-有机膦化合物因其具有明显的亲.md,行尾,CRLF（.gitattributes 定 eol=lf）
壹尖培优,题-YJ-04-08-本题要求立体化学中药甘遂为大.md,行尾,CRLF（.gitattributes 定 eol=lf）
壹尖培优,题-YJ-05-05-对主族元素的多重键的探讨一直.md,行尾,CRLF（.gitattributes 定 eol=lf）
壹尖培优,题-YJ-05-07-Seventhousandp.md,行尾,CRLF（.gitattributes 定 eol=lf）
壹尖培优,题-YJ-05-08-本题要求立体化学81画出由A.md,行尾,CRLF（.gitattributes 定 eol=lf）
壹尖培优,题-YJ-06-04-自由基阴离子作为单电子还原小.md,行尾,CRLF（.gitattributes 定 eol=lf）
壹尖培优,题-YJ-06-06-碳杂多重键包括羰基和氰基等重.md,行尾,CRLF（.gitattributes 定 eol=lf）
壹尖培优,题-YJ-06-08-811丙烯水溶液在的协同催化.md,行尾,CRLF（.gitattributes 定 eol=lf）
壹尖培优,题-YJ-07-02-如下图展示了一种由NaNpF.md,行尾,CRLF（.gitattributes 定 eol=lf）
壹尖培优,题-YJ-07-05-近年来利用低价主族元素特殊反.md,行尾,CRLF（.gitattributes 定 eol=lf）
壹尖培优,题-YJ-07-06-61酮酸类化合物易发生脱羧反.md,行尾,CRLF（.gitattributes 定 eol=lf）
壹尖培优,题-YJ-07-07-在芳香性世界的边缘存在一类反.md,行尾,CRLF（.gitattributes 定 eol=lf）
壹尖培优,题-YJ-07-08-2016年某课题组在探究Ca.md,行尾,CRLF（.gitattributes 定 eol=lf）
壹尖培优,题-YJ-08-06-近年来厦门大学的研究团队报道.md,行尾,CRLF（.gitattributes 定 eol=lf）
壹尖培优,题-YJ-08-07-71阅读以下反应路线图711.md,行尾,CRLF（.gitattributes 定 eol=lf）
壹尖培优,题-YJ-08-09-Part1反应91已知下列反.md,行尾,CRLF（.gitattributes 定 eol=lf）
壹尖培优,题-YJ-09-09-缩写注释Imidazole咪.md,行尾,CRLF（.gitattributes 定 eol=lf）
壹尖培优,题-YJ-10-04-锕系元素的亚胺基配合物因其在.md,行尾,CRLF（.gitattributes 定 eol=lf）
壹尖培优,题-YJ-10-08-自1978年Buta等人从三.md,行尾,CRLF（.gitattributes 定 eol=lf）
壹尖培优,题-YJ-11-01-某非金属单质A在常温常压下为.md,行尾,CRLF（.gitattributes 定 eol=lf）
壹尖培优,题-YJ-11-04-镧系元素通常呈现3价对应的配.md,行尾,CRLF（.gitattributes 定 eol=lf）
壹尖培优,题-YJ-11-05-为降低含硫化合物的排放减少对.md,行尾,CRLF（.gitattributes 定 eol=lf）
壹尖培优,题-YJ-11-06-元素A和B具有相同的价电子构.md,行尾,CRLF（.gitattributes 定 eol=lf）
壹尖培优,题-YJ-11-09-从生源合成路线中发掘全新的合.md,行尾,CRLF（.gitattributes 定 eol=lf）
壹尖培优,题-YJ-12-04-1931年Hckel以简洁的.md,行尾,CRLF（.gitattributes 定 eol=lf）
壹尖培优,题-YJ-12-06-61请按照酸性从强到弱给以下.md,行尾,CRLF（.gitattributes 定 eol=lf）
壹尖培优,题-YJ-12-07-71下面的反应能否正常发生如.md,行尾,CRLF（.gitattributes 定 eol=lf）
壹尖培优,题-YJ-13-01-M是天然存在的元素中最后一个.md,行尾,CRLF（.gitattributes 定 eol=lf）
壹尖培优,题-YJ-13-02-生物无机化学是无机化学的重要.md,行尾,CRLF（.gitattributes 定 eol=lf）
壹尖培优,题-YJ-13-04-直觉上由刚性砌块有序堆叠而成.md,行尾,CRLF（.gitattributes 定 eol=lf）
壹尖培优,题-YJ-13-05-荆芥内酯Nepetalact.md,行尾,CRLF（.gitattributes 定 eol=lf）
壹尖培优,题-YJ-13-06-萜类化合物是自然界中最大一类.md,行尾,CRLF（.gitattributes 定 eol=lf）
壹尖培优,题-YJ-13-07-金刚石是碳最具有代表性的同素.md,行尾,CRLF（.gitattributes 定 eol=lf）
壹尖培优,题-YJ-19-01-11二元氧化物X是黄色固体常.md,内容,占位语
壹尖培优,题-YJ-19-02-21叠氮阴离子拥有两个等长的.md,内容,占位语
壹尖培优,题-YJ-19-03-理论计算表明高压下Rb可以形.md,内容,占位语
壹尖培优,题-YJ-19-04-AH是含金属M的一系列化合物.md,内容,占位语
壹尖培优,题-YJ-19-05-交互式舷窗利用有机染料分子在.md,内容,占位语
壹尖培优,题-YJ-19-06-硼酸盐晶体是一类重要的无机化.md,内容,占位语
壹尖培优,题-YJ-19-07-地球大气经历长时间的演变最终.md,内容,占位语
壹尖培优,题-YJ-19-08-81利用点击化学反应研究人员.md,内容,占位语
汇智,题-HZ-01-01-11有的反应看似是取代但实则.md,行尾,CRLF（.gitattributes 定 eol=lf）
汇智,题-HZ-01-01-从古代炼丹术的神火到拉瓦锡的.md,内容,占位语
汇智,题-HZ-01-02-21顺铂cisplatin即.md,行尾,CRLF（.gitattributes 定 eol=lf）
汇智,题-HZ-01-02-非过渡金属M为一种灰白色的金.md,内容,占位语
汇智,题-HZ-01-03-氮和氟都是高电负性的元素其形.md,内容,占位语
汇智,题-HZ-01-04-刚玉corundum即是一种.md,行尾,CRLF（.gitattributes 定 eol=lf）
汇智,题-HZ-01-05-20世纪70年代可充电锂离子.md,内容,占位语
汇智,题-HZ-01-05-AsBgCg能发生反应均为理.md,内容,占位语
汇智,题-HZ-01-05-Metalfreesynth.md,内容,占位语
汇智,题-HZ-01-06-2024年5月8日我国第三艘.md,内容,占位语
汇智,题-HZ-01-08-SIVI2H2r04M是一种.md,内容,占位语
汇智,题-HZ-01-09-91关于晶格能下列说法正确的.md,内容,占位语
汇智,题-HZ-01-09-机械化学是一种强大的技术手段.md,内容,占位语
汇智,题-HZ-01-10-exiguolide是一种含.md,行尾,CRLF（.gitattributes 定 eol=lf）
汇智,题-HZ-02-01-1999年化学家通过以下实验.md,内容,占位语
汇智,题-HZ-02-02-双羟化反应在有机合成中得到了.md,行尾,CRLF（.gitattributes 定 eol=lf）
汇智,题-HZ-02-03-乙酸乙酯是常用的有机溶剂广泛.md,行尾,CRLF（.gitattributes 定 eol=lf）
汇智,题-HZ-02-03-是近年来被科学家重视的一种电.md,内容,占位语
汇智,题-HZ-02-04-Nazarov反应作为经典的.md,行尾,CRLF（.gitattributes 定 eol=lf）
汇智,题-HZ-02-06-碘负离子是常见的无机试剂在有.md,内容,占位语
汇智,题-HZ-02-07-71根据所学知识完成下列反应.md,内容,占位语
汇智,题-HZ-02-08-CBS反应CoreyBaks.md,行尾,CRLF（.gitattributes 定 eol=lf）
汇智,题-HZ-02-09-Meldrumsacid米氏.md,内容,占位语
汇智,题-HZ-02-09-前列腺素prostaglan.md,内容,占位语
汇智,题-HZ-03-01-氢气作为一种清洁能源未能得到.md,行尾,CRLF（.gitattributes 定 eol=lf）
汇智,题-HZ-03-02-二硫化合物由于其键能低和高动.md,行尾,CRLF（.gitattributes 定 eol=lf）
汇智,题-HZ-03-03-31在地球地壳中主族元素A是.md,行尾,CRLF（.gitattributes 定 eol=lf）
汇智,题-HZ-03-04-NAD是一种传递质子的辅酶它.md,行尾,CRLF（.gitattributes 定 eol=lf）
汇智,题-HZ-03-05-Be的经典价态为2价其能够溶.md,行尾,CRLF（.gitattributes 定 eol=lf）
汇智,题-HZ-03-06-含有苯环的底物的合成方法之一.md,行尾,CRLF（.gitattributes 定 eol=lf）
汇智,题-HZ-03-08-81卡宾曾被认为仅能作为不稳.md,内容,占位语
汇智,题-HZ-03-09-1997年分离出的天然产物W.md,行尾,CRLF（.gitattributes 定 eol=lf）
汇智,题-HZ-03-09-在一种高张力化合物的合成中研.md,内容,占位语
汇智,题-HZ-03-10-常见卡宾分为三线态和单线态其.md,行尾,CRLF（.gitattributes 定 eol=lf）
汇智,题-HZ-04-01-11干燥的HF与金属锗装入耐.md,行尾,CRLF（.gitattributes 定 eol=lf）
汇智,题-HZ-04-02-21氧化还原滴定法211肼可.md,行尾,CRLF（.gitattributes 定 eol=lf）
汇智,题-HZ-04-03-31腈和异腈是有机化学中极其.md,行尾,CRLF（.gitattributes 定 eol=lf）
汇智,题-HZ-04-04-41石墨是碳热力学最稳定的同.md,行尾,CRLF（.gitattributes 定 eol=lf）
汇智,题-HZ-04-05-临床研究表明某些细菌的致病性.md,行尾,CRLF（.gitattributes 定 eol=lf）
汇智,题-HZ-04-07-71以下过程被称为Norri.md,行尾,CRLF（.gitattributes 定 eol=lf）
汇智,题-HZ-04-08-81以下反应会得到2种含3个.md,行尾,CRLF（.gitattributes 定 eol=lf）
汇智,题-HZ-04-08-有机化学中的脱水剂一般指能够.md,内容,占位语
汇智,题-HZ-05-01-电离能指的是将电子从气态原子.md,内容,占位语
汇智,题-HZ-05-02-21对于有机化合物该课题组发.md,内容,占位语
汇智,题-HZ-05-02-注本题所有结果均保留三位有效.md,内容,占位语
汇智,题-HZ-05-03-31写出该反应的一个关键中间.md,行尾,CRLF（.gitattributes 定 eol=lf）
汇智,题-HZ-05-03-元素X在东西方都具有悠久的历.md,内容,占位语
汇智,题-HZ-05-04-41请完成如下的三个反应生成.md,内容,占位语
汇智,题-HZ-05-04-注为方便表示计算部分的离子浓.md,内容,占位语
汇智,题-HZ-05-05-51某小组打算测定一份钛钒合.md,行尾,CRLF（.gitattributes 定 eol=lf）
汇智,题-HZ-05-05-某印度的科研小组在分隔型电解.md,内容,占位语
汇智,题-HZ-05-06-乙烯基叠氮化物是高度通用的合.md,行尾,CRLF（.gitattributes 定 eol=lf）
汇智,题-HZ-05-06-小日一天闲来无事研究起了氯化.md,内容,占位语
汇智,题-HZ-05-07-71频哪醇重排是非常经典的反.md,内容,占位语
汇智,题-HZ-05-08-81电化学驱动下的扩环重排是.md,行尾,CRLF（.gitattributes 定 eol=lf）
汇智,题-HZ-05-08-NorrishYang光环化.md,内容,占位语
汇智,题-HZ-05-08-提示本题不要求酸碱基团的质子.md,内容,占位语
汇智,题-HZ-05-09-33迁移具有悠久的历史最经典.md,内容,占位语
汇智,题-HZ-05-10-81828312分2分832.md,内容,占位语
汇智,题-HZ-06-02-21键角是化学键的一个重要的.md,行尾,CRLF（.gitattributes 定 eol=lf）
汇智,题-HZ-06-03-31使用NHC和以11反应可.md,内容,占位语
汇智,题-HZ-06-04-41荧光分子可由其前体经过处.md,内容,占位语
汇智,题-HZ-06-05-51能斯特方程的应用广泛其中.md,行尾,CRLF（.gitattributes 定 eol=lf）
汇智,题-HZ-06-07-711给下列化合物的酸性从大.md,内容,占位语
汇智,题-HZ-06-09-91扩环反应的重要应用之一是.md,行尾,CRLF（.gitattributes 定 eol=lf）
汇智,题-HZ-07-01-11化合物A被称为超级氢化合.md,内容,占位语
汇智,题-HZ-07-01-鎓离子可以发生多种多样的反应.md,内容,占位语
汇智,题-HZ-07-02-Cupowder即铜粉书写时.md,内容,占位语
汇智,题-HZ-07-03-31写出关键中间体32写出关.md,内容,占位语
汇智,题-HZ-07-04-以芳香醛和1苯基乙12二醇为.md,内容,占位语
汇智,题-HZ-07-05-高价碘试剂因其反应条件温和环.md,内容,占位语
汇智,题-HZ-07-06-本题目将围绕着以下配体的反应.md,内容,占位语
汇智,题-HZ-07-07-小明最近在研究单体有机化合物.md,内容,占位语
汇智,题-HZ-07-08-VilsmeierHaack.md,行尾,CRLF（.gitattributes 定 eol=lf）
汇智,题-HZ-07-09-苯炔benzene是一种由苯.md,内容,占位语
汇智,题-HZ-08-03-31写出以下反应的化学方程式.md,行尾,CRLF（.gitattributes 定 eol=lf）
汇智,题-HZ-08-07-保护基是与化学选择性息息相关.md,行尾,CRLF（.gitattributes 定 eol=lf）
汇智,题-HZ-09-01-西直门位于北京内城西垣北侧旧.md,行尾,CRLF（.gitattributes 定 eol=lf）
汇智,题-HZ-09-04-在水中会发生溶剂解反应生成和.md,行尾,CRLF（.gitattributes 定 eol=lf）
汇智,题-HZ-09-05-Cu可以与许多配体形成配合物.md,行尾,CRLF（.gitattributes 定 eol=lf）
汇智,题-HZ-09-07-71请你比较DMFNN二甲基.md,内容,占位语
汇智,题-HZ-09-08-81观察如下转化811已知产.md,行尾,CRLF（.gitattributes 定 eol=lf）
汇智,题-HZ-10-02-直接空气捕集DirectAi.md,内容,占位语
汇智,题-HZ-10-03-磷氮化合物兼具分子型主族化学.md,内容,占位语
汇智,题-HZ-10-06-化石能源中CH的活化是当前的.md,行尾,CRLF（.gitattributes 定 eol=lf）
汇智,题-HZ-11-01-锝Tc是放射性元素在核医学领.md,行尾,CRLF（.gitattributes 定 eol=lf）
汇智,题-HZ-11-03-31回顾向固体中加入溶液在水.md,行尾,CRLF（.gitattributes 定 eol=lf）
汇智,题-HZ-11-04-硫族元素主要包括SSeTe之.md,内容,占位语
汇智,题-HZ-11-07-Wittig反应是工业上和实.md,行尾,CRLF（.gitattributes 定 eol=lf）
汇智,题-HZ-11-08-杂环广泛存在于药物分子对药理.md,行尾,CRLF（.gitattributes 定 eol=lf）
汇智,题-HZ-11-09-氧化还原反应是构建化学键的核.md,行尾,CRLF（.gitattributes 定 eol=lf）
汇智,题-HZ-12-01-砷是人类最早认知和利用的元素.md,行尾,CRLF（.gitattributes 定 eol=lf）
汇智,题-HZ-12-04-铝作为地壳中含量最高的金属其.md,行尾,CRLF（.gitattributes 定 eol=lf）
汇智,题-HZ-12-06-在学习原子结构时你或许囫囵吞.md,行尾,CRLF（.gitattributes 定 eol=lf）
汇智,题-HZ-12-07-半饱和环化物兼具经典芳环相互.md,行尾,CRLF（.gitattributes 定 eol=lf）
汇智,题-HZ-14-01-在药物设计中提高分子的三维立.md,内容,占位语
汇智,题-HZ-14-02-在物理有机化学中构象偏好常常.md,内容,占位语
汇智,题-HZ-14-03-高价碘试剂是有机反应常用的氧.md,内容,占位语
汇智,题-HZ-14-04-苯炔是一种活泼的中间体在构建.md,内容,占位语
汇智,题-HZ-14-05-51观察该反应给出合理的反应.md,内容,占位语
汇智,题-HZ-14-06-Stevens重排是季铵盐或.md,内容,占位语
汇智,题-HZ-14-07-生物活性分子中常含氮杂环结构.md,内容,占位语
汇智,题-HZ-14-08-81Brnsted酸可介导1.md,内容,占位语
汇智,题-HZ-14-09-91Mannich反应是典型.md,内容,占位语
汇智,题-HZ-14-10-Axrightarrow2m.md,内容,占位语
汇智,题-HZ-15-09-ene反应可以巧妙地构建分子.md,行尾,CRLF（.gitattributes 定 eol=lf）
汇智,题-HZ-16-03-31酚具有丰富的化学性质31.md,行尾,CRLF（.gitattributes 定 eol=lf）
汇智,题-HZ-16-05-香豆素是一类苯环与吡喃酮环稠.md,行尾,CRLF（.gitattributes 定 eol=lf）
汇智,题-HZ-16-06-DMP即DessMartin.md,行尾,CRLF（.gitattributes 定 eol=lf）
汇智,题-HZ-16-08-骨架编辑是指通过对分子骨架中.md,行尾,CRLF（.gitattributes 定 eol=lf）
汇智,题-HZ-34-01-11在电解精炼金属产生的阳极.md,内容,占位语
汇智,题-HZ-34-02-21键角是化学键的一个重要的.md,内容,占位语
汇智,题-HZ-34-03-二氧化碳的活化是一个可以将过.md,内容,占位语
汇智,题-HZ-34-04-41荧光分子可由其前体经过处.md,内容,占位语
汇智,题-HZ-34-05-氨是最重要的化学产品之一其在.md,内容,占位语
汇智,题-HZ-34-06-61电化学手段是分离一些金属.md,内容,占位语
汇智,题-HZ-34-07-氟是电负性最大的元素在有机化.md,内容,占位语
汇智,题-HZ-34-08-硫可以通过被氧化或亲核进攻等.md,内容,占位语
汇智,题-HZ-34-09-91扩环反应的重要应用之一是.md,内容,占位语
汇智,题-HZ-35-01-在药物设计中提高分子的三维立.md,行尾,CRLF（.gitattributes 定 eol=lf）
汇智,题-HZ-35-02-在物理有机化学中构象偏好常常.md,行尾,CRLF（.gitattributes 定 eol=lf）
汇智,题-HZ-35-03-高价碘试剂是有机反应常用的氧.md,内容,占位语
汇智,题-HZ-35-04-苯炔是一种活泼的中间体在构建.md,内容,占位语
汇智,题-HZ-35-05-有机化学初赛模拟卷14ima.md,行尾,CRLF（.gitattributes 定 eol=lf）
汇智,题-HZ-35-06-Stevens重排是季铵盐或.md,内容,占位语
汇智,题-HZ-35-07-生物活性分子中常含氮杂环结构.md,内容,占位语
汇智,题-HZ-35-08-81Bronsted酸可介导.md,内容,占位语
汇智,题-HZ-35-09-91Mannich反应是典型.md,内容,占位语
汇智,题-HZ-35-10-ComplanadineA的.md,内容,占位语
汇智,题-HZ-37-01-从古代炼丹术的神火到拉瓦锡的.md,行尾,CRLF（.gitattributes 定 eol=lf）
汇智,题-HZ-37-04-2011年3月11日日本东北.md,行尾,CRLF（.gitattributes 定 eol=lf）
汇智,题-HZ-37-06-2024年5月8日我国第三艘.md,行尾,CRLF（.gitattributes 定 eol=lf）
汇智,题-HZ-37-07-逆配合物inversecoo.md,内容,占位语
汇智,题-HZ-37-09-91关于晶格能下列说法正确的.md,行尾,CRLF（.gitattributes 定 eol=lf）
汇智,题-HZ-38-01-多碘阴离子是碘元素的特征阴离.md,行尾,CRLF（.gitattributes 定 eol=lf）
汇智,题-HZ-38-03-高能材料即烟火推进剂和炸药的.md,行尾,CRLF（.gitattributes 定 eol=lf）
汇智,题-HZ-38-04-411仅占3分试根据欧拉定理.md,行尾,CRLF（.gitattributes 定 eol=lf）
汇智,题-HZ-64-01-11在电解精炼金属产生的阳极.md,内容,占位语
汇智,题-HZ-64-02-21键角是化学键的一个重要的.md,内容,占位语
汇智,题-HZ-64-03-二氧化碳的活化是一个可以将过.md,内容,占位语
汇智,题-HZ-64-04-41荧光分子可由其前体经过处.md,内容,占位语
汇智,题-HZ-64-05-氨是最重要的化学产品之一其在.md,内容,占位语
汇智,题-HZ-64-06-61电化学手段是分离一些金属.md,内容,占位语
汇智,题-HZ-64-07-mathrm光催化fracm.md,内容,占位语
汇智,题-HZ-64-08-硫可以通过被氧化或亲核进攻等.md,内容,占位语
汇智,题-HZ-64-09-91扩环反应的重要应用之一是.md,内容,占位语
XeChem,题-XeC-01-01-二萜entkaurene家族.md,内容,占位语
XeChem,题-XeC-03-04-锕系元素卤化物的晶体结构.md,内容,占位语
XeChem,题-XeC-04-07-双碳加合物.md,内容,占位语
XeChem,题-XeC-04-08-亚砜亚胺的合成.md,内容,占位语
XeChem,题-XeC-05-02-人工阴离子泵.md,内容,占位语
XeChem,题-XeC-05-07-固相环肽合成策略.md,内容,占位语
XeChem,题-XeC-06-01-11OCP离子是重要的含P杂.md,行尾,CRLF（.gitattributes 定 eol=lf）
XeChem,题-XeC-06-02-是地球上最主要且最具成本效益.md,内容,占位语
XeChem,题-XeC-06-03-自从1888年德国科学家瓦尔.md,行尾,CRLF（.gitattributes 定 eol=lf）
XeChem,题-XeC-06-05-51铜中心在多种生物过程中发.md,行尾,CRLF（.gitattributes 定 eol=lf）
XeChem,题-XeC-06-06-61近日香港城市大学卢振品课.md,行尾,CRLF（.gitattributes 定 eol=lf）
XeChem,题-XeC-06-07-71分子活性的精准调控是化学.md,行尾,CRLF（.gitattributes 定 eol=lf）
XeChem,题-XeC-06-08-画出重排成腙衍生物过程中的关.md,行尾,CRLF（.gitattributes 定 eol=lf）
XeChem,题-XeC-07-01-11如下配体在去质子后与一当.md,行尾,CRLF（.gitattributes 定 eol=lf）
XeChem,题-XeC-07-04-beginarraycmat.md,行尾,CRLF（.gitattributes 定 eol=lf）
XeChem,题-XeC-07-05-五唑阴离子是极具应用价值的全.md,行尾,CRLF（.gitattributes 定 eol=lf）
XeChem,题-XeC-07-06-61以下过程是典型的Smil.md,行尾,CRLF（.gitattributes 定 eol=lf）
XeChem,题-XeC-07-08-题.md,行尾,CRLF（.gitattributes 定 eol=lf）
XeChem,题-XeC-08-01-光合作用是人们最熟知的能量来.md,内容,占位语
XeChem,题-XeC-08-02-是一种典型的低价硅物种在Si.md,内容,占位语
XeChem,题-XeC-08-03-无机磷酸盐过量是水体富营养化.md,内容,占位语
XeChem,题-XeC-08-04-属于六方晶系Al原子层内按最.md,内容,占位语
XeChem,题-XeC-08-05-TEMPOHTEMPO的氧化.md,内容,占位语
XeChem,题-XeC-08-06-自发现以来近70年间异头碳效.md,内容,占位语
XeChem,题-XeC-08-07-常见的化学反应流程叙述中后处.md,内容,占位语
XeChem,题-XeC-08-08-TrigTrigocherr.md,内容,占位语
XeChem,题-XeC-09-01-氮丙啶作为一类重要的含氮杂环.md,行尾,CRLF（.gitattributes 定 eol=lf）
XeChem,题-XeC-09-02-苯炔插入反应作为有机合成领域.md,行尾,CRLF（.gitattributes 定 eol=lf）
XeChem,题-XeC-09-03-异构现象是有机化学领域中普遍.md,行尾,CRLF（.gitattributes 定 eol=lf）
XeChem,题-XeC-09-04-芳香化驱动反应以芳香化过程释.md,行尾,CRLF（.gitattributes 定 eol=lf）
XeChem,题-XeC-09-05-杂芳烃硝基苯吡啶喹啉等是有机.md,行尾,CRLF（.gitattributes 定 eol=lf）
XeChem,题-XeC-09-06-cotylenol是fusi.md,行尾,CRLF（.gitattributes 定 eol=lf）
XeChem,题-XeC-11-01-由于化学材料的丰富性易获得性.md,行尾,CRLF（.gitattributes 定 eol=lf）
XeChem,题-XeC-11-02-荧光强度随时间衰减的快慢可以.md,行尾,CRLF（.gitattributes 定 eol=lf）
XeChem,题-XeC-11-03-Valleyite是一种稀有.md,行尾,CRLF（.gitattributes 定 eol=lf）
XeChem,题-XeC-11-04-阿伏伽德罗常数是物理化学和分.md,行尾,CRLF（.gitattributes 定 eol=lf）
XeChem,题-XeC-11-05-硅的掺入能降低表面能显著改变.md,行尾,CRLF（.gitattributes 定 eol=lf）
XeChem,题-XeC-11-07-异二氮烯Isodiazene.md,行尾,CRLF（.gitattributes 定 eol=lf）
XeChem,题-XeC-11-08-81在天然产物和合成药物中中.md,行尾,CRLF（.gitattributes 定 eol=lf）
XeChem,题-XeC-12-01-在我们通常的认知里布拉维点阵.md,行尾,CRLF（.gitattributes 定 eol=lf）
XeChem,题-XeC-12-02-在初学晶体的时候我们通常能见.md,行尾,CRLF（.gitattributes 定 eol=lf）
XeChem,题-XeC-12-03-是一种极其常见的矿物其常见晶.md,行尾,CRLF（.gitattributes 定 eol=lf）
XeChem,题-XeC-12-04-铅PbZ82有四种稳定同位素.md,行尾,CRLF（.gitattributes 定 eol=lf）
XeChem,题-XeC-12-05-CH键的胺化反应是现代有机合.md,行尾,CRLF（.gitattributes 定 eol=lf）
XeChem,题-XeC-12-06-611偶氮化合物在光照下分解.md,行尾,CRLF（.gitattributes 定 eol=lf）
XeChem,题-XeC-12-07-四川大学傅海燕课题组系统发展.md,行尾,CRLF（.gitattributes 定 eol=lf）
XeChem,题-XeC-12-08-全合成中长期依赖实现CC键构.md,行尾,CRLF（.gitattributes 定 eol=lf）
XeChem,题-XeC-13-01-早在门捷列夫建立元素周期系时.md,行尾,CRLF（.gitattributes 定 eol=lf）
XeChem,题-XeC-13-02-二甲硫醚DMS是海洋中挥发性.md,内容,占位语
XeChem,题-XeC-13-03-是一种常见的配体其作为单齿配.md,行尾,CRLF（.gitattributes 定 eol=lf）
XeChem,题-XeC-13-04-酸性溶液中可还原产物配离子均.md,行尾,CRLF（.gitattributes 定 eol=lf）
XeChem,题-XeC-13-05-1963年Hershaft通.md,行尾,CRLF（.gitattributes 定 eol=lf）
XeChem,题-XeC-13-06-众所周知烯烃可与过渡金属配位.md,行尾,CRLF（.gitattributes 定 eol=lf）
XeChem,题-XeC-13-07-卤化反应是药物研发中的常用策.md,行尾,CRLF（.gitattributes 定 eol=lf）
XeChem,题-XeC-13-08-81以下氮杂环丁烷不稳定在室.md,行尾,CRLF（.gitattributes 定 eol=lf）
XeChem,题-XeC-13-09-911985年Kowalsk.md,行尾,CRLF（.gitattributes 定 eol=lf）
XeChem,题-XeC-14-01-112写出A与B的化学式在烧.md,行尾,CRLF（.gitattributes 定 eol=lf）
XeChem,题-XeC-14-02-荧光染料ATTO655常被用.md,行尾,CRLF（.gitattributes 定 eol=lf）
XeChem,题-XeC-14-03-31最经典的ZnZn键合成方.md,行尾,CRLF（.gitattributes 定 eol=lf）
XeChem,题-XeC-14-04-为了解决传统聚烯烃或聚乙烯基.md,行尾,CRLF（.gitattributes 定 eol=lf）
XeChem,题-XeC-14-05-三氟化铝是一种常见的离子晶体.md,行尾,CRLF（.gitattributes 定 eol=lf）
XeChem,题-XeC-14-06-61将101mg三邻甲苯基膦.md,行尾,CRLF（.gitattributes 定 eol=lf）
XeChem,题-XeC-14-07-作为现代合成的两大支柱光化学.md,行尾,CRLF（.gitattributes 定 eol=lf）
XeChem,题-XeC-14-08-81传统的二氟甲基化大致使用.md,行尾,CRLF（.gitattributes 定 eol=lf）
XeChem,题-XeC-14-09-近期报道了一种茚二酮衍生物与.md,行尾,CRLF（.gitattributes 定 eol=lf）
XeChem,题-XeC-15-01-古代矿物学家常根据矿物的颜色.md,行尾,CRLF（.gitattributes 定 eol=lf）
XeChem,题-XeC-15-03-为了应对温室效应科学家们开发.md,行尾,CRLF（.gitattributes 定 eol=lf）
XeChem,题-XeC-15-04-自从的发现以来已制备出多种结.md,行尾,CRLF（.gitattributes 定 eol=lf）
XeChem,题-XeC-15-05-溴化铍是一种极为特殊的金属卤.md,行尾,CRLF（.gitattributes 定 eol=lf）
XeChem,题-XeC-15-06-三线态锡氮宾SnNR的电子结.md,行尾,CRLF（.gitattributes 定 eol=lf）
XeChem,题-XeC-15-07-对结构相似的化合物进行酸性比.md,行尾,CRLF（.gitattributes 定 eol=lf）
XeChem,题-XeC-15-08-膦配体兼具较强的给电子能力与.md,行尾,CRLF（.gitattributes 定 eol=lf）
XeChem,题-XeC-15-09-现代密度泛函理论的发展与电脑.md,行尾,CRLF（.gitattributes 定 eol=lf）
XeChem,题-XeC-15-10-Himandrine生物碱由.md,行尾,CRLF（.gitattributes 定 eol=lf）
XeChem,题-XeC-16-01-本题中放射性元素的相对原子质.md,行尾,CRLF（.gitattributes 定 eol=lf）
XeChem,题-XeC-16-02-化学分析法常用于制盐工业中快.md,行尾,CRLF（.gitattributes 定 eol=lf）
XeChem,题-XeC-16-03-31高通量实验中的热量积累在.md,行尾,CRLF（.gitattributes 定 eol=lf）
XeChem,题-XeC-16-04-目前化学家已经能够借助AI等.md,行尾,CRLF（.gitattributes 定 eol=lf）
XeChem,题-XeC-16-05-有一种立方晶系的三元氟化物含.md,行尾,CRLF（.gitattributes 定 eol=lf）
XeChem,题-XeC-16-06-NO与金属配位时可以展现极其.md,行尾,CRLF（.gitattributes 定 eol=lf）
XeChem,题-XeC-16-07-众所周知立体化学是有机化学中.md,行尾,CRLF（.gitattributes 定 eol=lf）
XeChem,题-XeC-16-08-环丙烷作为最小的碳环结构是各.md,行尾,CRLF（.gitattributes 定 eol=lf）
XeChem,题-XeC-17-01-元素M是一种非金属元素然而其.md,行尾,CRLF（.gitattributes 定 eol=lf）
XeChem,题-XeC-17-02-考虑两个胶体粒子之间的相互作.md,行尾,CRLF（.gitattributes 定 eol=lf）
XeChem,题-XeC-17-03-第14族元素在生产生活中发挥.md,行尾,CRLF（.gitattributes 定 eol=lf）
XeChem,题-XeC-17-05-借助对流稳态扩散进行线性伏安.md,行尾,CRLF（.gitattributes 定 eol=lf）
XeChem,题-XeC-17-06-Si作为第三周期元素可以d轨.md,行尾,CRLF（.gitattributes 定 eol=lf）
XeChem,题-XeC-17-07-71关于CPBA氧化反应的理.md,行尾,CRLF（.gitattributes 定 eol=lf）
XeChem,题-XeC-17-08-醛由于O的孤对电子对CH反键.md,行尾,CRLF（.gitattributes 定 eol=lf）
XeChem,题-XeC-17-09-汇聚式合成convergen.md,行尾,CRLF（.gitattributes 定 eol=lf）
XeChem,题-XeC-18-01-某文献报道LnYLaLu在苯.md,行尾,CRLF（.gitattributes 定 eol=lf）
XeChem,题-XeC-18-02-利用可再生能源将电化学还原为.md,内容,占位语
XeChem,题-XeC-18-03-你说得对但是在本题中你将扮演.md,内容,占位语
XeChem,题-XeC-18-04-碘化铵是一种重要的无机盐加热.md,内容,占位语
XeChem,题-XeC-18-05-磷酸盐是常用的水处理剂其产品.md,内容,占位语
XeChem,题-XeC-18-06-逻辑门LogicGates是.md,内容,占位语
XeChem,题-XeC-18-07-作为结构优美的柏拉图烃之一十.md,内容,占位语
XeChem,题-XeC-18-08-81本题的主题是酰胺活化即通.md,内容,占位语
XeChem,题-XeC-19-01-金Au由于其稳定的单质与明显.md,行尾,CRLF（.gitattributes 定 eol=lf）
XeChem,题-XeC-19-02-氮宾作为一种不稳定的瞬态物种.md,行尾,CRLF（.gitattributes 定 eol=lf）
XeChem,题-XeC-19-02-氮宾作为一种不稳定的瞬态物种.md,内容,假结构式
XeChem,题-XeC-19-03-磷的同素异形体丰富其中的PP.md,行尾,CRLF（.gitattributes 定 eol=lf）
XeChem,题-XeC-19-04-机械互锁聚合物MIPs是一类.md,行尾,CRLF（.gitattributes 定 eol=lf）
XeChem,题-XeC-19-05-烷基硫酸盐是大气气溶胶中的重.md,行尾,CRLF（.gitattributes 定 eol=lf）
XeChem,题-XeC-19-07-71判断以下分子或离子有无光.md,行尾,CRLF（.gitattributes 定 eol=lf）
XeChem,题-XeC-19-08-尽管碳苷与含额外碳碳键糖类的.md,行尾,CRLF（.gitattributes 定 eol=lf）
XeChem,题-XeC-19-09-PausonKhand反应简.md,行尾,CRLF（.gitattributes 定 eol=lf）
XeChem,题-XeC-20-01-元素M和N是同族元素性质相似.md,行尾,CRLF（.gitattributes 定 eol=lf）
XeChem,题-XeC-20-02-酸碱缓冲溶液是一种能对溶液的.md,行尾,CRLF（.gitattributes 定 eol=lf）
XeChem,题-XeC-20-03-全固态锂电池以固态电解质替代.md,行尾,CRLF（.gitattributes 定 eol=lf）
XeChem,题-XeC-20-04-众所周知自然界中的许多病毒都.md,行尾,CRLF（.gitattributes 定 eol=lf）
XeChem,题-XeC-20-05-作为并没有过多接触实验的高中.md,行尾,CRLF（.gitattributes 定 eol=lf）
XeChem,题-XeC-20-06-TheActionLab在2.md,行尾,CRLF（.gitattributes 定 eol=lf）
XeChem,题-XeC-20-07-Nazarov环化是一类特殊.md,行尾,CRLF（.gitattributes 定 eol=lf）
XeChem,题-XeC-20-08-维生素H维生素生物素辅酶R是.md,行尾,CRLF（.gitattributes 定 eol=lf）
XeChem,题-XeC-20-09-上述整个过程便是生物素的生物.md,行尾,CRLF（.gitattributes 定 eol=lf）
XeChem,题-XeC-21-01-十九世纪初墨西哥矿物学家在一.md,行尾,CRLF（.gitattributes 定 eol=lf）
XeChem,题-XeC-21-02-均配双萘零价过渡金属配合物是.md,行尾,CRLF（.gitattributes 定 eol=lf）
XeChem,题-XeC-21-03-碳族第14族元素单质具有丰富.md,行尾,CRLF（.gitattributes 定 eol=lf）
XeChem,题-XeC-21-04-的电化学还原反应是一种新兴的.md,行尾,CRLF（.gitattributes 定 eol=lf）
XeChem,题-XeC-21-06-61ABC三组底物在tBuO.md,行尾,CRLF（.gitattributes 定 eol=lf）
XeChem,题-XeC-21-08-钯催化反应是现代有机合成中应.md,行尾,CRLF（.gitattributes 定 eol=lf）
XeChem,题-XeC-22-03-第14族元素单质具有丰富的同.md,行尾,CRLF（.gitattributes 定 eol=lf）
XeChem,题-XeC-22-06-酰胺因其共振稳定性通常表现出.md,行尾,CRLF（.gitattributes 定 eol=lf）
XeChem,题-XeC-23-01-铅是人类最早认识并大规模利用.md,行尾,CRLF（.gitattributes 定 eol=lf）
XeChem,题-XeC-23-02-碲化铋是目前室温附近性能最优.md,行尾,CRLF（.gitattributes 定 eol=lf）
XeChem,题-XeC-23-03-的固化封存是气候与能源领域的.md,行尾,CRLF（.gitattributes 定 eol=lf）
XeChem,题-XeC-23-05-苯酚是重要的工业化学品广泛用.md,行尾,CRLF（.gitattributes 定 eol=lf）
XeChem,题-XeC-23-06-I型笼合物是一类结构精妙的主.md,行尾,CRLF（.gitattributes 定 eol=lf）
XeChem,题-XeC-23-07-金属钛Ti因其高比强度优异耐.md,行尾,CRLF（.gitattributes 定 eol=lf）
XeChem,题-XeC-23-08-叔丁醇钾KOtBu是有机合成.md,行尾,CRLF（.gitattributes 定 eol=lf）
XeChem,题-XeC-23-09-91南京工业大学于2021年.md,行尾,CRLF（.gitattributes 定 eol=lf）
XeChem,题-XeC-24-01-十八世纪末Vauguelin.md,行尾,CRLF（.gitattributes 定 eol=lf）
XeChem,题-XeC-24-03-肽链骨架中含有大量酰胺基团酰.md,行尾,CRLF（.gitattributes 定 eol=lf）
XeChem,题-XeC-24-05-隧道型金属含氧化合物是一类重.md,行尾,CRLF（.gitattributes 定 eol=lf）
XeChem,题-XeC-24-06-血红素是生物体内重要化合物其.md,行尾,CRLF（.gitattributes 定 eol=lf）
XeChem,题-XeC-24-07-碳碳三键既可以作亲核试剂也可.md,行尾,CRLF（.gitattributes 定 eol=lf）
XeChem,题-XeC-24-08-贝克曼重排是肟类化合物转化为.md,行尾,CRLF（.gitattributes 定 eol=lf）
XeChem,题-XeC-25-01-11元素X的丰度位于第十二位.md,行尾,CRLF（.gitattributes 定 eol=lf）
XeChem,题-XeC-25-02-锂氧电池工作时氧气在正极发生.md,行尾,CRLF（.gitattributes 定 eol=lf）
XeChem,题-XeC-25-03-一些配合物的配体可以参与到氧.md,行尾,CRLF（.gitattributes 定 eol=lf）
XeChem,题-XeC-25-04-小夜在随意浏览MP时看到了一.md,行尾,CRLF（.gitattributes 定 eol=lf）
XeChem,题-XeC-25-05-移液枪活塞式移液器是现代化学.md,行尾,CRLF（.gitattributes 定 eol=lf）
XeChem,题-XeC-25-06-莫比乌斯芳香性不是指普通芳香.md,行尾,CRLF（.gitattributes 定 eol=lf）
XeChem,题-XeC-25-07-对甲苯磺酰卤TsX兼具磺酰基.md,行尾,CRLF（.gitattributes 定 eol=lf）
XeChem,题-XeC-25-08-芳香环凭借高度离域的体系具有.md,行尾,CRLF（.gitattributes 定 eol=lf）
XeChem,题-XeC-26-02-211以如下仲醇为例分别给出.md,行尾,CRLF（.gitattributes 定 eol=lf）
XeChem,题-XeC-26-03-重排反应能够通过分子内部键的.md,行尾,CRLF（.gitattributes 定 eol=lf）
XeChem,题-XeC-26-04-负氢迁移是一类重要的分子内氧.md,行尾,CRLF（.gitattributes 定 eol=lf）
XeChem,题-XeC-26-05-周环反应能够通过键与键的协同.md,行尾,CRLF（.gitattributes 定 eol=lf）
XeChem,题-XeC-26-06-Phorbol与ingeno.md,行尾,CRLF（.gitattributes 定 eol=lf）
XeChem,题-XeC-40-01-金银铜是人类历史上最早被认识.md,行尾,CRLF（.gitattributes 定 eol=lf）
XeChem,题-XeC-40-02-指尖脉搏血氧仪是一种便携式医.md,行尾,CRLF（.gitattributes 定 eol=lf）
XeChem,题-XeC-40-03-31牛奶富含很多人体生长发育.md,行尾,CRLF（.gitattributes 定 eol=lf）
XeChem,题-XeC-40-04-方钴矿系skutterudi.md,行尾,CRLF（.gitattributes 定 eol=lf）
XeChem,题-XeC-40-05-元素X的名称来自希腊神话中满.md,行尾,CRLF（.gitattributes 定 eol=lf）
XeChem,题-XeC-40-06-氮杂芳环广泛存在于药物分子天.md,行尾,CRLF（.gitattributes 定 eol=lf）
XeChem,题-XeC-40-07-克罗烷二萜是自然界中分布最广.md,行尾,CRLF（.gitattributes 定 eol=lf）
XeChem,题-XeC-40-08-有机硫化合物在有机合成中扮演.md,行尾,CRLF（.gitattributes 定 eol=lf）
质心GChO,题-GChO-01-01-作为最重要的肥料和化工原料的.md,行尾,CRLF（.gitattributes 定 eol=lf）
质心GChO,题-GChO-01-04-锕系元素U主要以的形式存在但.md,行尾,CRLF（.gitattributes 定 eol=lf）
质心GChO,题-GChO-01-05-Q16分别写出制备以下高分子.md,行尾,CRLF（.gitattributes 定 eol=lf）
质心GChO,题-GChO-01-06-A型晶体属于六方晶系晶胞内的.md,行尾,CRLF（.gitattributes 定 eol=lf）
质心GChO,题-GChO-01-07-Q12化合物14中酸性最强的.md,行尾,CRLF（.gitattributes 定 eol=lf）
质心GChO,题-GChO-01-08-醛酮与肼反应脱水形成的化合物.md,行尾,CRLF（.gitattributes 定 eol=lf）
质心GChO,题-GChO-01-09-某母核为的芳香化合物的合成路.md,行尾,CRLF（.gitattributes 定 eol=lf）
质心GChO,题-GChO-02-03-考虑如下二氧化氮的二聚反应2.md,行尾,CRLF（.gitattributes 定 eol=lf）
质心GChO,题-GChO-02-05-是常用的锂电池正极材料晶体结.md,行尾,CRLF（.gitattributes 定 eol=lf）
质心GChO,题-GChO-02-06-BuchwardHartwi.md,行尾,CRLF（.gitattributes 定 eol=lf）
质心GChO,题-GChO-02-07-圈出以下每组中较小的物质ab.md,行尾,CRLF（.gitattributes 定 eol=lf）
质心GChO,题-GChO-02-08-有机反应按机理可以分为三大类.md,行尾,CRLF（.gitattributes 定 eol=lf）
质心GChO,题-GChO-02-09-1850年天然产物X被从植物.md,行尾,CRLF（.gitattributes 定 eol=lf）
质心GChO,题-GChO-03-02-天然气的主要成分为甲烷水合物.md,行尾,CRLF（.gitattributes 定 eol=lf）
质心GChO,题-GChO-03-03-元素X最初从金矿中分离在鼓风.md,行尾,CRLF（.gitattributes 定 eol=lf）
质心GChO,题-GChO-03-04-库伦分析法是建立在测量电解待.md,行尾,CRLF（.gitattributes 定 eol=lf）
质心GChO,题-GChO-03-06-在某个恒压密闭容器中进行着如.md,行尾,CRLF（.gitattributes 定 eol=lf）
质心GChO,题-GChO-03-07-存在如下转化mathrmCH.md,内容,占位语
质心GChO,题-GChO-03-08-二甲基砜DMSO是一种兼具低.md,内容,占位语
质心GChO,题-GChO-04-01-11写出下列过程的反应方程式.md,行尾,CRLF（.gitattributes 定 eol=lf）
质心GChO,题-GChO-04-02-铂不溶于盐酸硫酸硝酸和碱溶液.md,行尾,CRLF（.gitattributes 定 eol=lf）
质心GChO,题-GChO-04-03-下文为某定量分析岩石组分的实.md,行尾,CRLF（.gitattributes 定 eol=lf）
质心GChO,题-GChO-04-04-41以下单体形成聚合物中哪些.md,行尾,CRLF（.gitattributes 定 eol=lf）
质心GChO,题-GChO-04-05-绿柱石是自然界中最常见的铍矿.md,行尾,CRLF（.gitattributes 定 eol=lf）
质心GChO,题-GChO-04-06-某元素的电势图如下所示根据元.md,行尾,CRLF（.gitattributes 定 eol=lf）
质心GChO,题-GChO-04-07-71判断下列化合物是否存在旋.md,行尾,CRLF（.gitattributes 定 eol=lf）
质心GChO,题-GChO-04-08-制备芳基锂试剂有如下三种ro.md,行尾,CRLF（.gitattributes 定 eol=lf）
质心GChO,题-GChO-04-09-以下合成过程为某天然产物合成.md,行尾,CRLF（.gitattributes 定 eol=lf）
质心GChO,题-GChO-06-01-写出下列过程的反应方程式11.md,行尾,CRLF（.gitattributes 定 eol=lf）
质心GChO,题-GChO-06-02-21某合金中主要由BiPbS.md,行尾,CRLF（.gitattributes 定 eol=lf）
质心GChO,题-GChO-06-03-无机酸A酸性和醋酸相当和醋酸.md,行尾,CRLF（.gitattributes 定 eol=lf）
质心GChO,题-GChO-06-04-第一个被证实的碳自由基是三苯.md,行尾,CRLF（.gitattributes 定 eol=lf）
质心GChO,题-GChO-06-05-燃料电池是一种主要透过氧或其.md,行尾,CRLF（.gitattributes 定 eol=lf）
质心GChO,题-GChO-06-06-6H钙钛矿型材料是一种新发展.md,行尾,CRLF（.gitattributes 定 eol=lf）
质心GChO,题-GChO-06-07-下列各组化合物均能发生酮式烯.md,行尾,CRLF（.gitattributes 定 eol=lf）
质心GChO,题-GChO-06-08-由环氧化的酮形成的腙进行的裂.md,行尾,CRLF（.gitattributes 定 eol=lf）
质心GChO,题-GChO-07-01-写出下列过程的反应方程式11.md,行尾,CRLF（.gitattributes 定 eol=lf）
质心GChO,题-GChO-07-02-水煤气法是工业上制备的常用方.md,行尾,CRLF（.gitattributes 定 eol=lf）
质心GChO,题-GChO-07-03-含X元素的某种矿石富集后在空.md,行尾,CRLF（.gitattributes 定 eol=lf）
质心GChO,题-GChO-07-04-已知Fe和Co元素在2981.md,行尾,CRLF（.gitattributes 定 eol=lf）
质心GChO,题-GChO-07-05-是一种氢的质量百分数较高的储.md,行尾,CRLF（.gitattributes 定 eol=lf）
质心GChO,题-GChO-07-06-水的化学需氧量chemica.md,行尾,CRLF（.gitattributes 定 eol=lf）
质心GChO,题-GChO-07-07-比较下列各组化合物的酸性由强.md,行尾,CRLF（.gitattributes 定 eol=lf）
质心GChO,题-GChO-07-08-81下面两个反应是都能发生亦.md,行尾,CRLF（.gitattributes 定 eol=lf）
质心GChO,题-GChO-07-09-Salinosporamid.md,行尾,CRLF（.gitattributes 定 eol=lf）
质心GChO,题-GChO-08-01-11和反应制备乙硼烷12和N.md,行尾,CRLF（.gitattributes 定 eol=lf）
质心GChO,题-GChO-08-02-21As能形成多种硫化物包括.md,行尾,CRLF（.gitattributes 定 eol=lf）
质心GChO,题-GChO-08-03-ABCD四种化合物都是强电解.md,内容,占位语
质心GChO,题-GChO-08-05-BaMnO具有六方晶系结构为.md,行尾,CRLF（.gitattributes 定 eol=lf）
质心GChO,题-GChO-08-06-通过甲醇裂解制备是一种常用的.md,行尾,CRLF（.gitattributes 定 eol=lf）
质心GChO,题-GChO-08-09-亚砜是有机化学中重要的官能团.md,行尾,CRLF（.gitattributes 定 eol=lf）
质心GChO,题-GChO-08-10-Rocaglates是一族很.md,行尾,CRLF（.gitattributes 定 eol=lf）
质心GChO,题-GChO-09-01-11银器在空气中久置后会变黑.md,行尾,CRLF（.gitattributes 定 eol=lf）
质心GChO,题-GChO-09-02-假设实验均在室温标准压力下进.md,行尾,CRLF（.gitattributes 定 eol=lf）
质心GChO,题-GChO-09-03-假设实验均在室温标准压力下进.md,行尾,CRLF（.gitattributes 定 eol=lf）
质心GChO,题-GChO-09-06-以下是本题需要用到的热力学数.md,行尾,CRLF（.gitattributes 定 eol=lf）
质心GChO,题-GChO-09-07-71富勒烯是第三种单质碳被发.md,行尾,CRLF（.gitattributes 定 eol=lf）
质心GChO,题-GChO-09-09-瘦睿在研究成环反应时发现对于.md,行尾,CRLF（.gitattributes 定 eol=lf）
质心GChO,题-GChO-09-10-烯烃的双官能团化是指断开烯烃.md,内容,占位语
质心GChO,题-GChO-10-01-写出下列过程的反应方程式11.md,行尾,CRLF（.gitattributes 定 eol=lf）
质心GChO,题-GChO-10-02-21指出在分子中的键型并计算.md,行尾,CRLF（.gitattributes 定 eol=lf）
质心GChO,题-GChO-10-05-石墨在一定条件下可以转化为金.md,行尾,CRLF（.gitattributes 定 eol=lf）
质心GChO,题-GChO-10-06-已知的硫酸的二级电离常数为6.md,行尾,CRLF（.gitattributes 定 eol=lf）
质心GChO,题-GChO-10-07-稀有气体元素因为几乎不与任何.md,行尾,CRLF（.gitattributes 定 eol=lf）
质心GChO,题-GChO-10-08-81以下化合物具有异常强的碱.md,行尾,CRLF（.gitattributes 定 eol=lf）
质心GChO,题-GChO-10-10-重排反应是有机化学中很特殊的.md,行尾,CRLF（.gitattributes 定 eol=lf）
质心GChO,题-GChO-11-01-11单质Se在碱性溶液中有的.md,行尾,CRLF（.gitattributes 定 eol=lf）
质心GChO,题-GChO-11-02-21根据路易斯酸碱电子论判断.md,行尾,CRLF（.gitattributes 定 eol=lf）
质心GChO,题-GChO-11-03-31化合物A为阴阳离子比例为.md,行尾,CRLF（.gitattributes 定 eol=lf）
质心GChO,题-GChO-11-04-采用甲醛法测定某有机物中的N.md,行尾,CRLF（.gitattributes 定 eol=lf）
质心GChO,题-GChO-11-05-已知某气相反应可以在某密闭容.md,行尾,CRLF（.gitattributes 定 eol=lf）
质心GChO,题-GChO-11-07-71完成反应注意立体化学12.md,内容,占位语
质心GChO,题-GChO-11-08-在有机化学中CC键或者CC键.md,内容,占位语
质心GChO,题-GChO-11-09-环张力一方面降低了分子的稳定.md,内容,占位语
质心GChO,题-GChO-12-01-11将气体通入沸腾的金属钠中.md,行尾,CRLF（.gitattributes 定 eol=lf）
质心GChO,题-GChO-12-02-氢气是一种新型能源具有高效绿.md,行尾,CRLF（.gitattributes 定 eol=lf）
质心GChO,题-GChO-12-03-31已知的计算水溶液的pH3.md,行尾,CRLF（.gitattributes 定 eol=lf）
质心GChO,题-GChO-12-04-X元素的单质是人类很早就提炼.md,行尾,CRLF（.gitattributes 定 eol=lf）
质心GChO,题-GChO-12-05-高温超导是近年来十分热门的一.md,行尾,CRLF（.gitattributes 定 eol=lf）
质心GChO,题-GChO-12-06-与大家所熟知的环糊精杯芳烃等.md,行尾,CRLF（.gitattributes 定 eol=lf）
质心GChO,题-GChO-12-07-71请选出下列3个化合物中碱.md,行尾,CRLF（.gitattributes 定 eol=lf）
质心GChO,题-GChO-12-08-如下是天然化合物Mitrep.md,行尾,CRLF（.gitattributes 定 eol=lf）
质心GChO,题-GChO-12-09-硫氧双键广泛存在于亚砜砜以及.md,内容,占位语
质心GChO,题-GChO-13-01-11CuS隔绝空气下可溶于无.md,行尾,CRLF（.gitattributes 定 eol=lf）
质心GChO,题-GChO-13-02-21判断下列说法的正T误Fa.md,行尾,CRLF（.gitattributes 定 eol=lf）
质心GChO,题-GChO-13-04-化合物A为常见主族元素组成的.md,行尾,CRLF（.gitattributes 定 eol=lf）
质心GChO,题-GChO-13-06-x61多面体之间如何连接62.md,行尾,CRLF（.gitattributes 定 eol=lf）
质心GChO,题-GChO-13-08-白介素1受体相关激酶4IRA.md,行尾,CRLF（.gitattributes 定 eol=lf）
质心GChO,题-GChO-13-09-碳上很难发生取代反应但是在适.md,内容,占位语
质心GChO,题-GChO-14-01-11表面活性剂辅助法是溶剂热.md,内容,占位语
质心GChO,题-GChO-14-02-21元素X是自然界中含单电子.md,行尾,CRLF（.gitattributes 定 eol=lf）
质心GChO,题-GChO-14-03-31使用聚合物进行肿瘤的治疗.md,行尾,CRLF（.gitattributes 定 eol=lf）
质心GChO,题-GChO-14-05-工业上合成氨通常使用和在催化.md,行尾,CRLF（.gitattributes 定 eol=lf）
质心GChO,题-GChO-14-07-灰灰的小弟拟用高锰酸钾法测定.md,行尾,CRLF（.gitattributes 定 eol=lf）
质心GChO,题-GChO-14-08-81在有机合成中常常使用TM.md,行尾,CRLF（.gitattributes 定 eol=lf）
质心GChO,题-GChO-14-09-如下是一类潜在的治疗HIV1.md,行尾,CRLF（.gitattributes 定 eol=lf）
质心GChO,题-GChO-14-10-多糖的合成是生化研究中一个重.md,内容,占位语
质心GChO,题-GChO-15-01-11利用的热分解制备一种无定.md,行尾,CRLF（.gitattributes 定 eol=lf）
质心GChO,题-GChO-15-02-21纯硫代硫酸长时间以来未曾.md,行尾,CRLF（.gitattributes 定 eol=lf）
质心GChO,题-GChO-15-04-某小组希望测定混合溶液中与分.md,行尾,CRLF（.gitattributes 定 eol=lf）
质心GChO,题-GChO-15-05-化合物A在常温下稳定受热易分.md,行尾,CRLF（.gitattributes 定 eol=lf）
质心GChO,题-GChO-15-06-某二元化合物可以在相似的条件.md,行尾,CRLF（.gitattributes 定 eol=lf）
质心GChO,题-GChO-15-07-已知NO被氧气氧化的可能机理.md,行尾,CRLF（.gitattributes 定 eol=lf）
质心GChO,题-GChO-15-08-81将下列各组化合物按和HB.md,行尾,CRLF（.gitattributes 定 eol=lf）
质心GChO,题-GChO-15-09-如下是化合物Merochlo.md,内容,占位语
质心GChO,题-GChO-15-10-如下是一个用手性辅基实现的不.md,内容,占位语
质心GChO,题-GChO-16-01-11写出下列过程的反应方程式.md,行尾,CRLF（.gitattributes 定 eol=lf）
质心GChO,题-GChO-16-02-21气体X是一种常见的强氧化.md,行尾,CRLF（.gitattributes 定 eol=lf）
质心GChO,题-GChO-16-03-元素X常见于半导体材料中其单.md,行尾,CRLF（.gitattributes 定 eol=lf）
质心GChO,题-GChO-16-05-一种新型的钙钛矿型材料其结构.md,行尾,CRLF（.gitattributes 定 eol=lf）
质心GChO,题-GChO-16-06-已知如下两个转化一些可能会用.md,行尾,CRLF（.gitattributes 定 eol=lf）
质心GChO,题-GChO-16-07-71下列化合物不能发生取代反.md,行尾,CRLF（.gitattributes 定 eol=lf）
质心GChO,题-GChO-16-08-如下是化合物Merochlo.md,内容,占位语
质心GChO,题-GChO-16-09-由于氮气的稳定性含有氮氮双键.md,行尾,CRLF（.gitattributes 定 eol=lf）
质心GChO,题-GChO-17-01-11写出下列过程的反应方程式.md,行尾,CRLF（.gitattributes 定 eol=lf）
质心GChO,题-GChO-17-02-21化合物与HCl溶液反应得.md,行尾,CRLF（.gitattributes 定 eol=lf）
质心GChO,题-GChO-17-03-元素abc属于同一副族电负性.md,行尾,CRLF（.gitattributes 定 eol=lf）
质心GChO,题-GChO-17-04-砷是一种常见的元素多数砷的化.md,行尾,CRLF（.gitattributes 定 eol=lf）
质心GChO,题-GChO-17-05-当一个材料中同时存在铁磁性和.md,行尾,CRLF（.gitattributes 定 eol=lf）
质心GChO,题-GChO-17-06-水蒸气蒸馏是分离有机物的常用.md,行尾,CRLF（.gitattributes 定 eol=lf）
质心GChO,题-GChO-17-07-在催化剂存在下将乙二酸与乙醇.md,行尾,CRLF（.gitattributes 定 eol=lf）
质心GChO,题-GChO-17-08-81选出下列各组化合物中酸性.md,行尾,CRLF（.gitattributes 定 eol=lf）
质心GChO,题-GChO-17-09-如下是化合物Waihoens.md,内容,占位语
质心GChO,题-GChO-17-10-重氮化合物是最重要的卡宾前体.md,行尾,CRLF（.gitattributes 定 eol=lf）
质心GChO,题-GChO-18-01-11写出下列过程的反应方程式.md,行尾,CRLF（.gitattributes 定 eol=lf）
质心GChO,题-GChO-18-02-同族金属XYZ均难溶于稀酸与.md,行尾,CRLF（.gitattributes 定 eol=lf）
质心GChO,题-GChO-18-03-蔗糖在酸催化的条件下可以水解.md,行尾,CRLF（.gitattributes 定 eol=lf）
质心GChO,题-GChO-18-04-簇合物A的骨架属于点群为四面.md,行尾,CRLF（.gitattributes 定 eol=lf）
质心GChO,题-GChO-18-06-现拟采用定量分析方法欲测定H.md,行尾,CRLF（.gitattributes 定 eol=lf）
质心GChO,题-GChO-18-07-71判断下列化合物是否具有芳.md,行尾,CRLF（.gitattributes 定 eol=lf）
质心GChO,题-GChO-18-09-由于芳香性的存在苯环的双键较.md,行尾,CRLF（.gitattributes 定 eol=lf）
质心GChO,题-GChO-19-01-11写出下列过程的反应方程式.md,行尾,CRLF（.gitattributes 定 eol=lf）
质心GChO,题-GChO-19-03-银单质如果处于的气体氛围中可.md,行尾,CRLF（.gitattributes 定 eol=lf）
质心GChO,题-GChO-19-04-元素X的单质是一种常见的轻金.md,行尾,CRLF（.gitattributes 定 eol=lf）
质心GChO,题-GChO-19-05-某种晶体含有BaTiOSi四.md,行尾,CRLF（.gitattributes 定 eol=lf）
质心GChO,题-GChO-19-06-通过配位滴定测定某矿石中Ag.md,行尾,CRLF（.gitattributes 定 eol=lf）
质心GChO,题-GChO-19-07-硅是一种非常重要的元素在芯片.md,行尾,CRLF（.gitattributes 定 eol=lf）
质心GChO,题-GChO-19-08-81选出下列各组化合物中在D.md,内容,占位语
质心GChO,题-GChO-19-09-如下是ScabrolideA.md,行尾,CRLF（.gitattributes 定 eol=lf）
质心GChO,题-GChO-19-10-联烯以其独特的反应性成为了近.md,内容,占位语
质心GChO,题-GChO-20-01-11写出下列过程的反应方程式.md,行尾,CRLF（.gitattributes 定 eol=lf）
质心GChO,题-GChO-20-02-硫醇胺混合溶剂价格低廉对二元.md,行尾,CRLF（.gitattributes 定 eol=lf）
质心GChO,题-GChO-20-03-某元素M的某重要同位素可以通.md,行尾,CRLF（.gitattributes 定 eol=lf）
质心GChO,题-GChO-20-04-过渡金属有机配合物是一类重要.md,行尾,CRLF（.gitattributes 定 eol=lf）
质心GChO,题-GChO-20-05-与水溶液体系类似在无水中也存.md,行尾,CRLF（.gitattributes 定 eol=lf）
质心GChO,题-GChO-20-06-3914某种稳定化合物的晶体.md,内容,占位语
质心GChO,题-GChO-20-07-有机小分子催化是有机化学领域.md,行尾,CRLF（.gitattributes 定 eol=lf）
质心GChO,题-GChO-20-09-不饱和羰基化合物是有机化学中.md,内容,占位语
质心GChO,题-GChO-21-01-11写出下列过程的反应方程式.md,行尾,CRLF（.gitattributes 定 eol=lf）
质心GChO,题-GChO-21-02-21在10的中与会发生氧化还.md,行尾,CRLF（.gitattributes 定 eol=lf）
质心GChO,题-GChO-21-04-在某体积可变的恒压密闭容器中.md,行尾,CRLF（.gitattributes 定 eol=lf）
质心GChO,题-GChO-21-05-通常高周期的元素难与第二周期.md,行尾,CRLF（.gitattributes 定 eol=lf）
质心GChO,题-GChO-21-06-现有化学式形如的配合物A阴离.md,行尾,CRLF（.gitattributes 定 eol=lf）
质心GChO,题-GChO-21-07-氢气是一种绿色高效的新型燃料.md,行尾,CRLF（.gitattributes 定 eol=lf）
质心GChO,题-GChO-21-08-81请从下面四组位置中每组选.md,行尾,CRLF（.gitattributes 定 eol=lf）
质心GChO,题-GChO-21-09-如下是化合物Spiroche.md,行尾,CRLF（.gitattributes 定 eol=lf）
质心GChO,题-GChO-21-10-已知如下转化101RhTPA.md,行尾,CRLF（.gitattributes 定 eol=lf）
质心GChO,题-GChO-22-01-11在NaOH水溶液中水解1.md,行尾,CRLF（.gitattributes 定 eol=lf）
质心GChO,题-GChO-22-02-电解的水溶液可以制备盐AA种.md,行尾,CRLF（.gitattributes 定 eol=lf）
质心GChO,题-GChO-22-04-利用氧化还原反应测定在不同温.md,行尾,CRLF（.gitattributes 定 eol=lf）
质心GChO,题-GChO-22-05-通过铝矾土矿可以提取某种第四.md,行尾,CRLF（.gitattributes 定 eol=lf）
质心GChO,题-GChO-22-06-将氟化钾与氟化镁按照一定比例.md,行尾,CRLF（.gitattributes 定 eol=lf）
质心GChO,题-GChO-22-07-氯胺T的化学名称为三水合对甲.md,行尾,CRLF（.gitattributes 定 eol=lf）
质心GChO,题-GChO-22-08-81判断下列化合物是否具有光.md,行尾,CRLF（.gitattributes 定 eol=lf）
质心GChO,题-GChO-23-02-液氨与水体系具有很多的相似性.md,行尾,CRLF（.gitattributes 定 eol=lf）
质心GChO,题-GChO-23-04-工业上常使用西门子法制备较纯.md,行尾,CRLF（.gitattributes 定 eol=lf）
质心GChO,题-GChO-23-05-萤石是一种十分常见的晶体结构.md,行尾,CRLF（.gitattributes 定 eol=lf）
质心GChO,题-GChO-23-06-苄醚氢醌是一种用于皮肤的药物.md,行尾,CRLF（.gitattributes 定 eol=lf）
质心GChO,题-GChO-23-07-71化合物A极不稳定目前没有.md,行尾,CRLF（.gitattributes 定 eol=lf）
质心GChO,题-GChO-23-08-81判读下列化合物是否具有旋.md,行尾,CRLF（.gitattributes 定 eol=lf）
质心GChO,题-GChO-23-10-磷与氧的成键很强因此在有机化.md,内容,占位语
质心GChO,题-GChO-24-03-31在pH450的条件下将通.md,行尾,CRLF（.gitattributes 定 eol=lf）
质心GChO,题-GChO-24-04-工业上采用与S的反应制备二硫.md,行尾,CRLF（.gitattributes 定 eol=lf）
质心GChO,题-GChO-24-05-通过n反应中子捕获反应是制备.md,行尾,CRLF（.gitattributes 定 eol=lf）
质心GChO,题-GChO-24-06-含金属M的二氯化物A与KCN.md,行尾,CRLF（.gitattributes 定 eol=lf）
质心GChO,题-GChO-24-07-汞可以以I与II的价态与多种.md,行尾,CRLF（.gitattributes 定 eol=lf）
质心GChO,题-GChO-24-08-请判断下列反应中涉及取代反应.md,行尾,CRLF（.gitattributes 定 eol=lf）
质心GChO,题-GChO-24-09-如下是化合物Rubriflo.md,内容,占位语
质心GChO,题-GChO-24-10-亲电试剂和亲核试剂的交叉偶联.md,内容,占位语
质心GChO,题-GChO-25-03-通过甲醇的裂解制备是一种的大.md,行尾,CRLF（.gitattributes 定 eol=lf）
质心GChO,题-GChO-25-04-王粒老师希望采用同位素标记法.md,行尾,CRLF（.gitattributes 定 eol=lf）
质心GChO,题-GChO-25-05-磷可以形成多种不同的卤化物如.md,行尾,CRLF（.gitattributes 定 eol=lf）
质心GChO,题-GChO-25-07-71写出下列过程所经历的基元.md,内容,占位语
质心GChO,题-GChO-25-08-蓖麻科植物中含有丰富的结构复.md,内容,占位语
质心GChO,题-GChO-25-09-可降解的高分子是高分子化学的.md,内容,占位语
质心GChO,题-GChO-26-02-某金属M的氯化物可以在低温下.md,行尾,CRLF（.gitattributes 定 eol=lf）
质心GChO,题-GChO-26-03-工业合成氨反应的一大应用是制.md,行尾,CRLF（.gitattributes 定 eol=lf）
质心GChO,题-GChO-26-04-二元化合物A具有强烈的水解倾.md,内容,占位语
质心GChO,题-GChO-26-05-现有一瓶粉末其中可能含有的一.md,行尾,CRLF（.gitattributes 定 eol=lf）
质心GChO,题-GChO-26-07-已知某过渡金属氧化物X具有较.md,行尾,CRLF（.gitattributes 定 eol=lf）
质心GChO,题-GChO-26-08-81判断下列化合物是否具有旋.md,内容,占位语
质心GChO,题-GChO-26-09-如下是化合物Rubriflo.md,内容,占位语
质心GChO,题-GChO-26-10-同样作为高张力的小环四元环的.md,内容,占位语
质心GChO,题-GChO-27-01-11分子轨道理论中原子轨道要.md,行尾,CRLF（.gitattributes 定 eol=lf）
质心GChO,题-GChO-27-05-元素X是生命必要的非金属元素.md,行尾,CRLF（.gitattributes 定 eol=lf）
质心GChO,题-GChO-27-08-内酰胺结构在药物分子中具有重.md,行尾,CRLF（.gitattributes 定 eol=lf）
质心GChO,题-GChO-27-09-已知硫亲电试剂可以和烯烃发生.md,内容,占位语
质心GChO,题-GChO-28-01-11将1465g氧化物晶体A.md,行尾,CRLF（.gitattributes 定 eol=lf）
质心GChO,题-GChO-28-02-试画出中性配合物的所有几何异.md,行尾,CRLF（.gitattributes 定 eol=lf）
质心GChO,题-GChO-28-03-碘单质是一种紫黑色具有金属光.md,行尾,CRLF（.gitattributes 定 eol=lf）
质心GChO,题-GChO-28-04-41初始浓度为的对羟基苯甲酸.md,行尾,CRLF（.gitattributes 定 eol=lf）
质心GChO,题-GChO-28-05-51输铁蛋白是血液中的输送铁.md,行尾,CRLF（.gitattributes 定 eol=lf）
质心GChO,题-GChO-28-06-61今年有科学家利用如下的转.md,行尾,CRLF（.gitattributes 定 eol=lf）
质心GChO,题-GChO-28-07-71将下列各组化合物中酸性由.md,行尾,CRLF（.gitattributes 定 eol=lf）
质心GChO,题-GChO-28-08-重排反应是有机化学中的一个重.md,行尾,CRLF（.gitattributes 定 eol=lf）
质心GChO,题-GChO-28-09-烯烃是双官能团化是烯烃重要的.md,行尾,CRLF（.gitattributes 定 eol=lf）
质心GChO,题-GChO-29-01-11向中依次加入KCN和肼的.md,行尾,CRLF（.gitattributes 定 eol=lf）
质心GChO,题-GChO-29-02-题.md,行尾,CRLF（.gitattributes 定 eol=lf）
质心GChO,题-GChO-29-03-氮杂环卡宾NHC作为一种能够.md,行尾,CRLF（.gitattributes 定 eol=lf）
质心GChO,题-GChO-29-04-已知298K下的数据本题相关.md,行尾,CRLF（.gitattributes 定 eol=lf）
质心GChO,题-GChO-29-05-X是一种贵金属元素其单质A与.md,行尾,CRLF（.gitattributes 定 eol=lf）
质心GChO,题-GChO-29-06-通过溶胶凝胶法能够制备出正交.md,行尾,CRLF（.gitattributes 定 eol=lf）
质心GChO,题-GChO-29-07-71下列化合物按酸性由强到弱.md,内容,占位语
质心GChO,题-GChO-29-08-2020年初赛考了如下反应在.md,行尾,CRLF（.gitattributes 定 eol=lf）
质心GChO,题-GChO-29-09-91画出AC的结构92画出C.md,行尾,CRLF（.gitattributes 定 eol=lf）
质心GChO,题-GChO-30-01-11写方程式111醋酸锰II.md,行尾,CRLF（.gitattributes 定 eol=lf）
质心GChO,题-GChO-30-02-主族金属自由基因其迷人的理化.md,行尾,CRLF（.gitattributes 定 eol=lf）
质心GChO,题-GChO-30-03-灰灰老师某天在实验室制得了一.md,行尾,CRLF（.gitattributes 定 eol=lf）
质心GChO,题-GChO-30-05-活性聚合是理想的高分子聚合反.md,行尾,CRLF（.gitattributes 定 eol=lf）
质心GChO,题-GChO-30-06-61将酸性由强到弱排序1AB.md,行尾,CRLF（.gitattributes 定 eol=lf）
质心GChO,题-GChO-30-07-文艺复兴写出AF的结构简式不.md,行尾,CRLF（.gitattributes 定 eol=lf）
质心GChO,题-GChO-30-08-在有机化学中化合物的反应性主.md,内容,占位语
质心GChO,题-GChO-31-01-11在无氧条件下向和的混合溶.md,行尾,CRLF（.gitattributes 定 eol=lf）
质心GChO,题-GChO-31-02-一种未知的一元酸只含有CHO.md,行尾,CRLF（.gitattributes 定 eol=lf）
质心GChO,题-GChO-31-03-金属X可溶于王水得到AA在的.md,行尾,CRLF（.gitattributes 定 eol=lf）
质心GChO,题-GChO-31-04-已知无水硫酸铜在高温下按以下.md,行尾,CRLF（.gitattributes 定 eol=lf）
质心GChO,题-GChO-31-05-如下是一个Fe配合物的合成路.md,行尾,CRLF（.gitattributes 定 eol=lf）
质心GChO,题-GChO-31-06-叠氮化合物1在催化剂的作用下.md,行尾,CRLF（.gitattributes 定 eol=lf）
质心GChO,题-GChO-31-07-71把下列各组化合物按酸性由.md,行尾,CRLF（.gitattributes 定 eol=lf）
质心GChO,题-GChO-31-08-由多个吡咯组成的共轭大环化合.md,行尾,CRLF（.gitattributes 定 eol=lf）
质心GChO,题-GChO-31-09-某简单有机化合物X的点群为含.md,内容,占位语
质心GChO,题-GChO-32-01-11写方程式111在CoII.md,行尾,CRLF（.gitattributes 定 eol=lf）
质心GChO,题-GChO-32-02-某无色晶体A的水溶液呈酸性将.md,行尾,CRLF（.gitattributes 定 eol=lf）
质心GChO,题-GChO-32-03-烯烃是重要的聚合单体许多重要.md,行尾,CRLF（.gitattributes 定 eol=lf）
质心GChO,题-GChO-32-04-某种由CoZrF组成的晶体正.md,行尾,CRLF（.gitattributes 定 eol=lf）
质心GChO,题-GChO-32-05-将过量的氯气通入热浓碘化钾溶.md,行尾,CRLF（.gitattributes 定 eol=lf）
质心GChO,题-GChO-32-07-CONOCN都配位能力很强的.md,行尾,CRLF（.gitattributes 定 eol=lf）
质心GChO,题-GChO-32-08-自由基碳正离子碳负离子都是有.md,内容,占位语
质心GChO,题-GChO-32-09-如下是一个利用Nazarov.md,行尾,CRLF（.gitattributes 定 eol=lf）
质心GChO,题-GChO-32-10-米氏酸以其超乎预料的酸性而为.md,内容,占位语
质心GChO,题-GChO-33-01-11将打磨的铝片插入碳酸氢钠.md,行尾,CRLF（.gitattributes 定 eol=lf）
质心GChO,题-GChO-33-02-天然气为四种低级烷烃的混合物.md,行尾,CRLF（.gitattributes 定 eol=lf）
质心GChO,题-GChO-33-03-2012年有科学家合成了一种.md,行尾,CRLF（.gitattributes 定 eol=lf）
质心GChO,题-GChO-33-04-环状烯烃单体的开环聚合是高分.md,行尾,CRLF（.gitattributes 定 eol=lf）
质心GChO,题-GChO-33-05-将12二氯乙烷迅速地加热至C.md,行尾,CRLF（.gitattributes 定 eol=lf）
质心GChO,题-GChO-33-06-氟硼烯BF为CO的等电子体在.md,行尾,CRLF（.gitattributes 定 eol=lf）
质心GChO,题-GChO-33-07-71将下列化合物按发生反应的.md,行尾,CRLF（.gitattributes 定 eol=lf）
质心GChO,题-GChO-33-08-已知一价金催化剂具有如下两个.md,行尾,CRLF（.gitattributes 定 eol=lf）
质心GChO,题-GChO-33-09-金属卡宾是重要的有机反应中间.md,行尾,CRLF（.gitattributes 定 eol=lf）
质心GChO,题-GChO-34-01-11近中性溶液中与按31反应.md,行尾,CRLF（.gitattributes 定 eol=lf）
质心GChO,题-GChO-34-02-在密封的安瓿瓶中加热挥发性物.md,行尾,CRLF（.gitattributes 定 eol=lf）
质心GChO,题-GChO-34-04-下图为某含铜25左右的蓝色结.md,内容,占位语
质心GChO,题-GChO-34-05-气体分子可以依靠范德华力包藏.md,行尾,CRLF（.gitattributes 定 eol=lf）
质心GChO,题-GChO-34-06-盐A和盐B含有氧化态相同的元.md,行尾,CRLF（.gitattributes 定 eol=lf）
质心GChO,题-GChO-34-07-71下列化合物中哪些具有芳香.md,内容,占位语
质心GChO,题-GChO-34-08-81画出下面反应的关键反应中.md,行尾,CRLF（.gitattributes 定 eol=lf）
质心GChO,题-GChO-34-09-有机化学反应一般都是在溶剂中.md,行尾,CRLF（.gitattributes 定 eol=lf）
质心GChO,题-GChO-35-01-11和在KOH中共熔得到绿色.md,行尾,CRLF（.gitattributes 定 eol=lf）
质心GChO,题-GChO-35-02-21将48394g常温下为固.md,内容,占位语
质心GChO,题-GChO-35-03-现拟利用某种含碳839的烃类.md,行尾,CRLF（.gitattributes 定 eol=lf）
质心GChO,题-GChO-35-04-合成可使用的橡胶主要分为两步.md,行尾,CRLF（.gitattributes 定 eol=lf）
质心GChO,题-GChO-35-05-如下是配合物B和D的合成路线.md,行尾,CRLF（.gitattributes 定 eol=lf）
质心GChO,题-GChO-35-06-下面是一种新型层状氧化铋铋材.md,行尾,CRLF（.gitattributes 定 eol=lf）
质心GChO,题-GChO-35-07-71将下列化合物按酸性由强到.md,行尾,CRLF（.gitattributes 定 eol=lf）
质心GChO,题-GChO-35-08-81标出产物内所有手性中心的.md,行尾,CRLF（.gitattributes 定 eol=lf）
质心GChO,题-GChO-35-09-对于键的双官能团化是有机合成.md,行尾,CRLF（.gitattributes 定 eol=lf）
质心GChO,题-GChO-36-01-11与或作用均可得到同一种三.md,行尾,CRLF（.gitattributes 定 eol=lf）
质心GChO,题-GChO-36-02-将某白色易溶于水的粉末X43.md,行尾,CRLF（.gitattributes 定 eol=lf）
质心GChO,题-GChO-36-03-31烯烃复分解经常用于聚合物.md,内容,占位语
质心GChO,题-GChO-36-04-元素X于18世纪末被首次发现.md,行尾,CRLF（.gitattributes 定 eol=lf）
质心GChO,题-GChO-36-05-金属有机骨架材料MetalO.md,行尾,CRLF（.gitattributes 定 eol=lf）
质心GChO,题-GChO-36-07-71下列中间体稳定性由高到低.md,内容,占位语
质心GChO,题-GChO-36-08-过渡金属催化下氮氧化物和炔烃.md,内容,占位语
质心GChO,题-GChO-36-09-在有机化学中自由基是非常高活.md,内容,占位语
质心GChO,题-GChO-37-01-11向二氯化铅的盐酸溶液中通.md,行尾,CRLF（.gitattributes 定 eol=lf）
质心GChO,题-GChO-37-02-元素X和Y可以以四面体或者八.md,行尾,CRLF（.gitattributes 定 eol=lf）
质心GChO,题-GChO-37-04-配合物D是一个双核CuO配合.md,行尾,CRLF（.gitattributes 定 eol=lf）
质心GChO,题-GChO-37-06-粒粒老师将部分碘单质置于真空.md,行尾,CRLF（.gitattributes 定 eol=lf）
质心GChO,题-GChO-37-07-71下列化合物在乙醇中发生溶.md,行尾,CRLF（.gitattributes 定 eol=lf）
质心GChO,题-GChO-37-08-芳环的官能团化最常用的反应是.md,行尾,CRLF（.gitattributes 定 eol=lf）
质心GChO,题-GChO-37-09-烯烃的双官能团化是指断开烯烃.md,内容,占位语
质心GChO,题-GChO-38-01-11将浓的KCl溶液加入Ge.md,行尾,CRLF（.gitattributes 定 eol=lf）
质心GChO,题-GChO-38-02-21在臭氧处理烯烃时除了产生.md,行尾,CRLF（.gitattributes 定 eol=lf）
质心GChO,题-GChO-38-03-粒粒老师有一天突然穿越到了一.md,行尾,CRLF（.gitattributes 定 eol=lf）
质心GChO,题-GChO-38-04-一般配位键都是含有孤对电子的.md,行尾,CRLF（.gitattributes 定 eol=lf）
质心GChO,题-GChO-38-05-A是一种溶解度较大的盐由前三.md,行尾,CRLF（.gitattributes 定 eol=lf）
质心GChO,题-GChO-38-06-硼元素是一种非常有趣的元素其.md,行尾,CRLF（.gitattributes 定 eol=lf）
质心GChO,题-GChO-38-07-71下列中间体稳定性由高到低.md,内容,占位语
质心GChO,题-GChO-38-08-81画出下面反应的3个关键反.md,行尾,CRLF（.gitattributes 定 eol=lf）
质心GChO,题-GChO-38-09-在有机合成方法学研究中设计的.md,内容,占位语
质心GChO,题-GChO-39-01-111241g无色液体A含有.md,行尾,CRLF（.gitattributes 定 eol=lf）
质心GChO,题-GChO-39-02-某金属M的盐A在氮气保护下进.md,行尾,CRLF（.gitattributes 定 eol=lf）
质心GChO,题-GChO-39-03-31画出A和B的结构注意端基.md,行尾,CRLF（.gitattributes 定 eol=lf）
质心GChO,题-GChO-39-04-将固体物质A和某固体单质B于.md,行尾,CRLF（.gitattributes 定 eol=lf）
质心GChO,题-GChO-39-06-61作为反应物的金属盐影响配.md,行尾,CRLF（.gitattributes 定 eol=lf）
质心GChO,题-GChO-39-08-81画出下面反应的重要反应中.md,行尾,CRLF（.gitattributes 定 eol=lf）
质心GChO,题-GChO-39-09-累了不想编题干了就一句话传统.md,内容,占位语
质心GChO,题-GChO-40-01-紫外线照射可得其二聚体绿色液.md,行尾,CRLF（.gitattributes 定 eol=lf）
质心GChO,题-GChO-40-02-将0613g某金属单质溶于发.md,行尾,CRLF（.gitattributes 定 eol=lf）
质心GChO,题-GChO-40-03-如下是可降解高分子C的合成路.md,行尾,CRLF（.gitattributes 定 eol=lf）
质心GChO,题-GChO-40-04-单核配合物A可以以如下的方法.md,行尾,CRLF（.gitattributes 定 eol=lf）
质心GChO,题-GChO-40-06-61下列化合物在NaOH水溶.md,行尾,CRLF（.gitattributes 定 eol=lf）
质心GChO,题-GChO-41-01-11氯仿保存不当会生成有毒气.md,行尾,CRLF（.gitattributes 定 eol=lf）
质心GChO,题-GChO-41-02-计算纯水中MnS的溶解度以及.md,行尾,CRLF（.gitattributes 定 eol=lf）
质心GChO,题-GChO-41-03-如下是聚合反应转化率和聚合度.md,行尾,CRLF（.gitattributes 定 eol=lf）
质心GChO,题-GChO-41-04-提示解答本题不要耍什么花招老.md,行尾,CRLF（.gitattributes 定 eol=lf）
质心GChO,题-GChO-41-05-51REBH3THFRE表示.md,行尾,CRLF（.gitattributes 定 eol=lf）
质心GChO,题-GChO-41-06-LaCoSrO具有钙钛矿型结.md,行尾,CRLF（.gitattributes 定 eol=lf）
质心GChO,题-GChO-41-07-71下列化合物在叔丁醇叔丁醇.md,行尾,CRLF（.gitattributes 定 eol=lf）
质心GChO,题-GChO-41-08-含硅基团是有机化学中重要的官.md,内容,占位语
质心GChO,题-GChO-41-09-不饱和羰基化合物是有机化学中.md,行尾,CRLF（.gitattributes 定 eol=lf）
质心GChO,题-GChO-42-01-11将连四硫酸钠加入偏亚砷酸.md,行尾,CRLF（.gitattributes 定 eol=lf）
质心GChO,题-GChO-42-02-孙琦老师终于博士毕业啦在收拾.md,行尾,CRLF（.gitattributes 定 eol=lf）
质心GChO,题-GChO-42-04-下图展示了某过渡元素X相关的.md,行尾,CRLF（.gitattributes 定 eol=lf）
质心GChO,题-GChO-42-05-所有的计算和实验都在298K.md,行尾,CRLF（.gitattributes 定 eol=lf）
质心GChO,题-GChO-42-06-有着独特的螺旋结构是平面单元.md,行尾,CRLF（.gitattributes 定 eol=lf）
质心GChO,题-GChO-42-08-电有机化学和光有机化学是有机.md,行尾,CRLF（.gitattributes 定 eol=lf）
质心GChO,题-GChO-42-09-环加成反应在有机合成中的应用.md,内容,占位语
质心GChO,题-GChO-43-03-31一般常见的聚合反应例如苯.md,行尾,CRLF（.gitattributes 定 eol=lf）
质心GChO,题-GChO-43-05-某种无机化合物A具有有趣的光.md,行尾,CRLF（.gitattributes 定 eol=lf）
质心GChO,题-GChO-43-07-71将如下位置按芳香亲电反应.md,行尾,CRLF（.gitattributes 定 eol=lf）
质心GChO,题-GChO-43-08-醛在氮杂环卡宾NHC催化下的.md,内容,占位语
质心GChO,题-GChO-43-09-在解答本题时建议在动笔以前先.md,内容,占位语
质心GChO,题-GChO-44-03-碱金属可以以负氧化态的形式存.md,行尾,CRLF（.gitattributes 定 eol=lf）
质心GChO,题-GChO-44-06-现有钡的硫酸盐碳酸盐亚硫酸盐.md,行尾,CRLF（.gitattributes 定 eol=lf）
质心GChO,题-GChO-44-07-现分析某种氯化物的组成将01.md,行尾,CRLF（.gitattributes 定 eol=lf）
质心GChO,题-GChO-44-08-81将如下位置按芳香亲电反应.md,行尾,CRLF（.gitattributes 定 eol=lf）
质心GChO,题-GChO-44-09-已知一价金催化剂具有如下两个.md,内容,占位语
质心GChO,题-GChO-44-10-碳碳键的形成是有机合成的两大.md,内容,占位语
质心GChO,题-GChO-45-01-古代人们这样制备绿铜用浓氨水.md,行尾,CRLF（.gitattributes 定 eol=lf）
质心GChO,题-GChO-45-02-现有某由C和H组成的未知有机.md,行尾,CRLF（.gitattributes 定 eol=lf）
质心GChO,题-GChO-45-03-物质AE受热分解均形成两种气.md,行尾,CRLF（.gitattributes 定 eol=lf）
质心GChO,题-GChO-45-05-过渡金属钨的化学性质与主族元.md,行尾,CRLF（.gitattributes 定 eol=lf）
质心GChO,题-GChO-45-07-71请从下面四组位置中每组选.md,行尾,CRLF（.gitattributes 定 eol=lf）
质心GChO,题-GChO-45-08-化合物1可以通过如下反应转化.md,内容,占位语
质心GChO,题-GChO-45-09-如下是3个不同底物的相同反应.md,行尾,CRLF（.gitattributes 定 eol=lf）
质心GChO,题-GChO-46-01-11低温下可以氧化制备离子化.md,行尾,CRLF（.gitattributes 定 eol=lf）
质心GChO,题-GChO-46-02-现有七种未知溶液分别为水和N.md,行尾,CRLF（.gitattributes 定 eol=lf）
质心GChO,题-GChO-46-03-元素X和Z具有如下的转化在化.md,行尾,CRLF（.gitattributes 定 eol=lf）
质心GChO,题-GChO-46-04-右图是的晶胞结构示意图该晶胞.md,行尾,CRLF（.gitattributes 定 eol=lf）
质心GChO,题-GChO-46-05-20世纪初人们发现了一种只存.md,行尾,CRLF（.gitattributes 定 eol=lf）
质心GChO,题-GChO-46-06-氟硼烯BF为CO的等电子体在.md,行尾,CRLF（.gitattributes 定 eol=lf）
质心GChO,题-GChO-46-08-吲哚是重要的杂环化合物吲哚衍.md,行尾,CRLF（.gitattributes 定 eol=lf）
质心GChO,题-GChO-46-09-2020年二萜生物碱Lian.md,内容,占位语
质心GChO,题-GChO-47-01-11卤素原子具有较多的可失去.md,行尾,CRLF（.gitattributes 定 eol=lf）
质心GChO,题-GChO-47-02-已知的为本题中温度均取298.md,行尾,CRLF（.gitattributes 定 eol=lf）
质心GChO,题-GChO-47-03-两种或多种聚合物链线性连在一.md,行尾,CRLF（.gitattributes 定 eol=lf）
质心GChO,题-GChO-47-05-一种红色的分子晶体A由两种前.md,内容,占位语
质心GChO,题-GChO-47-06-血蓝蛋白是一种含Cu的蛋白质.md,行尾,CRLF（.gitattributes 定 eol=lf）
质心GChO,题-GChO-47-07-71指出下列结构中酸性最强的.md,行尾,CRLF（.gitattributes 定 eol=lf）
质心GChO,题-GChO-47-08-吡啶由于其缺电子的性质无法通.md,行尾,CRLF（.gitattributes 定 eol=lf）
质心GChO,题-GChO-47-09-有机合成方法学是现代有机化学.md,行尾,CRLF（.gitattributes 定 eol=lf）
质心GChO,题-GChO-48-02-石墨炔是一种新型的碳材料与石.md,内容,占位语
质心GChO,题-GChO-48-06-61回答下列与单质碘性质相关.md,行尾,CRLF（.gitattributes 定 eol=lf）
质心GChO,题-GChO-48-07-71下列单取代环己烷中基团处.md,行尾,CRLF（.gitattributes 定 eol=lf）
质心GChO,题-GChO-48-08-如下是Schizozygan.md,内容,占位语
质心GChO,题-GChO-49-01-11利用磷灰石主要成分为磷酸.md,行尾,CRLF（.gitattributes 定 eol=lf）
质心GChO,题-GChO-49-03-索烃的合成一直极具挑战性索烃.md,内容,占位语
质心GChO,题-GChO-49-04-写出下列高分子反应中AF所表.md,行尾,CRLF（.gitattributes 定 eol=lf）
质心GChO,题-GChO-49-05-由金属元素X和Y形成的二元金.md,行尾,CRLF（.gitattributes 定 eol=lf）
质心GChO,题-GChO-49-06-金属有机化合物的中心金属可以.md,行尾,CRLF（.gitattributes 定 eol=lf）
质心GChO,题-GChO-49-07-某非金属元素X的单质在与活泼.md,行尾,CRLF（.gitattributes 定 eol=lf）
质心GChO,题-GChO-49-08-2021年国初中考察了如下氮.md,行尾,CRLF（.gitattributes 定 eol=lf）
质心GChO,题-GChO-49-09-91911写出上述反应的5个.md,行尾,CRLF（.gitattributes 定 eol=lf）
质心GChO,题-GChO-49-10-高张力小环以其独特的反应性一.md,行尾,CRLF（.gitattributes 定 eol=lf）
质心GChO,题-GChO-50-01-11在的氢氟酸溶液中反应生成.md,行尾,CRLF（.gitattributes 定 eol=lf）
质心GChO,题-GChO-50-02-21与在液态中可以形成由和构.md,行尾,CRLF（.gitattributes 定 eol=lf）
质心GChO,题-GChO-50-03-已知如下气相反应可在适当条件.md,行尾,CRLF（.gitattributes 定 eol=lf）
质心GChO,题-GChO-50-04-化合物ABC具有类似的结构并.md,行尾,CRLF（.gitattributes 定 eol=lf）
质心GChO,题-GChO-50-05-51钾氩同位素法可用来测定地.md,行尾,CRLF（.gitattributes 定 eol=lf）
质心GChO,题-GChO-50-06-四方晶体的正当晶胞结构如图所.md,行尾,CRLF（.gitattributes 定 eol=lf）
质心GChO,题-GChO-50-07-阅读如下一段材料回答问题注摘.md,行尾,CRLF（.gitattributes 定 eol=lf）
质心GChO,题-GChO-50-08-化合物G是一个特殊的稠环化合.md,行尾,CRLF（.gitattributes 定 eol=lf）
质心GChO,题-GChO-50-09-如下是一个催化的由羧酸和胺直.md,行尾,CRLF（.gitattributes 定 eol=lf）
质心GChO,题-GChO-51-01-11羟胺毒性较强又不太稳定我.md,行尾,CRLF（.gitattributes 定 eol=lf）
质心GChO,题-GChO-51-02-一般而言我们认为配合物中配合.md,行尾,CRLF（.gitattributes 定 eol=lf）
质心GChO,题-GChO-51-03-31已知碳碳单键和碳碳双键的.md,行尾,CRLF（.gitattributes 定 eol=lf）
质心GChO,题-GChO-51-04-是一个典中典平衡本题居然又考.md,行尾,CRLF（.gitattributes 定 eol=lf）
质心GChO,题-GChO-51-05-已知的六方晶胞结构如右图所示.md,行尾,CRLF（.gitattributes 定 eol=lf）
质心GChO,题-GChO-51-06-盐A中含有金属元素Z质量分数.md,行尾,CRLF（.gitattributes 定 eol=lf）
质心GChO,题-GChO-51-07-金属酶在自然界中有着广泛的催.md,内容,占位语
质心GChO,题-GChO-51-08-81醇的氧化是一个非常重要的.md,行尾,CRLF（.gitattributes 定 eol=lf）
质心GChO,题-GChO-51-09-如下是化合物Grayanot.md,行尾,CRLF（.gitattributes 定 eol=lf）
质心GChO,题-GChO-51-10-NHC是有机化学中重要的有机.md,内容,占位语
质心GChO,题-GChO-52-01-11凝聚态的中存在分离的正负.md,行尾,CRLF（.gitattributes 定 eol=lf）
质心GChO,题-GChO-52-02-21已知H原子的电离能为13.md,行尾,CRLF（.gitattributes 定 eol=lf）
质心GChO,题-GChO-52-04-近日某研究团队发现了一种新型.md,行尾,CRLF（.gitattributes 定 eol=lf）
质心GChO,题-GChO-52-05-电解盐A的水溶液可以得到漂白.md,行尾,CRLF（.gitattributes 定 eol=lf）
质心GChO,题-GChO-52-06-自组装合成磁性材料一直是人们.md,内容,占位语
质心GChO,题-GChO-52-07-71下列化合物碱性从强到弱排.md,行尾,CRLF（.gitattributes 定 eol=lf）
质心GChO,题-GChO-52-08-如下是一个磺酰氟类化合物的合.md,内容,占位语
质心GChO,题-GChO-52-09-本题可能会让助教想起曾经被9.md,行尾,CRLF（.gitattributes 定 eol=lf）
质心GChO,题-GChO-53-02-21写出如下聚合产物的结构注.md,行尾,CRLF（.gitattributes 定 eol=lf）
质心GChO,题-GChO-53-03-32将Ag作为电极插入31所.md,行尾,CRLF（.gitattributes 定 eol=lf）
质心GChO,题-GChO-53-07-71判断下列分子是否具有手性.md,行尾,CRLF（.gitattributes 定 eol=lf）
质心GChO,题-GChO-53-08-含有氢的卤代酮经过碱性条件下.md,内容,占位语
质心GChO,题-GChO-53-09-碳碳键的形成反应是有机化学的.md,内容,占位语
质心GChO,题-GChO-54-01-11Pb单质在很多稀冷的非氧.md,行尾,CRLF（.gitattributes 定 eol=lf）
质心GChO,题-GChO-54-02-21请写出在晶体场中的d电子.md,内容,占位语
质心GChO,题-GChO-54-03-萤石型结构是一种典型的型的结.md,行尾,CRLF（.gitattributes 定 eol=lf）
质心GChO,题-GChO-54-04-X元素的单质是一种银白色软金.md,行尾,CRLF（.gitattributes 定 eol=lf）
质心GChO,题-GChO-54-06-很多难溶化合物在溶液体系中的.md,行尾,CRLF（.gitattributes 定 eol=lf）
质心GChO,题-GChO-54-07-71比较下列底物在乙醇中溶剂.md,内容,占位语
质心GChO,题-GChO-54-08-缺电子杂环上的取代反应一直是.md,行尾,CRLF（.gitattributes 定 eol=lf）
质心GChO,题-GChO-54-09-如下是化合物Gukuleni.md,内容,占位语
质心GChO,题-GChO-55-01-11升汞溶液与硫代硫酸钠可以.md,行尾,CRLF（.gitattributes 定 eol=lf）
质心GChO,题-GChO-55-02-下面的聚合反应会得到一种含有.md,行尾,CRLF（.gitattributes 定 eol=lf）
质心GChO,题-GChO-55-04-224L处于C和101325.md,内容,占位语
质心GChO,题-GChO-55-05-一直以来磁性材料都是化学家们.md,行尾,CRLF（.gitattributes 定 eol=lf）
质心GChO,题-GChO-55-07-芳香亲核取代是有机化学中重要.md,内容,占位语
质心GChO,题-GChO-55-08-说起三元环的合成人们最先想到.md,内容,占位语
质心GChO,题-GChO-55-09-在有机化学中含磷化合物通常被.md,内容,占位语
质心GChO,题-GChO-56-01-11黄铁矿在较浓的碳酸盐溶液.md,行尾,CRLF（.gitattributes 定 eol=lf）
质心GChO,题-GChO-56-02-温室效应是目前越来越多人正在.md,行尾,CRLF（.gitattributes 定 eol=lf）
质心GChO,题-GChO-56-03-甲烷资源丰富碳氢比高是良好的.md,内容,占位语
质心GChO,题-GChO-56-04-金属M广泛被应用于冶金将它作.md,行尾,CRLF（.gitattributes 定 eol=lf）
质心GChO,题-GChO-56-05-有机Al配合物通常可以用于内.md,内容,占位语
质心GChO,题-GChO-56-06-下面给出了某含O四方晶体晶胞.md,行尾,CRLF（.gitattributes 定 eol=lf）
质心GChO,题-GChO-56-07-71判断下列分子是否具有芳香.md,内容,占位语
质心GChO,题-GChO-56-09-苯环作为可以大量获得的化工原.md,行尾,CRLF（.gitattributes 定 eol=lf）
质心GChO,题-GChO-57-01-11向氯金酸的溶液中加入甘汞.md,行尾,CRLF（.gitattributes 定 eol=lf）
质心GChO,题-GChO-57-03-元素X的单质可以直接和氧气化.md,行尾,CRLF（.gitattributes 定 eol=lf）
质心GChO,题-GChO-57-04-传统常见的灭火器有两种一种是.md,行尾,CRLF（.gitattributes 定 eol=lf）
质心GChO,题-GChO-57-05-冰晶石的某种结构是立方晶系其.md,行尾,CRLF（.gitattributes 定 eol=lf）
质心GChO,题-GChO-57-06-金属硫属化合物材料在离子导电.md,行尾,CRLF（.gitattributes 定 eol=lf）
质心GChO,题-GChO-57-08-如下是一个利用芳香亲核取代反.md,行尾,CRLF（.gitattributes 定 eol=lf）
质心GChO,题-GChO-57-09-硫叶立德是重要的有机化学反应.md,行尾,CRLF（.gitattributes 定 eol=lf）
质心GChO,题-GChO-58-02-磷含量分析是钢铁和矿石分析的.md,行尾,CRLF（.gitattributes 定 eol=lf）
质心GChO,题-GChO-58-03-地温计用于测定岩石形成的温度.md,行尾,CRLF（.gitattributes 定 eol=lf）
质心GChO,题-GChO-58-05-下图是的正当晶胞结构请仔细观.md,行尾,CRLF（.gitattributes 定 eol=lf）
质心GChO,题-GChO-58-07-71将下列羧酸衍生物碱性条件.md,内容,占位语
质心GChO,题-GChO-58-08-基于对吡啶性质的兴趣和吡啶在.md,内容,占位语
质心GChO,题-GChO-58-09-如下是Euphorikani.md,行尾,CRLF（.gitattributes 定 eol=lf）
质心GChO,题-GChO-59-01-11直接利用金属和叠氮酸的反.md,行尾,CRLF（.gitattributes 定 eol=lf）
质心GChO,题-GChO-59-02-21液体A和B形成的溶液可认.md,行尾,CRLF（.gitattributes 定 eol=lf）
质心GChO,题-GChO-59-03-热重分析是一种常见的确定固体.md,行尾,CRLF（.gitattributes 定 eol=lf）
质心GChO,题-GChO-59-04-已知A可以和NaOH溶液作用.md,行尾,CRLF（.gitattributes 定 eol=lf）
质心GChO,题-GChO-59-05-在研究晶体结构时我们往往会将.md,行尾,CRLF（.gitattributes 定 eol=lf）
质心GChO,题-GChO-59-06-脒基和氮杂烯丙基被认为是有可.md,内容,占位语
质心GChO,题-GChO-59-08-HCl是有机化学反应中重要的.md,行尾,CRLF（.gitattributes 定 eol=lf）
质心GChO,题-GChO-59-09-小环分子因为具有较大的张力因.md,行尾,CRLF（.gitattributes 定 eol=lf）
质心GChO,题-GChO-60-01-11AgO在碱性条件下与作用.md,行尾,CRLF（.gitattributes 定 eol=lf）
质心GChO,题-GChO-60-02-21纯净的硼砂是一种基准试剂.md,行尾,CRLF（.gitattributes 定 eol=lf）
质心GChO,题-GChO-60-03-金属羰基氢化物能够有效促进氢.md,内容,占位语
质心GChO,题-GChO-60-04-对于结构复杂到让我们一眼看上.md,行尾,CRLF（.gitattributes 定 eol=lf）
质心GChO,题-GChO-60-05-现有50mL电解液水溶液阴极.md,行尾,CRLF（.gitattributes 定 eol=lf）
质心GChO,题-GChO-60-06-内酯的开环聚合通常可以在催化.md,行尾,CRLF（.gitattributes 定 eol=lf）
质心GChO,题-GChO-60-07-71对于如下平衡对于不同的R.md,行尾,CRLF（.gitattributes 定 eol=lf）
质心GChO,题-GChO-60-08-苯环上CH键的转化一直是有机.md,内容,占位语
质心GChO,题-GChO-60-09-2021年美国芝加哥大学的M.md,行尾,CRLF（.gitattributes 定 eol=lf）
质心GChO,题-GChO-61-01-11利用热的次磷酸盐酸体系还.md,行尾,CRLF（.gitattributes 定 eol=lf）
质心GChO,题-GChO-61-02-下表显示了六种天然氨基酸的各.md,行尾,CRLF（.gitattributes 定 eol=lf）
质心GChO,题-GChO-61-03-硫化物A具有层形结构可用作锂.md,行尾,CRLF（.gitattributes 定 eol=lf）
质心GChO,题-GChO-61-04-甲烷的水蒸气重整反应已经考烂.md,行尾,CRLF（.gitattributes 定 eol=lf）
质心GChO,题-GChO-61-05-51下图是某过渡金属X的氧化.md,行尾,CRLF（.gitattributes 定 eol=lf）
质心GChO,题-GChO-61-06-二茂铁Fc及其氧化态的氧化还.md,行尾,CRLF（.gitattributes 定 eol=lf）
质心GChO,题-GChO-61-07-71将下列化合物按取代基处于.md,行尾,CRLF（.gitattributes 定 eol=lf）
质心GChO,题-GChO-61-08-一般的基于全合成的推断题目由.md,行尾,CRLF（.gitattributes 定 eol=lf）
质心GChO,题-GChO-61-09-如下是一个特殊的加成反应在加.md,内容,占位语
质心GChO,题-GChO-62-01-11将置于苏打溶液中并在空气.md,行尾,CRLF（.gitattributes 定 eol=lf）
质心GChO,题-GChO-62-02-21二茂铁及其十甲基衍生物已.md,行尾,CRLF（.gitattributes 定 eol=lf）
质心GChO,题-GChO-62-03-在本题中可以考虑反应的焓变和.md,行尾,CRLF（.gitattributes 定 eol=lf）
质心GChO,题-GChO-62-04-二元化合物A为黑色晶体是一种.md,行尾,CRLF（.gitattributes 定 eol=lf）
质心GChO,题-GChO-62-05-下图是某物质六方正当晶胞的示.md,行尾,CRLF（.gitattributes 定 eol=lf）
质心GChO,题-GChO-62-06-将二水合邻苯二甲酸氢铜II晶.md,行尾,CRLF（.gitattributes 定 eol=lf）
质心GChO,题-GChO-62-07-71左旋多巴是治疗帕金森的核.md,内容,占位语
质心GChO,题-GChO-62-08-酯化反应是最经典的化学反应之.md,行尾,CRLF（.gitattributes 定 eol=lf）
质心GChO,题-GChO-62-09-烯烃的双官能团化是一类效率很.md,内容,占位语
质心GChO,题-GChO-63-01-11硒酸与氯化肼反应得到两种.md,行尾,CRLF（.gitattributes 定 eol=lf）
质心GChO,题-GChO-63-02-3羟基2丁酮与可以发生非氧化.md,行尾,CRLF（.gitattributes 定 eol=lf）
质心GChO,题-GChO-63-03-在本题中可以考虑反应的焓变和.md,行尾,CRLF（.gitattributes 定 eol=lf）
质心GChO,题-GChO-63-04-Mn是一种银灰色的过渡金属脆.md,内容,占位语
质心GChO,题-GChO-63-05-最近韩国科学家宣称合成出了一.md,内容,占位语
质心GChO,题-GChO-63-06-如下是一个由Rh催化完成的反.md,内容,占位语
质心GChO,题-GChO-63-07-如下的转化在Lewis酸的催.md,内容,占位语
质心GChO,题-GChO-63-08-重氮化合物以其丰富而独特的反.md,内容,占位语
质心GChO,题-GChO-63-09-由于环张力的存在小环化合物一.md,内容,占位语
质心GChO,题-GChO-64-01-11与发生非氧化还原反应产物.md,行尾,CRLF（.gitattributes 定 eol=lf）
质心GChO,题-GChO-64-02-本题可能用到的平衡常数数据m.md,行尾,CRLF（.gitattributes 定 eol=lf）
质心GChO,题-GChO-64-03-X是一种常见的金属元素虽然其.md,行尾,CRLF（.gitattributes 定 eol=lf）
质心GChO,题-GChO-64-04-锰在自然界中有若干种锰氧化物.md,行尾,CRLF（.gitattributes 定 eol=lf）
质心GChO,题-GChO-64-05-下图是某三元化合物的正当四方.md,行尾,CRLF（.gitattributes 定 eol=lf）
质心GChO,题-GChO-64-06-稀土金属硼氧化物不仅稀有且具.md,内容,占位语
质心GChO,题-GChO-64-07-如下的转化经历了若干次开环关.md,行尾,CRLF（.gitattributes 定 eol=lf）
质心GChO,题-GChO-65-01-氮是一种颇有特色的元素尽管其.md,行尾,CRLF（.gitattributes 定 eol=lf）
质心GChO,题-GChO-65-02-21由复分解反应制备过渡金属.md,行尾,CRLF（.gitattributes 定 eol=lf）
质心GChO,题-GChO-65-04-A是一种亮黄色有刺激性臭味的.md,行尾,CRLF（.gitattributes 定 eol=lf）
质心GChO,题-GChO-65-05-氮元素的固定一直是无机化学领.md,行尾,CRLF（.gitattributes 定 eol=lf）
质心GChO,题-GChO-65-06-右图是由Cu和Ag组成的复合.md,行尾,CRLF（.gitattributes 定 eol=lf）
质心GChO,题-GChO-65-07-现有如下的转化textMeO.md,行尾,CRLF（.gitattributes 定 eol=lf）
质心GChO,题-GChO-65-09-如下是一个过渡金属催化的奇特.md,内容,占位语
质心GChO,题-GChO-66-01-11不对称二甲基肼与四氧化二.md,行尾,CRLF（.gitattributes 定 eol=lf）
质心GChO,题-GChO-66-02-下面的反应都是能够生成PP键.md,行尾,CRLF（.gitattributes 定 eol=lf）
质心GChO,题-GChO-66-03-31在一真空恒容容器中加热固.md,行尾,CRLF（.gitattributes 定 eol=lf）
质心GChO,题-GChO-66-04-A为一无色液体将A的蒸气与水.md,行尾,CRLF（.gitattributes 定 eol=lf）
质心GChO,题-GChO-66-05-除碳以外其他p区元素之间的多.md,内容,占位语
质心GChO,题-GChO-66-06-一般来说对于某种晶体的研究并.md,行尾,CRLF（.gitattributes 定 eol=lf）
质心GChO,题-GChO-66-07-如下是一个过渡金属催化的合成.md,内容,占位语
质心GChO,题-GChO-66-08-由于芳香性这个护身符的存在苯.md,内容,占位语
质心GChO,题-GChO-67-01-三全分子指一个分子内同时包括.md,行尾,CRLF（.gitattributes 定 eol=lf）
质心GChO,题-GChO-67-02-21铍可用于中子源如聚变堆氚.md,行尾,CRLF（.gitattributes 定 eol=lf）
质心GChO,题-GChO-67-03-近年来亚纳米金属团簇引起了科.md,行尾,CRLF（.gitattributes 定 eol=lf）
质心GChO,题-GChO-67-04-在铜氧化物超导体被发现后人们.md,行尾,CRLF（.gitattributes 定 eol=lf）
质心GChO,题-GChO-67-05-未知物X是一种白色而有光泽的.md,行尾,CRLF（.gitattributes 定 eol=lf）
质心GChO,题-GChO-67-06-2019年诺贝尔化学奖授予G.md,行尾,CRLF（.gitattributes 定 eol=lf）
质心GChO,题-GChO-67-07-生命体中各种物质的结构和功能.md,行尾,CRLF（.gitattributes 定 eol=lf）
质心GChO,题-GChO-67-09-Grob碎片化反应是指一个有.md,行尾,CRLF（.gitattributes 定 eol=lf）
质心GChO,题-GChO-67-10-与膦叶立德YlidesWit.md,行尾,CRLF（.gitattributes 定 eol=lf）
质心GChO,题-GChO-68-01-11实验室制备XPCl与草酸.md,行尾,CRLF（.gitattributes 定 eol=lf）
质心GChO,题-GChO-68-02-奥林匹克圣火是奥运会期间在主.md,行尾,CRLF（.gitattributes 定 eol=lf）
质心GChO,题-GChO-68-03-31将4g重铬酸钾和12g二.md,行尾,CRLF（.gitattributes 定 eol=lf）
质心GChO,题-GChO-68-04-41是一种自然界中丰富存在的.md,内容,占位语
质心GChO,题-GChO-68-05-全氮类物质因具有高密度高生成.md,行尾,CRLF（.gitattributes 定 eol=lf）
质心GChO,题-GChO-68-06-金属元素X在常温下的单质为六.md,行尾,CRLF（.gitattributes 定 eol=lf）
质心GChO,题-GChO-68-07-欲知铅铋合金中铅和铋的含量可.md,行尾,CRLF（.gitattributes 定 eol=lf）
质心GChO,题-GChO-68-08-81以下为酚酞分子的结构式请.md,内容,占位语
质心GChO,题-GChO-68-09-由于芳香性的存在芳环的合成是.md,行尾,CRLF（.gitattributes 定 eol=lf）
质心GChO,题-GChO-68-10-如下是一个形式上的sigma.md,内容,占位语
质心GChO,题-GChO-69-01-11茂基配体用于合成新颖的主.md,行尾,CRLF（.gitattributes 定 eol=lf）
质心GChO,题-GChO-69-02-212016年首次报道了亚乙.md,行尾,CRLF（.gitattributes 定 eol=lf）
质心GChO,题-GChO-69-03-31叠氮化钠作为一种常用的化.md,行尾,CRLF（.gitattributes 定 eol=lf）
质心GChO,题-GChO-69-04-近年来CuFe等作为水催化氧.md,行尾,CRLF（.gitattributes 定 eol=lf）
质心GChO,题-GChO-69-05-51在新近高温高压下制备的氮.md,行尾,CRLF（.gitattributes 定 eol=lf）
质心GChO,题-GChO-69-06-三氧化硫是工业制取硫酸的重要.md,行尾,CRLF（.gitattributes 定 eol=lf）
质心GChO,题-GChO-69-07-71以下三个化合物具有类似的.md,内容,占位语
质心GChO,题-GChO-69-08-苯炔和含B化合物都具有丰富的.md,内容,占位语
质心GChO,题-GChO-69-09-分子骨架编辑Skeletal.md,内容,占位语
质心GChO,题-GChO-70-01-XYZ三种物质具有类似的结构.md,行尾,CRLF（.gitattributes 定 eol=lf）
质心GChO,题-GChO-70-02-将钠盐X配制成200g质量分.md,行尾,CRLF（.gitattributes 定 eol=lf）
质心GChO,题-GChO-70-03-一般来说固体的蒸气压是很难测.md,行尾,CRLF（.gitattributes 定 eol=lf）
质心GChO,题-GChO-70-04-金属M被广泛地应用于冶金中工.md,行尾,CRLF（.gitattributes 定 eol=lf）
质心GChO,题-GChO-70-05-在分子机器领域有两类分子体系.md,行尾,CRLF（.gitattributes 定 eol=lf）
质心GChO,题-GChO-70-06-基于经典的Lewis酸碱理论.md,内容,占位语
质心GChO,题-GChO-70-07-71Claisen反应与其它.md,行尾,CRLF（.gitattributes 定 eol=lf）
质心GChO,题-GChO-70-08-近年来由于在生物医学方面的显.md,内容,占位语
质心GChO,题-GChO-70-09-首先我们来学习一个简单的反应.md,内容,占位语
质心GChO,题-GChO-71-01-A是人类发现最晚的天然元素也.md,行尾,CRLF（.gitattributes 定 eol=lf）
质心GChO,题-GChO-71-02-21的NMR谱图核磁共振氢谱.md,行尾,CRLF（.gitattributes 定 eol=lf）
质心GChO,题-GChO-71-03-31在聚酯化反应体系中残留水.md,内容,占位语
质心GChO,题-GChO-71-04-本题中出现的缩写THF四氢呋.md,行尾,CRLF（.gitattributes 定 eol=lf）
质心GChO,题-GChO-71-05-本题可能用到的公式及常数单个.md,行尾,CRLF（.gitattributes 定 eol=lf）
质心GChO,题-GChO-71-06-61石墨晶体具有三方石墨和六.md,行尾,CRLF（.gitattributes 定 eol=lf）
质心GChO,题-GChO-71-07-有机合成涉及到多方面的立体选.md,行尾,CRLF（.gitattributes 定 eol=lf）
质心GChO,题-GChO-71-09-本题涉及的是一个14二羰基化.md,内容,占位语
质心GChO,题-GChO-72-01-11请给出A和B的结构并给出.md,行尾,CRLF（.gitattributes 定 eol=lf）
质心GChO,题-GChO-72-02-以下给出含有过渡金属元素X的.md,行尾,CRLF（.gitattributes 定 eol=lf）
质心GChO,题-GChO-72-04-41元素A和元素B的电负性分.md,行尾,CRLF（.gitattributes 定 eol=lf）
质心GChO,题-GChO-72-05-具有n个碳原子的富勒烯表面有.md,行尾,CRLF（.gitattributes 定 eol=lf）
质心GChO,题-GChO-72-06-61串联质谱MS技术为测定多.md,行尾,CRLF（.gitattributes 定 eol=lf）
质心GChO,题-GChO-72-07-71在含有共轭体系的螺环化合.md,行尾,CRLF（.gitattributes 定 eol=lf）
质心GChO,题-GChO-72-08-双键具有丰富的反应性是有机化.md,内容,占位语
质心GChO,题-GChO-72-09-重排反应是有机反应中很神奇的.md,行尾,CRLF（.gitattributes 定 eol=lf）
质心GChO,题-GChO-73-01-11是最重要的硫氮二元化合物.md,行尾,CRLF（.gitattributes 定 eol=lf）
质心GChO,题-GChO-73-02-21共聚高分子是由两种不同的.md,行尾,CRLF（.gitattributes 定 eol=lf）
质心GChO,题-GChO-73-03-近年来具有优良光致发光和发光.md,行尾,CRLF（.gitattributes 定 eol=lf）
质心GChO,题-GChO-73-04-酰胺A能够形成分子内氢键如图.md,行尾,CRLF（.gitattributes 定 eol=lf）
质心GChO,题-GChO-73-05-51硅酸盐的基本结构是硅氧四.md,行尾,CRLF（.gitattributes 定 eol=lf）
质心GChO,题-GChO-73-06-61某课题组于2019年合成.md,行尾,CRLF（.gitattributes 定 eol=lf）
质心GChO,题-GChO-73-07-71在单取代环己烷中直键取代.md,内容,占位语
质心GChO,题-GChO-73-08-分子骨架编辑技术是直接在分子.md,内容,占位语
质心GChO,题-GChO-73-09-总有一些学习化竞的同学对力量.md,内容,占位语
质心GChO,题-GChO-74-01-11众所周知碳纳米管表面是疏.md,行尾,CRLF（.gitattributes 定 eol=lf）
质心GChO,题-GChO-74-02-一些电负性相对较高的富电子过.md,行尾,CRLF（.gitattributes 定 eol=lf）
质心GChO,题-GChO-74-03-锂离子电池的发现及其应用可谓.md,行尾,CRLF（.gitattributes 定 eol=lf）
质心GChO,题-GChO-74-04-涉及过渡金属的晶体通常会有意.md,行尾,CRLF（.gitattributes 定 eol=lf）
质心GChO,题-GChO-74-05-51A是的一种重要的氧化物其.md,行尾,CRLF（.gitattributes 定 eol=lf）
质心GChO,题-GChO-74-06-今年中山大学化学学院胡鹏教授.md,内容,占位语
质心GChO,题-GChO-74-07-71溶剂解反应711比较如下.md,行尾,CRLF（.gitattributes 定 eol=lf）
质心GChO,题-GChO-74-08-选择性是有机化学反应的一大特.md,行尾,CRLF（.gitattributes 定 eol=lf）
质心GChO,题-GChO-74-09-三元环因为具有较大的环张力而.md,内容,占位语
质心GChO,题-GChO-75-01-塞翁失马焉知非福实验失败或是.md,行尾,CRLF（.gitattributes 定 eol=lf）
质心GChO,题-GChO-75-02-实现双碳目标是一场广泛而深刻.md,行尾,CRLF（.gitattributes 定 eol=lf）
质心GChO,题-GChO-75-03-铀是一种重要的战略物资其单质.md,行尾,CRLF（.gitattributes 定 eol=lf）
质心GChO,题-GChO-75-04-含有过渡金属元素以及氧元素的.md,行尾,CRLF（.gitattributes 定 eol=lf）
质心GChO,题-GChO-75-06-如下是两个DBU作用下的开环.md,行尾,CRLF（.gitattributes 定 eol=lf）
质心GChO,题-GChO-75-07-71散沫花醌Lawsone是.md,行尾,CRLF（.gitattributes 定 eol=lf）
质心GChO,题-GChO-75-08-1在本题中催化剂的作用只是催.md,行尾,CRLF（.gitattributes 定 eol=lf）
质心GChO,题-GChO-75-09-光促进的有机化学反应是目前有.md,行尾,CRLF（.gitattributes 定 eol=lf）
质心GChO,题-GChO-76-01-现有一种纯净的白色固体X其由.md,行尾,CRLF（.gitattributes 定 eol=lf）
质心GChO,题-GChO-76-04-41把一个体积为10547L.md,行尾,CRLF（.gitattributes 定 eol=lf）
质心GChO,题-GChO-76-07-71对下列氨基酸的等电点从大.md,行尾,CRLF（.gitattributes 定 eol=lf）
质心GChO,题-GChO-76-08-如图是一个烯烃的双官能团化反.md,行尾,CRLF（.gitattributes 定 eol=lf）
质心GChO,题-GChO-77-01-11高铼酸钾与KOH共热可以.md,行尾,CRLF（.gitattributes 定 eol=lf）
质心GChO,题-GChO-77-02-21TMEDATMEDANN.md,行尾,CRLF（.gitattributes 定 eol=lf）
质心GChO,题-GChO-77-03-在20世纪初期人们发现了玻璃.md,行尾,CRLF（.gitattributes 定 eol=lf）
质心GChO,题-GChO-77-04-如下是某二元化合物的立方晶胞.md,内容,占位语
质心GChO,题-GChO-77-05-512022年有人报道了一系.md,行尾,CRLF（.gitattributes 定 eol=lf）
质心GChO,题-GChO-77-06-有机反应的机理常常是十分有趣.md,内容,占位语
质心GChO,题-GChO-77-08-在众多杂环化合物中13二杂原.md,内容,占位语
质心GChO,题-GChO-78-01-11等电点是一个分子不携带净.md,内容,占位语
质心GChO,题-GChO-78-03-一种包含部分的配合物在绿色植.md,行尾,CRLF（.gitattributes 定 eol=lf）
质心GChO,题-GChO-78-04-一种新型含UNTe元素的三元.md,行尾,CRLF（.gitattributes 定 eol=lf）
质心GChO,题-GChO-78-06-同组元素会具有相似的化学性质.md,内容,占位语
质心GChO,题-GChO-78-08-有如下一个不对称合成反应在手.md,内容,占位语
质心GChO,题-GChO-78-09-如下是一个氨基酸位的反应注意.md,行尾,CRLF（.gitattributes 定 eol=lf）
质心GChO,题-GChO-79-01-苯的等电子体无机苯已在多年前.md,内容,占位语
质心GChO,题-GChO-79-02-年轻的化学家小王正在检查当地.md,行尾,CRLF（.gitattributes 定 eol=lf）
质心GChO,题-GChO-79-03-在1879年瑞典化学家拉尔斯.md,行尾,CRLF（.gitattributes 定 eol=lf）
质心GChO,题-GChO-79-06-亚铁离子可以与110菲罗啉P.md,内容,占位语
质心GChO,题-GChO-79-07-71烯烃A在下述转化下得到了.md,内容,占位语
质心GChO,题-GChO-79-08-烯胺的化学是有机合成反应基石.md,行尾,CRLF（.gitattributes 定 eol=lf）
质心GChO,题-GChO-79-09-由于位阻的存在4级碳的合成始.md,内容,占位语
质心GChO,题-GChO-82-08-氮氧单键键能较小只有201k.md,行尾,CRLF（.gitattributes 定 eol=lf）
质心GChO,题-GChO-83-09-氮杂环丙烷具有丰富的反应性9.md,行尾,CRLF（.gitattributes 定 eol=lf）
质心UChO,题-UChO-01-01-11Ag在12K和惰性气氛中.md,行尾,CRLF（.gitattributes 定 eol=lf）
质心UChO,题-UChO-01-01-是一种具有特殊化学键的阳离子.md,内容,占位语
质心UChO,题-UChO-01-02-21在常温常压下用的NaOH.md,行尾,CRLF（.gitattributes 定 eol=lf）
质心UChO,题-UChO-01-02-为分别测定巴黎绿中及三价砷的.md,内容,占位语
质心UChO,题-UChO-01-03-19世纪一种新的元素X被发现.md,行尾,CRLF（.gitattributes 定 eol=lf）
质心UChO,题-UChO-01-03-19世纪一种新的元素X被发现.md,内容,占位语
质心UChO,题-UChO-01-03-31今年某课题组报道了利用有.md,内容,占位语
质心UChO,题-UChO-01-04-41以溶液为滴定剂银丝为指示.md,行尾,CRLF（.gitattributes 定 eol=lf）
质心UChO,题-UChO-01-05-51通常我们认为反应的速率只.md,行尾,CRLF（.gitattributes 定 eol=lf）
质心UChO,题-UChO-01-05-51通常我们认为反应的速率只.md,内容,占位语
质心UChO,题-UChO-01-06-611865年德国科学家希托.md,内容,占位语
质心UChO,题-UChO-01-07-Friedlnder环化是合.md,内容,占位语
质心UChO,题-UChO-01-07-四元环和三元环同为高张力小环.md,内容,占位语
质心UChO,题-UChO-01-07-有机小分子催化剂X可催化如下.md,内容,占位语
质心UChO,题-UChO-01-07-由于芳香性的存在苯环是相当稳.md,内容,占位语
质心UChO,题-UChO-01-08-81写出反应过程中的重要中间.md,行尾,CRLF（.gitattributes 定 eol=lf）
质心UChO,题-UChO-01-08-上面这两王粒都合成过高张力小.md,内容,占位语
质心UChO,题-UChO-01-08-五元芳香杂环是有机化学中一类.md,内容,占位语
质心UChO,题-UChO-01-09-出题老师不想编背景了大家直接.md,行尾,CRLF（.gitattributes 定 eol=lf）
质心UChO,题-UChO-01-10-碎米桠Rabdosirube.md,行尾,CRLF（.gitattributes 定 eol=lf）
质心UChO,题-UChO-02-01-11二氯磷腈是一种用途广泛的.md,内容,占位语
质心UChO,题-UChO-02-02-21三价铂的一种碱式硫酸盐具.md,内容,占位语
质心UChO,题-UChO-02-02-21现将和放入一体积为的真空.md,内容,占位语
质心UChO,题-UChO-02-02-含有脒基的化合物如下所示在无.md,内容,占位语
质心UChO,题-UChO-02-03-31InAuO晶体中沿c方向.md,行尾,CRLF（.gitattributes 定 eol=lf）
质心UChO,题-UChO-02-03-31半导体高分子纳米材料可用.md,内容,占位语
质心UChO,题-UChO-02-04-41今年有科学家报道了一种利.md,行尾,CRLF（.gitattributes 定 eol=lf）
质心UChO,题-UChO-02-04-氧气分子有时在细胞内以超氧根.md,内容,占位语
质心UChO,题-UChO-02-05-51用EDTA标准溶液分别滴.md,行尾,CRLF（.gitattributes 定 eol=lf）
质心UChO,题-UChO-02-05-51用EDTA标准溶液分别滴.md,内容,占位语
质心UChO,题-UChO-02-05-和以19反应可生成三种产物A.md,内容,占位语
质心UChO,题-UChO-02-05-对于一些结构复杂的晶体我们可.md,内容,占位语
质心UChO,题-UChO-02-06-含氮多环结构是一类重要的生物.md,内容,占位语
质心UChO,题-UChO-02-07-2021年美国芝加哥大学的M.md,内容,占位语
质心UChO,题-UChO-02-07-天然产物Clionastat.md,内容,占位语
质心UChO,题-UChO-02-07-是一种经典的Lewis酸与其.md,内容,占位语
质心UChO,题-UChO-02-07-烯丙位是有机化合物中相对活泼.md,内容,占位语
质心UChO,题-UChO-02-07-环加成反应一般发生在体系之间.md,内容,占位语
质心UChO,题-UChO-02-08-亚砜是有机化学中重要的官能团.md,内容,占位语
质心UChO,题-UChO-02-08-杂萜类化合物是一类重要的天然.md,内容,占位语
质心UChO,题-UChO-15-UChO-01-独居石CeLaNdThPO和.md,内容,占位语
质心UChO,题-UChO-15-UChO-02-尼奥斯湖位于非洲喀麦隆西北部.md,内容,占位语
质心UChO,题-UChO-15-UChO-03-熊大站在一棵树旁聚精会神地向.md,内容,占位语
质心UChO,题-UChO-15-UChO-04-具有特殊光学性质的晶体一直是.md,内容,占位语
质心UChO,题-UChO-15-UChO-05-本题中的气体都视作理想气体5.md,内容,占位语
质心UChO,题-UChO-15-UChO-06-DNA是一种由核苷酸组成的长.md,内容,占位语
质心UChO,题-UChO-15-UChO-07-虽然不一定合理但答题时本题所.md,内容,占位语
质心UChO,题-UChO-15-UChO-08-Friedlnder环化是合.md,内容,占位语
质心UChO,题-UChO-15-UChO-09-重排反应是有机化学中最为神奇.md,内容,占位语
质心UChO,题-UChO-15-UChO-10-立体化学是有机化学学习的重点.md,内容,占位语
质心UChO,题-UChO-16-UChO-01-1960年第一例含SNF的化.md,行尾,CRLF（.gitattributes 定 eol=lf）
质心UChO,题-UChO-17-UChO-01-已知石膏的脱水反应mathr.md,行尾,CRLF（.gitattributes 定 eol=lf）
质心UChO,题-UChO-17-UChO-08-天然产物Vinigrol具有.md,内容,占位语
方圆,题-FY-01-01-11标出下列物质中手性碳的R.md,行尾,CRLF（.gitattributes 定 eol=lf）
方圆,题-FY-01-02-焕焕取代孙多成张飞等值取代2.md,内容,占位语
方圆,题-FY-01-03-wwwfangyuanedu.md,内容,占位语
方圆,题-FY-01-04-41比较下列化合物的酸性由强.md,行尾,CRLF（.gitattributes 定 eol=lf）
方圆,题-FY-01-05-51给出中间产物A以及关键中.md,内容,占位语
方圆,题-FY-01-06-61以下是某有机物的合成路线.md,内容,占位语
方圆,题-FY-01-07-71为下列反应的立体选择性提.md,行尾,CRLF（.gitattributes 定 eol=lf）
方圆,题-FY-01-08-81沸石即止暴剂或助沸剂为什.md,内容,占位语
方圆,题-FY-01-09-亲核性碱性二对H亲核性Gri.md,内容,占位语
方圆,题-FY-02-01-在的存在下DMFNN二甲基甲.md,内容,占位语
方圆,题-FY-02-04-41写出下列反应中中间体12.md,行尾,CRLF（.gitattributes 定 eol=lf）
方圆,题-FY-02-07-在有机化学的学习过程中掌握基.md,行尾,CRLF（.gitattributes 定 eol=lf）
方圆,题-FY-02-08-Appel反应和CoeryF.md,行尾,CRLF（.gitattributes 定 eol=lf）
方圆,题-FY-02-09-2023年8月日本东京大学的.md,内容,占位语
方圆,题-FY-02-10-101在过去的二十年中均相金.md,行尾,CRLF（.gitattributes 定 eol=lf）
方圆,题-FY-09-01-11CuI的电化学已知298.md,行尾,CRLF（.gitattributes 定 eol=lf）
方圆,题-FY-09-02-当铜族元素和拟卤素离子能够形.md,行尾,CRLF（.gitattributes 定 eol=lf）
方圆,题-FY-09-03-Kagom网格是一种由大量共.md,行尾,CRLF（.gitattributes 定 eol=lf）
方圆,题-FY-09-04-某肥料的主要成分是硝酸铵此外.md,行尾,CRLF（.gitattributes 定 eol=lf）
方圆,题-FY-09-05-树状高分子dendrimer.md,行尾,CRLF（.gitattributes 定 eol=lf）
方圆,题-FY-09-06-丙烯的反应通常会产生一些活性.md,行尾,CRLF（.gitattributes 定 eol=lf）
方圆,题-FY-09-07-在平衡条件下蛋白质会不断地折.md,行尾,CRLF（.gitattributes 定 eol=lf）
方圆,题-FY-09-08-81卤烷与NaOH在水与乙醇.md,行尾,CRLF（.gitattributes 定 eol=lf）
方圆,题-FY-09-09-碎裂化反应是一个非常重要的反.md,行尾,CRLF（.gitattributes 定 eol=lf）
方圆,题-FY-09-10-氮杂环辛四烯是一种有趣的化合.md,行尾,CRLF（.gitattributes 定 eol=lf）
方圆,题-FY-10-01-11焙烧硫化钼矿石时混有的硫.md,行尾,CRLF（.gitattributes 定 eol=lf）
方圆,题-FY-10-02-21现有一工业镀液中含有约0.md,行尾,CRLF（.gitattributes 定 eol=lf）
方圆,题-FY-10-03-元素的多核物种总令人惊叹特别.md,行尾,CRLF（.gitattributes 定 eol=lf）
方圆,题-FY-10-04-硝酸是一种重要的工业原料可用.md,行尾,CRLF（.gitattributes 定 eol=lf）
方圆,题-FY-10-05-一系列通过配体L1与L2连接.md,行尾,CRLF（.gitattributes 定 eol=lf）
方圆,题-FY-10-06-分子变色龙特指一类可以通过改.md,行尾,CRLF（.gitattributes 定 eol=lf）
方圆,题-FY-10-07-VSEPR理论即价层电子对互.md,行尾,CRLF（.gitattributes 定 eol=lf）
方圆,题-FY-10-08-酯化反应作为有机化学中经典的.md,行尾,CRLF（.gitattributes 定 eol=lf）
方圆,题-FY-10-09-氮杂环卡宾NHC不仅是配位化.md,行尾,CRLF（.gitattributes 定 eol=lf）
方圆,题-FY-11-01-在一个体积为11042L的已.md,行尾,CRLF（.gitattributes 定 eol=lf）
方圆,题-FY-11-02-金具有独特的性质和高稳定性在.md,行尾,CRLF（.gitattributes 定 eol=lf）
方圆,题-FY-11-04-理查三世是英格兰约克王朝最后.md,行尾,CRLF（.gitattributes 定 eol=lf）
方圆,题-FY-11-05-直接燃烧燃料获得热能再将热能.md,行尾,CRLF（.gitattributes 定 eol=lf）
方圆,题-FY-11-06-目前人们发现DNA不仅是包含.md,行尾,CRLF（.gitattributes 定 eol=lf）
方圆,题-FY-11-07-测定某金属元素M的氯化物Y的.md,行尾,CRLF（.gitattributes 定 eol=lf）
方圆,题-FY-11-08-一个容积为2L的烧瓶其中盛有.md,内容,占位语
方圆,题-FY-无机专题一-01-11在碱性条件下用还原得到一.md,行尾,CRLF（.gitattributes 定 eol=lf）
方圆,题-FY-无机专题一-02-全氮类物质能够分解产生极稳定.md,内容,占位语
方圆,题-FY-无机专题一-03-在密封管中将镁粉乙二胺和石墨.md,行尾,CRLF（.gitattributes 定 eol=lf）
方圆,题-FY-无机专题一-04-元素A可以与各种卤素形成一系.md,行尾,CRLF（.gitattributes 定 eol=lf）
方圆,题-FY-无机专题一-05-从金属晶体的密堆积出发可以认.md,行尾,CRLF（.gitattributes 定 eol=lf）
方圆,题-FY-无机专题一-06-固体电解质是具有与强电解质水.md,行尾,CRLF（.gitattributes 定 eol=lf）
方圆,题-FY-无机专题一-08-胰岛素是一种信号激素它在动物.md,行尾,CRLF（.gitattributes 定 eol=lf）
方圆,题-FY-无机专题一-09-铁硫蛋白是一类具有传递电子功.md,行尾,CRLF（.gitattributes 定 eol=lf）
方圆,题-FY-无机专题一-10-羰基化合物的不对称氢化反应在.md,行尾,CRLF（.gitattributes 定 eol=lf）
一式,题-YS-01-04-在固体化学中同源系列是指一类.md,行尾,CRLF（.gitattributes 定 eol=lf）
一式,题-YS-01-05-高氧化态的过渡金属亚烷基配合.md,行尾,CRLF（.gitattributes 定 eol=lf）
一式,题-YS-01-07-71预测在环己13二烯中的C.md,行尾,CRLF（.gitattributes 定 eol=lf）
一式,题-YS-01-08-利用有机硼与底物的发生配位后.md,行尾,CRLF（.gitattributes 定 eol=lf）
一式,题-YS-02-03-锂离子电池已成为移动能源市场.md,行尾,CRLF（.gitattributes 定 eol=lf）
一式,题-YS-02-05-传统药物大多通过抑制酶或受体.md,行尾,CRLF（.gitattributes 定 eol=lf）
一式,题-YS-02-06-双键是一种常见的结构由于其具.md,内容,占位语
一式,题-YS-02-08-叔膦催化的反应一直是竞赛考察.md,行尾,CRLF（.gitattributes 定 eol=lf）
一式,题-YS-02-09-通过一些方法构筑高张力的中间.md,行尾,CRLF（.gitattributes 定 eol=lf）
一式,题-YS-03-02-元素X具有多种同素异形体能形.md,内容,占位语
一式,题-YS-03-05-杂化铅卤化物材料因其优异的光.md,行尾,CRLF（.gitattributes 定 eol=lf）
一式,题-YS-03-07-肼是一种无色油状液体具有强烈.md,行尾,CRLF（.gitattributes 定 eol=lf）
一式,题-YS-04-09-高价碘试剂是一类环境友好低成.md,行尾,CRLF（.gitattributes 定 eol=lf）
一式,题-YS-05-04-某种二元卤化物晶体沿不同方向.md,行尾,CRLF（.gitattributes 定 eol=lf）
一式,题-YS-05-05-水乃生命之源降雨则是大自然调.md,行尾,CRLF（.gitattributes 定 eol=lf）
一式,题-YS-05-09-91传统的头尾环化策略在构建.md,行尾,CRLF（.gitattributes 定 eol=lf）
一式,题-YS-06-02-化学式形如的晶体实际蕴含多种.md,行尾,CRLF（.gitattributes 定 eol=lf）
一式,题-YS-06-05-羟胺在核燃料后处理中作为还原.md,行尾,CRLF（.gitattributes 定 eol=lf）
一式,题-YS-06-08-骨架编辑是分子框架内删除插入.md,行尾,CRLF（.gitattributes 定 eol=lf）
一式,题-YS-07-02-汞很早就被人类认识并使用汉语.md,行尾,CRLF（.gitattributes 定 eol=lf）
一式,题-YS-07-05-合成第4题中的ZIS通常使用.md,行尾,CRLF（.gitattributes 定 eol=lf）
一式,题-YS-07-07-以下反应可制备具有自由基机械.md,行尾,CRLF（.gitattributes 定 eol=lf）
一式,题-YS-07-09-芳炔是一类非常重要的合成中间.md,行尾,CRLF（.gitattributes 定 eol=lf）
一式,题-YS-07-10-芳基硝酮是一类有效用作喹啉合.md,行尾,CRLF（.gitattributes 定 eol=lf）
一式,题-YS-08-04-氢负离子转移是化学合成与催化.md,行尾,CRLF（.gitattributes 定 eol=lf）
一式,题-YS-08-07-71选出如下关于下列反应以及.md,行尾,CRLF（.gitattributes 定 eol=lf）
一式,题-YS-08-08-由于在形成两个新化学键的同时.md,行尾,CRLF（.gitattributes 定 eol=lf）
一式,题-YS-10-04-某些无固定结构蛋白可以形成富.md,行尾,CRLF（.gitattributes 定 eol=lf）
一式,题-YS-10-07-71对酯类化合物结构反应性的.md,行尾,CRLF（.gitattributes 定 eol=lf）
一式,题-YS-10-08-13二硫烷通常在有机合成中作.md,行尾,CRLF（.gitattributes 定 eol=lf）
一式,题-YS-10-09-91传统醚键切断的条件往往不.md,行尾,CRLF（.gitattributes 定 eol=lf）
北京夏令营,题-BJLY-01-01-11在酸性条件下可与亚硝酸盐.md,行尾,CRLF（.gitattributes 定 eol=lf）
北京夏令营,题-BJLY-01-02-卡宾的活性高度依赖其电子状态.md,行尾,CRLF（.gitattributes 定 eol=lf）
北京夏令营,题-BJLY-01-03-元素X是用通常的物理和化学方.md,行尾,CRLF（.gitattributes 定 eol=lf）
北京夏令营,题-BJLY-01-05-已知51计算1L100mol.md,行尾,CRLF（.gitattributes 定 eol=lf）
北京夏令营,题-BJLY-01-06-元素M的单质性质稳定室温下难.md,行尾,CRLF（.gitattributes 定 eol=lf）
北京夏令营,题-BJLY-02-01-11在白色的上滴加氨水立刻变.md,行尾,CRLF（.gitattributes 定 eol=lf）
北京夏令营,题-BJLY-02-02-铬铁矿是一种重要的矿物资源主.md,行尾,CRLF（.gitattributes 定 eol=lf）
北京夏令营,题-BJLY-02-03-31已知下列原电池311先向.md,行尾,CRLF（.gitattributes 定 eol=lf）
北京夏令营,题-BJLY-02-04-硫化铅是生产铅的主要原料它被.md,行尾,CRLF（.gitattributes 定 eol=lf）
北京夏令营,题-BJLY-02-05-V有许多氧化态从而有许多不同.md,行尾,CRLF（.gitattributes 定 eol=lf）
北京夏令营,题-BJLY-02-06-1和的干燥空气中煅烧达到平衡.md,行尾,CRLF（.gitattributes 定 eol=lf）
北京夏令营,题-BJLY-02-07-在常温常压下金属锂与生成红棕.md,行尾,CRLF（.gitattributes 定 eol=lf）
北京夏令营,题-BJLY-03-01-11工业上常用LiH和无水反.md,内容,占位语
北京夏令营,题-BJLY-03-02-21五氟化砷能与许多含氟的化.md,内容,占位语
北京夏令营,题-BJLY-03-03-钨的氮化物因具有优异的化学机.md,内容,占位语
北京夏令营,题-BJLY-03-04-尖晶石结构是一种经典的晶体结.md,内容,占位语
北京夏令营,题-BJLY-03-05-银量法可以用于测定溶液中的甲.md,内容,占位语
北京夏令营,题-BJLY-03-06-通过以下方法可由二茂铁合成乙.md,内容,占位语
北京夏令营,题-BJLY-03-07-X是一种橙黄色液体可由对应的.md,内容,占位语
北京夏令营,题-BJLY-03-08-硫化氢在生物学中具有至关重要.md,内容,占位语
北京夏令营,题-BJLY-03-09-半导体中有两种载流子价带中的.md,内容,占位语
北京夏令营,题-BJLY-03-10-101在一个以碳酸钙为主要矿.md,内容,占位语
北京夏令营,题-BJLY-04-无机综合-01-铬酸根在工业上有广泛的应用而.md,内容,占位语
北京夏令营,题-BJLY-05-有机巩固练习一-01-完成下列反应.md,行尾,CRLF（.gitattributes 定 eol=lf）
北京夏令营,题-BJLY-05-有机巩固练习一-02-1完成Linoxepin的合.md,内容,占位语
北京夏令营,题-BJLY-05-有机巩固练习一-06-完成下列反应给出中间体提示最.md,内容,占位语
北京夏令营,题-BJLY-06-有机巩固练习三-01-烯烃可以在质子酸或Lewis.md,行尾,CRLF（.gitattributes 定 eol=lf）
北京夏令营,题-BJLY-07-有机巩固练习二-01-完成下列反应xrightar.md,行尾,CRLF（.gitattributes 定 eol=lf）
北京夏令营,题-BJLY-08-有机巩固练习四-01-1N烯丙基或乙酰基烯胺能发生.md,行尾,CRLF（.gitattributes 定 eol=lf）
北京夏令营,题-BJLY-09-有机综合-04-1烷烃的光卤代反应是烷烃最重.md,内容,占位语
北京夏令营,题-BJLY-09-有机综合-06-Pummerer重排是用乙酸.md,内容,占位语
北京夏令营,题-BJLY-09-有机综合-07-完成下列反应.md,内容,占位语
北京夏令营,题-BJLY-09-有机综合-08-81完成下列反应82完成下列.md,内容,占位语
2ChO,题-2ChO-01-01-11从Au矿中提取Au的一种.md,行尾,CRLF（.gitattributes 定 eol=lf）
2ChO,题-2ChO-01-02-在制备晶体时加入了部分离子置.md,行尾,CRLF（.gitattributes 定 eol=lf）
2ChO,题-2ChO-01-03-一种基于氧化还原靶向反应的液.md,行尾,CRLF（.gitattributes 定 eol=lf）
2ChO,题-2ChO-01-04-在苯溶液中将105mmolT.md,行尾,CRLF（.gitattributes 定 eol=lf）
2ChO,题-2ChO-01-06-下面介绍了两种与U和Al有关.md,行尾,CRLF（.gitattributes 定 eol=lf）
2ChO,题-2ChO-01-07-氧化磷酸化是能源物质在体内氧.md,行尾,CRLF（.gitattributes 定 eol=lf）
2ChO,题-2ChO-01-09-在有机化学的学习中我们似乎把.md,行尾,CRLF（.gitattributes 定 eol=lf）
2ChO,题-2ChO-01-10-101光可以激发一些化学键试.md,行尾,CRLF（.gitattributes 定 eol=lf）
2ChO,题-2ChO-02-02-已知X为一种碱式二水合硫酸锰.md,行尾,CRLF（.gitattributes 定 eol=lf）
2ChO,题-2ChO-02-04-化合物A与在温和条件下可以生.md,行尾,CRLF（.gitattributes 定 eol=lf）
2ChO,题-2ChO-02-06-2023年2月9日来自Cal.md,行尾,CRLF（.gitattributes 定 eol=lf）
2ChO,题-2ChO-02-08-81BaeyerVillig.md,内容,占位语
2ChO,题-2ChO-02-10-101一种不带电反应中间体可.md,内容,占位语
2ChO,题-2ChO-03-01-11次氯酸钠可用于区分As和.md,行尾,CRLF（.gitattributes 定 eol=lf）
2ChO,题-2ChO-03-03-全球塑料生产量在2021年达.md,行尾,CRLF（.gitattributes 定 eol=lf）
2ChO,题-2ChO-03-04-尺寸排阻色谱SEC常用于大分.md,行尾,CRLF（.gitattributes 定 eol=lf）
2ChO,题-2ChO-03-05-51一种晶体沿b轴和c轴的投.md,行尾,CRLF（.gitattributes 定 eol=lf）
2ChO,题-2ChO-03-06-岩石一般是一种或多种矿物的混.md,行尾,CRLF（.gitattributes 定 eol=lf）
2ChO,题-2ChO-03-08-81下面三种负离子中碱性最强.md,行尾,CRLF（.gitattributes 定 eol=lf）
2ChO,题-2ChO-03-09-2004年来自Univers.md,行尾,CRLF（.gitattributes 定 eol=lf）
2ChO,题-2ChO-04-02-21在滴定分析中的最佳搭档是.md,行尾,CRLF（.gitattributes 定 eol=lf）
2ChO,题-2ChO-04-03-机械力诱导发光是指材料在拉伸.md,行尾,CRLF（.gitattributes 定 eol=lf）
2ChO,题-2ChO-04-05-51金红石是典型的四方晶体类.md,行尾,CRLF（.gitattributes 定 eol=lf）
2ChO,题-2ChO-04-08-81下列化合物中碱性最强的是.md,行尾,CRLF（.gitattributes 定 eol=lf）
2ChO,题-2ChO-04-10-101以下反应将酮首先转化为.md,行尾,CRLF（.gitattributes 定 eol=lf）
2ChO,题-2ChO-05-01-历史上人类对于矿物的开采和应.md,行尾,CRLF（.gitattributes 定 eol=lf）
2ChO,题-2ChO-05-03-一种钠离子电池的阳极为固体在.md,行尾,CRLF（.gitattributes 定 eol=lf）
2ChO,题-2ChO-05-05-本题的化学式要求用M表示并约.md,内容,占位语
2ChO,题-2ChO-05-06-微液滴Microdrople.md,行尾,CRLF（.gitattributes 定 eol=lf）
2ChO,题-2ChO-05-07-爆炸是某一物质系统在发生迅速.md,行尾,CRLF（.gitattributes 定 eol=lf）
2ChO,题-2ChO-05-08-81在研究正丁烷的构象时以C.md,行尾,CRLF（.gitattributes 定 eol=lf）
2ChO,题-2ChO-05-10-101磺酰亚胺基团是有机中一.md,行尾,CRLF（.gitattributes 定 eol=lf）
2ChO,题-2ChO-06-01-炼金术的发展离不开中外学者的.md,行尾,CRLF（.gitattributes 定 eol=lf）
2ChO,题-2ChO-06-02-指南针Compass是一种简.md,行尾,CRLF（.gitattributes 定 eol=lf）
2ChO,题-2ChO-06-04-锡的测定常用碘酸钾滴定法其过.md,行尾,CRLF（.gitattributes 定 eol=lf）
2ChO,题-2ChO-06-05-51CuSe的晶体X具有层状.md,行尾,CRLF（.gitattributes 定 eol=lf）
2ChO,题-2ChO-06-06-离子色谱IC是分析水相中阴阳.md,行尾,CRLF（.gitattributes 定 eol=lf）
2ChO,题-2ChO-06-08-81气态甲醛主要以单体形式存.md,行尾,CRLF（.gitattributes 定 eol=lf）
2ChO,题-2ChO-06-10-与传统离子型环化反应相比自由.md,内容,占位语
