源文件,源题号数,卡题号数,缺号,多号
01-质心GChO/README.md,0,0,,
01-质心GChO/ZCHEM-GChO10试题（线下营）.md,10,10,,
01-质心GChO/ZCHEM-GChO11试题（线下营）.md,9,9,,
01-质心GChO/ZCHEM-GChO12试题.md,9,9,,
01-质心GChO/ZCHEM-GChO13试题.md,9,9,,
01-质心GChO/ZCHEM-GChO14试题.md,10,10,,
01-质心GChO/ZCHEM-GChO15试题（线下营）.md,10,10,,
01-质心GChO/ZCHEM-GChO16试题（线下营）.md,9,9,,
01-质心GChO/ZCHEM-GChO17试题（线下营）.md,10,10,,
01-质心GChO/ZCHEM-GChO18试题（线下营）.md,9,9,,
01-质心GChO/ZCHEM-GChO19试题（线下营）.md,10,10,,
01-质心GChO/ZCHEM-GChO1试题.md,9,9,,
01-质心GChO/ZCHEM-GChO20试题（线下营）.md,9,9,,
01-质心GChO/ZCHEM-GChO21试题（线下营）.md,10,10,,
01-质心GChO/ZCHEM-GChO22试题（线下营）.md,10,10,,
01-质心GChO/ZCHEM-GChO23试题（线下营）.md,10,10,,
01-质心GChO/ZCHEM-GChO24试题（线下营）.md,10,10,,
01-质心GChO/ZCHEM-GChO25试题（线下营）.md,9,9,,
01-质心GChO/ZCHEM-GChO26试题（线下营）.md,10,10,,
01-质心GChO/ZCHEM-GChO27试题.md,9,9,,
01-质心GChO/ZCHEM-GChO28试题.md,9,9,,
01-质心GChO/ZCHEM-GChO29试题.md,9,9,,
01-质心GChO/ZCHEM-GChO2试题.md,9,9,,
01-质心GChO/ZCHEM-GChO30试题.md,8,8,,
01-质心GChO/ZCHEM-GChO31试题.md,9,9,,
01-质心GChO/ZCHEM-GChO32试题.md,10,10,,
01-质心GChO/ZCHEM-GChO33试题.md,9,9,,
01-质心GChO/ZCHEM-GChO34试题.md,9,9,,
01-质心GChO/ZCHEM-GChO35试题.md,9,9,,
01-质心GChO/ZCHEM-GChO36试题.md,9,9,,
01-质心GChO/ZCHEM-GChO37试题.md,9,9,,
01-质心GChO/ZCHEM-GChO38试题.md,8,9,,8
01-质心GChO/ZCHEM-GChO39试题.md,9,9,,
01-质心GChO/ZCHEM-GChO3试题.md,9,9,,
01-质心GChO/ZCHEM-GChO40试题.md,8,8,,
01-质心GChO/ZCHEM-GChO41试题.md,9,9,,
01-质心GChO/ZCHEM-GChO42试题.md,9,9,,
01-质心GChO/ZCHEM-GChO43试题（线下营）.md,9,9,,
01-质心GChO/ZCHEM-GChO44试题（线下营）.md,10,10,,
01-质心GChO/ZCHEM-GChO45试题.md,9,9,,
01-质心GChO/ZCHEM-GChO46试题.md,9,9,,
01-质心GChO/ZCHEM-GChO47试题.md,9,9,,
01-质心GChO/ZCHEM-GChO48试题.md,9,9,,
01-质心GChO/ZCHEM-GChO49试题.md,10,10,,
01-质心GChO/ZCHEM-GChO4试题.md,9,9,,
01-质心GChO/ZCHEM-GChO50试题.md,9,9,,
01-质心GChO/ZCHEM-GChO51试题.md,10,10,,
01-质心GChO/ZCHEM-GChO52试题.md,9,9,,
01-质心GChO/ZCHEM-GChO53试题.md,9,9,,
01-质心GChO/ZCHEM-GChO54试题.md,9,9,,
01-质心GChO/ZCHEM-GChO55试题.md,9,9,,
01-质心GChO/ZCHEM-GChO56试题.md,9,9,,
01-质心GChO/ZCHEM-GChO57试题.md,9,9,,
01-质心GChO/ZCHEM-GChO58试题.md,9,9,,
01-质心GChO/ZCHEM-GChO59试题.md,9,9,,
01-质心GChO/ZCHEM-GChO60试题.md,9,9,,
01-质心GChO/ZCHEM-GChO61试题.md,9,9,,
01-质心GChO/ZCHEM-GChO62试题.md,9,9,,
01-质心GChO/ZCHEM-GChO63试题.md,9,9,,
01-质心GChO/ZCHEM-GChO64试题.md,9,9,,
01-质心GChO/ZCHEM-GChO65试题.md,9,9,,
01-质心GChO/ZCHEM-GChO66试题.md,8,8,,
01-质心GChO/ZCHEM-GChO67试题.md,10,10,,
01-质心GChO/ZCHEM-GChO68试题.md,9,10,,8
01-质心GChO/ZCHEM-GChO69试题.md,9,9,,
01-质心GChO/ZCHEM-GChO6试题（线下营）.md,10,8,"9,10",
01-质心GChO/ZCHEM-GChO70试题.md,8,9,,7
01-质心GChO/ZCHEM-GChO71试题.md,9,9,,
01-质心GChO/ZCHEM-GChO72试题.md,9,9,,
01-质心GChO/ZCHEM-GChO73试题.md,9,9,,
01-质心GChO/ZCHEM-GChO74试题.md,9,9,,
01-质心GChO/ZCHEM-GChO75试题.md,9,9,,
01-质心GChO/ZCHEM-GChO76试题.md,9,9,,
01-质心GChO/ZCHEM-GChO77试题.md,8,8,,
01-质心GChO/ZCHEM-GChO78试题.md,9,9,,
01-质心GChO/ZCHEM-GChO79试题.md,9,9,,
01-质心GChO/ZCHEM-GChO7试题（线下营）.md,9,9,,
01-质心GChO/ZCHEM-GChO80试题.md,9,9,,
01-质心GChO/ZCHEM-GChO81试题.md,9,9,,
01-质心GChO/ZCHEM-GChO82试题.md,9,9,,
01-质心GChO/ZCHEM-GChO83试题.md,9,9,,
01-质心GChO/ZCHEM-GChO8试题.md,10,10,,
01-质心GChO/ZCHEM-GChO9试题.md,10,10,,
01-质心GChO/国初模拟汇编.md,10,0,"1,2,3,4,5,6,7,8,9,10",
02-质心UChO/10thZCHEM-UChO.md,10,10,,
02-质心UChO/1stZCHEM-UChO.md,8,8,,
02-质心UChO/2ndZCHEM-UChO.md,8,8,,
02-质心UChO/3rdZCHEM-UChO-Tour1.md,10,10,,
02-质心UChO/3rdZCHEM-UChO-Tour2.md,7,7,,
02-质心UChO/4thZCHEM-UChO-Tour1.md,8,8,,
02-质心UChO/4thZCHEM-UChO-Tour2.md,7,7,,
02-质心UChO/5thZCHEM-UChO-Tour1.md,8,8,,
02-质心UChO/5thZCHEM-UChO-Tour2.md,8,8,,
02-质心UChO/6thZCHEM-UChO-Tour1.md,8,8,,
02-质心UChO/6thZCHEM-UChO-Tour2.md,8,8,,
02-质心UChO/7thZCHEM-UChO-Tour1.md,8,8,,
02-质心UChO/7thZCHEM-UChO-Tour2.md,8,8,,
02-质心UChO/8thZCHEM-UChO-Tour1.md,8,8,,
02-质心UChO/8thZCHEM-UChO-Tour2.md,8,8,,
02-质心UChO/9thZCHEM-UChO-Tour1.md,9,9,,
02-质心UChO/9thZCHEM-UChO-Tour2.md,9,9,,
02-质心UChO/README.md,0,0,,
03-XeChem/PDF合并_400-496.md,8,8,,
03-XeChem/README.md,0,0,,
03-XeChem/T1.1.md,1,0,1,
03-XeChem/T1.md,1,1,,
03-XeChem/Xechem模拟6.md,8,8,,
03-XeChem/Xechem模拟7.md,5,6,,6
03-XeChem/Xechem模拟8.md,8,8,,
03-XeChem/Xechem模拟9（有机）.md,6,6,,
03-XeChem/Xechem模拟一.md,8,8,,
03-XeChem/Xechem模拟三（晶体）.md,5,5,,
03-XeChem/Xechem模拟二.md,8,8,,
03-XeChem/Xechem模拟五.md,5,5,,
03-XeChem/Xechem模拟四.md,6,6,,
03-XeChem/第40届XeChem初赛模拟试题（十一）.md,9,9,,
03-XeChem/第40届XeChem初赛模拟试题（十）.md,7,7,,
03-XeChem/（已压缩）PDF合并_1-199.md,10,10,,
03-XeChem/（已压缩）PDF合并_200-399.md,10,10,,
04-清北营/2026年清北营寒假班-试卷1.md,10,10,,
04-清北营/2026年清北营寒假班-试卷2.md,9,9,,
04-清北营/2026年清北营寒假班-试卷3.md,8,8,,
04-清北营/2026年清北营寒假班-试卷4.md,10,10,,
04-清北营/2026年清北营寒假班-试卷5.md,9,9,,
04-清北营/2026年清北营暑假高二班-试卷1.md,10,10,,
04-清北营/2026年清北营暑假高二班-试卷10.md,9,9,,
04-清北营/2026年清北营暑假高二班-试卷11.md,9,9,,
04-清北营/2026年清北营暑假高二班-试卷13.md,8,8,,
04-清北营/2026年清北营暑假高二班-试卷16.md,10,10,,
04-清北营/2026年清北营暑假高二班-试卷17.md,9,9,,
04-清北营/2026年清北营暑假高二班-试卷2.md,9,9,,
04-清北营/2026年清北营暑假高二班-试卷3.md,10,10,,
04-清北营/2026年清北营暑假高二班-试卷4.md,8,8,,
04-清北营/2026年清北营暑假高二班-试卷5.md,9,9,,
04-清北营/2026年清北营暑假高二班-试卷6.md,10,10,,
04-清北营/2026年清北营暑假高二班-试卷7-有机专题.md,8,8,,
04-清北营/2026年清北营暑假高二班-试卷8.md,9,9,,
04-清北营/2026年清北营暑假高二班-试卷9.md,9,9,,
04-清北营/README.md,0,0,,
04-清北营/春季模拟1.md,9,9,,
04-清北营/春季模拟10.md,6,6,,
04-清北营/春季模拟11.md,9,9,,
04-清北营/春季模拟12.md,10,10,,
04-清北营/春季模拟2.md,9,9,,
04-清北营/春季模拟3.md,10,10,,
04-清北营/春季模拟4.md,9,9,,
04-清北营/春季模拟5.md,10,10,,
04-清北营/春季模拟6.md,9,9,,
04-清北营/春季模拟7.md,9,9,,
04-清北营/春季模拟8.md,10,10,,
04-清北营/春季模拟9.md,7,7,,
04-清北营/清北营2026年物化专题班试卷1.md,8,8,,
04-清北营/清北营2026年物化专题班试卷2.md,8,8,,
05-壹尖培优/20260228广州模拟测试题.md,8,8,,
05-壹尖培优/README.md,0,0,,
05-壹尖培优/无机专题卷1.md,9,9,,
05-壹尖培优/无机专题卷2.md,9,9,,
05-壹尖培优/模拟测试卷1.md,6,6,,
05-壹尖培优/模拟测试卷2.md,8,8,,
05-壹尖培优/模拟测试卷3.md,9,9,,
05-壹尖培优/第40届中国化学奥林匹克（初赛）模拟试题1.md,8,8,,
05-壹尖培优/第40届中国化学奥林匹克（初赛）模拟试题10.md,8,8,,
05-壹尖培优/第40届中国化学奥林匹克（初赛）模拟试题11.md,9,9,,
05-壹尖培优/第40届中国化学奥林匹克（初赛）模拟试题12.md,8,8,,
05-壹尖培优/第40届中国化学奥林匹克（初赛）模拟试题13.md,7,7,,
05-壹尖培优/第40届中国化学奥林匹克（初赛）模拟试题2.md,8,8,,
05-壹尖培优/第40届中国化学奥林匹克（初赛）模拟试题3.md,8,8,,
05-壹尖培优/第40届中国化学奥林匹克（初赛）模拟试题4.md,8,8,,
05-壹尖培优/第40届中国化学奥林匹克（初赛）模拟试题5.md,8,8,,
05-壹尖培优/第40届中国化学奥林匹克（初赛）模拟试题6.md,8,8,,
05-壹尖培优/第40届中国化学奥林匹克（初赛）模拟试题7.md,8,8,,
05-壹尖培优/第40届中国化学奥林匹克（初赛）模拟试题8.md,9,9,,
05-壹尖培优/第40届中国化学奥林匹克（初赛）模拟试题9.md,7,8,,7
06-伽马/README.md,0,0,,
06-伽马/gamma晶体结构习题.md,10,10,,
06-伽马/五一伽马杭州1.md,9,9,,
06-伽马/五一伽马杭州2.md,10,10,,
06-伽马/五一伽马杭州3.md,9,9,,
06-伽马/五一伽马杭州4.md,9,9,,
06-伽马/五一伽马杭州5.md,9,9,,
06-伽马/五一伽马杭州6.md,9,9,,
06-伽马/亲电加成__课后题.md,0,0,,
06-伽马/伽马化学2026年五一模拟1-讲稿.md,9,9,,
06-伽马/伽马化学2026年五一模拟2-讲稿.md,7,7,,
06-伽马/伽马化学2026年五一模拟4-讲稿.md,6,6,,
06-伽马/伽马化学2026年五一模拟5 - 讲稿(1).md,6,6,,
06-伽马/伽马化学2026年五一模拟5-讲稿1.md,6,6,,
06-伽马/伽马化学2026年五一模拟6-讲稿.md,6,6,,
06-伽马/伽马化学2026年暑期模拟1.md,9,9,,
06-伽马/伽马化学2026年暑期模拟10.md,8,8,,
06-伽马/伽马化学2026年暑期模拟2.md,9,9,,
06-伽马/伽马化学2026年暑期模拟3.md,10,10,,
06-伽马/伽马化学2026年暑期模拟4.md,10,10,,
06-伽马/伽马化学2026年暑期模拟5.md,8,8,,
06-伽马/伽马化学2026年暑期模拟6.md,10,10,,
06-伽马/伽马化学2026年暑期模拟7.md,10,10,,
06-伽马/伽马化学2026年暑期模拟8.md,9,9,,
06-伽马/伽马化学2026年暑期模拟9.md,10,10,,
06-伽马/作业(1).md,5,2,"3,4,11",
06-伽马/作业1.md,6,5,9,
06-伽马/无机化学一_课后习题11.9.md,3,3,,
06-伽马/有机作业L6.md,9,6,"1,3,4",
06-伽马/有机化学一_课后习题Ans11.9.md,0,0,,
06-伽马/结构专题进阶2课后作业.md,0,0,,
06-伽马/配合物结构习题2025.12.21.md,0,0,,
07-化英社/README.md,0,0,,
07-化英社/初赛模拟7试卷(已优化).md,6,0,"1,2,3,4,5,6",
07-化英社/初赛模拟7试卷.md,6,0,"1,2,3,4,5,6",
07-化英社/初赛模拟7试卷已优化.md,7,7,,
07-化英社/化英社2026第40届决赛物化专题2试卷（清晰版）.md,7,7,,
07-化英社/化英社寒假初赛模拟 1.md,9,9,,
07-化英社/化英社寒假初赛模拟 2.md,10,10,,
07-化英社/化英社寒假初赛模拟 3.md,10,10,,
07-化英社/化英社年后国初模拟1.md,10,10,,
07-化英社/化英社年后国初模拟2.md,9,9,,
07-化英社/化英社年后国初模拟3.md,9,9,,
07-化英社/春季-有机专题1试卷(已优化).md,6,2,"1,2,4,6",
07-化英社/春季-有机专题1试卷.md,6,0,"1,2,3,4,5,6",
07-化英社/春季-有机专题1试卷已优化.md,6,6,,
07-化英社/春季模拟试题9试题-清晰版.md,7,5,"4,6",
07-化英社/春季模拟试题9试题.md,7,2,"1,2,3,5,7",
07-化英社/第40届决赛模拟1（清晰版）.md,10,10,,
07-化英社/第40届初赛模拟10（清晰版）.md,8,8,,
07-化英社/第40届初赛模拟11（清晰版）.md,8,8,,
07-化英社/第40届化英社化学奥林匹克(初赛)夏季初赛模拟12_1.md,8,8,,
07-化英社/第40届化英社化学奥林匹克决赛夏季模拟试题1.md,8,8,,
07-化英社/第40届化英社化学奥林匹克决赛夏季模拟试题2.md,9,9,,
07-化英社/第40届化英社化学奥林匹克初赛夏季初赛模拟8.md,9,9,,
07-化英社/第40届化英社化学奥林匹克初赛夏季初赛模拟9.md,7,7,,
07-化英社/第40届化英社化学奥林匹克初赛夏季模拟试题4.md,9,9,,
07-化英社/第40届化英社化学奥林匹克初赛夏季模拟试题5.md,10,10,,
07-化英社/第40届化英社化学奥林匹克初赛夏季模拟试题6.md,8,8,,
07-化英社/第40届化英社化学奥林匹克初赛模拟试题15.md,8,8,,
07-化英社/第40届化英社化学奥林匹克初赛计算与实验.md,8,8,,
07-化英社/第40届化英社化学奥林匹克（决赛）模拟试题3.md,10,9,3,
07-化英社/第40届化英社化学奥林匹克（决赛）模拟试题3（清晰）.md,10,10,,
07-化英社/第40届化英社化学奥林匹克（初赛）夏季初赛模拟10.md,10,10,,
07-化英社/第40届化英社化学奥林匹克（初赛）夏季初赛模拟13.md,9,9,,
07-化英社/第40届化英社化学奥林匹克（初赛）夏季初赛模拟2.md,9,9,,
07-化英社/第40届化英社化学奥林匹克（初赛）夏季初赛模拟7.md,9,9,,
07-化英社/第40届化英社化学奥林匹克（初赛）夏季模拟试题1.md,7,7,,
07-化英社/第40届化英社化学奥林匹克（初赛）夏季模拟试题11.md,9,9,,
07-化英社/第40届化英社化学奥林匹克（初赛）夏季模拟试题3.md,9,9,,
07-化英社/第40届化英社化学奥林匹克（初赛）春季联考1.md,9,9,,
07-化英社/第40届化英社化学奥林匹克（初赛）春季联考2.md,9,9,,
07-化英社/第40届化英社化学奥林匹克（初赛）春季联考3试卷.md,8,8,,
07-化英社/第40届化英社化学奥林匹克（初赛）春季联考4试卷.md,7,7,,
07-化英社/第40届化英社化学奥林匹克（初赛）春季联考5.md,9,9,,
07-化英社/第40届化英社化学奥林匹克（初赛）春季联考6-final.md,9,9,,
07-化英社/第40届化英社化学奥林匹克（初赛）模拟试题13（高清版）.md,9,9,,
07-化英社/第40届化英社化学奥林匹克（初赛）模拟试题14.md,9,9,,
07-化英社/第40届化英社奥林匹克（决赛）模拟试题2试卷（清晰）.md,9,9,,
08-汇智/2.7杭州有机化学班第三天练习题.md,5,5,,
08-汇智/260609-汇智起航2026年（暑假）全国化学初赛模拟试题5试题.md,9,6,"2,3,4",
08-汇智/README.md,0,0,,
08-汇智/改汇智起航2026年暑假（刷题班）全国化学初赛模拟卷6(4).md,9,9,,
08-汇智/改汇智起航2026年暑假（刷题班）全国化学初赛模拟卷64.md,9,9,,
08-汇智/汇智起航2026年(五一期间)有机化学初赛模拟卷1(4).md,10,10,,
08-汇智/汇智起航2026年五一期间有机化学初赛模拟卷14.md,10,10,,
08-汇智/汇智起航2026年五一期间有机化学初赛模拟卷2.md,9,9,,
08-汇智/汇智起航2026年（暑假）无机化学初赛模拟试题1.md,7,7,,
08-汇智/汇智起航五一初赛模拟1试卷.md,9,9,,
08-汇智/汇智起航五一初赛模拟2试卷.md,9,9,,
08-汇智/汇智起航五一初赛模拟3试卷.md,10,10,,
08-汇智/汇智起航五一初赛模拟4试卷.md,9,9,,
08-汇智/汇智起航五一初赛模拟5试卷.md,9,9,,
08-汇智/汇智起航五一初赛模拟6试卷.md,9,9,,
08-汇智/汇智起航五一初赛模拟7试卷.md,9,9,,
08-汇智/汇智起航五一初赛模拟8试卷.md,9,9,,
08-汇智/练习1 (1).md,0,0,,
08-汇智/练习5.md,1,1,,
08-汇智/长沙冲刺无机综合.md,9,9,,
08-汇智/长沙冲刺有机1.md,10,10,,
08-汇智/长沙冲刺有机2.md,9,9,,
08-汇智/长沙冲刺物化1.md,9,9,,
08-汇智/长沙冲刺物化2.md,7,7,,
08-汇智/长沙冲刺结构.md,8,8,,
08-汇智/长沙冲刺综合1.md,9,9,,
08-汇智/长沙冲刺综合2.md,8,8,,
08-汇智/长沙冲刺综合3.md,9,9,,
08-汇智/长沙冲刺综合4.md,9,9,,
08-汇智/长沙冲刺综合5.md,9,9,,
08-汇智/长沙冲刺综合6.md,9,9,,
08-汇智/长沙冲刺综合7.md,8,8,,
08-汇智/长沙化学刷初赛模拟1.md,9,9,,
08-汇智/长沙化学刷初赛模拟10.md,9,9,,
08-汇智/长沙化学刷初赛模拟11.md,9,9,,
08-汇智/长沙化学刷初赛模拟12.md,8,8,,
08-汇智/长沙化学刷初赛模拟2.md,8,8,,
08-汇智/长沙化学刷初赛模拟3.md,10,10,,
08-汇智/长沙化学刷初赛模拟4.md,9,9,,
08-汇智/长沙化学刷初赛模拟5.md,9,3,"1,5,6,7,8,9",
08-汇智/长沙化学刷初赛模拟6.md,8,8,,
08-汇智/长沙化学刷初赛模拟7.md,9,9,,
08-汇智/长沙化学刷初赛模拟8.md,9,9,,
08-汇智/长沙化学刷初赛模拟9.md,8,8,,
09-一式/README.md,0,0,,
09-一式/一式01.md,9,9,,
09-一式/一式02.md,9,9,,
09-一式/一式03.md,8,8,,
09-一式/一式04.md,9,9,,
09-一式/一式05.md,9,9,,
09-一式/一式06.md,9,9,,
09-一式/一式07.md,10,10,,
09-一式/一式08.md,8,8,,
09-一式/一式09.md,8,0,"1,2,3,4,5,6,7,8",
09-一式/一式10.md,9,9,,
10-chemy/README.md,0,0,,
10-chemy/新-2026年暑假Chemy刷题（15套）_1-199.md,11,3,"1,3,4,5,7,9,10,11",
10-chemy/新-2026年暑假Chemy刷题（15套）_200-391.md,11,9,"10,11",
10-chemy/第40届chemy初赛无机模拟19试题.md,9,0,"1,2,3,4,5,6,7,8,9",
10-chemy/第40届chemy初赛有机模拟20试题.md,7,2,"1,4,6,7,8",
10-chemy/第40届chemy初赛有机模拟21试题.md,8,2,"2,3,4,6,7,8",
10-chemy/第40届chemy初赛有机模拟22试题.md,9,9,,
10-chemy/第40届chemy初赛模拟10试卷.md,8,5,"2,6,8",
10-chemy/第40届chemy初赛模拟11试卷.md,11,11,,
10-chemy/第40届chemy初赛模拟12试卷.md,10,10,,
10-chemy/第40届chemy初赛模拟13试题.md,10,10,,
10-chemy/第40届chemy初赛模拟14试卷.md,9,9,,
10-chemy/第40届chemy初赛模拟15试题.md,9,9,,
10-chemy/第40届chemy初赛模拟16试题.md,10,10,,
10-chemy/第40届chemy初赛模拟17试题.md,8,10,,"6,7"
10-chemy/第40届chemy初赛模拟18试题.md,9,9,,
10-chemy/第41届chemy联赛.md,10,10,,
10-chemy/第42届chemy联赛(决赛).md,8,8,,
10-chemy/第三十九届Chemy化学奥林匹克竞赛联赛试题5.md,10,10,,
11-2ChO/README.md,0,0,,
11-2ChO/第1届2ChO化学奥林匹克联考试题.md,10,10,,
11-2ChO/第2届2ChO化学奥林匹克联考试题.md,10,10,,
11-2ChO/第37届中国化学奥林匹克初赛第7题补充说明_最终版_2ChO化学团队制作.md,1,0,7,
11-2ChO/第3届2ChO化学奥林匹克联考试题.md,10,10,,
11-2ChO/第4届2ChO化学奥林匹克联考试题.md,10,10,,
11-2ChO/第5届2ChO化学奥林匹克联考试题.md,10,10,,
11-2ChO/第6届2ChO化学奥林匹克联考试题.md,10,10,,
12-方圆/README.md,0,0,,
12-方圆/卷一-1.md,9,9,,
12-方圆/卷一.md,10,10,,
12-方圆/卷三-1.md,9,9,,
12-方圆/卷三.md,10,10,,
12-方圆/卷二-1.md,9,9,,
12-方圆/卷二.md,9,9,,
12-方圆/无机专题试卷一.md,10,10,,
12-方圆/无机专题试卷二.md,9,9,,
12-方圆/有机2.10日晚上习题课.md,5,5,,
12-方圆/有机化学测试题1.md,9,6,"5,6,8",
12-方圆/有机化学试卷讲解1.md,9,6,"1,4,7",
12-方圆/有机化学试卷讲解2.md,5,5,,
13-北京夏令营/README.md,0,0,,
13-北京夏令营/北京夏令营-无机巩固练习一1785409334.md,8,8,,
13-北京夏令营/北京夏令营-无机巩固练习三1785602414.md,10,10,,
13-北京夏令营/北京夏令营-无机巩固练习二1785491436.md,10,10,,
13-北京夏令营/北京夏令营-无机综合.md,10,10,,
13-北京夏令营/北京夏令营-有机巩固练习一.md,6,6,,
13-北京夏令营/北京夏令营-有机巩固练习三.md,4,4,,
13-北京夏令营/北京夏令营-有机巩固练习二.md,5,5,,
13-北京夏令营/北京夏令营-有机巩固练习四.md,4,4,,
13-北京夏令营/北京夏令营-有机综合.md,8,8,,
