path,inst,qno,best_cov,best_file,verdict
04-题库/2026机构初赛模拟题/化英社/题-HYS-01-01-化合物A的化学式为XYZ其中.md,化英社,01,0.011,04-题库\真题\chemy\题-CM-44-05-近日有课题组报导了一种新颖的.md,未命中
04-题库/2026机构初赛模拟题/化英社/题-HYS-01-01-金属元素X在自然界中丰度较低.md,化英社,01,0.017,06-外部资料导入\OCR\chemy\_mineru_out\中国化学奥林匹克(初赛)试题合集 第1~38届\auto\中国化学奥林匹克(初赛)试题合集 第1~38届..md,未命中
04-题库/2026机构初赛模拟题/化英社/题-HYS-01-02-研究钙钛矿衍生结构时常用Ra.md,化英社,02,0.005,04-题库\真题\第40届初赛\无机和结构化学\题-040-5-密堆积结构.md,未命中
04-题库/2026机构初赛模拟题/化英社/题-HYS-01-02-酿氢醒电极QQH是一个对pH.md,化英社,02,0.005,04-题库\真题\chemy\题-CM-43-05-51亚硝酸根离子有多种定性检.md,未命中
04-题库/2026机构初赛模拟题/化英社/题-HYS-01-03-在过去的几十年里主族元素多重.md,化英社,03,0.003,06-外部资料导入\OCR\chemy\_mineru_out\中国化学奥林匹克(初赛)试题合集 第1~38届\auto\中国化学奥林匹克(初赛)试题合集 第1~38届..md,未命中
04-题库/2026机构初赛模拟题/化英社/题-HYS-01-03-氯代碳酸乙烯酯CEC是合成碳.md,化英社,03,0.003,05-真题库\真题-分析-络合滴定-001.md,未命中
04-题库/2026机构初赛模拟题/化英社/题-HYS-01-04-HgI具有有趣的晶体结构通常.md,化英社,04,0.003,04-题库\真题\chemy\题-CM-43-06-金属有机框架材料MOFs是近.md,未命中
04-题库/2026机构初赛模拟题/化英社/题-HYS-01-04-利用二价Fe的自旋态对温度的.md,化英社,04,0.000,,未命中
04-题库/2026机构初赛模拟题/化英社/题-HYS-01-05-所谓药有三分毒而毒素也可入药.md,化英社,05,0.005,04-题库\真题\第40届初赛\化学原理\题-040-9-二氧化碳化学.md,未命中
04-题库/2026机构初赛模拟题/化英社/题-HYS-01-05-糖识别在细胞识别信息传递中起.md,化英社,05,0.017,06-外部资料导入\OCR\chemy\_mineru_out\中国化学奥林匹克(初赛)试题合集 第1~38届\auto\中国化学奥林匹克(初赛)试题合集 第1~38届..md,未命中
04-题库/2026机构初赛模拟题/化英社/题-HYS-01-06-热释光是指被辐照后的材料在加.md,化英社,06,0.001,04-题库\真题\chemy\题-CM-48-08-脂类物质的氧化是油脂保存过程.md,未命中
04-题库/2026机构初赛模拟题/化英社/题-HYS-01-07-12迁移反应是正离子重排的常.md,化英社,07,0.013,04-题库\真题\chemy\题-CM-47-03-近来人们发现一些热稳定的双环.md,未命中
04-题库/2026机构初赛模拟题/化英社/题-HYS-02-02-溶液中的化学反应与反应物和产.md,化英社,02,0.005,04-题库\真题\第30届决赛\理论\题-030决-6-甲醇制氢热力学.md,未命中
04-题库/2026机构初赛模拟题/化英社/题-HYS-02-03-金属有机框架MOF是由金属离.md,化英社,03,0.004,04-题库\真题\chemy\题-CM-46-03-元素M的掺杂是绿宝石显绿色的.md,未命中
04-题库/2026机构初赛模拟题/化英社/题-HYS-02-04-齿合度是指在配合物中单一配体.md,化英社,04,0.042,06-外部资料导入\OCR\chemy\_mineru_out\中国化学奥林匹克(初赛)试题合集 第1~38届\auto\中国化学奥林匹克(初赛)试题合集 第1~38届..md,未命中
04-题库/2026机构初赛模拟题/化英社/题-HYS-02-05-机械互锁聚合物是一类具有机械.md,化英社,05,0.003,04-题库\真题\chemy\题-CM-48-02-21依照元素物理和化学性质的.md,未命中
04-题库/2026机构初赛模拟题/化英社/题-HYS-02-06-61单壁碳纳米管可以看做单层.md,化英社,06,0.017,06-外部资料导入\OCR\chemy\_mineru_out\中国化学奥林匹克(初赛)试题合集 第1~38届\auto\中国化学奥林匹克(初赛)试题合集 第1~38届..md,未命中
04-题库/2026机构初赛模拟题/化英社/题-HYS-02-08-氧杂三元环由于可以通过双键环.md,化英社,08,0.007,04-题库\真题\第36届决赛\理论\第二场\题-36决理-2-9-烯烃和卤素的亲电加成.md,未命中
04-题库/2026机构初赛模拟题/化英社/题-HYS-03-01-M单质与稀酸反应速率较慢这可.md,化英社,01,0.002,04-题库\真题\第32届决赛\理论\题-032决-1-Ir化合物异构体.md,未命中
04-题库/2026机构初赛模拟题/化英社/题-HYS-03-01-磷是一个神秘又有趣的元素以其.md,化英社,01,0.003,04-题库\真题\第32届初赛\无机和结构化学\题-032-1-氮化硅制备方程式.md,未命中
04-题库/2026机构初赛模拟题/化英社/题-HYS-03-02-21聚硅氧烷是一种主链由硅氧.md,化英社,02,0.002,04-题库\真题\第29届决赛\理论\题-029决-4-多重平衡热力学.md,未命中
04-题库/2026机构初赛模拟题/化英社/题-HYS-03-02-高松灯是一位热爱拾石的少女一.md,化英社,02,0.004,04-题库\真题\第33届初赛\无机和结构化学\题-033-5-相对分子质量计算.md,未命中
04-题库/2026机构初赛模拟题/化英社/题-HYS-03-03-高松灯捡到方钠石后却不禁陷入.md,化英社,03,0.008,04-题库\真题\第31届决赛\理论\题-031决-3-离子混合物推断.md,未命中
04-题库/2026机构初赛模拟题/化英社/题-HYS-03-04-本题可能需要用到的积分公式i.md,化英社,04,0.002,04-题库\真题\第36届决赛\理论\第二场\题-36决理-2-4-岩石变化动力学.md,未命中
04-题库/2026机构初赛模拟题/化英社/题-HYS-03-04-甲烷单加氧酶MMO可在常温常.md,化英社,04,0.002,04-题库\真题\chemy\题-CM-48-01-11掺杂一些特定元素的铜氧化.md,未命中
04-题库/2026机构初赛模拟题/化英社/题-HYS-03-05-硫与铜元素可形成多种化合物它.md,化英社,05,0.002,04-题库\真题\chemy\题-CM-43-06-金属有机框架材料MOFs是近.md,未命中
04-题库/2026机构初赛模拟题/化英社/题-HYS-03-05-诱导反应是容量分析中的一个重.md,化英社,05,0.085,04-题库\真题\第34届初赛\无机和结构化学\题-034-2-1-SO4^2-参与的释能反应方程式.md,未命中
04-题库/2026机构初赛模拟题/化英社/题-HYS-03-06-水宝宝是一种外表晶莹漂亮的凝.md,化英社,06,0.002,04-题库\真题\chemy\题-CM-43-07-71以下反应能得到多种具有五.md,未命中
04-题库/2026机构初赛模拟题/化英社/题-HYS-03-06-高分子的交联是指在高分子链之.md,化英社,06,0.002,04-题库\真题\第34届初赛\有机化学\题-034-10-有机转换中间体推断.md,未命中
04-题库/2026机构初赛模拟题/化英社/题-HYS-03-08-123三唑骨架在自然界中并不.md,化英社,08,0.017,04-题库\真题\第31届决赛\理论\题-031决-8-生物碱合成.md,未命中
04-题库/2026机构初赛模拟题/化英社/题-HYS-03-08-在硫属元素中硒原子较氧硫拥有.md,化英社,08,0.004,06-外部资料导入\OCR\chemy\_mineru_out\中国化学奥林匹克(初赛)试题合集 第1~38届\auto\中国化学奥林匹克(初赛)试题合集 第1~38届..md,未命中
04-题库/2026机构初赛模拟题/化英社/题-HYS-04-01-金属元素M早在数千年前就被人.md,化英社,01,0.010,06-外部资料导入\OCR\chemy\_mineru_out\中国化学奥林匹克(初赛)试题合集 第1~38届\auto\中国化学奥林匹克(初赛)试题合集 第1~38届..md,未命中
04-题库/2026机构初赛模拟题/化英社/题-HYS-04-01-非金属元素X有一段曲折的发现.md,化英社,01,0.004,06-外部资料导入\OCR\chemy\_mineru_out\中国化学奥林匹克(初赛)试题合集 第1~38届\auto\中国化学奥林匹克(初赛)试题合集 第1~38届..md,未命中
04-题库/2026机构初赛模拟题/化英社/题-HYS-04-02-21将混合反应可以制得簇合物.md,化英社,02,0.002,06-外部资料导入\OCR\chemy\_mineru_out\中国化学奥林匹克(初赛)试题合集 第1~38届\auto\中国化学奥林匹克(初赛)试题合集 第1~38届..md,未命中
04-题库/2026机构初赛模拟题/化英社/题-HYS-04-02-21设金属离子M的初始浓度为.md,化英社,02,0.004,04-题库\真题\第27届决赛\理论\题-027决-4-漂白粉分析.md,未命中
04-题库/2026机构初赛模拟题/化英社/题-HYS-04-03-2020年研究人员发现一例特.md,化英社,03,0.004,06-外部资料导入\OCR\chemy\_mineru_out\中国化学奥林匹克(初赛)试题合集 第1~38届\auto\中国化学奥林匹克(初赛)试题合集 第1~38届..md,未命中
04-题库/2026机构初赛模拟题/化英社/题-HYS-04-03-氨是农业肥料化工原料的核心成.md,化英社,03,0.000,,未命中
04-题库/2026机构初赛模拟题/化英社/题-HYS-04-04-利用胺基溶液或固体材料捕集工.md,化英社,04,0.028,04-题库\真题\第39届决赛\理论\题-39决理-6-功能有机分子的光致酸碱化.md,未命中
04-题库/2026机构初赛模拟题/化英社/题-HYS-04-04-累积多烯Cumulenes是.md,化英社,04,0.003,04-题库\真题\chemy\题-CM-44-05-近日有课题组报导了一种新颖的.md,未命中
04-题库/2026机构初赛模拟题/化英社/题-HYS-04-05-晶系晶体按其几何形态的对称程.md,化英社,05,0.013,04-题库\真题\省预赛\2023-浙江预赛.md,未命中
04-题库/2026机构初赛模拟题/化英社/题-HYS-04-06-多光子激发MPE具有三维荧光.md,化英社,06,0.016,04-题库\真题\第29届决赛\理论\题-029决-6-异相催化动力学.md,未命中
04-题库/2026机构初赛模拟题/化英社/题-HYS-04-08-81以下合成路线使用了一种含.md,化英社,08,0.002,04-题库\真题\省预赛\2023-浙江预赛.md,未命中
04-题库/2026机构初赛模拟题/化英社/题-HYS-05-01-MN两种金属元素常用于制作餐.md,化英社,01,0.017,04-题库\真题\chemy\题-CM-43-05-51亚硝酸根离子有多种定性检.md,未命中
04-题库/2026机构初赛模拟题/化英社/题-HYS-05-01-几千年以来某种元素是导致腹绞.md,化英社,01,0.014,04-题库\真题\chemy\题-CM-49-06-2023年诺贝尔化学奖授予巴.md,未命中
04-题库/2026机构初赛模拟题/化英社/题-HYS-05-02-在罗马奥斯提亚Ostia港口.md,化英社,02,0.008,04-题库\真题\chemy\题-CM-48-07-有机发光二极管OLED具有自.md,未命中
04-题库/2026机构初赛模拟题/化英社/题-HYS-05-02-将炔烃中的一个碳原子替换为较.md,化英社,02,0.001,04-题库\真题\省预赛\讲评重组\真题-有机-DielsAlder-001.md,未命中
04-题库/2026机构初赛模拟题/化英社/题-HYS-05-03-临界描述了一个系统发生变化的.md,化英社,03,0.003,04-题库\真题\chemy\题-CM-43-01-放射性元素A在自然界中存在并.md,未命中
04-题库/2026机构初赛模拟题/化英社/题-HYS-05-03-原子转移自由基聚合ATRP是.md,化英社,03,0.003,04-题库\真题\chemy\题-CM-46-05-注意本题中绘制气体吸附后的结.md,未命中
04-题库/2026机构初赛模拟题/化英社/题-HYS-05-04-MOFsMetalOrgan.md,化英社,04,0.007,04-题库\真题\chemy\题-CM-45-06-61人们发现化学式为的化合物.md,未命中
04-题库/2026机构初赛模拟题/化英社/题-HYS-05-04-X是一种团簇化合物其由四种元.md,化英社,04,0.003,06-外部资料导入\OCR\chemy\_mineru_out\中国化学奥林匹克(初赛)试题合集 第1~38届\auto\中国化学奥林匹克(初赛)试题合集 第1~38届..md,未命中
04-题库/2026机构初赛模拟题/化英社/题-HYS-05-05-传统的气液压缩制冷剂如氟利昂.md,化英社,05,0.002,04-题库\真题\第38届初赛\题-038-7-1-一级胺捕集CO2方程式.md,未命中
04-题库/2026机构初赛模拟题/化英社/题-HYS-05-05-激光技术应用广泛其物理原理涉.md,化英社,05,0.006,04-题库\真题\第37届初赛\题-037-7-1-磷脂双层膜离子通透性.md,未命中
04-题库/2026机构初赛模拟题/化英社/题-HYS-05-06-地球的历史令人着迷今天我们将.md,化英社,06,0.001,04-题库\真题\省预赛\2022-浙江预赛.md,未命中
04-题库/2026机构初赛模拟题/化英社/题-HYS-05-07-环的合成是化学中的重要课题使.md,化英社,07,0.000,,未命中
04-题库/2026机构初赛模拟题/化英社/题-HYS-05-08-在学术文献中堆积常被用作一个.md,化英社,08,0.001,04-题库\真题\chemy\题-CM-49-07-71分别画出三氟甲氧基苯和2.md,未命中
04-题库/2026机构初赛模拟题/化英社/题-HYS-05-09-铜催化的Ullmann反应在.md,化英社,09,0.010,06-外部资料导入\OCR\chemy\_mineru_out\中国化学奥林匹克(初赛)试题合集 第1~38届\auto\中国化学奥林匹克(初赛)试题合集 第1~38届..md,未命中
04-题库/2026机构初赛模拟题/化英社/题-HYS-06-01-11一氯甲烷与单质在约和粉催.md,化英社,01,0.001,06-外部资料导入\OCR\chemy\_mineru_out\中国化学奥林匹克(初赛)试题合集 第1~38届\auto\中国化学奥林匹克(初赛)试题合集 第1~38届..md,未命中
04-题库/2026机构初赛模拟题/化英社/题-HYS-06-02-Oxone试剂是一种强氧化剂.md,化英社,02,0.003,06-外部资料导入\OCR\chemy\_mineru_out\中国化学奥林匹克(初赛)试题合集 第1~38届\auto\中国化学奥林匹克(初赛)试题合集 第1~38届..md,未命中
04-题库/2026机构初赛模拟题/化英社/题-HYS-06-03-31葫芦脲cucurbitu.md,化英社,03,0.002,04-题库\真题\第36届决赛\理论\第二场\题-36决理-2-6-金属M及其变化.md,未命中
04-题库/2026机构初赛模拟题/化英社/题-HYS-06-04-盐类X是一种常见的干燥剂其沿.md,化英社,04,0.011,06-外部资料导入\OCR\chemy\_mineru_out\中国化学奥林匹克(初赛)试题合集 第1~38届\auto\中国化学奥林匹克(初赛)试题合集 第1~38届..md,未命中
04-题库/2026机构初赛模拟题/化英社/题-HYS-06-05-在化学上常用比磁化率和摩尔磁.md,化英社,05,0.007,06-外部资料导入\OCR\chemy\_mineru_out\中国化学奥林匹克(初赛)试题合集 第1~38届\auto\中国化学奥林匹克(初赛)试题合集 第1~38届..md,未命中
04-题库/2026机构初赛模拟题/化英社/题-HYS-06-08-以下是一种雌激素受体调节剂e.md,化英社,08,0.000,,未命中
04-题库/2026机构初赛模拟题/化英社/题-HYS-11-01-据统计有29种元素参与生物演.md,化英社,01,0.003,04-题库\真题\第35届决赛\理论\第一场\题-35决理-1-2-磷的羰基配合物化学.md,未命中
04-题库/2026机构初赛模拟题/化英社/题-HYS-11-02-火锅是重庆人生活中不可或缺的.md,化英社,02,0.018,04-题库\真题\chemy\题-CM-48-06-化学史上最早的精密量热计是法.md,未命中
04-题库/2026机构初赛模拟题/化英社/题-HYS-11-04-在最新最热街机音游舞萌DX中.md,化英社,04,0.003,06-外部资料导入\OCR\chemy\_mineru_out\中国化学奥林匹克(初赛)试题合集 第1~38届\auto\中国化学奥林匹克(初赛)试题合集 第1~38届..md,未命中
04-题库/2026机构初赛模拟题/化英社/题-HYS-11-05-51S元素可以形成多硫阴离子.md,化英社,05,0.007,04-题库\真题\第36届决赛\理论\第一场\题-36决理-1-2-锇的氟化物化学.md,未命中
04-题库/2026机构初赛模拟题/化英社/题-HYS-11-06-电子顺磁共振EPR波谱被用于.md,化英社,06,0.003,04-题库\真题\第33届初赛\有机化学\题-033-8-1-手性中心构型.md,未命中
04-题库/2026机构初赛模拟题/化英社/题-HYS-11-07-在OLED有机发光半导体OF.md,化英社,07,0.001,04-题库\真题\chemy\题-CM-49-09-在上个世纪五十年代Corey.md,未命中
04-题库/2026机构初赛模拟题/化英社/题-HYS-14-01-二氧化硫是葡萄酒中最常用的防.md,化英社,01,0.004,06-外部资料导入\OCR\chemy\_mineru_out\中国化学奥林匹克(初赛)试题合集 第1~38届\auto\中国化学奥林匹克(初赛)试题合集 第1~38届..md,未命中
04-题库/2026机构初赛模拟题/化英社/题-HYS-14-02-电化学碳捕获ECC是减少二氧.md,化英社,02,0.003,04-题库\真题\省预赛\浙江卷2021\题-浙江21-单选-01-稀酸与银置换氢.md,未命中
04-题库/2026机构初赛模拟题/化英社/题-HYS-14-03-将0063g017mmol的.md,化英社,03,0.002,04-题库\真题\第33届初赛\无机和结构化学\题-033-5-相对分子质量计算.md,未命中
04-题库/2026机构初赛模拟题/化英社/题-HYS-14-04-有研究团队尝试将EuPtNi.md,化英社,04,0.004,06-外部资料导入\OCR\chemy\_mineru_out\中国化学奥林匹克(初赛)试题合集 第1~38届\auto\中国化学奥林匹克(初赛)试题合集 第1~38届..md,未命中
04-题库/2026机构初赛模拟题/化英社/题-HYS-14-05-20世纪40年代中期洛杉矶首.md,化英社,05,0.034,04-题库\真题\第35届决赛\理论\第二场\题-35决理-2-7-有机反应机理.md,未命中
04-题库/2026机构初赛模拟题/化英社/题-HYS-14-06-直链脂肪酸的命名简写的基本格.md,化英社,06,0.000,,未命中
04-题库/2026机构初赛模拟题/化英社/题-HYS-14-07-乙酰乙酸乙酯是重要的有机合成.md,化英社,07,0.000,,未命中
04-题库/2026机构初赛模拟题/化英社/题-HYS-14-08-均相金催化领域始于一项发现即.md,化英社,08,0.040,04-题库\真题\第31届决赛\理论\题-031决-8-生物碱合成.md,未命中
04-题库/2026机构初赛模拟题/化英社/题-HYS-40-01-11制备最有用的制备肼的方法.md,化英社,01,0.013,06-外部资料导入\OCR\chemy\_mineru_out\中国化学奥林匹克(初赛)试题合集 第1~38届\auto\中国化学奥林匹克(初赛)试题合集 第1~38届..md,未命中
04-题库/2026机构初赛模拟题/化英社/题-HYS-40-01-2023年智利和秘鲁等南美国.md,化英社,01,0.004,04-题库\真题\chemy\题-CM-43-02-利用金属离子与有机配体组成的.md,未命中
04-题库/2026机构初赛模拟题/化英社/题-HYS-40-01-小酸同学特别爱做实验由于她是.md,化英社,01,0.003,06-外部资料导入\OCR\chemy\_mineru_out\中国化学奥林匹克(初赛)试题合集 第1~38届\auto\中国化学奥林匹克(初赛)试题合集 第1~38届..md,未命中
04-题库/2026机构初赛模拟题/化英社/题-HYS-40-02-21不可避免苦杏仁的气味让他.md,化英社,02,0.002,06-外部资料导入\OCR\chemy\_mineru_out\中国化学奥林匹克(初赛)试题合集 第1~38届\auto\中国化学奥林匹克(初赛)试题合集 第1~38届..md,未命中
04-题库/2026机构初赛模拟题/化英社/题-HYS-40-02-金属亚硝酰配合物通常具有复杂.md,化英社,02,0.002,04-题库\真题\第30届初赛\有机化学\题-030-8-化合物A到F结构简式.md,未命中
04-题库/2026机构初赛模拟题/化英社/题-HYS-40-03-31在化学实验中经常会遇到一.md,化英社,03,0.002,06-外部资料导入\OCR\chemy\_mineru_out\中国化学奥林匹克(初赛)试题合集 第1~38届\auto\中国化学奥林匹克(初赛)试题合集 第1~38届..md,未命中
04-题库/2026机构初赛模拟题/化英社/题-HYS-40-03-二氰基磷负离子已成为一种便利.md,化英社,03,0.027,04-题库\真题\第31届决赛\理论\题-031决-8-生物碱合成.md,未命中
04-题库/2026机构初赛模拟题/化英社/题-HYS-40-03-在配合物的讨论中过渡金属经常.md,化英社,03,0.003,04-题库\真题\第33届初赛\有机化学\题-033-8-1-手性中心构型.md,未命中
04-题库/2026机构初赛模拟题/化英社/题-HYS-40-04-2022年DenniaAKu.md,化英社,04,0.004,04-题库\真题\chemy\题-CM-48-03-杂环硼化物Nheterocy.md,未命中
04-题库/2026机构初赛模拟题/化英社/题-HYS-40-04-一般的光在不同介质中传播的速.md,化英社,04,0.003,04-题库\真题\第36届初赛\题-036-6-非水溶剂电池电动势计算.md,未命中
04-题库/2026机构初赛模拟题/化英社/题-HYS-40-04-磁性合金材料X是一种含MgN.md,化英社,04,0.008,04-题库\真题\chemy\题-CM-47-01-用二茂钴还原以下含铋的化合物.md,未命中
04-题库/2026机构初赛模拟题/化英社/题-HYS-40-05-在17世纪初约翰史密斯船长送.md,化英社,05,0.008,04-题库\真题\chemy\题-CM-47-03-近来人们发现一些热稳定的双环.md,未命中
04-题库/2026机构初赛模拟题/化英社/题-HYS-40-05-地球和陨石虽然在宏观的化学组.md,化英社,05,0.003,06-外部资料导入\OCR\chemy\_mineru_out\中国化学奥林匹克(初赛)试题合集 第1~38届\auto\中国化学奥林匹克(初赛)试题合集 第1~38届..md,未命中
04-题库/2026机构初赛模拟题/化英社/题-HYS-40-06-葡萄糖是一种十分重要的糖类是.md,化英社,06,0.015,04-题库\真题\chemy\题-CM-45-04-氢在自然界中有2种稳定的同位.md,未命中
04-题库/2026机构初赛模拟题/化英社/题-HYS-40-06-驱动蛋白是一类典型的生物分子.md,化英社,06,0.036,04-题库\真题\chemy\题-CM-44-06-人类在很古早的时代就已经熟知.md,未命中
04-题库/2026机构初赛模拟题/化英社/题-HYS-40-07-mathrm明信比尔定律Am.md,化英社,07,0.009,04-题库\真题\第37届初赛\题-037-7-1-磷脂双层膜离子通透性.md,未命中
04-题库/2026机构初赛模拟题/化英社/题-HYS-40-07-单原子催化剂SACs通过将金.md,化英社,07,0.006,04-题库\真题\第39届决赛\理论\题-39决理-5-水相变中的热力学与动力学.md,未命中
04-题库/2026机构初赛模拟题/化英社/题-HYS-40-08-2023年10月Alexan.md,化英社,08,0.002,04-题库\真题\第27届决赛\理论\题-027决-3-XYZ6储氢材料推断.md,未命中
04-题库/2026机构初赛模拟题/化英社/题-HYS-40-08-碘化内酯化反应可以在温和条件.md,化英社,08,0.005,04-题库\真题\第28届决赛\理论\题-028决-7-电解与Pd催化.md,未命中
04-题库/2026机构初赛模拟题/化英社/题-HYS-40-08-高镍层状氧化物如图是下一代高.md,化英社,08,0.004,04-题库\真题\第35届决赛\理论\第二场\题-35决理-2-4-DNA导电性.md,未命中
04-题库/2026机构初赛模拟题/清北营/题-QBY-07-05-51在第39届中国化学奥林匹.md,清北营,05,0.030,05-真题库\真题-无机-过渡金属-铜-001.md,未命中
04-题库/2026机构初赛模拟题/chemy/题-CM-116-01-请根据所给条件按照要求书写化.md,chemy,01,0.029,06-外部资料导入\OCR\chemy\_mineru_out\中国化学奥林匹克(初赛)试题合集 第1~38届\auto\中国化学奥林匹克(初赛)试题合集 第1~38届..md,未命中
04-题库/2026机构初赛模拟题/chemy/题-CM-116-02-双原子分子是一个有趣的物种由.md,chemy,02,0.004,04-题库\真题\chemy\题-CM-43-07-71以下反应能得到多种具有五.md,未命中
04-题库/2026机构初赛模拟题/chemy/题-CM-116-03-石膏废料的还原是重要的工业过.md,chemy,03,0.114,04-题库\真题\第39届决赛\理论\题-39决理-4-电化学CO₂还原.md,未命中
04-题库/2026机构初赛模拟题/chemy/题-CM-116-04-4-1是一种新型光催化剂其阴.md,chemy,04,0.006,06-外部资料导入\OCR\chemy\_mineru_out\中国化学奥林匹克(初赛)试题合集 第1~38届\auto\中国化学奥林匹克(初赛)试题合集 第1~38届..md,未命中
04-题库/2026机构初赛模拟题/chemy/题-CM-116-06-某晶体属六方晶系晶胞参数晶胞.md,chemy,06,0.079,04-题库\真题\第33届初赛\无机和结构化学\题-033-6-晶体化学式.md,未命中
04-题库/2026机构初赛模拟题/chemy/题-CM-116-07-7-1请画出八面体配离子的所.md,chemy,07,0.005,06-外部资料导入\OCR\chemy\_mineru_out\中国化学奥林匹克(初赛)试题合集 第1~38届\auto\中国化学奥林匹克(初赛)试题合集 第1~38届..md,未命中
04-题库/2026机构初赛模拟题/chemy/题-CM-117-01-1-1在由过渡金属元素A和短.md,chemy,01,0.014,06-外部资料导入\OCR\chemy\_mineru_out\中国化学奥林匹克(初赛)试题合集 第1~38届\auto\中国化学奥林匹克(初赛)试题合集 第1~38届..md,未命中
04-题库/2026机构初赛模拟题/chemy/题-CM-117-02-硼氧双键具有较高的反应活性其.md,chemy,02,0.018,06-外部资料导入\OCR\chemy\_mineru_out\中国化学奥林匹克(初赛)试题合集 第1~38届\auto\中国化学奥林匹克(初赛)试题合集 第1~38届..md,未命中
04-题库/2026机构初赛模拟题/chemy/题-CM-117-03-3-1化合物为金红石结构的四.md,chemy,03,0.000,,未命中
04-题库/2026机构初赛模拟题/chemy/题-CM-117-04-硅酸盐水泥中含有少量的铝和铁.md,chemy,04,0.029,06-外部资料导入\OCR\chemy\_mineru_out\中国化学奥林匹克(初赛)试题合集 第1~38届\auto\中国化学奥林匹克(初赛)试题合集 第1~38届..md,未命中
04-题库/2026机构初赛模拟题/chemy/题-CM-117-06-DADB因其化学式为被命名为.md,chemy,06,0.002,06-外部资料导入\OCR\chemy\_mineru_out\中国化学奥林匹克(初赛)试题合集 第1~38届\auto\中国化学奥林匹克(初赛)试题合集 第1~38届..md,未命中
04-题库/2026机构初赛模拟题/chemy/题-CM-119-01-二十世纪五六十年代Bluse.md,chemy,01,0.000,,未命中
04-题库/2026机构初赛模拟题/chemy/题-CM-119-02-元素X的单质一般不溶于非氧化.md,chemy,02,0.010,06-外部资料导入\OCR\chemy\_mineru_out\中国化学奥林匹克(初赛)试题合集 第1~38届\auto\中国化学奥林匹克(初赛)试题合集 第1~38届..md,未命中
04-题库/2026机构初赛模拟题/chemy/题-CM-119-03-熔岩是指火山喷发出来的融化岩.md,chemy,03,0.000,,未命中
04-题库/2026机构初赛模拟题/chemy/题-CM-119-04-某配阴离子的水合钡盐X在氧气.md,chemy,04,0.011,04-题库\真题\第33届初赛\无机和结构化学\题-033-4-离子化学式推断.md,未命中
04-题库/2026机构初赛模拟题/chemy/题-CM-119-05-金哥哥研究了一篇名为《NaO.md,chemy,05,0.000,,未命中
04-题库/2026机构初赛模拟题/chemy/题-CM-119-06-X型沸石ZeoliteX可视.md,chemy,06,0.003,06-外部资料导入\OCR\chemy\_mineru_out\中国化学奥林匹克(初赛)试题合集 第1~38届\auto\中国化学奥林匹克(初赛)试题合集 第1~38届..md,未命中
04-题库/2026机构初赛模拟题/chemy/题-CM-119-10-张志昊写出了24种点阵形式选.md,chemy,10,0.000,,未命中
04-题库/2026机构初赛模拟题/chemy/题-CM-121-01-1-1HMnCO与重氮甲烷反.md,chemy,01,0.024,04-题库\真题\第38届决赛\理论\题-38决理-2-硅的团簇.md,未命中
04-题库/2026机构初赛模拟题/chemy/题-CM-121-02-2000年PhilipBou.md,chemy,02,0.020,06-外部资料导入\OCR\chemy\_mineru_out\中国化学奥林匹克(初赛)试题合集 第1~38届\auto\中国化学奥林匹克(初赛)试题合集 第1~38届..md,未命中
04-题库/2026机构初赛模拟题/chemy/题-CM-121-03-将100molL的硫酸铜溶液.md,chemy,03,0.035,04-题库\真题\chemy\题-CM-47-02-21在一个以碳酸钙为主要矿物.md,未命中
04-题库/2026机构初赛模拟题/chemy/题-CM-121-04-2000年PeterHofm.md,chemy,04,0.041,06-外部资料导入\OCR\chemy\_mineru_out\中国化学奥林匹克(初赛)试题合集 第1~38届\auto\中国化学奥林匹克(初赛)试题合集 第1~38届..md,未命中
04-题库/2026机构初赛模拟题/chemy/题-CM-121-05-通过如下反应可以合成一种四齿.md,chemy,05,0.087,04-题库\真题\第35届决赛\理论\第一场\题-35决理-1-6-同位素效应.md,未命中
04-题库/2026机构初赛模拟题/chemy/题-CM-121-06-2000年H-LKeller.md,chemy,06,0.021,04-题库\真题\省预赛\2022-浙江预赛.md,未命中
04-题库/2026机构初赛模拟题/chemy/题-CM-121-07-1991年AlfredSch.md,chemy,07,0.028,06-外部资料导入\OCR\chemy\_mineru_out\中国化学奥林匹克(初赛)试题合集 第1~38届\auto\中国化学奥林匹克(初赛)试题合集 第1~38届..md,未命中
04-题库/2026机构初赛模拟题/chemy/题-CM-121-10-2005年APadwa教授课.md,chemy,10,0.024,06-外部资料导入\OCR\chemy\_mineru_out\中国化学奥林匹克(初赛)试题合集 第1~38届\auto\中国化学奥林匹克(初赛)试题合集 第1~38届..md,未命中
04-题库/2026机构初赛模拟题/chemy/题-CM-123-01-1-1氰化氢在液态可形成多聚.md,chemy,01,0.016,06-外部资料导入\OCR\chemy\_mineru_out\中国化学奥林匹克(初赛)试题合集 第1~38届\auto\中国化学奥林匹克(初赛)试题合集 第1~38届..md,未命中
04-题库/2026机构初赛模拟题/chemy/题-CM-123-02-M是一种在地壳中分布分散的金.md,chemy,02,0.009,04-题库\真题\第32届初赛\无机和结构化学\题-032-3-元素推断A-I化学式.md,未命中
04-题库/2026机构初赛模拟题/chemy/题-CM-123-04-利用偶氮二异丁腈AIBN结构.md,chemy,04,0.000,,未命中
04-题库/2026机构初赛模拟题/chemy/题-CM-123-05-5-1如下所示是一种新型的二.md,chemy,05,0.024,06-外部资料导入\OCR\chemy\_mineru_out\中国化学奥林匹克(初赛)试题合集 第1~38届\auto\中国化学奥林匹克(初赛)试题合集 第1~38届..md,未命中
04-题库/2026机构初赛模拟题/chemy/题-CM-124-01-1-1用焦炭还原重晶石得到第.md,chemy,01,0.015,06-外部资料导入\OCR\chemy\_mineru_out\中国化学奥林匹克(初赛)试题合集 第1~38届\auto\中国化学奥林匹克(初赛)试题合集 第1~38届..md,未命中
04-题库/2026机构初赛模拟题/chemy/题-CM-124-02-将溶于沸水中再加入加热搅拌使.md,chemy,02,0.009,06-外部资料导入\OCR\chemy\_mineru_out\中国化学奥林匹克(初赛)试题合集 第1~38届\auto\中国化学奥林匹克(初赛)试题合集 第1~38届..md,未命中
04-题库/2026机构初赛模拟题/chemy/题-CM-124-03-用气体X还原缺陷氧化物可得到.md,chemy,03,0.018,06-外部资料导入\OCR\chemy\_mineru_out\中国化学奥林匹克(初赛)试题合集 第1~38届\auto\中国化学奥林匹克(初赛)试题合集 第1~38届..md,未命中
04-题库/2026机构初赛模拟题/chemy/题-CM-124-04-第二次世界大战中德国和苏联分.md,chemy,04,0.007,06-外部资料导入\OCR\chemy\_mineru_out\中国化学奥林匹克(初赛)试题合集 第1~38届\auto\中国化学奥林匹克(初赛)试题合集 第1~38届..md,未命中
04-题库/2026机构初赛模拟题/chemy/题-CM-124-05-将03606g未知铁氧化物样.md,chemy,05,0.040,06-外部资料导入\OCR\chemy\_mineru_out\中国化学奥林匹克(初赛)试题合集 第1~38届\auto\中国化学奥林匹克(初赛)试题合集 第1~38届..md,未命中
04-题库/2026机构初赛模拟题/chemy/题-CM-124-08-如下为口服青霉素类似物TA-.md,chemy,08,0.032,06-外部资料导入\OCR\chemy\_mineru_out\中国化学奥林匹克(初赛)试题合集 第1~38届\auto\中国化学奥林匹克(初赛)试题合集 第1~38届..md,未命中
04-题库/2026机构初赛模拟题/chemy/题-CM-125-01-1-1在盐酸溶液中通入少量生.md,chemy,01,0.018,06-外部资料导入\OCR\chemy\_mineru_out\中国化学奥林匹克(初赛)试题合集 第1~38届\auto\中国化学奥林匹克(初赛)试题合集 第1~38届..md,未命中
04-题库/2026机构初赛模拟题/chemy/题-CM-125-02-下图为酸性溶液中氮元素的La.md,chemy,02,0.014,04-题库\真题\第29届决赛\理论\题-029决-2-电化学与配位平衡.md,未命中
04-题库/2026机构初赛模拟题/chemy/题-CM-125-03-二维材料展现出许多奇特的性质.md,chemy,03,0.008,04-题库\真题\第33届初赛\无机和结构化学\题-033-7-1-Xe氧化数.md,未命中
04-题库/2026机构初赛模拟题/chemy/题-CM-125-04-609g元素A的单质与元素B.md,chemy,04,0.072,04-题库\真题\第35届初赛\无机和结构化学\题-035-5-元素推断与反应方程式.md,未命中
04-题库/2026机构初赛模拟题/chemy/题-CM-125-05-将不含结晶水的不溶性无色盐A.md,chemy,05,0.044,06-外部资料导入\OCR\chemy\_mineru_out\中国化学奥林匹克(初赛)试题合集 第1~38届\auto\中国化学奥林匹克(初赛)试题合集 第1~38届..md,未命中
04-题库/2026机构初赛模拟题/chemy/题-CM-125-06-下图为理想钙钛矿的立体结构图.md,chemy,06,0.007,06-外部资料导入\OCR\chemy\_mineru_out\中国化学奥林匹克(初赛)试题合集 第1~38届\auto\中国化学奥林匹克(初赛)试题合集 第1~38届..md,未命中
04-题库/2026机构初赛模拟题/chemy/题-CM-129-02-有X和Y两种未知元素且原子序.md,chemy,02,0.027,06-外部资料导入\OCR\chemy\_mineru_out\中国化学奥林匹克(初赛)试题合集 第1~38届\auto\中国化学奥林匹克(初赛)试题合集 第1~38届..md,未命中
04-题库/2026机构初赛模拟题/chemy/题-CM-129-03-向和KCl的混合固体中通入并.md,chemy,03,0.035,06-外部资料导入\OCR\chemy\_mineru_out\中国化学奥林匹克(初赛)试题合集 第1~38届\auto\中国化学奥林匹克(初赛)试题合集 第1~38届..md,未命中
04-题库/2026机构初赛模拟题/chemy/题-CM-129-05-5-1一些难溶盐可在含络离子.md,chemy,05,0.012,04-题库\真题\chemy\题-CM-45-05-51利用一些过渡金属配合物可.md,未命中
04-题库/2026机构初赛模拟题/chemy/题-CM-129-06-6-1如下图所示在金属M的氧.md,chemy,06,0.031,06-外部资料导入\OCR\chemy\_mineru_out\中国化学奥林匹克(初赛)试题合集 第1~38届\auto\中国化学奥林匹克(初赛)试题合集 第1~38届..md,未命中
04-题库/2026机构初赛模拟题/chemy/题-CM-129-07-利用为苯基与重氮化合物的反应.md,chemy,07,0.038,04-题库\真题\第34届初赛\无机和结构化学\题-034-7-咔咯环芳香性判断.md,未命中
04-题库/2026机构初赛模拟题/chemy/题-CM-129-09-9-1利用硫酸-二氧化硫水溶.md,chemy,09,0.017,06-外部资料导入\OCR\chemy\_mineru_out\中国化学奥林匹克(初赛)试题合集 第1~38届\auto\中国化学奥林匹克(初赛)试题合集 第1~38届..md,未命中
04-题库/2026机构初赛模拟题/chemy/题-CM-129-10-向金属氯化物的四氢呋喃THF.md,chemy,10,0.025,06-外部资料导入\OCR\chemy\_mineru_out\中国化学奥林匹克(初赛)试题合集 第1~38届\auto\中国化学奥林匹克(初赛)试题合集 第1~38届..md,未命中
04-题库/2026机构初赛模拟题/chemy/题-CM-135-01-1-1离子化合物由四种元素组.md,chemy,01,0.119,06-外部资料导入\OCR\chemy\_mineru_out\中国化学奥林匹克(初赛)试题合集 第1~38届\auto\中国化学奥林匹克(初赛)试题合集 第1~38届..md,未命中
04-题库/2026机构初赛模拟题/chemy/题-CM-135-02-纯的A是一种无色液体具有强吸.md,chemy,02,0.046,06-外部资料导入\OCR\chemy\_mineru_out\中国化学奥林匹克(初赛)试题合集 第1~38届\auto\中国化学奥林匹克(初赛)试题合集 第1~38届..md,未命中
04-题库/2026机构初赛模拟题/chemy/题-CM-135-03-对于离子含量很低的体系往往需.md,chemy,03,0.010,04-题库\真题\第32届决赛\理论\题-032决-4-甲醛光度法.md,未命中
04-题库/2026机构初赛模拟题/chemy/题-CM-135-04-是一种重要的无机化合物在硼酸.md,chemy,04,0.026,06-外部资料导入\OCR\chemy\_mineru_out\中国化学奥林匹克(初赛)试题合集 第1~38届\auto\中国化学奥林匹克(初赛)试题合集 第1~38届..md,未命中
04-题库/2026机构初赛模拟题/chemy/题-CM-135-05-一含钴配合物体系内存在两个物.md,chemy,05,0.031,04-题库\真题\第38届决赛\理论\题-38决理-5-乙醇代谢中的反应.md,未命中
04-题库/2026机构初赛模拟题/chemy/题-CM-137-01-1-1在离子中As的配位几何.md,chemy,01,0.031,04-题库\真题\第32届初赛\无机和结构化学\题-032-2-P4O18分子结构.md,未命中
04-题库/2026机构初赛模拟题/chemy/题-CM-137-02-2-1在水溶液中酸性高锰酸钾.md,chemy,02,0.014,06-外部资料导入\OCR\chemy\_mineru_out\中国化学奥林匹克(初赛)试题合集 第1~38届\auto\中国化学奥林匹克(初赛)试题合集 第1~38届..md,未命中
04-题库/2026机构初赛模拟题/chemy/题-CM-137-03-含硅化合物A的分子式为可通过.md,chemy,03,0.046,06-外部资料导入\OCR\chemy\_mineru_out\中国化学奥林匹克(初赛)试题合集 第1~38届\auto\中国化学奥林匹克(初赛)试题合集 第1~38届..md,未命中
04-题库/2026机构初赛模拟题/chemy/题-CM-137-04-近期科研人员通过计算预测了一.md,chemy,04,0.004,04-题库\真题\chemy\题-CM-48-06-化学史上最早的精密量热计是法.md,未命中
04-题库/2026机构初赛模拟题/chemy/题-CM-137-05-1950年Byström在银.md,chemy,05,0.014,04-题库\真题\省预赛\2022-浙江预赛.md,未命中
04-题库/2026机构初赛模拟题/chemy/题-CM-137-06-一些配合物在适当的可控外界条.md,chemy,06,0.007,04-题库\真题\晶体结构-决赛横向对比.md,未命中
04-题库/2026机构初赛模拟题/chemy/题-CM-139-01-1-1硫氰酸钾在较浓的硫酸中.md,chemy,01,0.031,06-外部资料导入\OCR\chemy\_mineru_out\中国化学奥林匹克(初赛)试题合集 第1~38届\auto\中国化学奥林匹克(初赛)试题合集 第1~38届..md,未命中
04-题库/2026机构初赛模拟题/chemy/题-CM-139-02-2-1在铼的配合物和中所有R.md,chemy,02,0.034,06-外部资料导入\OCR\chemy\_mineru_out\中国化学奥林匹克(初赛)试题合集 第1~38届\auto\中国化学奥林匹克(初赛)试题合集 第1~38届..md,未命中
04-题库/2026机构初赛模拟题/chemy/题-CM-139-04-常压下碘单质的晶体结构为I相.md,chemy,04,0.006,06-外部资料导入\OCR\chemy\_mineru_out\中国化学奥林匹克(初赛)试题合集 第1~38届\auto\中国化学奥林匹克(初赛)试题合集 第1~38届..md,未命中
04-题库/2026机构初赛模拟题/chemy/题-CM-139-05-在的水溶液中加入为乙二胺水溶.md,chemy,05,0.018,04-题库\真题\chemy\题-CM-43-02-利用金属离子与有机配体组成的.md,未命中
04-题库/2026机构初赛模拟题/chemy/题-CM-139-06-利用分光光度法可测定一些有机.md,chemy,06,0.009,04-题库\真题\省预赛\讲评重组\真题-分析-滴定-003.md,未命中
04-题库/2026机构初赛模拟题/chemy/题-CM-139-07-鲁米诺Luminol结构如右.md,chemy,07,0.000,,未命中
04-题库/2026机构初赛模拟题/chemy/题-CM-139-08-采取电化学方法测定银离子与配.md,chemy,08,0.068,06-外部资料导入\OCR\chemy\_mineru_out\中国化学奥林匹克(初赛)试题合集 第1~38届\auto\中国化学奥林匹克(初赛)试题合集 第1~38届..md,未命中
04-题库/2026机构初赛模拟题/chemy/题-CM-140-01-1-1六氟化铂与100kPa.md,chemy,01,0.018,06-外部资料导入\OCR\chemy\_mineru_out\中国化学奥林匹克(初赛)试题合集 第1~38届\auto\中国化学奥林匹克(初赛)试题合集 第1~38届..md,未命中
04-题库/2026机构初赛模拟题/chemy/题-CM-140-02-摩尔盐是一种蓝绿色的无机复盐.md,chemy,02,0.007,04-题库\真题\chemy\题-CM-43-05-51亚硝酸根离子有多种定性检.md,未命中
04-题库/2026机构初赛模拟题/chemy/题-CM-140-03-单质X主要来源于辉钼矿等伴生.md,chemy,03,0.018,06-外部资料导入\OCR\chemy\_mineru_out\中国化学奥林匹克(初赛)试题合集 第1~38届\auto\中国化学奥林匹克(初赛)试题合集 第1~38届..md,未命中
04-题库/2026机构初赛模拟题/chemy/题-CM-140-04-相比于氢气直接作为燃料使内燃.md,chemy,04,0.188,04-题库\真题\第39届决赛\理论\题-39决理-4-电化学CO₂还原.md,未命中
04-题库/2026机构初赛模拟题/chemy/题-CM-140-05-由于其金属-金属键的独特性质.md,chemy,05,0.001,06-外部资料导入\OCR\chemy\_mineru_out\中国化学奥林匹克(初赛)试题合集 第1~38届\auto\中国化学奥林匹克(初赛)试题合集 第1~38届..md,未命中
04-题库/2026机构初赛模拟题/chemy/题-CM-141-01-1-1将高氙酸钡小心地加入到.md,chemy,01,0.023,06-外部资料导入\OCR\chemy\_mineru_out\中国化学奥林匹克(初赛)试题合集 第1~38届\auto\中国化学奥林匹克(初赛)试题合集 第1~38届..md,未命中
04-题库/2026机构初赛模拟题/chemy/题-CM-141-03-M为金属元素它能与一元有机酸.md,chemy,03,0.020,04-题库\真题\第29届初赛\无机和结构化学\题-029-3-1-金属比热测摩尔质量.md,未命中
04-题库/2026机构初赛模拟题/chemy/题-CM-141-04-在CO气氛下金属镁与碘化锰作.md,chemy,04,0.014,06-外部资料导入\OCR\chemy\_mineru_out\中国化学奥林匹克(初赛)试题合集 第1~38届\auto\中国化学奥林匹克(初赛)试题合集 第1~38届..md,未命中
04-题库/2026机构初赛模拟题/chemy/题-CM-141-05-有一种镁和锰的复合氧化物可用.md,chemy,05,0.029,06-外部资料导入\OCR\chemy\_mineru_out\中国化学奥林匹克(初赛)试题合集 第1~38届\auto\中国化学奥林匹克(初赛)试题合集 第1~38届..md,未命中
04-题库/2026机构初赛模拟题/chemy/题-CM-141-07-自由女神像由单质铜制成是法国.md,chemy,07,0.035,06-外部资料导入\OCR\chemy\_mineru_out\中国化学奥林匹克(初赛)试题合集 第1~38届\auto\中国化学奥林匹克(初赛)试题合集 第1~38届..md,未命中
04-题库/2026机构初赛模拟题/chemy/题-CM-141-10-在研究炔烃与叠氮的反应时意外.md,chemy,10,0.034,06-外部资料导入\OCR\chemy\_mineru_out\中国化学奥林匹克(初赛)试题合集 第1~38届\auto\中国化学奥林匹克(初赛)试题合集 第1~38届..md,未命中
04-题库/2026机构初赛模拟题/chemy/题-CM-142-01-金属M及其化合物具有很强的毒.md,chemy,01,0.039,04-题库\真题\chemy\题-CM-46-03-元素M的掺杂是绿宝石显绿色的.md,未命中
04-题库/2026机构初赛模拟题/chemy/题-CM-142-02-碳与氮可以形成二维材料其在新.md,chemy,02,0.007,06-外部资料导入\OCR\chemy\_mineru_out\中国化学奥林匹克(初赛)试题合集 第1~38届\auto\中国化学奥林匹克(初赛)试题合集 第1~38届..md,未命中
04-题库/2026机构初赛模拟题/chemy/题-CM-142-03-3-1X是一种含有整数个结晶.md,chemy,03,0.025,06-外部资料导入\OCR\chemy\_mineru_out\中国化学奥林匹克(初赛)试题合集 第1~38届\auto\中国化学奥林匹克(初赛)试题合集 第1~38届..md,未命中
04-题库/2026机构初赛模拟题/chemy/题-CM-142-04-配体的结构往往是决定配合物性.md,chemy,04,0.055,04-题库\真题\第31届决赛\理论\题-031决-8-生物碱合成.md,未命中
04-题库/2026机构初赛模拟题/chemy/题-CM-142-05-易爆炸的橙红色晶体M在200.md,chemy,05,0.028,06-外部资料导入\OCR\chemy\_mineru_out\中国化学奥林匹克(初赛)试题合集 第1~38届\auto\中国化学奥林匹克(初赛)试题合集 第1~38届..md,未命中
04-题库/2026机构初赛模拟题/chemy/题-CM-143-02-研究表明在不同的pH下过氧化.md,chemy,02,0.034,04-题库\真题\chemy\题-CM-43-06-金属有机框架材料MOFs是近.md,未命中
04-题库/2026机构初赛模拟题/chemy/题-CM-143-03-碳具有两种稳定核素除此之外还.md,chemy,03,0.009,06-外部资料导入\OCR\chemy\_mineru_out\中国化学奥林匹克(初赛)试题合集 第1~38届\auto\中国化学奥林匹克(初赛)试题合集 第1~38届..md,未命中
04-题库/2026机构初赛模拟题/chemy/题-CM-143-04-长期以来平面四配位碳代表着一.md,chemy,04,0.036,04-题库\真题\chemy\题-CM-44-06-人类在很古早的时代就已经熟知.md,未命中
04-题库/2026机构初赛模拟题/chemy/题-CM-143-05-在高温下利用一氧化硅SiO的.md,chemy,05,0.025,04-题库\真题\chemy\题-CM-47-05-51可燃冰指的是天然气水合物.md,未命中
04-题库/2026机构初赛模拟题/chemy/题-CM-143-06-2010年NeilVasde.md,chemy,06,0.056,04-题库\真题\第37届决赛\理论\第一场\题-37决理-1-7-化学热力学.md,未命中
04-题库/2026机构初赛模拟题/chemy/题-CM-143-10-在干燥的四氢呋喃中22-二溴.md,chemy,10,0.013,06-外部资料导入\OCR\chemy\_mineru_out\中国化学奥林匹克(初赛)试题合集 第1~38届\auto\中国化学奥林匹克(初赛)试题合集 第1~38届..md,未命中
04-题库/2026机构初赛模拟题/chemy/题-CM-144-01-1-1用三氯化金和四氧化三铅.md,chemy,01,0.016,06-外部资料导入\OCR\chemy\_mineru_out\中国化学奥林匹克(初赛)试题合集 第1~38届\auto\中国化学奥林匹克(初赛)试题合集 第1~38届..md,未命中
04-题库/2026机构初赛模拟题/chemy/题-CM-144-02-2-1某种配体修饰的Cu配合.md,chemy,02,0.009,04-题库\真题\chemy\题-CM-49-03-甲酸受热分解有脱水和脱羧两种.md,未命中
04-题库/2026机构初赛模拟题/chemy/题-CM-144-03-含锗的铂配合物A的分子式可以.md,chemy,03,0.014,06-外部资料导入\OCR\chemy\_mineru_out\中国化学奥林匹克(初赛)试题合集 第1~38届\auto\中国化学奥林匹克(初赛)试题合集 第1~38届..md,未命中
04-题库/2026机构初赛模拟题/chemy/题-CM-144-04-一种含Cd的新型MOFs材料.md,chemy,04,0.011,06-外部资料导入\OCR\chemy\_mineru_out\中国化学奥林匹克(初赛)试题合集 第1~38届\auto\中国化学奥林匹克(初赛)试题合集 第1~38届..md,未命中
04-题库/2026机构初赛模拟题/chemy/题-CM-144-05-从锂电池阴极材料中提取金属元.md,chemy,05,0.007,06-外部资料导入\OCR\chemy\_mineru_out\中国化学奥林匹克(初赛)试题合集 第1~38届\auto\中国化学奥林匹克(初赛)试题合集 第1~38届..md,未命中
04-题库/2026机构初赛模拟题/chemy/题-CM-144-06-理想的三角十二面体不同于五角.md,chemy,06,0.005,06-外部资料导入\OCR\chemy\_mineru_out\中国化学奥林匹克(初赛)试题合集 第1~38届\auto\中国化学奥林匹克(初赛)试题合集 第1~38届..md,未命中
04-题库/2026机构初赛模拟题/chemy/题-CM-146-01-1-1《本草经集注》记载鸡屎.md,chemy,01,0.044,06-外部资料导入\OCR\chemy\_mineru_out\中国化学奥林匹克(初赛)试题合集 第1~38届\auto\中国化学奥林匹克(初赛)试题合集 第1~38届..md,未命中
04-题库/2026机构初赛模拟题/chemy/题-CM-146-04-4-1是一种在下可以稳定存在.md,chemy,04,0.008,04-题库\真题\第30届决赛\理论\题-030决-2-氮氧化合物推断.md,未命中
04-题库/2026机构初赛模拟题/chemy/题-CM-146-06-在873K恒压100kPa条.md,chemy,06,0.187,04-题库\真题\第39届决赛\理论\题-39决理-4-电化学CO₂还原.md,未命中
04-题库/2026机构初赛模拟题/chemy/题-CM-146-07-钼的某种三元化合物X的晶体结.md,chemy,07,0.017,06-外部资料导入\OCR\chemy\_mineru_out\中国化学奥林匹克(初赛)试题合集 第1~38届\auto\中国化学奥林匹克(初赛)试题合集 第1~38届..md,未命中
04-题库/2026机构初赛模拟题/chemy/题-CM-147-03-3-1已知晶体属于六方晶系所.md,chemy,03,0.020,04-题库\真题\chemy\题-CM-47-02-21在一个以碳酸钙为主要矿物.md,未命中
04-题库/2026机构初赛模拟题/chemy/题-CM-147-05-配体L可作为螯合配体与多种金.md,chemy,05,0.010,06-外部资料导入\OCR\chemy\_mineru_out\中国化学奥林匹克(初赛)试题合集 第1~38届\auto\中国化学奥林匹克(初赛)试题合集 第1~38届..md,未命中
04-题库/2026机构初赛模拟题/chemy/题-CM-147-06-一类金属配合物可起到类似酸的.md,chemy,06,0.005,06-外部资料导入\OCR\chemy\_mineru_out\中国化学奥林匹克(初赛)试题合集 第1~38届\auto\中国化学奥林匹克(初赛)试题合集 第1~38届..md,未命中
04-题库/2026机构初赛模拟题/chemy/题-CM-148-01-1-1在抗磁性化合物中所有N.md,chemy,01,0.053,06-外部资料导入\OCR\chemy\_mineru_out\中国化学奥林匹克(初赛)试题合集 第1~38届\auto\中国化学奥林匹克(初赛)试题合集 第1~38届..md,未命中
04-题库/2026机构初赛模拟题/chemy/题-CM-148-02-M为金属元素A是金属M的常见.md,chemy,02,0.020,06-外部资料导入\OCR\chemy\_mineru_out\中国化学奥林匹克(初赛)试题合集 第1~38届\auto\中国化学奥林匹克(初赛)试题合集 第1~38届..md,未命中
04-题库/2026机构初赛模拟题/chemy/题-CM-148-03-金属纳米粒子常被用作催化剂然.md,chemy,03,0.098,04-题库\真题\第39届决赛\理论\题-39决理-4-电化学CO₂还原.md,未命中
04-题库/2026机构初赛模拟题/chemy/题-CM-148-04-利用光化学手段可实现从稀土离.md,chemy,04,0.027,04-题库\真题\chemy\题-CM-43-05-51亚硝酸根离子有多种定性检.md,未命中
04-题库/2026机构初赛模拟题/chemy/题-CM-148-05-三磷酸腺苷ATP是人体内能量.md,chemy,05,0.002,04-题库\真题\chemy\题-CM-45-01-人类从受精卵开始就不得不面对.md,未命中
04-题库/2026机构初赛模拟题/chemy/题-CM-148-06-铱与硫形成的簇合物离子化学式.md,chemy,06,0.007,06-外部资料导入\OCR\chemy\_mineru_out\中国化学奥林匹克(初赛)试题合集 第1~38届\auto\中国化学奥林匹克(初赛)试题合集 第1~38届..md,未命中
04-题库/2026机构初赛模拟题/chemy/题-CM-148-07-金属A与氧形成了一种氧化物晶.md,chemy,07,0.013,06-外部资料导入\OCR\chemy\_mineru_out\中国化学奥林匹克(初赛)试题合集 第1~38届\auto\中国化学奥林匹克(初赛)试题合集 第1~38届..md,未命中
04-题库/2026机构初赛模拟题/chemy/题-CM-148-09-亚砜类分子为三角锥构型其翻转.md,chemy,09,0.029,04-题库\真题\第32届初赛\有机化学\题-032-9-C-F键断裂原因.md,未命中
04-题库/2026机构初赛模拟题/chemy/题-CM-155-01-1-1与有关的信息如下.md,chemy,01,0.019,06-外部资料导入\OCR\chemy\_mineru_out\中国化学奥林匹克(初赛)试题合集 第1~38届\auto\中国化学奥林匹克(初赛)试题合集 第1~38届..md,未命中
04-题库/2026机构初赛模拟题/chemy/题-CM-155-03-将加入至和的甲苯溶液中充分反.md,chemy,03,0.012,06-外部资料导入\OCR\chemy\_mineru_out\中国化学奥林匹克(初赛)试题合集 第1~38届\auto\中国化学奥林匹克(初赛)试题合集 第1~38届..md,未命中
04-题库/2026机构初赛模拟题/chemy/题-CM-155-04-锂离子电池的相关研究获得了年.md,chemy,04,0.009,06-外部资料导入\OCR\chemy\_mineru_out\中国化学奥林匹克(初赛)试题合集 第1~38届\auto\中国化学奥林匹克(初赛)试题合集 第1~38届..md,未命中
04-题库/2026机构初赛模拟题/chemy/题-CM-155-05-取粉末置于冰水冷却的锥形瓶中.md,chemy,05,0.194,06-外部资料导入\OCR\chemy\_mineru_out\中国化学奥林匹克(初赛)试题合集 第1~38届\auto\中国化学奥林匹克(初赛)试题合集 第1~38届..md,未命中
04-题库/2026机构初赛模拟题/chemy/题-CM-155-06-第6题.md,chemy,06,0.053,06-外部资料导入\OCR\chemy\_mineru_out\中国化学奥林匹克(初赛)试题合集 第1~38届\auto\中国化学奥林匹克(初赛)试题合集 第1~38届..md,未命中
04-题库/2026机构初赛模拟题/chemy/题-CM-160-01-色谱法是分离鉴定化合物的一种.md,chemy,01,0.002,04-题库\真题\chemy\题-CM-44-04-晶体的结构与晶体的生长从来都.md,未命中
04-题库/2026机构初赛模拟题/chemy/题-CM-160-02-今有如下反应.md,chemy,02,0.022,04-题库\真题\第33届初赛\化学原理\题-033-3-气体分压计算.md,未命中
04-题库/2026机构初赛模拟题/chemy/题-CM-160-03-配合物中的氢键是一个受到高度.md,chemy,03,0.016,06-外部资料导入\OCR\chemy\_mineru_out\中国化学奥林匹克(初赛)试题合集 第1~38届\auto\中国化学奥林匹克(初赛)试题合集 第1~38届..md,未命中
04-题库/2026机构初赛模拟题/chemy/题-CM-160-04-金属元素M的氧化物A是硫酸工.md,chemy,04,0.026,06-外部资料导入\OCR\chemy\_mineru_out\中国化学奥林匹克(初赛)试题合集 第1~38届\auto\中国化学奥林匹克(初赛)试题合集 第1~38届..md,未命中
04-题库/2026机构初赛模拟题/chemy/题-CM-160-05-Struvite是一种优质肥.md,chemy,05,0.040,06-外部资料导入\OCR\chemy\_mineru_out\中国化学奥林匹克(初赛)试题合集 第1~38届\auto\中国化学奥林匹克(初赛)试题合集 第1~38届..md,未命中
04-题库/2026机构初赛模拟题/chemy/题-CM-160-06-取晶体放入烧杯中加入的硫酸与.md,chemy,06,0.016,06-外部资料导入\OCR\chemy\_mineru_out\中国化学奥林匹克(初赛)试题合集 第1~38届\auto\中国化学奥林匹克(初赛)试题合集 第1~38届..md,未命中
04-题库/2026机构初赛模拟题/chemy/题-CM-160-07-7-1溶液中-的浓度均为求出.md,chemy,07,0.005,06-外部资料导入\OCR\chemy\_mineru_out\中国化学奥林匹克(初赛)试题合集 第1~38届\auto\中国化学奥林匹克(初赛)试题合集 第1~38届..md,未命中
04-题库/2026机构初赛模拟题/chemy/题-CM-162-02-将在真空的熔融石英管中混合反.md,chemy,02,0.011,06-外部资料导入\OCR\chemy\_mineru_out\中国化学奥林匹克(初赛)试题合集 第1~38届\auto\中国化学奥林匹克(初赛)试题合集 第1~38届..md,未命中
04-题库/2026机构初赛模拟题/chemy/题-CM-162-03-尿素和草酸都是经典的氢键给体.md,chemy,03,0.006,06-外部资料导入\OCR\chemy\_mineru_out\中国化学奥林匹克(初赛)试题合集 第1~38届\auto\中国化学奥林匹克(初赛)试题合集 第1~38届..md,未命中
04-题库/2026机构初赛模拟题/chemy/题-CM-162-04-分子玻璃是一类分子量较大并具.md,chemy,04,0.013,06-外部资料导入\OCR\chemy\_mineru_out\中国化学奥林匹克(初赛)试题合集 第1~38届\auto\中国化学奥林匹克(初赛)试题合集 第1~38届..md,未命中
04-题库/2026机构初赛模拟题/chemy/题-CM-162-05-得到X5-1拉曼光谱表明X在.md,chemy,05,0.009,06-外部资料导入\OCR\chemy\_mineru_out\中国化学奥林匹克(初赛)试题合集 第1~38届\auto\中国化学奥林匹克(初赛)试题合集 第1~38届..md,未命中
04-题库/2026机构初赛模拟题/chemy/题-CM-162-06-磷元素是生命体重要的元素之广.md,chemy,06,0.014,06-外部资料导入\OCR\chemy\_mineru_out\中国化学奥林匹克(初赛)试题合集 第1~38届\auto\中国化学奥林匹克(初赛)试题合集 第1~38届..md,未命中
04-题库/2026机构初赛模拟题/chemy/题-CM-162-07-将和按计量比混合研磨并于13.md,chemy,07,0.013,06-外部资料导入\OCR\chemy\_mineru_out\中国化学奥林匹克(初赛)试题合集 第1~38届\auto\中国化学奥林匹克(初赛)试题合集 第1~38届..md,未命中
04-题库/2026机构初赛模拟题/chemy/题-CM-165-02-顾名思义超酸是一类酸度极强的.md,chemy,02,0.031,06-外部资料导入\OCR\chemy\_mineru_out\中国化学奥林匹克(初赛)试题合集 第1~38届\auto\中国化学奥林匹克(初赛)试题合集 第1~38届..md,未命中
04-题库/2026机构初赛模拟题/chemy/题-CM-165-03-3-1采取四方锥构型和五角双.md,chemy,03,0.007,06-外部资料导入\OCR\chemy\_mineru_out\中国化学奥林匹克(初赛)试题合集 第1~38届\auto\中国化学奥林匹克(初赛)试题合集 第1~38届..md,未命中
04-题库/2026机构初赛模拟题/chemy/题-CM-165-04-4-1的制备思路与前人报道的.md,chemy,04,0.003,06-外部资料导入\OCR\chemy\_mineru_out\中国化学奥林匹克(初赛)试题合集 第1~38届\auto\中国化学奥林匹克(初赛)试题合集 第1~38届..md,未命中
04-题库/2026机构初赛模拟题/chemy/题-CM-165-05-CaSi2是一种应用广泛的Z.md,chemy,05,0.003,06-外部资料导入\OCR\chemy\_mineru_out\中国化学奥林匹克(初赛)试题合集 第1~38届\auto\中国化学奥林匹克(初赛)试题合集 第1~38届..md,未命中
04-题库/2026机构初赛模拟题/chemy/题-CM-165-06-6-1该催化剂的制备方法为在.md,chemy,06,0.011,06-外部资料导入\OCR\chemy\_mineru_out\中国化学奥林匹克(初赛)试题合集 第1~38届\auto\中国化学奥林匹克(初赛)试题合集 第1~38届..md,未命中
04-题库/2026机构初赛模拟题/chemy/题-CM-166-01-1-1碳化铝与氯化汞的盐酸溶.md,chemy,01,0.007,06-外部资料导入\OCR\chemy\_mineru_out\中国化学奥林匹克(初赛)试题合集 第1~38届\auto\中国化学奥林匹克(初赛)试题合集 第1~38届..md,未命中
04-题库/2026机构初赛模拟题/chemy/题-CM-166-02-双原子分子的转动可以利用刚性.md,chemy,02,0.012,06-外部资料导入\OCR\chemy\_mineru_out\中国化学奥林匹克(初赛)试题合集 第1~38届\auto\中国化学奥林匹克(初赛)试题合集 第1~38届..md,未命中
04-题库/2026机构初赛模拟题/chemy/题-CM-166-03-3-1分别画出A1A2BC的.md,chemy,03,0.025,04-题库\真题\第30届初赛\有机化学\题-030-7-B及几何异构体B1结构.md,未命中
04-题库/2026机构初赛模拟题/chemy/题-CM-166-04-如图所示在一个两端温度不等的.md,chemy,04,0.010,06-外部资料导入\OCR\chemy\_mineru_out\中国化学奥林匹克(初赛)试题合集 第1~38届\auto\中国化学奥林匹克(初赛)试题合集 第1~38届..md,未命中
04-题库/2026机构初赛模拟题/chemy/题-CM-166-05-溴的元素化学丰富多彩在不同的.md,chemy,05,0.017,06-外部资料导入\OCR\chemy\_mineru_out\中国化学奥林匹克(初赛)试题合集 第1~38届\auto\中国化学奥林匹克(初赛)试题合集 第1~38届..md,未命中
04-题库/2026机构初赛模拟题/chemy/题-CM-166-10-以下七元环硫醚化合物经两步处.md,chemy,10,0.028,04-题库\真题\第35届初赛\有机化学\题-035-10-有机合成与机理.md,未命中
04-题库/2026机构初赛模拟题/chemy/题-CM-167-01-1-1磷是生命生产与生活中的.md,chemy,01,0.012,06-外部资料导入\OCR\chemy\_mineru_out\中国化学奥林匹克(初赛)试题合集 第1~38届\auto\中国化学奥林匹克(初赛)试题合集 第1~38届..md,未命中
04-题库/2026机构初赛模拟题/chemy/题-CM-167-02-1992年6月18日中午河南.md,chemy,02,0.007,06-外部资料导入\OCR\chemy\_mineru_out\中国化学奥林匹克(初赛)试题合集 第1~38届\auto\中国化学奥林匹克(初赛)试题合集 第1~38届..md,未命中
04-题库/2026机构初赛模拟题/chemy/题-CM-167-03-发展高性能电池技术是我国能源.md,chemy,03,0.007,04-题库\真题\第39届初赛\化学原理\题-039-2-普鲁士蓝电极反应与比容量.md,未命中
04-题库/2026机构初赛模拟题/chemy/题-CM-167-04-用于催化和生物医学目的的稳定.md,chemy,04,0.028,06-外部资料导入\OCR\chemy\_mineru_out\中国化学奥林匹克(初赛)试题合集 第1~38届\auto\中国化学奥林匹克(初赛)试题合集 第1~38届..md,未命中
04-题库/2026机构初赛模拟题/chemy/题-CM-167-09-化合物A在作用下可以转化为.md,chemy,09,0.007,06-外部资料导入\OCR\chemy\_mineru_out\中国化学奥林匹克(初赛)试题合集 第1~38届\auto\中国化学奥林匹克(初赛)试题合集 第1~38届..md,未命中
04-题库/2026机构初赛模拟题/chemy/题-CM-169-01-分占9锑的化合物1-1Sb2.md,chemy,01,0.020,06-外部资料导入\OCR\chemy\_mineru_out\中国化学奥林匹克(初赛)试题合集 第1~38届\auto\中国化学奥林匹克(初赛)试题合集 第1~38届..md,未命中
04-题库/2026机构初赛模拟题/chemy/题-CM-169-02-2-1小宇正在做通过分光光度.md,chemy,02,0.016,06-外部资料导入\OCR\chemy\_mineru_out\中国化学奥林匹克(初赛)试题合集 第1~38届\auto\中国化学奥林匹克(初赛)试题合集 第1~38届..md,未命中
04-题库/2026机构初赛模拟题/chemy/题-CM-169-04-将醋酸钯六水合硝酸铟按照一定.md,chemy,04,0.016,06-外部资料导入\OCR\chemy\_mineru_out\中国化学奥林匹克(初赛)试题合集 第1~38届\auto\中国化学奥林匹克(初赛)试题合集 第1~38届..md,未命中
04-题库/2026机构初赛模拟题/chemy/题-CM-169-05-近年来高压下的新研究成果时有.md,chemy,05,0.012,04-题库\真题\第34届初赛\无机和结构化学\题-034-6-元素A的推断.md,未命中
04-题库/2026机构初赛模拟题/chemy/题-CM-169-06-1溶液配制取两个烧瓶分别标号.md,chemy,06,0.005,05-真题库\真题-有机-芳炔生成与捕获反应-001.md,未命中
04-题库/2026机构初赛模拟题/chemy/题-CM-170-01-金属的单质是高密度低熔点且柔.md,chemy,01,0.042,06-外部资料导入\OCR\chemy\_mineru_out\中国化学奥林匹克(初赛)试题合集 第1~38届\auto\中国化学奥林匹克(初赛)试题合集 第1~38届..md,未命中
04-题库/2026机构初赛模拟题/chemy/题-CM-170-02-某单核Ti配合物可用如下方法.md,chemy,02,0.012,06-外部资料导入\OCR\chemy\_mineru_out\中国化学奥林匹克(初赛)试题合集 第1~38届\auto\中国化学奥林匹克(初赛)试题合集 第1~38届..md,未命中
04-题库/2026机构初赛模拟题/chemy/题-CM-170-03-笼型硼烷与笼型碳硼烷的结构极.md,chemy,03,0.069,06-外部资料导入\OCR\chemy\_mineru_out\中国化学奥林匹克(初赛)试题合集 第1~38届\auto\中国化学奥林匹克(初赛)试题合集 第1~38届..md,未命中
04-题库/2026机构初赛模拟题/chemy/题-CM-170-04-2018年某中国团队基于金属.md,chemy,04,0.000,,未命中
04-题库/2026机构初赛模拟题/chemy/题-CM-170-05-分4下图为二元合金LaxNi.md,chemy,05,0.011,04-题库\真题\第36届决赛\理论\第二场\题-36决理-2-5-密堆积结构的变换和组合.md,未命中
04-题库/2026机构初赛模拟题/chemy/题-CM-170-06-AlN具有热膨胀系数低电阻率.md,chemy,06,0.000,,未命中
04-题库/2026机构初赛模拟题/chemy/题-CM-170-07-7-1表面张力surface.md,chemy,07,0.021,04-题库\真题\省预赛\讲评重组\真题-有机-碳正重排-001.md,未命中
04-题库/2026机构初赛模拟题/chemy/题-CM-170-08-有科学家设计了一种双空腔离子.md,chemy,08,0.002,05-真题库\真题-分析-赖氨酸等电点与分布-001.md,未命中
04-题库/2026机构初赛模拟题/chemy/题-CM-171-01-在1772年英国自然哲学家和.md,chemy,01,0.020,04-题库\真题\第36届决赛\理论\第二场\题-36决理-2-7-明星分子的配位作用.md,未命中
04-题库/2026机构初赛模拟题/chemy/题-CM-171-02-有一类复合氧化物呈现出非常有.md,chemy,02,0.009,04-题库\真题\第27届决赛\理论\题-027决-8-钡氢化物晶体.md,未命中
04-题库/2026机构初赛模拟题/chemy/题-CM-171-03-最近人们发现了一种制备硫脲衍.md,chemy,03,0.018,06-外部资料导入\OCR\chemy\_mineru_out\中国化学奥林匹克(初赛)试题合集 第1~38届\auto\中国化学奥林匹克(初赛)试题合集 第1~38届..md,未命中
04-题库/2026机构初赛模拟题/chemy/题-CM-171-04-盐酸洛美沙星是一种喹诺酮类抗.md,chemy,04,0.004,04-题库\真题\第39届决赛\理论\题-39决理-6-功能有机分子的光致酸碱化.md,未命中
04-题库/2026机构初赛模拟题/chemy/题-CM-171-05-5-1多硫化钠是一种具有广泛.md,chemy,05,0.056,06-外部资料导入\OCR\chemy\_mineru_out\中国化学奥林匹克(初赛)试题合集 第1~38届\auto\中国化学奥林匹克(初赛)试题合集 第1~38届..md,未命中
04-题库/2026机构初赛模拟题/chemy/题-CM-171-06-在甲醇溶液中和KOH反应然后.md,chemy,06,0.024,06-外部资料导入\OCR\chemy\_mineru_out\中国化学奥林匹克(初赛)试题合集 第1~38届\auto\中国化学奥林匹克(初赛)试题合集 第1~38届..md,未命中
04-题库/2026机构初赛模拟题/chemy/题-CM-172-01-1-1甲酸铝吸附将和大量HC.md,chemy,01,0.009,06-外部资料导入\OCR\chemy\_mineru_out\中国化学奥林匹克(初赛)试题合集 第1~38届\auto\中国化学奥林匹克(初赛)试题合集 第1~38届..md,未命中
04-题库/2026机构初赛模拟题/chemy/题-CM-172-02-Al为立方最密堆积晶体从不同.md,chemy,02,0.014,06-外部资料导入\OCR\chemy\_mineru_out\中国化学奥林匹克(初赛)试题合集 第1~38届\auto\中国化学奥林匹克(初赛)试题合集 第1~38届..md,未命中
04-题库/2026机构初赛模拟题/chemy/题-CM-172-04-分占104-1最简式为BS2.md,chemy,04,0.013,06-外部资料导入\OCR\chemy\_mineru_out\中国化学奥林匹克(初赛)试题合集 第1~38届\auto\中国化学奥林匹克(初赛)试题合集 第1~38届..md,未命中
04-题库/2026机构初赛模拟题/chemy/题-CM-172-05-为测定某水样中的微量的含量采.md,chemy,05,0.031,06-外部资料导入\OCR\chemy\_mineru_out\中国化学奥林匹克(初赛)试题合集 第1~38届\auto\中国化学奥林匹克(初赛)试题合集 第1~38届..md,未命中
04-题库/2026机构初赛模拟题/chemy/题-CM-21-01-11化学式为的配合物也被称为.md,chemy,01,0.007,04-题库\真题\第39届初赛\无机和结构化学\题-039-1-雄黄变铁与砒黄变铜.md,未命中
04-题库/2026机构初赛模拟题/chemy/题-CM-21-05-作为一种温室气体的大量排放将.md,chemy,05,0.005,04-题库\真题\第39届决赛\理论\题-39决理-4-电化学CO₂还原.md,未命中
04-题库/2026机构初赛模拟题/chemy/题-CM-22-01-氧化钢锡ITO是一种广泛应用.md,chemy,01,0.001,04-题库\真题\第35届决赛\理论\第二场\题-35决理-2-3-C60的高压相变.md,未命中
04-题库/2026机构初赛模拟题/chemy/题-CM-22-02-氟化物A可以和硫单质反应生成.md,chemy,02,0.004,06-外部资料导入\OCR\chemy\_mineru_out\中国化学奥林匹克(初赛)试题合集 第1~38届\auto\中国化学奥林匹克(初赛)试题合集 第1~38届..md,未命中
04-题库/2026机构初赛模拟题/chemy/题-CM-22-03-受阻Lewis酸碱对FLPs.md,chemy,03,0.004,05-真题库\真题-元素-CO2磷镓化合物加成-001.md,未命中
04-题库/2026机构初赛模拟题/chemy/题-CM-22-04-2010年美国西北大学的JF.md,chemy,04,0.001,04-题库\真题\chemy\题-CM-45-10-101化合物A和B哪一个物种.md,未命中
04-题库/2026机构初赛模拟题/chemy/题-CM-22-06-哈珀博世法是目前各个国家合成.md,chemy,06,0.006,06-外部资料导入\OCR\chemy\_mineru_out\中国化学奥林匹克(初赛)试题合集 第1~38届\auto\中国化学奥林匹克(初赛)试题合集 第1~38届..md,未命中
04-题库/2026机构初赛模拟题/chemy/题-CM-22-07-Phenytoin苯妥英是一.md,chemy,07,0.001,04-题库\真题\省预赛\2023-浙江预赛.md,未命中
04-题库/2026机构初赛模拟题/chemy/题-CM-22-09-氟原子在天然产物中极为罕见但.md,chemy,09,0.003,06-外部资料导入\OCR\chemy\_mineru_out\中国化学奥林匹克(初赛)试题合集 第1~38届\auto\中国化学奥林匹克(初赛)试题合集 第1~38届..md,未命中
04-题库/2026机构初赛模拟题/chemy/题-CM-59-01-通过以下路线得到了含五元环的.md,chemy,01,0.177,06-外部资料导入\OCR\chemy\_mineru_out\中国化学奥林匹克(初赛)试题合集 第1~38届\auto\中国化学奥林匹克(初赛)试题合集 第1~38届..md,未命中
04-题库/2026机构初赛模拟题/chemy/题-CM-59-02-2-1直接写出上述三个物质所.md,chemy,02,0.020,06-外部资料导入\OCR\chemy\_mineru_out\中国化学奥林匹克(初赛)试题合集 第1~38届\auto\中国化学奥林匹克(初赛)试题合集 第1~38届..md,未命中
04-题库/2026机构初赛模拟题/chemy/题-CM-59-06-根据已知信息回答下列问题.md,chemy,06,0.066,06-外部资料导入\OCR\chemy\_mineru_out\中国化学奥林匹克(初赛)试题合集 第1~38届\auto\中国化学奥林匹克(初赛)试题合集 第1~38届..md,未命中
04-题库/2026机构初赛模拟题/壹尖培优/题-YJ-01-01-11钛单质溶于热的HCl溶液.md,壹尖培优,01,0.052,06-外部资料导入\OCR\chemy\_mineru_out\中国化学奥林匹克(初赛)试题合集 第1~38届\auto\中国化学奥林匹克(初赛)试题合集 第1~38届..md,未命中
04-题库/2026机构初赛模拟题/壹尖培优/题-YJ-01-02-与的相互转化是讨论化学平衡问.md,壹尖培优,02,0.359,04-题库\真题\第30届初赛\化学原理\题-030-6-295K下N2O4NO2分压计算.md,疑似重复
04-题库/2026机构初赛模拟题/壹尖培优/题-YJ-01-03-31一种含Ga配合物的合成一.md,壹尖培优,03,0.012,06-外部资料导入\OCR\chemy\_mineru_out\中国化学奥林匹克(初赛)试题合集 第1~38届\auto\中国化学奥林匹克(初赛)试题合集 第1~38届..md,未命中
04-题库/2026机构初赛模拟题/壹尖培优/题-YJ-01-04-钙钛矿型固体可以作为固体氧化.md,壹尖培优,04,0.012,04-题库\真题\chemy\题-CM-44-02-将单质溴与第一过渡系金属M置.md,未命中
04-题库/2026机构初赛模拟题/壹尖培优/题-YJ-01-05-能形成不同的晶型以下是部分晶.md,壹尖培优,05,0.013,06-外部资料导入\OCR\chemy\_mineru_out\中国化学奥林匹克(初赛)试题合集 第1~38届\auto\中国化学奥林匹克(初赛)试题合集 第1~38届..md,未命中
04-题库/2026机构初赛模拟题/壹尖培优/题-YJ-01-06-61比较下列物质在亲核取代反.md,壹尖培优,06,0.019,04-题库\真题\第32届初赛\有机化学\题-032-8-SN反应类型判断.md,未命中
04-题库/2026机构初赛模拟题/壹尖培优/题-YJ-01-07-71观察以下反应已知该反应的.md,壹尖培优,07,0.016,04-题库\真题\第37届初赛\题-037-10-Brook重排中间体.md,未命中
04-题库/2026机构初赛模拟题/壹尖培优/题-YJ-01-08-81Wittig反应通过控制.md,壹尖培优,08,0.030,04-题库\真题\第35届决赛\理论\第二场\题-35决理-2-7-有机反应机理.md,未命中
04-题库/2026机构初赛模拟题/壹尖培优/题-YJ-02-01-取铜板尺寸为分别在设定为的加.md,壹尖培优,01,0.002,06-外部资料导入\OCR\chemy\_mineru_out\中国化学奥林匹克(初赛)试题合集 第1~38届\auto\中国化学奥林匹克(初赛)试题合集 第1~38届..md,未命中
04-题库/2026机构初赛模拟题/壹尖培优/题-YJ-02-02-已知醋酸HAc的21向的HA.md,壹尖培优,02,0.058,04-题库\真题\省预赛\讲评重组\真题-酸碱理论-001.md,未命中
04-题库/2026机构初赛模拟题/壹尖培优/题-YJ-02-03-超单体是指通过非共价相互作用.md,壹尖培优,03,0.004,04-题库\真题\第36届决赛\理论\第一场\题-36决理-1-6-硼氢化反应与立体化学.md,未命中
04-题库/2026机构初赛模拟题/壹尖培优/题-YJ-02-04-三元化合物A和B具有同样的元.md,壹尖培优,04,0.010,06-外部资料导入\OCR\chemy\_mineru_out\中国化学奥林匹克(初赛)试题合集 第1~38届\auto\中国化学奥林匹克(初赛)试题合集 第1~38届..md,未命中
04-题库/2026机构初赛模拟题/壹尖培优/题-YJ-02-05-多金属纳米颗粒材料简称MMN.md,壹尖培优,05,0.004,06-外部资料导入\OCR\chemy\_mineru_out\中国化学奥林匹克(初赛)试题合集 第1~38届\auto\中国化学奥林匹克(初赛)试题合集 第1~38届..md,未命中
04-题库/2026机构初赛模拟题/壹尖培优/题-YJ-02-06-61请写出以下反应中间体A的.md,壹尖培优,06,0.031,04-题库\真题\chemy\题-CM-43-07-71以下反应能得到多种具有五.md,未命中
04-题库/2026机构初赛模拟题/壹尖培优/题-YJ-03-01-重铬酸钾是分析化学中常用的试.md,壹尖培优,01,0.080,06-外部资料导入\OCR\chemy\_mineru_out\中国化学奥林匹克(初赛)试题合集 第1~38届\auto\中国化学奥林匹克(初赛)试题合集 第1~38届..md,未命中
04-题库/2026机构初赛模拟题/壹尖培优/题-YJ-03-02-CaCr和N的三元化合物A沿.md,壹尖培优,02,0.002,04-题库\真题\chemy\题-CM-48-03-杂环硼化物Nheterocy.md,未命中
04-题库/2026机构初赛模拟题/壹尖培优/题-YJ-03-03-金属元素M的希腊文意为铅来源.md,壹尖培优,03,0.008,04-题库\真题\chemy\题-CM-46-03-元素M的掺杂是绿宝石显绿色的.md,未命中
04-题库/2026机构初赛模拟题/壹尖培优/题-YJ-03-04-不知道您是否有这样的体验深夜.md,壹尖培优,04,0.013,04-题库\真题\第31届决赛\理论\题-031决-8-生物碱合成.md,未命中
04-题库/2026机构初赛模拟题/壹尖培优/题-YJ-03-06-61如下所示的BIDIME是.md,壹尖培优,06,0.037,04-题库\真题\第37届初赛\题-037-7-1-磷脂双层膜离子通透性.md,未命中
04-题库/2026机构初赛模拟题/壹尖培优/题-YJ-04-01-11与按不同的比例反应可以生.md,壹尖培优,01,0.026,06-外部资料导入\OCR\chemy\_mineru_out\中国化学奥林匹克(初赛)试题合集 第1~38届\auto\中国化学奥林匹克(初赛)试题合集 第1~38届..md,未命中
04-题库/2026机构初赛模拟题/壹尖培优/题-YJ-04-02-元素M的单质及其化合物在日常.md,壹尖培优,02,0.014,04-题库\真题\chemy\题-CM-46-03-元素M的掺杂是绿宝石显绿色的.md,未命中
04-题库/2026机构初赛模拟题/壹尖培优/题-YJ-04-03-稀酸溶液中奎宁具有很强的荧光.md,壹尖培优,03,0.005,04-题库\真题\第34届初赛\分析化学\题-034-5-乙酸银溶度积测定.md,未命中
04-题库/2026机构初赛模拟题/壹尖培优/题-YJ-04-05-化学式为的三元金属硼化物中部.md,壹尖培优,05,0.008,04-题库\真题\第33届初赛\无机和结构化学\题-033-6-晶体化学式.md,未命中
04-题库/2026机构初赛模拟题/壹尖培优/题-YJ-04-06-一般地我们可以通过基团加和法.md,壹尖培优,06,0.006,05-真题库\真题-有机-内酰胺烷基化与螺环丙烷开环-001.md,未命中
04-题库/2026机构初赛模拟题/壹尖培优/题-YJ-05-01-火焰切割即气切割是钢板粗加工.md,壹尖培优,01,0.012,04-题库\真题\第30届决赛\理论\题-030决-3-金属元素提取.md,未命中
04-题库/2026机构初赛模拟题/壹尖培优/题-YJ-05-02-一种第七周期金属元素M与氧和.md,壹尖培优,02,0.006,06-外部资料导入\OCR\chemy\_mineru_out\中国化学奥林匹克(初赛)试题合集 第1~38届\auto\中国化学奥林匹克(初赛)试题合集 第1~38届..md,未命中
04-题库/2026机构初赛模拟题/壹尖培优/题-YJ-05-04-在整个冷战期间苏联705型核.md,壹尖培优,04,0.007,04-题库\真题\第31届决赛\理论\题-031决-4-EDTA滴定分析.md,未命中
04-题库/2026机构初赛模拟题/壹尖培优/题-YJ-06-01-根据所给条件按照要求书写反应.md,壹尖培优,01,0.020,06-外部资料导入\OCR\chemy\_mineru_out\中国化学奥林匹克(初赛)试题合集 第1~38届\auto\中国化学奥林匹克(初赛)试题合集 第1~38届..md,未命中
04-题库/2026机构初赛模拟题/壹尖培优/题-YJ-06-02-库仑滴定法是基于电解过程的分.md,壹尖培优,02,0.041,04-题库\真题\第31届初赛\无机和结构化学\题-031-1-硼酸制备方程式.md,未命中
04-题库/2026机构初赛模拟题/壹尖培优/题-YJ-06-03-浓差电池是电池中的一种其电动.md,壹尖培优,03,0.050,04-题库\真题\第34届决赛\理论\题-34决理-1-2-1-CO2传感器pH计算.md,未命中
04-题库/2026机构初赛模拟题/壹尖培优/题-YJ-06-04-自由基阴离子作为单电子还原小.md,壹尖培优,04,0.001,06-外部资料导入\OCR\chemy\_mineru_out\中国化学奥林匹克(初赛)试题合集 第1~38届\auto\中国化学奥林匹克(初赛)试题合集 第1~38届..md,未命中
04-题库/2026机构初赛模拟题/壹尖培优/题-YJ-06-05-As的结构可以看成是由无数个.md,壹尖培优,05,0.005,04-题库\真题\chemy\题-CM-46-05-注意本题中绘制气体吸附后的结.md,未命中
04-题库/2026机构初赛模拟题/壹尖培优/题-YJ-06-06-碳杂多重键包括羰基和氰基等重.md,壹尖培优,06,0.014,04-题库\真题\第36届决赛\理论\第二场\题-36决理-2-9-烯烃和卤素的亲电加成.md,未命中
04-题库/2026机构初赛模拟题/壹尖培优/题-YJ-06-08-811丙烯水溶液在的协同催化.md,壹尖培优,08,0.011,06-外部资料导入\OCR\chemy\_mineru_out\中国化学奥林匹克(初赛)试题合集 第1~38届\auto\中国化学奥林匹克(初赛)试题合集 第1~38届..md,未命中
04-题库/2026机构初赛模拟题/壹尖培优/题-YJ-07-01-11请解释为什么和的酸性依次.md,壹尖培优,01,0.024,06-外部资料导入\OCR\chemy\_mineru_out\中国化学奥林匹克(初赛)试题合集 第1~38届\auto\中国化学奥林匹克(初赛)试题合集 第1~38届..md,未命中
04-题库/2026机构初赛模拟题/壹尖培优/题-YJ-07-02-如下图展示了一种由NaNpF.md,壹尖培优,02,0.009,06-外部资料导入\OCR\chemy\_mineru_out\中国化学奥林匹克(初赛)试题合集 第1~38届\auto\中国化学奥林匹克(初赛)试题合集 第1~38届..md,未命中
04-题库/2026机构初赛模拟题/壹尖培优/题-YJ-07-03-在含金属元素M的溶液中加入酸.md,壹尖培优,03,0.036,04-题库\真题\第31届初赛\无机和结构化学\题-031-3-铋的推断与A的化学式.md,未命中
04-题库/2026机构初赛模拟题/壹尖培优/题-YJ-07-04-一种合金样品的主要成分为Al.md,壹尖培优,04,0.011,06-外部资料导入\OCR\chemy\_mineru_out\中国化学奥林匹克(初赛)试题合集 第1~38届\auto\中国化学奥林匹克(初赛)试题合集 第1~38届..md,未命中
04-题库/2026机构初赛模拟题/壹尖培优/题-YJ-08-01-粉色固体A在C下加热生成蓝色.md,壹尖培优,01,0.015,06-外部资料导入\OCR\chemy\_mineru_out\中国化学奥林匹克(初赛)试题合集 第1~38届\auto\中国化学奥林匹克(初赛)试题合集 第1~38届..md,未命中
04-题库/2026机构初赛模拟题/壹尖培优/题-YJ-08-02-Mg和Cu能够形成一种经典合.md,壹尖培优,02,0.007,06-外部资料导入\OCR\chemy\_mineru_out\中国化学奥林匹克(初赛)试题合集 第1~38届\auto\中国化学奥林匹克(初赛)试题合集 第1~38届..md,未命中
04-题库/2026机构初赛模拟题/壹尖培优/题-YJ-08-03-311五水硫酸铜在298K下.md,壹尖培优,03,0.009,04-题库\真题\第30届决赛\理论\题-030决-3-金属元素提取.md,未命中
04-题库/2026机构初赛模拟题/壹尖培优/题-YJ-09-01-1951年化学家首次在实验室.md,壹尖培优,01,0.051,06-外部资料导入\OCR\chemy\_mineru_out\中国化学奥林匹克(初赛)试题合集 第1~38届\auto\中国化学奥林匹克(初赛)试题合集 第1~38届..md,未命中
04-题库/2026机构初赛模拟题/壹尖培优/题-YJ-09-02-某非金属元素X是植物生长发育.md,壹尖培优,02,0.014,06-外部资料导入\OCR\chemy\_mineru_out\中国化学奥林匹克(初赛)试题合集 第1~38届\auto\中国化学奥林匹克(初赛)试题合集 第1~38届..md,未命中
04-题库/2026机构初赛模拟题/壹尖培优/题-YJ-09-03-某立方晶系的复合金属氧化物晶.md,壹尖培优,03,0.009,04-题库\真题\chemy\题-CM-43-04-41在惰性基质中与金属形成了.md,未命中
04-题库/2026机构初赛模拟题/壹尖培优/题-YJ-09-04-为了定量检测工厂废水池中的重.md,壹尖培优,04,0.005,06-外部资料导入\OCR\chemy\_mineru_out\中国化学奥林匹克(初赛)试题合集 第1~38届\auto\中国化学奥林匹克(初赛)试题合集 第1~38届..md,未命中
04-题库/2026机构初赛模拟题/壹尖培优/题-YJ-10-01-液氨是人们最熟悉的研究得最充.md,壹尖培优,01,0.014,06-外部资料导入\OCR\chemy\_mineru_out\中国化学奥林匹克(初赛)试题合集 第1~38届\auto\中国化学奥林匹克(初赛)试题合集 第1~38届..md,未命中
04-题库/2026机构初赛模拟题/壹尖培优/题-YJ-10-02-1943年GeorgedeH.md,壹尖培优,02,0.006,04-题库\真题\第39届决赛\理论\题-39决理-4-电化学CO₂还原.md,未命中
04-题库/2026机构初赛模拟题/壹尖培优/题-YJ-10-03-下午所示为某六方晶系混合金属.md,壹尖培优,03,0.009,06-外部资料导入\OCR\chemy\_mineru_out\中国化学奥林匹克(初赛)试题合集 第1~38届\auto\中国化学奥林匹克(初赛)试题合集 第1~38届..md,未命中
04-题库/2026机构初赛模拟题/壹尖培优/题-YJ-10-04-锕系元素的亚胺基配合物因其在.md,壹尖培优,04,0.003,06-外部资料导入\OCR\chemy\_mineru_out\中国化学奥林匹克(初赛)试题合集 第1~38届\auto\中国化学奥林匹克(初赛)试题合集 第1~38届..md,未命中
04-题库/2026机构初赛模拟题/壹尖培优/题-YJ-10-05-你在实验室中尝试通过酯化反应.md,壹尖培优,05,0.008,04-题库\真题\chemy\题-CM-48-10-乙酸正丁酯是优良的有机溶剂在.md,未命中
04-题库/2026机构初赛模拟题/壹尖培优/题-YJ-10-08-自1978年Buta等人从三.md,壹尖培优,08,0.011,06-外部资料导入\OCR\chemy\_mineru_out\中国化学奥林匹克(初赛)试题合集 第1~38届\auto\中国化学奥林匹克(初赛)试题合集 第1~38届..md,未命中
04-题库/2026机构初赛模拟题/壹尖培优/题-YJ-11-01-某非金属单质A在常温常压下为.md,壹尖培优,01,0.028,06-外部资料导入\OCR\chemy\_mineru_out\中国化学奥林匹克(初赛)试题合集 第1~38届\auto\中国化学奥林匹克(初赛)试题合集 第1~38届..md,未命中
04-题库/2026机构初赛模拟题/壹尖培优/题-YJ-11-02-稀有气体的化合物始终是无机合.md,壹尖培优,02,0.010,06-外部资料导入\OCR\chemy\_mineru_out\中国化学奥林匹克(初赛)试题合集 第1~38届\auto\中国化学奥林匹克(初赛)试题合集 第1~38届..md,未命中
04-题库/2026机构初赛模拟题/壹尖培优/题-YJ-11-03-金属元素X与非金属元素Y在元.md,壹尖培优,03,0.018,06-外部资料导入\OCR\chemy\_mineru_out\中国化学奥林匹克(初赛)试题合集 第1~38届\auto\中国化学奥林匹克(初赛)试题合集 第1~38届..md,未命中
04-题库/2026机构初赛模拟题/壹尖培优/题-YJ-11-04-镧系元素通常呈现3价对应的配.md,壹尖培优,04,0.014,06-外部资料导入\OCR\chemy\_mineru_out\中国化学奥林匹克(初赛)试题合集 第1~38届\auto\中国化学奥林匹克(初赛)试题合集 第1~38届..md,未命中
04-题库/2026机构初赛模拟题/壹尖培优/题-YJ-11-05-为降低含硫化合物的排放减少对.md,壹尖培优,05,0.007,04-题库\真题\省预赛\讲评重组\真题-物化-电化学-002.md,未命中
04-题库/2026机构初赛模拟题/壹尖培优/题-YJ-11-07-71甲苯的偶极矩为043D硝.md,壹尖培优,07,0.039,04-题库\真题\chemy\题-CM-45-04-氢在自然界中有2种稳定的同位.md,未命中
04-题库/2026机构初赛模拟题/壹尖培优/题-YJ-12-01-已知以下几种氟化物在室温下均.md,壹尖培优,01,0.019,06-外部资料导入\OCR\chemy\_mineru_out\中国化学奥林匹克(初赛)试题合集 第1~38届\auto\中国化学奥林匹克(初赛)试题合集 第1~38届..md,未命中
04-题库/2026机构初赛模拟题/壹尖培优/题-YJ-12-02-近年来二维单层黑磷Phosp.md,壹尖培优,02,0.012,06-外部资料导入\OCR\chemy\_mineru_out\中国化学奥林匹克(初赛)试题合集 第1~38届\auto\中国化学奥林匹克(初赛)试题合集 第1~38届..md,未命中
04-题库/2026机构初赛模拟题/壹尖培优/题-YJ-12-03-磷酸二氢钾KDP晶体是一种优.md,壹尖培优,03,0.002,04-题库\真题\第38届决赛\理论\题-38决理-3-同位素.md,未命中
04-题库/2026机构初赛模拟题/壹尖培优/题-YJ-12-04-1931年Hckel以简洁的.md,壹尖培优,04,0.003,04-题库\真题\第26届初赛\有机化学\题-026-11-羟汞化芳香性臭氧化.md,未命中
04-题库/2026机构初赛模拟题/壹尖培优/题-YJ-12-05-伦敦色散力Londondis.md,壹尖培优,05,0.002,05-真题库\真题-元素-雄黄砒黄古法化学-001.md,未命中
04-题库/2026机构初赛模拟题/壹尖培优/题-YJ-13-01-M是天然存在的元素中最后一个.md,壹尖培优,01,0.014,06-外部资料导入\OCR\chemy\_mineru_out\中国化学奥林匹克(初赛)试题合集 第1~38届\auto\中国化学奥林匹克(初赛)试题合集 第1~38届..md,未命中
04-题库/2026机构初赛模拟题/壹尖培优/题-YJ-13-02-生物无机化学是无机化学的重要.md,壹尖培优,02,0.002,06-外部资料导入\OCR\chemy\_mineru_out\中国化学奥林匹克(初赛)试题合集 第1~38届\auto\中国化学奥林匹克(初赛)试题合集 第1~38届..md,未命中
04-题库/2026机构初赛模拟题/壹尖培优/题-YJ-13-03-在某些中性化合物中由于特殊的.md,壹尖培优,03,0.025,04-题库\真题\第34届初赛\分析化学\题-034-5-乙酸银溶度积测定.md,未命中
04-题库/2026机构初赛模拟题/壹尖培优/题-YJ-13-04-直觉上由刚性砌块有序堆叠而成.md,壹尖培优,04,0.005,04-题库\真题\第37届决赛\理论\第一场\题-37决理-1-8-自由基氧化.md,未命中
04-题库/2026机构初赛模拟题/壹尖培优/题-YJ-13-06-萜类化合物是自然界中最大一类.md,壹尖培优,06,0.006,05-真题库\真题-有机-内酰胺烷基化与螺环丙烷开环-001.md,未命中
04-题库/2026机构初赛模拟题/壹尖培优/题-YJ-13-07-金刚石是碳最具有代表性的同素.md,壹尖培优,07,0.009,04-题库\真题\第36届初赛第二场\题-036b-9-AchR重排氧化试剂选择.md,未命中
04-题库/2026机构初赛模拟题/质心GChO/题-GChO-31-08-由多个吡咯组成的共轭大环化合.md,质心GChO,08,0.012,04-题库\真题\第36届决赛\理论\第一场\题-36决理-1-9-α-氨基酸的α-芳基化.md,未命中
04-题库/2026机构初赛模拟题/质心UChO/题-UChO-02-07-2021年美国芝加哥大学的M.md,质心UChO,07,0.016,04-题库\真题\第33届初赛\有机化学\题-033-8-1-手性中心构型.md,未命中
04-题库/2026机构初赛模拟题/一式/题-YS-05-03-在第37届中国化学奥林匹克竞.md,一式,03,0.130,06-外部资料导入\OCR\chemy\_mineru_out\中国化学奥林匹克(初赛)试题合集 第1~38届\auto\中国化学奥林匹克(初赛)试题合集 第1~38届..md,未命中
04-题库/2026机构初赛模拟题/一式/题-YS-05-07-71定义下列羰基取代氮原子置.md,一式,07,0.047,04-题库\真题\chemy\题-CM-44-06-人类在很古早的时代就已经熟知.md,未命中
04-题库/2026机构初赛模拟题/2ChO/题-2ChO-04-01-18世纪奥地利化学家FJMl.md,2ChO,,0.004,06-外部资料导入\OCR\chemy\_mineru_out\中国化学奥林匹克(初赛)试题合集 第1~38届\auto\中国化学奥林匹克(初赛)试题合集 第1~38届..md,未命中
