rel,size,候选段数,定位选中字数,最佳候选字数,最佳候选标题,选中kind,has_entity,公式数,已有标注,各候选
04-题库/教材习题/无机化学例题与习题/Ch21-铬副族和锰副族/习题/21.50-21.56-分离鉴别与制备.md,9474,2,244,6350,参考答案,标准,1,492,0,参考答案=6350 | 参考答案=244
04-题库/真题/chemy/题-CM-44-07-今年2024年苏黎世联邦理工.md,8026,2,0,3885,参考答案,标准,0,178,1,参考答案=3885 | 参考答案=0
04-题库/教材习题/北斗学友/题-055-北斗-联二-07-CO2的空气捕获与富集.md,5769,2,0,3305,答案,标准,0,246,1,答案=3305 | 参考答案=0
04-题库/教材习题/无机化学例题与习题/Ch21-铬副族和锰副族/习题/21.23-21.49-化学方程式配平.md,5726,2,142,2906,参考答案,标准,1,236,0,参考答案=2906 | 参考答案=142
04-题库/教材习题/无机化学例题与习题/Ch05-原子结构和元素周期律/习题/5.35-写出下列离子的电子排布式并给出化学式.md,4074,2,11,2855,参考答案,标准,1,308,0,参考答案=2855 | 参考答案=11
04-题库/教材习题/北斗学友/题-058-北斗-联二-10-张力中间体.md,4669,2,0,2747,答案,标准,0,44,1,答案=2747 | 参考答案=0
04-题库/真题/第37届决赛/理论/第二场/题-37决理-2-1-DNA 纳米结构.md,5380,2,0,2658,参考答案,标准,0,126,1,参考答案=2658 | 参考答案=0
04-题库/教材习题/北斗学友/题-064-北斗-联三-06-啤酒酿造中的化学综合题.md,8091,2,90,2530,答案,标准,1,266,1,答案=2530 | 参考答案=2013
04-题库/教材习题/无机化学例题与习题/Ch05-原子结构和元素周期律/习题/5.30-五种原子的基态电子排布如下①1s22.md,3173,2,26,2398,参考答案,标准,1,276,0,参考答案=19 | 参考答案=2398
04-题库/教材习题/北斗学友/题-053-北斗-联二-05-晶体结构与性能.md,4305,2,0,2188,答案,标准,0,128,1,答案=2188 | 参考答案=0
04-题库/教材习题/北斗学友/题-063-北斗-联三-05-钛酸锶.md,6383,4,90,2034,参考答案,标准,1,232,1,答案=1944 | 答案: 0.436g=26 | 参考答案=2034 | 答案: 0.436g=17
04-题库/教材习题/上海中学竞赛课程/题-073-上海中学-杂环化合物-习题1.md,5239,4,408,1964,参考答案:,加粗标记,1,168,0,参考答案:=1964 | 参考答案:=915 | 参考答案:=436 | 参考答案:=219
04-题库/教材习题/无机化学例题与习题/Ch20-钛副族和钒副族/习题/20.18-20.34-化学方程式配平.md,2940,2,136,1920,参考答案,标准,1,84,0,参考答案=1920 | 参考答案=136
04-题库/教材习题/无机化学例题与习题/Ch06-分子结构和共价键理论/习题/6.20-已知PP键能201kJmol1C.md,3073,2,51,1883,参考答案,标准,1,74,0,参考答案=18 | 参考答案=1883
04-题库/教材习题/高中化学竞赛教程第二分册/题-956-二分册-L7例3-KMnO4热分解失重配平.md,2491,2,470,1799,参考答案,标准,1,114,0,参考答案=1799 | 参考解答=470
04-题库/真题/第37届决赛/理论/第二场/题-37决理-2-7-基本概念.md,3705,2,0,1755,参考答案,标准,0,8,1,参考答案=1755 | 参考答案=0
04-题库/教材习题/无机化学例题与习题/Ch20-钛副族和钒副族/习题/20.35-20.39-分离鉴别与制备.md,2611,2,193,1733,参考答案,标准,1,166,0,参考答案=1733 | 参考答案=193
04-题库/教材习题/北斗学友/题-050-北斗-联二-01-石胆的转化.md,3814,2,0,1707,答案,标准,0,12,1,答案=1707 | 参考答案=0
04-题库/教材习题/无机化学例题与习题/Ch21-铬副族和锰副族/习题/21.13-21.22-填空题.md,4465,2,254,1636,参考答案,标准,1,352,0,参考答案=1636 | 参考答案=254
04-题库/教材习题/北斗学友/题-061-北斗-联三-03-实际气体.md,4914,2,90,1566,参考答案,标准,1,356,1,答案=1458 | 参考答案=1566
04-题库/教材习题/无机化学例题与习题/Ch21-铬副族和锰副族/习题/21.57-简答与计算题.md,2109,2,166,1564,参考答案,标准,1,118,0,参考答案=1564 | 参考答案=166
04-题库/真题/第32届决赛/理论/题-032决-6-炔烃氢卤化.md,2674,2,144,1505,参考答案,标准,1,110,1,参考答案=159 | 参考答案=1505
04-题库/真题/第31届初赛/有机化学/题-031-9-有机推断A到E.md,2412,2,203,1439,参考答案,标准,1,68,0,参考答案=1439 | 参考答案=469
04-题库/教材习题/北斗学友/题-060-北斗-联三-02-经典的热力学.md,4696,2,90,1393,答案,标准,1,64,1,答案=1393 | 参考答案=1114
04-题库/教材习题/北斗学友/题-030-北斗-模四-01-同族元素的性质对比.md,3313,2,0,1388,答案,标准,0,170,1,答案=1388 | 参考答案=0
04-题库/教材习题/北斗学友/题-049-北斗-联一-09-芳香亲电取代反应.md,3156,2,0,1387,答案,标准,0,16,1,答案=1387 | 参考答案=0
04-题库/真题/第35届决赛/理论/第二场/题-35决理-2-8-番木鳖碱全合成.md,2536,2,76,1381,参考答案,标准,1,0,1,参考答案=1381 | 参考答案=76
04-题库/教材习题/高中化学竞赛教程第二分册/题-1008-二分册-L10例2-溴加成速率规律与叔丁基溴框图.md,2828,2,322,1360,参考答案,标准,1,76,0,参考答案=1360 | 参考解答=322
04-题库/教材习题/高中化学竞赛教程第二分册/题-1033-二分册-L11对例3-2003浙江初赛芳烃等差数列.md,2671,2,221,1311,参考答案,标准,1,112,0,参考答案=1311 | 参考答案=221
04-题库/真题/第35届决赛/理论/第二场/题-35决理-2-7-有机反应机理.md,4511,2,34,1274,参考答案,标准,1,46,1,参考答案=1274 | 参考答案=150
04-题库/教材习题/北斗学友/题-065-北斗-联三-07-需要数据处理的滴定问题.md,2547,2,0,1229,答案,标准,0,28,1,答案=1229 | 参考答案=0
04-题库/教材习题/无机化学例题与习题/Ch22-铁系元素和铂系元素/习题/22.47-分别向FeSO4CoSO4NiSO4.md,1399,2,11,1195,参考答案,标准,1,46,0,参考答案=1195 | 参考答案=11
04-题库/真题/第30届决赛/理论/题-030决-9-吡喃酮合成.md,2887,2,346,1157,答案与机理图示（非题面）,标准,1,20,0,参考答案=346 | 答案与机理图示（非题面）=1157
04-题库/教材习题/北斗学友/题-066-北斗-联三-10-磁有机化学.md,2807,2,0,1142,答案,标准,0,24,1,答案=1142 | 参考答案=0
04-题库/真题/第35届决赛/理论/第一场/题-35决理-1-7-有机酸性与极性.md,4404,2,34,1107,参考答案,标准,1,42,1,参考答案=1107 | 参考答案=145
04-题库/教材习题/北斗学友/题-062-北斗-联三-04-铜蓝蛋白相关化学问题.md,2481,2,0,1087,答案,标准,0,126,1,答案=1087 | 参考答案=0
04-题库/教材习题/高中化学竞赛教程第二分册/题-1009-二分册-L10例3-高碘酸氧化推断与C7H5系列.md,1964,2,248,1074,参考答案,标准,1,72,0,参考答案=1074 | 参考解答=248
04-题库/教材习题/高中化学竞赛教程第二分册/题-993-二分册-L9对例2-1998全国初赛三种等摩尔烷烃.md,1599,2,169,997,参考答案,标准,1,56,0,参考答案=997 | 参考解答=169
04-题库/真题/chemy/题-CM-43-05-51亚硝酸根离子有多种定性检.md,2893,2,0,963,参考答案,标准,0,76,1,参考答案=963 | 参考答案=0
04-题库/真题/chemy/题-CM-46-01-11在空气中向氯化亚铜中加入.md,1978,2,0,909,参考答案,标准,0,70,1,参考答案=909 | 参考答案=0
04-题库/教材习题/高中化学竞赛教程第二分册/题-974-二分册-L8对例1-2001全国初赛不活泼金属X金.md,1406,2,52,906,参考答案,标准,1,108,0,参考答案=906 | 参考解答=52
04-题库/教材习题/北斗学友/题-004-北斗-模一-05-沉淀溶解平衡计算.md,2004,2,108,903,答案,标准,1,134,1,答案=903 | 参考答案=108
04-题库/教材习题/北斗学友/题-045-北斗-联一-05-晶体结构.md,2334,2,0,903,答案,标准,0,20,1,答案=903 | 参考答案=0
04-题库/教材习题/北斗学友/题-043-北斗-联一-03-机械力对分子的影响.md,2666,2,0,867,答案,标准,0,12,1,答案=867 | 参考答案=0
04-题库/教材习题/北斗学友/题-046-北斗-联一-06-铁的配合物.md,2551,2,0,854,答案,标准,0,52,1,答案=854 | 参考答案=0
04-题库/教材习题/北斗学友/题-016-北斗-模二-08-有机反应影响因素.md,1864,2,0,850,答案,标准,0,16,1,答案=850 | 参考答案=0
04-题库/教材习题/无机化学例题与习题/Ch20-钛副族和钒副族/例题/例20.3-解释钛和钒的实验现象.md,1352,2,114,845,参考答案,标准,1,52,0,参考答案=845 | 参考答案=114
04-题库/教材习题/北斗学友/题-033-北斗-模四-04-层状晶体结构.md,2240,2,0,838,答案,标准,0,44,1,答案=838 | 参考答案=0
04-题库/教材习题/无机化学例题与习题/Ch05-原子结构和元素周期律/习题/5.39-5.40-超铀元素预测.md,1604,3,174,826,参考答案,标准,1,68,0,答案=176 | 答案=140 | 参考答案=826
04-题库/教材习题/高中化学竞赛教程第二分册/题-1012-二分册-L10对例3-2000全国初赛C7H10三种结构.md,1324,2,93,752,参考答案,标准,1,34,0,参考答案=752 | 参考解答=93
04-题库/教材习题/高中化学竞赛教程第二分册/题-1007-二分册-L10例1-臭氧化推断环状二烯A.md,1261,2,158,728,参考答案,标准,1,28,0,参考答案=728 | 参考解答=158
04-题库/教材习题/北斗学友/题-014-北斗-模二-06-NaCl的超结构.md,1626,2,79,676,答案,标准,1,56,1,答案=676 | 参考答案=79
04-题库/教材习题/北斗学友/题-056-北斗-联二-08-有机基本反应和性质.md,1816,2,108,676,答案,标准,1,16,1,答案=676 | 参考答案=108
04-题库/教材习题/高中化学竞赛教程第二分册/题-990-二分册-L9例2-23二甲基丁烷溴代产率.md,916,2,134,580,参考答案,标准,1,36,0,参考答案=580 | 参考解答=134
04-题库/教材习题/北斗学友/题-038-北斗-模四-09-有机化学机理.md,1860,2,0,573,答案,标准,0,10,1,答案=573 | 参考答案=0
04-题库/教材习题/高中化学竞赛教程第二分册/题-1010-二分册-L10对例1-2000全国初赛新化合物X.md,1084,2,149,565,参考答案,标准,1,68,0,参考答案=565 | 参考解答=149
04-题库/教材习题/高中化学竞赛教程第二分册/题-1031-二分册-L11对例1-2005全国初赛命名抽提顺磁.md,1195,2,131,539,参考答案,标准,1,48,0,参考答案=539 | 参考解答=131
04-题库/教材习题/高中化学竞赛教程第二分册/题-1029-二分册-L11例1-氯苯合成1溴3氯苯.md,830,2,89,498,参考答案,标准,1,8,0,参考答案=498 | 参考解答=89
04-题库/真题/第35届决赛/理论/第二场/题-35决理-2-6-溶剂效应.md,2985,3,0,442,参考答案,标准,0,4,1,参考答案=442 | 参考答案=147 | 参考答案=0
04-题库/教材习题/上海中学竞赛课程/题-067-上海中学-芳香烃-习题1.md,8080,35,0,389,参考答案:,标准,0,336,1,参考答案: $\mathrm{C_6H_5-CH_2=71 | 参考答案: $\mathrm{C_6H_5CH_2C=71 | 参考答案: （提示：—OR 定位效应强于—R。）=75 | 参考答案: （提示：电子云密度大的苯环上较易发生亲电=77 | 参考答案: $\mathrm{Br-C_6H_5CH=146 | 参考答案: $\mathrm{CH_3C(=O)-N=66
04-题库/教材习题/高中化学竞赛教程第二分册/题-1011-二分册-L10对例2-2001全国初赛低温C5H4.md,790,2,82,385,参考答案,标准,1,24,0,参考答案=385 | 参考解答=82
04-题库/教材习题/北斗学友/题-015-北斗-模二-07-铁配合物的结构与磁性.md,2473,2,0,378,答案,标准,0,100,1,答案=378 | 参考答案=0
04-题库/教材习题/高中化学竞赛教程第二分册/题-1053-二分册-L12对例2-2006浙江预赛环戊二烯与二溴乙烷.md,887,2,82,342,参考答案,标准,1,4,0,参考答案=342 | 参考解答=82
04-题库/教材习题/北斗学友/题-048-北斗-联一-08-有机化合物的基本性质.md,1365,2,0,312,答案,标准,0,16,1,答案=312 | 参考答案=0
04-题库/真题/chemy/题-CM-43-04-41在惰性基质中与金属形成了.md,1416,2,0,287,参考答案,标准,0,80,1,参考答案=287 | 参考答案=0
04-题库/教材习题/北斗学友/题-027-北斗-模三-09-聚噁唑啉的制备和性质.md,1306,2,0,242,答案,标准,0,0,1,答案=242 | 参考答案=0
