机构,卷基名,角色,文件,行数,题号总数,中文数字题号,套数,各套题数,首套
2ChO,2026年中学生化学春季研讨会,答案,2026年中学生化学春季研讨会试题解析.md,1968,9,0,1,9,"1,2,3,4,5,6,7,8,9"
2ChO,2026年中学生化学春季研讨会补充说明,答案,2026年中学生化学春季研讨会试题解析补充说明.md,99,0,0,0,,
2ChO,第1届2ChO化学奥林匹克联考,题面,第1届2ChO化学奥林匹克联考试题.md,224,10,0,1,10,"1,2,3,4,5,6,7,8,9,10"
2ChO,第1届2ChO化学奥林匹克联考,答案,第1届2ChO化学奥林匹克联考试题解析.md,553,10,0,1,10,"1,2,3,4,5,6,7,8,9,10"
2ChO,第1届2ChO化学奥林匹克联考、、说明与评分细则,答案,第1届2ChO化学奥林匹克联考试题、答案、说明与评分细则.md,287,18,0,9,"2,2,2,3,2,2,2,2,1","1,2"
2ChO,第2届2ChO化学奥林匹克联考,题面,第2届2ChO化学奥林匹克联考试题.md,205,10,0,1,10,"1,2,3,4,5,6,7,8,9,10"
2ChO,第2届2ChO化学奥林匹克联考、、说明与评分细则,答案,第2届2ChO化学奥林匹克联考试题、答案、说明与评分细则.md,311,20,0,11,"1,2,2,2,2,2,2,2,2,2,1",1
2ChO,第37届中国化学奥林匹克初赛-最终版-2ChO化学团队制作,答案,第37届中国化学奥林匹克初赛试题解析_最终版_2ChO化学团队制作.md,1398,12,0,3,"6,1,5","1,2,3,4,5,6"
2ChO,第37届中国化学奥林匹克初赛第7题补充说明-最终版-2ChO化学团队制作,题面,第37届中国化学奥林匹克初赛第7题补充说明_最终版_2ChO化学团队制作.md,325,1,0,1,1,7
2ChO,第38届中国化学奥林匹克初赛-最终版-2ChO化学团队制作,答案,第38届中国化学奥林匹克初赛试题解析_最终版_2ChO化学团队制作.md,948,10,0,1,10,"1,2,3,4,5,6,7,8,9,10"
2ChO,第39届中国化学奥林匹克初赛-2ChO化学团队制作,答案,第39届中国化学奥林匹克初赛试题解析_2ChO化学团队制作.md,2325,10,0,1,10,"1,2,3,4,5,6,7,8,9,10"
2ChO,第3届2ChO化学奥林匹克联考,题面,第3届2ChO化学奥林匹克联考试题.md,374,10,0,1,10,"1,2,3,4,5,6,7,8,9,10"
2ChO,第3届2ChO化学奥林匹克联考,答案,第3届2ChO化学奥林匹克联考试题解析.md,936,10,0,1,10,"1,2,3,4,5,6,7,8,9,10"
2ChO,第3届2ChO化学奥林匹克联考、、说明与评分细则,答案,第3届2ChO化学奥林匹克联考试题、答案、说明与评分细则.md,451,20,0,11,"1,2,2,2,2,2,2,2,2,2,1",1
2ChO,第4届2ChO化学奥林匹克联考,题面,第4届2ChO化学奥林匹克联考试题.md,416,10,0,1,10,"1,2,3,4,5,6,7,8,9,10"
2ChO,第4届2ChO化学奥林匹克联考,答案,第4届2ChO化学奥林匹克联考试题解析.md,1380,10,0,1,10,"1,2,3,4,5,6,7,8,9,10"
2ChO,第4届2ChO化学奥林匹克联考、、说明与评分细则,答案,第4届2ChO化学奥林匹克联考试题、答案、说明与评分细则.md,540,20,0,11,"1,2,2,2,2,2,2,2,2,2,1",1
2ChO,第5届2ChO化学奥林匹克联考,题面,第5届2ChO化学奥林匹克联考试题.md,577,10,0,1,10,"1,2,3,4,5,6,7,8,9,10"
2ChO,第5届2ChO化学奥林匹克联考、、说明与评分细则-20251124版初稿,答案,第5届2ChO化学奥林匹克联考试题、答案、说明与评分细则_20251124版初稿.md,672,20,0,11,"1,2,2,2,2,2,2,2,2,2,1",1
2ChO,第6届2ChO化学奥林匹克联考,题面,第6届2ChO化学奥林匹克联考试题.md,452,10,0,1,10,"1,2,3,4,5,6,7,8,9,10"
2ChO,第6届2ChO化学奥林匹克联考、、说明与评分细则-20260524版,答案,第6届2ChO化学奥林匹克联考试题、答案、说明与评分细则_20260524版.md,556,20,0,11,"1,2,2,2,2,2,2,2,2,2,1",1
XeChem,PDF合并-1-199,题面,（已压缩）PDF合并_1-199.md,6037,117,0,14,"8,8,9,9,9,9,10,10,9,9,9,9,8,1","1,2,3,4,5,6,7,8"
XeChem,PDF合并-200-399,题面,（已压缩）PDF合并_200-399.md,5805,93,0,11,"7,9,9,9,9,8,8,7,7,10,10","2,3,4,5,6,7,8"
XeChem,PDF合并-400-496,题面,PDF合并_400-496.md,2412,44,0,6,"8,8,8,8,6,6","1,2,3,4,5,6,7,8"
XeChem,T1,题面,T1.md,71,1,1,1,1,1
XeChem,T1.1,题面,T1.1.md,37,1,1,1,1,1
XeChem,Xechem有机,答案,Xechem有机答案.md,442,5,0,1,5,"1,2,3,4,6"
XeChem,Xechem模拟6,题面,Xechem模拟6.md,221,8,0,1,8,"1,2,3,5,6,7,8,9"
XeChem,Xechem模拟6,答案,Xechem模拟6答案.md,359,6,0,1,6,"1,5,6,7,8,9"
XeChem,Xechem模拟7,题面,Xechem模拟7.md,218,5,0,1,5,"1,4,5,7,8"
XeChem,Xechem模拟7,答案,Xechem模拟7答案.md,314,6,0,1,6,"1,2,3,4,5,8"
XeChem,Xechem模拟8,题面,Xechem模拟8.md,331,8,0,1,8,"1,2,3,4,5,6,7,8"
XeChem,Xechem模拟9（有机）,题面,Xechem模拟9（有机）.md,373,6,0,1,6,"1,2,3,4,5,6"
XeChem,Xechem模拟一,题面,Xechem模拟一.md,334,8,0,1,8,"1,2,3,4,5,6,7,8"
XeChem,Xechem模拟一,答案,Xechem模拟一答案.md,475,5,0,1,5,"1,2,3,7,8"
XeChem,Xechem模拟三（晶体）,题面,Xechem模拟三（晶体）.md,168,5,0,1,5,"1,2,3,5,6"
XeChem,Xechem模拟三（晶体）,答案,Xechem模拟三（晶体）答案.md,544,6,0,1,6,"1,2,3,4,5,6"
XeChem,Xechem模拟二,题面,Xechem模拟二.md,254,8,0,1,8,"1,2,3,4,5,6,7,8"
XeChem,Xechem模拟二,答案,Xechem模拟二答案.md,312,7,0,1,7,"1,2,3,5,6,7,8"
XeChem,Xechem模拟五,题面,Xechem模拟五.md,194,5,0,1,5,"1,3,5,6,8"
XeChem,Xechem模拟五,答案,Xechem模拟五答案.md,379,5,0,1,5,"1,2,3,4,8"
XeChem,Xechem模拟四,题面,Xechem模拟四.md,165,6,0,1,6,"1,2,3,4,5,6"
XeChem,Xechem模拟四,答案,Xechem模拟四答案.md,306,5,0,1,5,"1,3,4,5,8"
XeChem,初赛模拟8-202603012138-22493,答案,初赛模拟8讲评_202603012138_22493.md,784,9,0,2,"2,7","1,2"
XeChem,第40届XeChem初赛模拟（十一）,题面,第40届XeChem初赛模拟试题（十一）.md,288,9,0,1,9,"1,2,3,4,5,6,7,8,9"
XeChem,第40届XeChem初赛模拟（十一）,答案,第40届XeChem初赛模拟试题（十一）答案.md,554,9,0,1,9,"1,2,3,4,5,6,7,8,9"
XeChem,第40届XeChem初赛模拟（十）,题面,第40届XeChem初赛模拟试题（十）.md,269,7,0,1,7,"1,2,3,4,5,6,7"
XeChem,第40届XeChem初赛模拟（十）,答案,第40届XeChem初赛模拟试题（十）答案.md,481,7,0,1,7,"1,2,3,4,5,6,7"
chemy,cm化学-初赛模拟3+3,答案,cm化学试卷-初赛模拟试题3+答案3.md,1072,15,0,2,"7,8","1,3,4,5,6,7,8"
chemy,化学-初赛模拟1+,答案,化学试卷-初赛模拟试题1+答案.md,1062,17,0,2,"8,9","1,2,3,4,6,7,8,9"
chemy,化学-初赛模拟4+,答案,化学试卷-初赛模拟试题4+答案.md,643,17,0,2,"9,8","1,2,3,4,5,6,7,8,9"
chemy,新-2026年暑假Chemy刷题（15套）-1-199,题面,新-2026年暑假Chemy刷题（15套）_1-199.md,7471,145,0,16,"8,8,11,11,9,10,9,10,9,7,9,9,10,10,10,5","1,2,3,4,5,6,7,8"
chemy,新-2026年暑假Chemy刷题（15套）-200-391,题面,新-2026年暑假Chemy刷题（15套）_200-391.md,6499,110,0,13,"5,9,9,8,9,8,8,8,8,9,9,11,9","6,7,8,9,10"
chemy,暑假班与勘误,答案,暑假班试卷与答案勘误.md,302,35,4,11,"2,4,4,1,5,2,3,5,6,2,1","5,9"
chemy,第40届Chemy化学奥林匹克初赛模拟2+,答案,第40届Chemy化学奥林匹克初赛模拟试题2+答案.md,1003,18,0,2,"9,9","1,2,3,4,5,6,7,8,9"
chemy,第40届chemy初赛无机模拟19,题面,第40届chemy初赛无机模拟19试题.md,292,9,0,1,9,"1,2,3,4,5,6,7,8,9"
chemy,第40届chemy初赛无机模拟19,答案,第40届chemy初赛无机模拟19答案.md,440,9,0,1,9,"1,2,3,4,5,6,7,8,9"
chemy,第40届chemy初赛有机模拟20,题面,第40届chemy初赛有机模拟20试题.md,281,7,0,1,7,"1,3,4,5,6,7,8"
chemy,第40届chemy初赛有机模拟20,答案,第40届chemy初赛有机模拟20答案.md,507,8,0,1,8,"1,2,3,4,5,6,7,8"
chemy,第40届chemy初赛有机模拟21,题面,第40届chemy初赛有机模拟21试题.md,352,8,0,1,8,"1,2,3,4,5,6,7,8"
chemy,第40届chemy初赛有机模拟21,答案,第40届chemy初赛有机模拟21答案.md,723,8,0,1,8,"1,2,3,4,5,6,7,8"
chemy,第40届chemy初赛有机模拟22,答案,第40届chemy初赛有机模拟22答案.md,707,9,0,1,9,"1,2,3,4,5,6,7,8,9"
chemy,第40届chemy初赛模拟10,题面,第40届chemy初赛模拟10试卷.md,297,8,0,1,8,"1,2,3,4,5,6,7,8"
chemy,第40届chemy初赛模拟10,答案,第40届chemy初赛模拟10答案.md,662,8,0,1,8,"1,2,3,4,5,6,7,8"
chemy,第40届chemy初赛模拟11,题面,第40届chemy初赛模拟11试卷.md,307,11,0,1,11,"1,2,3,4,5,6,7,8,9,10,11"
chemy,第40届chemy初赛模拟11,答案,第40届chemy初赛模拟11答案.md,475,11,0,1,11,"1,2,3,4,5,6,7,8,9,10,11"
chemy,第40届chemy初赛模拟12,题面,第40届chemy初赛模拟12试卷.md,369,10,0,1,10,"1,2,3,4,5,6,7,8,9,10"
chemy,第40届chemy初赛模拟12,答案,第40届chemy初赛模拟12答案.md,521,9,0,1,9,"1,2,3,4,5,7,8,9,10"
chemy,第40届chemy初赛模拟13,题面,第40届chemy初赛模拟13试题.md,413,10,0,1,10,"1,2,3,4,5,6,7,8,9,10"
chemy,第40届chemy初赛模拟13,答案,第40届chemy初赛模拟13答案.md,655,10,0,1,10,"1,2,3,4,5,6,7,8,9,10"
chemy,第40届chemy初赛模拟14,题面,第40届chemy初赛模拟14试卷.md,365,9,0,1,9,"1,2,3,4,5,6,7,8,9"
chemy,第40届chemy初赛模拟14,答案,第40届chemy初赛模拟14答案.md,746,9,0,1,9,"1,2,3,4,5,6,7,8,9"
chemy,第40届chemy初赛模拟15,题面,第40届chemy初赛模拟15试题.md,386,9,0,1,9,"1,2,3,4,5,6,7,8,9"
chemy,第40届chemy初赛模拟15,答案,第40届chemy初赛模拟15答案.md,754,9,0,1,9,"1,2,3,4,5,6,7,8,9"
chemy,第40届chemy初赛模拟16,题面,第40届chemy初赛模拟16试题.md,262,10,0,1,10,"1,2,3,4,5,6,7,8,9,10"
chemy,第40届chemy初赛模拟16,答案,第40届chemy初赛模拟16答案.md,614,10,0,1,10,"1,2,3,4,5,6,7,8,9,10"
chemy,第40届chemy初赛模拟17,题面,第40届chemy初赛模拟17试题.md,313,8,0,1,8,"1,2,3,4,5,8,9,10"
chemy,第40届chemy初赛模拟17,答案,第40届chemy初赛模拟17答案.md,531,9,0,1,9,"1,2,4,5,6,7,8,9,10"
chemy,第40届chemy初赛模拟18,题面,第40届chemy初赛模拟18试题.md,330,9,0,1,9,"1,2,3,4,5,6,7,8,9"
chemy,第40届chemy初赛模拟18,答案,第40届chemy初赛模拟18答案.md,893,9,0,1,9,"1,2,3,4,5,6,7,8,9"
chemy,第41届chemy联赛,题面,第41届chemy联赛.md,349,10,0,1,10,"1,2,3,4,5,6,7,8,9,10"
chemy,第42届Chemy联赛决赛,答案,第42届Chemy联赛决赛试题答案.md,596,9,0,1,9,"1,2,3,4,5,6,7,8,9"
chemy,第三十九届Chemy化学奥林匹克竞赛联赛5,题面,第三十九届Chemy化学奥林匹克竞赛联赛试题5.md,329,10,0,1,10,"1,2,3,4,5,6,7,8,9,10"
chemy,第三十九届Chemy化学奥林匹克竞赛联赛5,答案,第三十九届Chemy化学奥林匹克竞赛联赛试题答案5与评分标准.md,508,8,0,1,8,"1,2,3,4,5,6,7,8"
一式,一式01,题面,一式01.md,301,9,0,1,9,"1,2,3,4,5,6,7,8,9"
一式,一式01,答案,一式01答案.md,525,9,0,1,9,"1,2,3,4,5,6,7,8,9"
一式,一式02,题面,一式02.md,230,9,0,1,9,"1,2,3,4,5,6,7,8,9"
一式,一式02,答案,一式02答案.md,530,8,0,1,8,"1,2,3,4,5,6,8,9"
一式,一式03,题面,一式03.md,283,8,0,1,8,"1,2,3,4,5,6,7,8"
一式,一式03,答案,一式03答案.md,442,6,0,1,6,"1,2,5,6,7,8"
一式,一式04,题面,一式04.md,290,9,0,1,9,"1,2,3,4,5,6,7,8,9"
一式,一式04,答案,一式04答案.md,477,9,0,1,9,"1,2,3,4,5,6,7,8,9"
一式,一式05,题面,一式05.md,299,9,0,1,9,"1,2,3,4,5,6,7,8,9"
一式,一式05,答案,一式05答案.md,405,8,0,1,8,"1,2,3,4,5,6,7,9"
一式,一式06,题面,一式06.md,340,9,0,1,9,"1,2,3,4,5,6,7,8,9"
一式,一式06,答案,一式06答案.md,606,9,0,1,9,"1,2,3,4,5,6,7,8,9"
一式,一式07,题面,一式07.md,337,10,0,1,10,"1,2,3,4,5,6,7,8,9,10"
一式,一式07,答案,一式07答案.md,465,10,0,1,10,"1,2,3,4,5,6,7,8,9,10"
一式,一式08,题面,一式08.md,300,8,0,1,8,"1,2,3,4,5,6,7,8"
一式,一式08,答案,一式08答案.md,479,8,0,1,8,"1,2,3,4,5,6,7,8"
一式,一式09,题面,一式09.md,287,8,0,1,8,"1,2,3,4,5,6,7,8"
一式,一式09,答案,一式09答案.md,328,7,0,1,7,"1,2,3,4,5,6,8"
一式,一式10,题面,一式10.md,369,9,0,1,9,"1,2,3,4,5,6,7,8,9"
一式,一式10,答案,一式10答案.md,550,9,0,1,9,"1,2,3,4,5,6,7,8,9"
伽马,12.7号作业,答案,12.7号作业答案.md,304,7,0,3,"1,4,2",11
伽马,2025.11-培尖线上班L3课后题,答案,2025.11-培尖线上班L3课后题答案.md,133,0,0,0,,
伽马,2025.11-培尖线上班L4课后题,答案,2025.11-培尖线上班L4课后题答案.md,117,0,0,0,,
伽马,2026年伽马五一班模拟3,答案,2026年伽马五一班模拟试卷3讲评.md,768,40,0,32,"1,1,1,1,1,2,1,1,2,2,1,1,2,1,1,1,2,2,1,1",1
伽马,gamma晶体结构习题,题面,gamma晶体结构习题.md,435,10,0,1,10,"1,2,3,4,5,6,7,8,9,10"
伽马,五一伽马杭州1,题面,五一伽马杭州1.md,392,9,0,1,9,"1,2,3,4,5,6,7,8,9"
伽马,五一伽马杭州1,答案,五一伽马杭州答案1.md,671,9,0,1,9,"1,2,3,4,5,6,7,8,9"
伽马,五一伽马杭州2,题面,五一伽马杭州2.md,299,11,0,2,"4,7","1,2,3,4"
伽马,五一伽马杭州2,答案,五一伽马杭州答案2.md,495,10,0,1,10,"1,2,3,4,5,6,7,8,9,10"
伽马,五一伽马杭州3,题面,五一伽马杭州3.md,218,9,0,1,9,"1,2,3,4,5,6,7,8,9"
伽马,五一伽马杭州3,答案,五一伽马杭州答案3.md,381,8,0,1,8,"1,2,3,4,5,6,7,9"
伽马,五一伽马杭州3-1,答案,五一伽马杭州答案3-1.md,381,8,0,1,8,"1,2,3,4,5,6,7,9"
伽马,五一伽马杭州4,题面,五一伽马杭州4.md,401,9,0,1,9,"1,2,3,4,5,6,7,8,9"
伽马,五一伽马杭州4,答案,五一伽马杭州答案4.md,646,8,0,1,8,"1,2,4,5,6,7,8,9"
伽马,五一伽马杭州5,题面,五一伽马杭州5.md,254,10,0,2,"5,5","1,2,3,4,5"
伽马,五一伽马杭州5,答案,五一伽马杭州答案5.md,462,9,0,1,9,"1,2,3,4,5,6,7,8,9"
伽马,五一伽马杭州6,题面,五一伽马杭州6.md,371,9,0,1,9,"1,2,3,4,5,6,7,8,9"
伽马,五一伽马杭州6,答案,五一伽马杭州答案6.md,723,11,0,3,"2,8,1","1,2"
伽马,亲电加成-课后题,题面,亲电加成__课后题.md,21,0,0,0,,
伽马,亲电加成课后题,答案,亲电加成课后题答案.md,45,0,0,0,,
伽马,伽马化学2026年五一模拟1-讲稿,题面,伽马化学2026年五一模拟1-讲稿.md,842,9,0,1,9,"1,2,3,4,5,6,7,8,9"
伽马,伽马化学2026年五一模拟2-讲稿,题面,伽马化学2026年五一模拟2-讲稿.md,417,7,0,1,7,"1,2,3,4,5,6,7"
伽马,伽马化学2026年五一模拟4-讲稿,题面,伽马化学2026年五一模拟4-讲稿.md,444,6,0,1,6,"1,2,3,4,5,6"
伽马,伽马化学2026年五一模拟5-讲稿1,题面,伽马化学2026年五一模拟5-讲稿1.md,408,6,0,1,6,"1,2,3,4,5,6"
伽马,伽马化学2026年五一模拟6-讲稿,题面,伽马化学2026年五一模拟6-讲稿.md,446,6,0,1,6,"1,2,3,4,5,6"
伽马,伽马化学2026年暑期模拟1,题面,伽马化学2026年暑期模拟1.md,260,9,0,1,9,"1,2,3,4,5,6,7,8,9"
伽马,伽马化学2026年暑期模拟1,答案,伽马化学2026年暑期模拟1答案.md,527,9,0,1,9,"1,2,3,4,5,6,7,8,9"
伽马,伽马化学2026年暑期模拟10,题面,伽马化学2026年暑期模拟10.md,182,8,8,1,8,"1,2,3,4,5,6,7,8"
伽马,伽马化学2026年暑期模拟10,答案,伽马化学2026年暑期模拟10答案.md,238,8,8,1,8,"1,2,3,4,5,6,7,8"
伽马,伽马化学2026年暑期模拟2,题面,伽马化学2026年暑期模拟2.md,319,9,0,1,9,"1,2,3,4,5,6,7,8,9"
伽马,伽马化学2026年暑期模拟2,答案,伽马化学2026年暑期模拟2答案.md,539,9,0,1,9,"1,2,3,4,5,6,7,8,9"
伽马,伽马化学2026年暑期模拟3,题面,伽马化学2026年暑期模拟3.md,286,10,10,1,10,"1,2,3,4,5,6,7,8,9,10"
伽马,伽马化学2026年暑期模拟3,答案,伽马化学2026年暑期模拟3答案.md,385,0,0,0,,
伽马,伽马化学2026年暑期模拟4,题面,伽马化学2026年暑期模拟4.md,313,10,0,1,10,"1,2,3,4,5,6,7,8,9,10"
伽马,伽马化学2026年暑期模拟4,答案,伽马化学2026年暑期模拟4答案.md,506,10,0,1,10,"1,2,3,4,5,6,7,8,9,10"
伽马,伽马化学2026年暑期模拟5,题面,伽马化学2026年暑期模拟5.md,265,8,8,1,8,"1,2,3,4,5,6,7,8"
伽马,伽马化学2026年暑期模拟5,答案,伽马化学2026年暑期模拟5答案.md,166,0,0,0,,
伽马,伽马化学2026年暑期模拟6,题面,伽马化学2026年暑期模拟6.md,299,10,10,1,10,"1,2,3,4,5,6,7,8,9,10"
伽马,伽马化学2026年暑期模拟6,答案,伽马化学2026年暑期模拟6答案.md,303,0,0,0,,
伽马,伽马化学2026年暑期模拟7,题面,伽马化学2026年暑期模拟7.md,280,10,9,1,10,"1,2,3,4,5,6,7,8,9,10"
伽马,伽马化学2026年暑期模拟7,答案,伽马化学2026年暑期模拟7答案.md,314,0,0,0,,
伽马,伽马化学2026年暑期模拟8,题面,伽马化学2026年暑期模拟8.md,234,9,7,1,9,"1,2,3,4,5,6,7,8,9"
伽马,伽马化学2026年暑期模拟9,题面,伽马化学2026年暑期模拟9.md,287,10,10,1,10,"1,2,3,4,5,6,7,8,9,10"
伽马,伽马化学2026年暑期模拟9,答案,伽马化学2026年暑期模拟9答案.md,405,10,10,1,10,"1,2,3,4,5,6,7,8,9,10"
伽马,作业1,题面,作业1.md,292,7,0,3,"1,4,2",11
伽马,作业2,答案,作业2及答案.md,357,10,1,2,"4,6","1,2,3,9"
伽马,无机化学一-课后习题11.9,题面,无机化学一_课后习题11.9.md,203,4,0,2,"1,3",1
伽马,晶体题,答案,晶体题答案.md,198,0,0,0,,
伽马,有机作业L6,题面,有机作业L6.md,136,9,6,4,"2,3,2,2","1,9"
伽马,有机化学一-课后习题Ans11.9,题面,有机化学一_课后习题Ans11.9.md,123,0,0,0,,
伽马,第二周,答案,第二周答案.md,43,1,0,1,1,1
伽马,第四周,答案,第四周答案.md,159,1,0,1,1,1
伽马,结构专题进阶2课后作业,题面,结构专题进阶2课后作业.md,60,0,0,0,,
伽马,结构专题进阶2课后作业,答案,结构专题进阶2课后作业答案.md,130,0,0,0,,
伽马,配合物结构习题2025.12.21,题面,配合物结构习题2025.12.21.md,105,0,0,0,,
伽马,配合物结构习题版,答案,配合物结构习题答案版.md,198,1,0,1,1,5
化英社,初赛模拟7,题面,初赛模拟7试卷.md,406,6,0,1,6,"1,2,3,4,5,6"
化英社,初赛模拟7,答案,初赛模拟7答案.md,703,9,0,1,9,"1,2,3,4,5,6,7,8,9"
化英社,初赛模拟7已优化,题面,初赛模拟7试卷已优化.md,439,7,0,1,7,"1,2,3,4,5,6,7"
化英社,初赛模拟7已优化,答案,初赛模拟7答案已优化.md,724,9,0,1,9,"1,2,3,4,5,6,7,8,9"
化英社,初赛模拟9,答案,初赛模拟9答案.md,566,7,0,1,7,"1,2,3,4,5,6,7"
化英社,初赛模拟9,答案,初赛模拟9答案（清晰版）.md,557,7,0,1,7,"1,2,3,4,5,6,7"
化英社,化英社2026第40届决赛物化专题2,题面,化英社2026第40届决赛物化专题2试卷（清晰版）.md,536,7,0,1,7,"1,2,3,4,5,6,7"
化英社,化英社年后国初模拟1,题面,化英社年后国初模拟1.md,777,20,0,2,"10,10","1,2,3,4,5,6,7,8,9,10"
化英社,化英社年后国初模拟2,题面,化英社年后国初模拟2.md,636,18,0,2,"9,9","1,2,3,4,5,6,7,8,9"
化英社,化英社年后国初模拟3,题面,化英社年后国初模拟3.md,754,18,0,2,"9,9","1,2,3,4,5,6,7,8,9"
化英社,施朱鸣-计算专题,答案,施朱鸣-计算专题-讲评.md,866,8,0,1,8,"1,2,3,4,5,6,7,8"
化英社,春季-有机专题1,题面,春季-有机专题1试卷.md,478,6,0,1,6,"1,2,3,4,5,6"
化英社,春季-有机专题1已优化,题面,春季-有机专题1试卷已优化.md,474,6,0,1,6,"1,2,3,4,5,6"
化英社,春季模拟9,题面,春季模拟试题9试题.md,259,7,0,1,7,"1,2,3,4,5,6,7"
化英社,春季模拟9-清晰版,题面,春季模拟试题9试题-清晰版.md,250,7,0,1,7,"1,2,3,4,5,6,7"
化英社,第40届决赛模拟1,题面,第40届决赛模拟1（清晰版）.md,358,10,0,1,10,"1,2,3,4,5,6,7,8,9,10"
化英社,第40届决赛模拟1,答案,第40届决赛模拟1答案.md,699,10,0,1,10,"1,2,3,4,5,6,7,8,9,10"
化英社,第40届决赛模拟1已优化,答案,第40届决赛模拟1答案已优化.md,678,10,0,1,10,"1,2,3,4,5,6,7,8,9,10"
化英社,第40届决赛模拟2,答案,第40届决赛模拟试题2答案（清晰版）.md,703,9,0,1,9,"1,2,3,4,5,6,7,8,9"
化英社,第40届初赛模拟10,题面,第40届初赛模拟10（清晰版）.md,312,8,0,1,8,"1,2,3,4,6,7,8,9"
化英社,第40届初赛模拟10,答案,第40届初赛模拟试题10参考答案（清晰版）.md,552,8,0,1,8,"1,2,3,4,5,6,7,8"
化英社,第40届初赛模拟11,题面,第40届初赛模拟11（清晰版）.md,357,8,0,1,8,"1,2,3,4,5,6,7,8"
化英社,第40届初赛模拟11-清晰版,答案,第40届初赛模拟试题11答案-清晰版.md,555,8,0,1,8,"1,2,3,4,5,6,7,8"
化英社,第40届化英社化学奥林匹克决赛夏季模拟1,题面,第40届化英社化学奥林匹克决赛夏季模拟试题1.md,374,8,0,1,8,"1,2,3,4,5,6,7,8"
化英社,第40届化英社化学奥林匹克决赛夏季模拟2,题面,第40届化英社化学奥林匹克决赛夏季模拟试题2.md,694,9,0,1,9,"1,2,3,4,5,6,7,8,9"
化英社,第40届化英社化学奥林匹克决赛夏季模拟2,答案,第40届化英社化学奥林匹克决赛夏季模拟试题2参考答案.md,684,9,0,1,9,"1,2,3,4,5,6,7,8,9"
化英社,第40届化英社化学奥林匹克决赛模拟3,答案,第40届化英社化学奥林匹克决赛模拟试题3参考答案（清晰版）.md,650,9,0,1,9,"1,2,3,4,5,6,7,9,10"
化英社,第40届化英社化学奥林匹克初赛夏季初赛模拟11,答案,第40届化英社化学奥林匹克初赛夏季初赛模拟11参考答案.md,633,9,0,1,9,"1,2,3,4,5,6,7,8,9"
化英社,第40届化英社化学奥林匹克初赛夏季初赛模拟12-1,答案,第40届化英社化学奥林匹克初赛夏季初赛模拟12参考答案_1.md,444,8,0,1,8,"1,2,3,4,5,6,7,8"
化英社,第40届化英社化学奥林匹克初赛夏季初赛模拟13-1,答案,第40届化英社化学奥林匹克初赛夏季初赛模拟13参考答案_1.md,501,9,0,1,9,"1,2,3,4,5,6,7,8,9"
化英社,第40届化英社化学奥林匹克初赛夏季初赛模拟7,答案,第40届化英社化学奥林匹克初赛夏季初赛模拟7参考答案.md,497,9,0,1,9,"1,2,3,4,5,6,7,8,9"
化英社,第40届化英社化学奥林匹克初赛夏季初赛模拟8,题面,第40届化英社化学奥林匹克初赛夏季初赛模拟8.md,324,9,0,1,9,"1,2,3,4,5,6,7,8,9"
化英社,第40届化英社化学奥林匹克初赛夏季初赛模拟8,答案,第40届化英社化学奥林匹克初赛夏季初赛模拟8参考答案.md,724,10,0,2,"1,9",1
化英社,第40届化英社化学奥林匹克初赛夏季初赛模拟9,题面,第40届化英社化学奥林匹克初赛夏季初赛模拟9.md,508,7,0,1,7,"1,2,3,5,6,7,8"
化英社,第40届化英社化学奥林匹克初赛夏季初赛模拟9,答案,第40届化英社化学奥林匹克初赛夏季初赛模拟9参考答案.md,627,8,0,1,8,"1,2,3,4,5,6,7,8"
化英社,第40届化英社化学奥林匹克初赛夏季无机专题2,答案,第40届化英社化学奥林匹克初赛夏季无机专题2参考答案.md,666,7,0,1,7,"1,2,3,4,5,6,7"
化英社,第40届化英社化学奥林匹克初赛夏季有机专题1,答案,第40届化英社化学奥林匹克初赛夏季有机专题1参考答案.md,541,7,0,1,7,"1,2,3,4,5,6,8"
化英社,第40届化英社化学奥林匹克初赛夏季模拟1,答案,第40届化英社化学奥林匹克初赛夏季模拟试题1参考答案.md,429,8,0,1,8,"1,2,3,4,5,6,7,8"
化英社,第40届化英社化学奥林匹克初赛夏季模拟2,答案,第40届化英社化学奥林匹克初赛夏季模拟试题2参考答案.md,634,8,0,1,8,"1,2,4,5,6,7,8,9"
化英社,第40届化英社化学奥林匹克初赛夏季模拟3,答案,第40届化英社化学奥林匹克初赛夏季模拟试题3参考答案.md,581,9,0,1,9,"1,2,3,4,5,6,7,8,9"
化英社,第40届化英社化学奥林匹克初赛夏季模拟4,题面,第40届化英社化学奥林匹克初赛夏季模拟试题4.md,374,9,0,1,9,"1,2,3,4,5,6,7,8,9"
化英社,第40届化英社化学奥林匹克初赛夏季模拟5,题面,第40届化英社化学奥林匹克初赛夏季模拟试题5.md,293,10,0,1,10,"1,2,3,4,5,6,7,8,9,10"
化英社,第40届化英社化学奥林匹克初赛夏季模拟6,题面,第40届化英社化学奥林匹克初赛夏季模拟试题6.md,241,8,0,1,8,"1,2,3,4,5,6,7,8"
化英社,第40届化英社化学奥林匹克初赛夏季模拟6,答案,第40届化英社化学奥林匹克初赛夏季模拟试题6参考答案.md,503,7,0,1,7,"1,2,3,4,5,7,8"
化英社,第40届化英社化学奥林匹克初赛夏季结构专题,答案,第40届化英社化学奥林匹克初赛夏季结构专题参考答案.md,525,8,0,1,8,"1,2,3,4,5,6,7,8"
化英社,第40届化英社化学奥林匹克初赛模拟15,题面,第40届化英社化学奥林匹克初赛模拟试题15.md,391,8,0,1,8,"1,2,3,4,5,6,7,8"
化英社,第40届化英社化学奥林匹克初赛计算与实验,题面,第40届化英社化学奥林匹克初赛计算与实验.md,438,8,0,1,8,"1,2,3,4,5,6,7,8"
化英社,第40届化英社化学奥林匹克竞赛（初赛）夏季有机专题2,答案,第40届化英社化学奥林匹克竞赛（初赛）夏季有机专题2参考答案.md,444,9,0,1,9,"1,2,3,4,5,6,7,8,9"
化英社,第40届化英社化学奥林匹克（决赛）夏季模拟1,答案,第40届化英社化学奥林匹克（决赛）夏季模拟试题1参考答案.md,778,8,0,1,8,"1,2,3,4,5,6,7,8"
化英社,第40届化英社化学奥林匹克（决赛）模拟3,题面,第40届化英社化学奥林匹克（决赛）模拟试题3.md,351,10,0,1,10,"1,2,3,4,5,6,7,8,9,10"
化英社,第40届化英社化学奥林匹克（决赛）模拟3（清晰）,题面,第40届化英社化学奥林匹克（决赛）模拟试题3（清晰）.md,351,10,0,1,10,"1,2,3,4,5,6,7,8,9,10"
化英社,第40届化英社化学奥林匹克（初赛）夏季初赛模拟10,题面,第40届化英社化学奥林匹克（初赛）夏季初赛模拟10.md,367,10,0,1,10,"1,2,3,4,5,6,7,8,9,10"
化英社,第40届化英社化学奥林匹克（初赛）夏季初赛模拟10,答案,第40届化英社化学奥林匹克（初赛）夏季初赛模拟10参考答案.md,580,9,0,1,9,"1,2,3,4,5,6,7,9,10"
化英社,第40届化英社化学奥林匹克（初赛）夏季初赛模拟13,题面,第40届化英社化学奥林匹克（初赛）夏季初赛模拟13.md,306,9,0,1,9,"1,2,3,4,5,6,7,8,9"
化英社,第40届化英社化学奥林匹克（初赛）夏季初赛模拟2,题面,第40届化英社化学奥林匹克（初赛）夏季初赛模拟2.md,380,9,0,1,9,"1,2,3,4,5,6,7,8,9"
化英社,第40届化英社化学奥林匹克（初赛）夏季初赛模拟5,答案,第40届化英社化学奥林匹克（初赛）夏季初赛模拟5参考答案.md,583,10,0,1,10,"1,2,3,4,5,6,7,8,9,10"
化英社,第40届化英社化学奥林匹克（初赛）夏季初赛模拟7,题面,第40届化英社化学奥林匹克（初赛）夏季初赛模拟7.md,319,9,0,1,9,"1,2,3,4,5,6,7,8,9"
化英社,第40届化英社化学奥林匹克（初赛）夏季无机专题1,答案,第40届化英社化学奥林匹克（初赛）夏季无机专题1参考答案.md,500,9,0,1,9,"1,2,3,4,5,6,7,8,9"
化英社,第40届化英社化学奥林匹克（初赛）夏季模拟11,题面,第40届化英社化学奥林匹克（初赛）夏季模拟试题11.md,376,9,0,1,9,"1,2,3,4,5,6,7,8,9"
化英社,第40届化英社化学奥林匹克（初赛）夏季模拟14,答案,第40届化英社化学奥林匹克（初赛）夏季模拟14参考答案.md,622,9,0,1,9,"1,2,3,4,5,6,7,8,9"
化英社,第40届化英社化学奥林匹克（初赛）夏季模拟4,答案,第40届化英社化学奥林匹克（初赛）夏季模拟试题4参考答案.md,582,9,0,1,9,"1,2,3,4,5,6,7,8,9"
化英社,第40届化英社化学奥林匹克（初赛）春季联考1,题面,第40届化英社化学奥林匹克（初赛）春季联考1.md,287,9,0,1,9,"1,2,3,4,5,6,7,8,9"
化英社,第40届化英社化学奥林匹克（初赛）春季联考11,答案,第40届化英社化学奥林匹克（初赛）春季联考1答案1.md,474,9,0,1,9,"1,2,3,4,5,6,7,8,9"
化英社,第40届化英社化学奥林匹克（初赛）春季联考2,题面,第40届化英社化学奥林匹克（初赛）春季联考2.md,275,9,0,1,9,"1,2,3,4,5,6,7,8,9"
化英社,第40届化英社化学奥林匹克（初赛）春季联考2,答案,第40届化英社化学奥林匹克（初赛）春季联考2答案.md,434,9,0,1,9,"1,2,3,4,5,6,7,8,9"
化英社,第40届化英社化学奥林匹克（初赛）春季联考3,题面,第40届化英社化学奥林匹克（初赛）春季联考3试卷.md,354,8,0,1,8,"1,2,3,4,5,6,7,8"
化英社,第40届化英社化学奥林匹克（初赛）春季联考3,答案,第40届化英社化学奥林匹克（初赛）春季联考3答案.md,596,8,0,1,8,"1,2,3,4,5,6,7,8"
化英社,第40届化英社化学奥林匹克（初赛）春季联考4,题面,第40届化英社化学奥林匹克（初赛）春季联考4试卷.md,194,7,0,1,7,"1,2,3,4,5,6,7"
化英社,第40届化英社化学奥林匹克（初赛）春季联考4,答案,第40届化英社化学奥林匹克（初赛）春季联考4参考答案.md,405,7,0,1,7,"1,2,3,4,5,6,7"
化英社,第40届化英社化学奥林匹克（初赛）春季联考5,题面,第40届化英社化学奥林匹克（初赛）春季联考5.md,295,9,0,1,9,"1,2,3,4,5,6,7,8,9"
化英社,第40届化英社化学奥林匹克（初赛）春季联考5,答案,第40届化英社化学奥林匹克（初赛）春季联考5答案.md,493,9,0,1,9,"1,2,3,4,5,6,7,8,9"
化英社,第40届化英社化学奥林匹克（初赛）春季联考6-final,题面,第40届化英社化学奥林匹克（初赛）春季联考6-final.md,330,9,0,1,9,"1,2,3,4,5,6,7,8,9"
化英社,第40届化英社化学奥林匹克（初赛）春季联考6-final,答案,第40届化英社化学奥林匹克（初赛）春季联考6答案-final.md,510,9,0,1,9,"1,2,3,4,5,6,7,8,9"
化英社,第40届化英社化学奥林匹克（初赛）模拟13（高清版）,题面,第40届化英社化学奥林匹克（初赛）模拟试题13（高清版）.md,317,9,0,1,9,"1,2,3,4,5,6,7,8,9"
化英社,第40届化英社化学奥林匹克（初赛）模拟14,题面,第40届化英社化学奥林匹克（初赛）模拟试题14.md,456,9,0,1,9,"1,2,3,4,5,6,7,8,9"
化英社,第40届化英社化学奥林匹克（初赛）模拟15,答案,第40届化英社化学奥林匹克（初赛）模拟试题15参考答案.md,591,8,0,1,8,"1,2,3,4,5,6,7,8"
化英社,第40届化英社化学奥林匹克（初赛）计算与实验,答案,第40届化英社化学奥林匹克（初赛）计算与实验参考答案.md,734,8,0,1,8,"1,2,3,4,5,6,7,8"
化英社,第40届化英社奥林匹克（决赛）模拟2（清晰）,题面,第40届化英社奥林匹克（决赛）模拟试题2试卷（清晰）.md,386,9,0,1,9,"1,2,3,4,5,6,7,8,9"
化英社,第40届化英社奥林匹克（初赛）模拟13（清晰）,答案,第40届化英社奥林匹克（初赛）模拟试题13答案（清晰）.md,566,9,0,1,9,"1,2,3,4,5,6,7,8,9"
北京夏令营,北京夏令营-无机巩固练习一-1785409364,答案,北京夏令营-无机巩固练习一-答案1785409364.md,257,8,0,1,8,"1,2,3,4,5,6,7,8"
北京夏令营,北京夏令营-无机巩固练习一1785409334,题面,北京夏令营-无机巩固练习一1785409334.md,158,8,0,1,8,"1,2,3,4,5,6,7,8"
北京夏令营,北京夏令营-无机巩固练习三1785602414,题面,北京夏令营-无机巩固练习三1785602414.md,220,10,0,1,10,"1,2,3,4,5,6,7,8,9,10"
北京夏令营,北京夏令营-无机巩固练习二-1785491473,答案,北京夏令营-无机巩固练习二-答案1785491473.md,548,10,0,1,10,"1,2,3,4,5,6,7,8,9,10"
北京夏令营,北京夏令营-无机巩固练习二1785491436,题面,北京夏令营-无机巩固练习二1785491436.md,210,10,0,1,10,"1,2,3,4,5,6,7,8,9,10"
北京夏令营,北京夏令营-无机综合,题面,北京夏令营-无机综合.md,200,10,0,1,10,"1,2,3,4,5,6,7,8,9,10"
北京夏令营,北京夏令营-无机综合,答案,北京夏令营-无机综合-答案.md,215,10,0,1,10,"1,2,3,4,5,6,7,8,9,10"
北京夏令营,北京夏令营-有机巩固练习一,题面,北京夏令营-有机巩固练习一.md,143,6,0,1,6,"1,2,3,4,5,6"
北京夏令营,北京夏令营-有机巩固练习一,答案,北京夏令营-有机巩固练习一-答案.md,157,5,0,1,5,"1,3,4,5,6"
北京夏令营,北京夏令营-有机巩固练习三,题面,北京夏令营-有机巩固练习三.md,88,4,0,1,4,"1,2,3,4"
北京夏令营,北京夏令营-有机巩固练习三,答案,北京夏令营-有机巩固练习三-答案.md,89,4,0,1,4,"1,2,3,4"
北京夏令营,北京夏令营-有机巩固练习二,题面,北京夏令营-有机巩固练习二.md,162,5,0,1,5,"1,2,3,4,5"
北京夏令营,北京夏令营-有机巩固练习二,答案,北京夏令营-有机巩固练习二-答案.md,117,5,0,1,5,"1,2,3,4,5"
北京夏令营,北京夏令营-有机巩固练习四,题面,北京夏令营-有机巩固练习四.md,115,4,0,1,4,"1,2,3,4"
北京夏令营,北京夏令营-有机巩固练习四,答案,北京夏令营-有机巩固练习四-答案.md,125,4,0,1,4,"1,2,3,4"
北京夏令营,北京夏令营-有机综合,题面,北京夏令营-有机综合.md,331,8,0,1,8,"1,2,3,4,5,6,7,8"
北京夏令营,北京夏令营-有机综合,答案,北京夏令营-有机综合-答案.md,308,7,0,1,7,"1,2,3,5,6,7,8"
壹尖培优,20260228广州模拟测,题面,20260228广州模拟测试题.md,262,8,0,1,8,"1,2,3,4,5,6,7,8"
壹尖培优,无机专题卷1,题面,无机专题卷1.md,313,9,0,1,9,"1,2,3,4,5,6,7,8,9"
壹尖培优,无机专题卷1,答案,无机专题卷1答案.md,210,9,0,1,9,"1,2,3,4,5,6,7,8,9"
壹尖培优,无机专题卷2,题面,无机专题卷2.md,204,9,0,1,9,"1,2,3,4,5,6,7,8,9"
壹尖培优,无机专题卷2,答案,无机专题卷2答案.md,467,9,0,1,9,"1,2,3,4,5,6,7,8,9"
壹尖培优,模拟测1,题面,模拟测试卷1.md,261,6,0,1,6,"1,2,3,4,5,6"
壹尖培优,模拟测1,答案,模拟测试卷1参考答案.md,377,6,0,1,6,"1,2,3,4,5,6"
壹尖培优,模拟测2,题面,模拟测试卷2.md,455,8,0,1,8,"1,2,3,4,5,6,7,8"
壹尖培优,模拟测2,答案,模拟测试卷2答案.md,239,7,0,1,7,"1,2,3,4,5,6,7"
壹尖培优,模拟测3,题面,模拟测试卷3.md,349,9,0,1,9,"1,2,3,4,5,6,7,8,9"
壹尖培优,模拟测3,答案,模拟测试卷3参考答案.md,320,9,0,1,9,"1,2,3,4,5,6,7,8,9"
壹尖培优,第40届中国化学奥林匹克（初赛）模拟1,题面,第40届中国化学奥林匹克（初赛）模拟试题1.md,256,8,0,1,8,"1,2,3,4,5,6,7,8"
壹尖培优,第40届中国化学奥林匹克（初赛）模拟1,答案,第40届中国化学奥林匹克（初赛）模拟试题1参考答案.md,35,7,0,1,7,"1,2,3,5,6,7,8"
壹尖培优,第40届中国化学奥林匹克（初赛）模拟10,题面,第40届中国化学奥林匹克（初赛）模拟试题10.md,201,8,0,1,8,"1,2,3,4,5,6,7,8"
壹尖培优,第40届中国化学奥林匹克（初赛）模拟10,答案,第40届中国化学奥林匹克（初赛）模拟试题10参考答案.md,33,8,0,1,8,"1,2,3,4,5,6,7,8"
壹尖培优,第40届中国化学奥林匹克（初赛）模拟11,题面,第40届中国化学奥林匹克（初赛）模拟试题11.md,200,9,0,1,9,"1,2,3,4,5,6,7,8,9"
壹尖培优,第40届中国化学奥林匹克（初赛）模拟11,答案,第40届中国化学奥林匹克（初赛）模拟试题11参考答案.md,29,7,0,1,7,"1,2,3,4,5,6,9"
壹尖培优,第40届中国化学奥林匹克（初赛）模拟12,题面,第40届中国化学奥林匹克（初赛）模拟试题12.md,316,8,0,1,8,"1,2,3,4,5,6,7,8"
壹尖培优,第40届中国化学奥林匹克（初赛）模拟12,答案,第40届中国化学奥林匹克（初赛）模拟试题12参考答案.md,30,7,0,1,7,"1,2,3,4,5,6,7"
壹尖培优,第40届中国化学奥林匹克（初赛）模拟13,题面,第40届中国化学奥林匹克（初赛）模拟试题13.md,264,7,0,1,7,"1,2,3,4,5,6,7"
壹尖培优,第40届中国化学奥林匹克（初赛）模拟13,答案,第40届中国化学奥林匹克（初赛）模拟试题13参考答案.md,26,6,0,1,6,"1,2,4,5,6,7"
壹尖培优,第40届中国化学奥林匹克（初赛）模拟2,题面,第40届中国化学奥林匹克（初赛）模拟试题2.md,217,8,0,1,8,"1,2,3,4,5,6,7,8"
壹尖培优,第40届中国化学奥林匹克（初赛）模拟2,答案,第40届中国化学奥林匹克（初赛）模拟试题2参考答案.md,33,8,0,1,8,"1,2,3,4,5,6,7,8"
壹尖培优,第40届中国化学奥林匹克（初赛）模拟3,题面,第40届中国化学奥林匹克（初赛）模拟试题3.md,311,8,0,1,8,"1,2,3,4,5,6,7,8"
壹尖培优,第40届中国化学奥林匹克（初赛）模拟3,答案,第40届中国化学奥林匹克（初赛）模拟试题3参考答案.md,35,8,0,1,8,"1,2,3,4,5,6,7,8"
壹尖培优,第40届中国化学奥林匹克（初赛）模拟4,题面,第40届中国化学奥林匹克（初赛）模拟试题4.md,204,8,0,1,8,"1,2,3,4,5,6,7,8"
壹尖培优,第40届中国化学奥林匹克（初赛）模拟4,答案,第40届中国化学奥林匹克（初赛）模拟试题4参考答案.md,43,8,0,1,8,"1,2,3,4,5,6,7,8"
壹尖培优,第40届中国化学奥林匹克（初赛）模拟5,题面,第40届中国化学奥林匹克（初赛）模拟试题5.md,254,8,0,1,8,"1,2,3,4,5,6,7,8"
壹尖培优,第40届中国化学奥林匹克（初赛）模拟5,答案,第40届中国化学奥林匹克（初赛）模拟试题5答案.md,29,7,0,1,7,"1,2,3,4,5,7,8"
壹尖培优,第40届中国化学奥林匹克（初赛）模拟6,题面,第40届中国化学奥林匹克（初赛）模拟试题6.md,226,8,0,1,8,"1,2,3,4,5,6,7,8"
壹尖培优,第40届中国化学奥林匹克（初赛）模拟6,答案,第40届中国化学奥林匹克（初赛）模拟试题6答案.md,25,6,0,1,6,"1,2,3,4,6,8"
壹尖培优,第40届中国化学奥林匹克（初赛）模拟7,题面,第40届中国化学奥林匹克（初赛）模拟试题7.md,193,8,0,1,8,"1,2,3,4,5,6,7,8"
壹尖培优,第40届中国化学奥林匹克（初赛）模拟7,答案,第40届中国化学奥林匹克（初赛）模拟试题7答案.md,35,7,0,1,7,"1,3,4,5,6,7,8"
壹尖培优,第40届中国化学奥林匹克（初赛）模拟8,题面,第40届中国化学奥林匹克（初赛）模拟试题8.md,169,9,0,1,9,"1,2,3,4,5,6,7,8,9"
壹尖培优,第40届中国化学奥林匹克（初赛）模拟8,答案,第40届中国化学奥林匹克（初赛）模拟试题8答案.md,37,9,0,1,9,"1,2,3,4,5,6,7,8,9"
壹尖培优,第40届中国化学奥林匹克（初赛）模拟9,题面,第40届中国化学奥林匹克（初赛）模拟试题9.md,215,7,0,1,7,"1,2,3,4,5,6,9"
壹尖培优,第40届中国化学奥林匹克（初赛）模拟9,答案,第40届中国化学奥林匹克（初赛）模拟试题9参考答案.md,35,8,0,1,8,"1,2,3,4,5,7,8,9"
方圆,2.10习题三,答案,2.10习题三答案.md,262,6,6,1,6,"1,2,3,4,5,6"
方圆,2.10习题三,答案,2.10习题三讲评.md,223,6,6,1,6,"1,2,3,4,5,6"
方圆,2.13二,答案,2.13试卷二讲评.md,483,7,5,1,7,"1,2,3,4,5,6,9"
方圆,2.6习题一,答案,2.6习题一答案.md,308,6,0,1,6,"1,2,3,4,5,6"
方圆,2.6习题一,答案,2.6习题一解析.md,36,1,0,1,1,3
方圆,2.7习题二,答案,2.7习题二答案.md,178,6,2,1,6,"1,2,3,4,5,6"
方圆,2.9一,答案,2.9试卷一讲评.md,409,8,8,2,"1,7",1
方圆,卷一,题面,卷一.md,259,10,0,1,10,"1,2,3,4,5,6,7,8,9,10"
方圆,卷一,答案,卷一答案.md,339,9,8,1,9,"1,2,3,4,5,6,7,8,9"
方圆,卷一-1,题面,卷一-1.md,319,9,8,1,9,"1,2,3,4,5,6,7,8,9"
方圆,卷一-1,答案,卷一答案-1.md,571,10,0,1,10,"1,2,3,4,5,6,7,8,9,10"
方圆,卷三,题面,卷三.md,458,10,0,1,10,"1,2,3,4,5,6,7,8,9,10"
方圆,卷三,答案,卷三答案.md,356,0,0,0,,
方圆,卷三-1,题面,卷三-1.md,281,9,0,1,9,"1,2,3,4,5,6,7,8,9"
方圆,卷三-1,答案,卷三答案-1.md,246,9,0,1,9,"1,2,3,4,5,6,7,8,9"
方圆,卷二,题面,卷二.md,204,9,0,1,9,"1,2,3,4,5,6,7,8,9"
方圆,卷二,答案,卷二答案.md,206,9,0,1,9,"1,2,3,4,5,6,7,8,9"
方圆,卷二-1,题面,卷二-1.md,357,9,2,1,9,"1,2,3,4,5,6,7,8,9"
方圆,卷二-1,答案,卷二答案-1.md,628,9,2,1,9,"1,2,3,4,5,6,7,8,9"
方圆,无机专题一,题面,无机专题试卷一.md,213,11,11,2,"1,10",1
方圆,无机专题一,答案,答案--无机专题试卷一.md,138,9,9,1,9,"1,2,3,4,5,6,7,9,10"
方圆,无机专题二,题面,无机专题试卷二.md,140,9,7,1,9,"1,2,3,4,5,6,7,8,9"
方圆,无机专题二,答案,答案--无机专题试卷二.md,301,10,2,2,"8,2","1,2,3,4,5,6,7,8"
方圆,有机2.10日晚上习题课,题面,有机2.10日晚上习题课.md,247,8,0,4,"2,2,2,2","8,10"
方圆,有机化学测1,题面,有机化学测试题1.md,318,9,0,1,9,"1,2,3,4,5,6,7,8,9"
方圆,有机化学测1,答案,有机化学测试题1答案.md,156,7,0,1,7,"1,2,3,4,7,8,9"
方圆,有机化学测试2,答案,有机化学测试2参考答案.md,354,7,0,1,7,"1,2,3,4,7,8,9"
方圆,有机化学讲解1,题面,有机化学试卷讲解1.md,357,9,0,1,9,"1,2,3,4,5,6,7,8,9"
方圆,有机化学讲解2,题面,有机化学试卷讲解2.md,197,5,0,1,5,"3,4,7,8,9"
汇智,2.5练习题,答案,2.5练习题及答案.md,277,0,0,0,,
汇智,2.7杭州有机化学班第三天练习题,题面,2.7杭州有机化学班第三天练习题.md,284,10,0,2,"5,5","1,2,3,4,5"
汇智,2026年寒假杭州有机化学班第五天练习题,答案,2026年寒假杭州有机化学班第五天练习题及答案.md,133,0,0,0,,
汇智,2026年寒假杭州有机化学班练习5习题,答案,2026年寒假杭州有机化学班练习5习题及答案.md,301,6,2,2,"3,3","1,2,3"
汇智,2026年寒假杭州有机化学班练习题4练习题,答案,2026年寒假杭州有机化学班练习题4练习题及答案.md,133,10,0,2,"5,5","1,2,3,4,5"
汇智,260609-汇智起航2026年（暑假）全国化学初赛模拟5,题面,260609-汇智起航2026年（暑假）全国化学初赛模拟试题5试题.md,339,9,0,1,9,"1,2,3,4,5,6,7,8,9"
汇智,副本1,答案,讲评-副本1.md,524,8,0,1,8,"1,2,3,4,5,6,7,8"
汇智,卷1.,答案,卷1讲评..md,874,9,0,1,9,"1,2,3,4,5,6,7,8,9"
汇智,卷2-.,答案,卷2-讲评..md,461,7,0,1,7,"1,3,4,5,6,7,8"
汇智,卷3-.1,答案,卷3-讲评.1.md,786,9,0,1,9,"1,2,3,4,5,6,7,8,9"
汇智,改汇智起航2026年暑假（刷题班）全国化学初赛模拟卷64,题面,改汇智起航2026年暑假（刷题班）全国化学初赛模拟卷64.md,731,10,0,2,"2,8","1,2"
汇智,改：汇智起航2026年暑假（刷题班）全国化学初赛模拟卷4-version2,答案,改：汇智起航2026年暑假（刷题班）全国化学初赛模拟卷4答案-version2.md,749,9,0,2,"7,2","1,2,3,4,7,8,9"
汇智,有机化学专题初赛模拟卷1,答案,有机化学专题初赛模拟卷1试题及答案.md,602,18,0,2,"9,9","1,2,3,4,5,6,7,8,9"
汇智,汇智起航2026年五一期间有机化学初赛模拟卷14,题面,汇智起航2026年五一期间有机化学初赛模拟卷14.md,336,10,0,1,10,"1,2,3,4,5,6,7,8,9,10"
汇智,汇智起航2026年五一期间有机化学初赛模拟卷15,答案,汇智起航2026年五一期间有机化学初赛模拟卷1答案5.md,55,6,0,1,6,"2,3,4,6,9,10"
汇智,汇智起航2026年五一期间有机化学初赛模拟卷2,题面,汇智起航2026年五一期间有机化学初赛模拟卷2.md,796,18,0,2,"9,9","1,2,3,4,5,6,7,8,9"
汇智,汇智起航2026年五一期间有机化学初赛模拟卷23,答案,汇智起航2026年五一期间有机化学初赛模拟卷2答案3.md,518,9,0,1,9,"1,2,3,4,5,6,7,8,9"
汇智,汇智起航2026年寒假有机化学专题初赛模拟卷2,答案,汇智起航2026年寒假有机化学专题初赛模拟卷2及答案.md,1107,30,0,12,"10,1,2,2,2,2,2,2,2,2,2,1","1,2,3,4,5,6,7,8,9,10"
汇智,汇智起航2026年暑假（冲刺班）结构化学初赛模拟卷1-250610-sjh2211111,答案,汇智起航2026年暑假（冲刺班）结构化学初赛模拟卷1答案-250610-sjh2211111.md,393,6,0,1,6,"1,2,3,4,7,8"
汇智,汇智起航2026年（暑假）无机化学初赛模拟1,题面,汇智起航2026年（暑假）无机化学初赛模拟试题1.md,449,7,0,1,7,"1,2,3,5,6,8,9"
汇智,汇智起航五一初赛模拟1,题面,汇智起航五一初赛模拟1试卷.md,381,9,0,1,9,"1,2,3,4,5,6,7,8,9"
汇智,汇智起航五一初赛模拟1,答案,汇智起航五一初赛模拟1答案.md,673,9,0,1,9,"1,2,3,4,5,6,7,8,9"
汇智,汇智起航五一初赛模拟2,题面,汇智起航五一初赛模拟2试卷.md,449,9,0,1,9,"1,2,3,4,5,6,7,8,9"
汇智,汇智起航五一初赛模拟2,答案,汇智起航五一初赛模拟2答案.md,91,9,0,1,9,"1,2,3,4,5,6,7,8,9"
汇智,汇智起航五一初赛模拟3,题面,汇智起航五一初赛模拟3试卷.md,344,10,0,1,10,"1,2,3,4,5,6,7,8,9,10"
汇智,汇智起航五一初赛模拟3,答案,汇智起航五一初赛模拟3答案.md,144,8,0,1,8,"1,2,3,4,5,6,7,9"
汇智,汇智起航五一初赛模拟4,题面,汇智起航五一初赛模拟4试卷.md,333,10,0,2,"9,1","1,2,3,4,5,6,7,8,9"
汇智,汇智起航五一初赛模拟4,答案,汇智起航五一初赛模拟4答案.md,285,7,0,1,7,"1,2,5,6,7,8,9"
汇智,汇智起航五一初赛模拟5,题面,汇智起航五一初赛模拟5试卷.md,355,9,0,1,9,"1,2,3,4,5,6,7,8,9"
汇智,汇智起航五一初赛模拟5,答案,汇智起航五一初赛模拟5答案.md,685,9,0,1,9,"1,2,3,4,5,6,7,8,9"
汇智,汇智起航五一初赛模拟6,题面,汇智起航五一初赛模拟6试卷.md,283,9,0,1,9,"1,2,3,4,5,6,7,8,9"
汇智,汇智起航五一初赛模拟6,答案,汇智起航五一初赛模拟6答案.md,419,9,0,1,9,"1,2,3,4,5,6,7,8,9"
汇智,汇智起航五一初赛模拟7,题面,汇智起航五一初赛模拟7试卷.md,317,9,0,1,9,"1,2,3,4,5,6,7,8,9"
汇智,汇智起航五一初赛模拟7,答案,汇智起航五一初赛模拟7答案.md,381,9,0,1,9,"1,2,3,4,5,6,7,8,9"
汇智,汇智起航五一初赛模拟8,题面,汇智起航五一初赛模拟8试卷.md,245,9,1,1,9,"1,2,3,4,5,6,7,8,9"
汇智,汇智起航五一初赛模拟8,答案,汇智起航五一初赛模拟8答案.md,348,9,1,1,9,"1,2,3,4,5,6,7,8,9"
汇智,物化11,答案,物化1解析手稿1.md,446,0,0,0,,
汇智,长沙冲刺无机综合,题面,长沙冲刺无机综合.md,724,17,0,2,"9,8","1,2,3,4,5,6,7,8,9"
汇智,长沙冲刺有机1,题面,长沙冲刺有机1.md,792,19,0,2,"10,9","1,2,3,4,5,6,7,8,9,10"
汇智,长沙冲刺有机2,题面,长沙冲刺有机2.md,942,26,0,10,"9,2,2,2,2,2,2,2,2,1","1,2,3,4,5,6,7,8,9"
汇智,长沙冲刺物化1,题面,长沙冲刺物化1.md,1569,18,0,2,"9,9","1,2,3,4,5,6,7,8,9"
汇智,长沙冲刺物化2,题面,长沙冲刺物化2.md,1003,14,2,2,"7,7","1,2,3,4,5,6,7"
汇智,长沙冲刺结构,题面,长沙冲刺结构.md,573,16,0,2,"8,8","1,2,3,4,5,6,7,8"
汇智,长沙冲刺综合1,题面,长沙冲刺综合1.md,1003,18,0,2,"9,9","1,2,3,4,5,6,7,8,9"
汇智,长沙冲刺综合2,题面,长沙冲刺综合2.md,565,15,0,2,"8,7","1,2,3,4,5,6,7,8"
汇智,长沙冲刺综合3,题面,长沙冲刺综合3.md,733,18,0,2,"9,9","1,2,3,4,5,6,7,8,9"
汇智,长沙冲刺综合4,题面,长沙冲刺综合4.md,623,18,0,2,"9,9","1,2,3,4,5,6,7,8,9"
汇智,长沙冲刺综合5,题面,长沙冲刺综合5.md,760,18,0,3,"8,6,4","1,2,3,4,5,6,7,8"
汇智,长沙冲刺综合6,题面,长沙冲刺综合6.md,826,17,0,2,"9,8","1,2,3,4,5,6,7,8,9"
汇智,长沙冲刺综合7,题面,长沙冲刺综合7.md,635,16,0,2,"8,8","1,2,3,4,5,6,7,8"
汇智,长沙化学刷初赛模拟1,题面,长沙化学刷初赛模拟1.md,907,19,0,4,"2,8,2,7","1,2"
汇智,长沙化学刷初赛模拟10,题面,长沙化学刷初赛模拟10.md,1192,16,0,2,"7,9","1,4,5,6,7,8,9"
汇智,长沙化学刷初赛模拟11,题面,长沙化学刷初赛模拟11.md,1020,18,0,2,"9,9","1,2,3,4,5,6,7,8,9"
汇智,长沙化学刷初赛模拟12,题面,长沙化学刷初赛模拟12.md,639,16,0,2,"8,8","1,2,3,4,5,6,7,8"
汇智,长沙化学刷初赛模拟2,题面,长沙化学刷初赛模拟2.md,447,15,2,2,"8,7","1,2,3,4,5,6,7,8"
汇智,长沙化学刷初赛模拟3,题面,长沙化学刷初赛模拟3.md,926,20,0,2,"10,10","1,2,3,4,5,6,7,8,9,10"
汇智,长沙化学刷初赛模拟4,题面,长沙化学刷初赛模拟4.md,724,18,0,2,"9,9","1,2,3,4,5,6,7,8,9"
汇智,长沙化学刷初赛模拟5,题面,长沙化学刷初赛模拟5.md,341,9,0,1,9,"1,2,3,4,5,6,7,8,9"
汇智,长沙化学刷初赛模拟6,题面,长沙化学刷初赛模拟6.md,400,14,0,2,"8,6","1,2,3,4,5,6,7,8"
汇智,长沙化学刷初赛模拟7,题面,长沙化学刷初赛模拟7.md,738,18,0,2,"9,9","1,2,3,4,5,6,7,8,9"
汇智,长沙化学刷初赛模拟8,题面,长沙化学刷初赛模拟8.md,904,18,0,2,"9,9","1,2,3,4,5,6,7,8,9"
汇智,长沙化学刷初赛模拟9,题面,长沙化学刷初赛模拟9.md,921,15,0,2,"8,7","1,2,3,4,5,6,7,8"
清北营,2026年清北营寒假班-1,题面,2026年清北营寒假班-试卷1.md,278,10,0,1,10,"1,2,3,4,5,6,7,8,9,10"
清北营,2026年清北营寒假班-1,答案,2026年清北营寒假班-试卷1-参考答案.md,437,10,0,1,10,"1,2,3,4,5,6,7,8,9,10"
清北营,2026年清北营寒假班-2,题面,2026年清北营寒假班-试卷2.md,230,9,0,1,9,"1,2,3,4,5,6,7,8,9"
清北营,2026年清北营寒假班-2,答案,2026年清北营寒假班-试卷2-参考答案.md,380,9,0,1,9,"1,2,3,4,5,6,7,8,9"
清北营,2026年清北营寒假班-3,题面,2026年清北营寒假班-试卷3.md,299,8,0,1,8,"1,2,3,4,5,6,7,8"
清北营,2026年清北营寒假班-3,答案,2026年清北营寒假班-试卷3-参考答案.md,327,6,0,1,6,"1,2,3,5,6,7"
清北营,2026年清北营寒假班-4,题面,2026年清北营寒假班-试卷4.md,290,10,0,1,10,"1,2,3,4,5,6,7,8,9,10"
清北营,2026年清北营寒假班-4,答案,2026年清北营寒假班-试卷4-参考答案.md,449,10,0,1,10,"1,2,3,4,5,6,7,8,9,10"
清北营,2026年清北营寒假班-5,题面,2026年清北营寒假班-试卷5.md,298,9,0,1,9,"1,2,3,4,5,6,7,8,9"
清北营,2026年清北营寒假班-5,答案,2026年清北营寒假班-试卷5-参考答案.md,679,9,0,1,9,"1,2,3,4,5,6,7,8,9"
清北营,2026年清北营暑假高二班-1,题面,2026年清北营暑假高二班-试卷1.md,253,10,0,1,10,"1,2,3,4,5,6,7,8,9,10"
清北营,2026年清北营暑假高二班-1,答案,2026年清北营暑假高二班-试卷1-参考答案.md,396,9,0,1,9,"1,2,3,4,5,6,7,8,10"
清北营,2026年清北营暑假高二班-10,题面,2026年清北营暑假高二班-试卷10.md,328,9,0,1,9,"1,2,3,4,5,6,7,8,9"
清北营,2026年清北营暑假高二班-10,题面,2026年清北营暑假高二班-试卷10.md,328,9,0,1,9,"1,2,3,4,5,6,7,8,9"
清北营,2026年清北营暑假高二班-10,答案,2026年清北营暑假高二班-试卷10-参考答案.md,392,9,0,1,9,"1,2,3,4,5,6,7,8,9"
清北营,2026年清北营暑假高二班-11,题面,2026年清北营暑假高二班-试卷11.md,316,9,0,1,9,"1,2,3,4,5,6,7,8,9"
清北营,2026年清北营暑假高二班-11,答案,2026年清北营暑假高二班-试卷11-参考答案.md,561,9,0,1,9,"1,2,3,4,5,6,7,8,9"
清北营,2026年清北营暑假高二班-13,题面,2026年清北营暑假高二班-试卷13.md,323,8,0,1,8,"1,2,3,4,5,6,7,8"
清北营,2026年清北营暑假高二班-13,答案,2026年清北营暑假高二班-试卷13-参考答案.md,386,8,0,1,8,"1,2,3,4,5,6,7,8"
清北营,2026年清北营暑假高二班-13,答案,2026年清北营暑假高二班-试卷13-参考答案.md,386,8,0,1,8,"1,2,3,4,5,6,7,8"
清北营,2026年清北营暑假高二班-16,题面,2026年清北营暑假高二班-试卷16.md,388,10,0,1,10,"1,2,3,4,5,6,7,8,9,10"
清北营,2026年清北营暑假高二班-16,答案,2026年清北营暑假高二班-试卷16-参考答案.md,582,10,0,1,10,"1,2,3,4,5,6,7,8,9,10"
清北营,2026年清北营暑假高二班-17,题面,2026年清北营暑假高二班-试卷17.md,369,9,0,1,9,"1,2,3,4,5,6,7,8,9"
清北营,2026年清北营暑假高二班-17,答案,2026年清北营暑假高二班-试卷17-参考答案.md,595,9,0,1,9,"1,2,3,4,5,6,7,8,9"
清北营,2026年清北营暑假高二班-2,题面,2026年清北营暑假高二班-试卷2.md,283,9,0,1,9,"1,2,3,4,5,6,7,8,9"
清北营,2026年清北营暑假高二班-2,答案,2026年清北营暑假高二班-试卷2-参考答案.md,404,9,0,1,9,"1,2,3,4,5,6,7,8,9"
清北营,2026年清北营暑假高二班-3,题面,2026年清北营暑假高二班-试卷3.md,264,10,0,1,10,"1,2,3,4,5,6,7,8,9,10"
清北营,2026年清北营暑假高二班-3,答案,2026年清北营暑假高二班-试卷3-参考答案.md,435,10,0,1,10,"1,2,3,4,5,6,7,8,9,10"
清北营,2026年清北营暑假高二班-4,题面,2026年清北营暑假高二班-试卷4.md,309,8,0,1,8,"1,2,3,4,5,6,7,8"
清北营,2026年清北营暑假高二班-4,答案,2026年清北营暑假高二班-试卷4-参考答案.md,374,7,0,1,7,"1,2,3,4,6,7,8"
清北营,2026年清北营暑假高二班-5,题面,2026年清北营暑假高二班-试卷5.md,270,9,0,1,9,"1,2,3,4,5,6,7,8,9"
清北营,2026年清北营暑假高二班-5,答案,2026年清北营暑假高二班-试卷5-参考答案.md,409,8,0,1,8,"1,2,3,5,6,7,8,9"
清北营,2026年清北营暑假高二班-6,题面,2026年清北营暑假高二班-试卷6.md,265,10,0,1,10,"1,2,3,4,5,6,7,8,9,10"
清北营,2026年清北营暑假高二班-6,答案,2026年清北营暑假高二班-试卷6-参考答案.md,345,10,0,1,10,"1,2,3,4,5,6,7,8,9,10"
清北营,2026年清北营暑假高二班-7-有机专题,题面,2026年清北营暑假高二班-试卷7-有机专题.md,338,8,0,1,8,"1,2,3,4,5,6,7,8"
清北营,2026年清北营暑假高二班-7-有机专题,答案,2026年清北营暑假高二班-试卷7-有机专题-参考答案.md,345,8,0,1,8,"1,2,3,4,5,6,7,8"
清北营,2026年清北营暑假高二班-8,题面,2026年清北营暑假高二班-试卷8.md,235,9,0,1,9,"1,2,3,4,5,6,7,8,9"
清北营,2026年清北营暑假高二班-8,题面,2026年清北营暑假高二班-试卷8.md,235,9,0,1,9,"1,2,3,4,5,6,7,8,9"
清北营,2026年清北营暑假高二班-8,答案,2026年清北营暑假高二班-试卷8-参考答案.md,405,9,0,1,9,"1,2,3,4,5,6,7,8,9"
清北营,2026年清北营暑假高二班-9,题面,2026年清北营暑假高二班-试卷9.md,337,9,0,1,9,"1,2,3,4,5,6,7,8,9"
清北营,春季模拟1,题面,春季模拟1.md,656,18,0,2,"9,9","1,2,3,4,5,6,7,8,9"
清北营,春季模拟10,题面,春季模拟10.md,900,12,0,2,"6,6","1,2,3,4,5,6"
清北营,春季模拟11,题面,春季模拟11.md,851,18,0,2,"9,9","1,2,3,4,5,6,7,8,9"
清北营,春季模拟12,题面,春季模拟12.md,611,19,0,2,"10,9","1,2,3,4,5,6,7,8,9,10"
清北营,春季模拟2,题面,春季模拟2.md,509,18,0,2,"9,9","1,2,3,4,5,6,7,8,9"
清北营,春季模拟3,题面,春季模拟3.md,522,20,0,2,"10,10","1,2,3,4,5,6,7,8,9,10"
清北营,春季模拟4,题面,春季模拟4.md,473,16,0,2,"9,7","1,2,3,4,5,6,7,8,9"
清北营,春季模拟5,题面,春季模拟5.md,661,20,0,2,"10,10","1,2,3,4,5,6,7,8,9,10"
清北营,春季模拟6,题面,春季模拟6.md,760,18,0,2,"9,9","1,2,3,4,5,6,7,8,9"
清北营,春季模拟7,题面,春季模拟7.md,632,18,0,2,"9,9","1,2,3,4,5,6,7,8,9"
清北营,春季模拟8,题面,春季模拟8.md,651,19,0,2,"10,9","1,2,3,4,5,6,7,8,9,10"
清北营,春季模拟9,题面,春季模拟9.md,550,14,0,2,"7,7","1,2,3,4,5,6,7"
清北营,清北营2026年物化专题班1,题面,清北营2026年物化专题班试卷1.md,268,8,0,1,8,"1,2,3,4,5,6,7,8"
清北营,清北营2026年物化专题班1,答案,清北营2026年物化专题班试卷1答案.md,410,8,0,1,8,"1,2,3,4,5,6,7,8"
清北营,清北营2026年物化专题班2,题面,清北营2026年物化专题班试卷2.md,142,8,0,1,8,"1,2,3,4,5,6,7,8"
清北营,清北营2026年物化专题班2,答案,清北营2026年物化专题班试卷2答案.md,307,8,0,1,8,"1,2,3,4,5,6,7,8"
质心GChO,ZCHEM-GChO1,题面,ZCHEM-GChO1试题.md,232,9,0,1,9,"1,2,3,4,5,6,7,8,9"
质心GChO,ZCHEM-GChO1,答案,ZCHEM-GChO1参考答案与评分标准.md,255,9,0,1,9,"1,2,3,4,5,6,7,8,9"
质心GChO,ZCHEM-GChO10,题面,ZCHEM-GChO10试题（线下营）.md,150,10,0,1,10,"1,2,3,4,5,6,7,8,9,10"
质心GChO,ZCHEM-GChO10,答案,ZCHEM-GChO10解析手稿.md,387,8,0,1,8,"1,2,4,5,6,7,8,10"
质心GChO,ZCHEM-GChO11,题面,ZCHEM-GChO11试题（线下营）.md,199,9,0,1,9,"1,2,3,4,5,6,7,8,9"
质心GChO,ZCHEM-GChO11,答案,ZCHEM-GChO11解析手稿.md,394,7,0,2,"4,3","1,2,3,4"
质心GChO,ZCHEM-GChO12,题面,ZCHEM-GChO12试题.md,208,9,0,1,9,"1,2,3,4,5,6,7,8,9"
质心GChO,ZCHEM-GChO12,答案,ZCHEM-GChO12参考答案与评分标准.md,434,9,0,1,9,"1,2,3,4,5,6,7,8,9"
质心GChO,ZCHEM-GChO13,题面,ZCHEM-GChO13试题.md,187,9,0,1,9,"1,2,3,4,5,6,7,8,9"
质心GChO,ZCHEM-GChO13,答案,ZCHEM-GChO13解析手稿.md,657,6,0,1,6,"1,2,4,6,8,9"
质心GChO,ZCHEM-GChO14,题面,ZCHEM-GChO14试题.md,226,10,0,1,10,"1,2,3,4,5,6,7,8,9,10"
质心GChO,ZCHEM-GChO15,题面,ZCHEM-GChO15试题（线下营）.md,194,10,0,1,10,"1,2,3,4,5,6,7,8,9,10"
质心GChO,ZCHEM-GChO15,答案,ZCHEM-GChO15解析手稿.md,509,6,0,1,6,"1,2,4,5,6,7"
质心GChO,ZCHEM-GChO16,题面,ZCHEM-GChO16试题（线下营）.md,159,9,0,1,9,"1,2,3,4,5,6,7,8,9"
质心GChO,ZCHEM-GChO16,答案,ZCHEM-GChO16解析手稿.md,483,7,0,1,7,"1,2,3,5,6,7,9"
质心GChO,ZCHEM-GChO17,题面,ZCHEM-GChO17试题（线下营）.md,148,10,0,1,10,"1,2,3,4,5,6,7,8,9,10"
质心GChO,ZCHEM-GChO17,答案,ZCHEM-GChO17解析手稿.md,609,8,0,1,8,"1,3,4,5,6,7,8,10"
质心GChO,ZCHEM-GChO18,题面,ZCHEM-GChO18试题（线下营）.md,172,9,0,1,9,"1,2,3,4,5,6,7,8,9"
质心GChO,ZCHEM-GChO18,答案,ZCHEM-GChO18解析手稿.md,355,7,0,1,7,"1,2,3,4,6,7,9"
质心GChO,ZCHEM-GChO19,题面,ZCHEM-GChO19试题（线下营）.md,202,10,0,1,10,"1,2,3,4,5,6,7,8,9,10"
质心GChO,ZCHEM-GChO19,答案,ZCHEM-GChO19解析手稿.md,343,9,0,2,"1,8",9
质心GChO,ZCHEM-GChO2,题面,ZCHEM-GChO2试题.md,253,9,0,1,9,"1,2,3,4,5,6,7,8,9"
质心GChO,ZCHEM-GChO2,答案,ZCHEM-GChO2解析手稿.md,494,5,0,1,5,"3,5,6,8,9"
质心GChO,ZCHEM-GChO20,题面,ZCHEM-GChO20试题（线下营）.md,176,9,0,1,9,"1,2,3,4,5,6,7,8,9"
质心GChO,ZCHEM-GChO20,答案,ZCHEM-GChO20解析手稿.md,479,10,0,3,"3,4,3","1,2,3"
质心GChO,ZCHEM-GChO21,题面,ZCHEM-GChO21试题（线下营）.md,188,10,0,1,10,"1,2,3,4,5,6,7,8,9,10"
质心GChO,ZCHEM-GChO21,答案,ZCHEM-GChO21解析手稿.md,734,9,0,3,"1,2,6",1
质心GChO,ZCHEM-GChO22,题面,ZCHEM-GChO22试题（线下营）.md,147,10,0,1,10,"1,2,3,4,5,6,7,8,9,10"
质心GChO,ZCHEM-GChO22,答案,ZCHEM-GChO22解析手稿.md,499,9,0,2,"7,2","1,2,4,5,6,7,8"
质心GChO,ZCHEM-GChO23,题面,ZCHEM-GChO23试题（线下营）.md,219,10,0,1,10,"1,2,3,4,5,6,7,8,9,10"
质心GChO,ZCHEM-GChO23,答案,ZCHEM-GChO23解析手稿.md,599,10,0,2,"7,3","1,2,3,4,5,6,7"
质心GChO,ZCHEM-GChO24,题面,ZCHEM-GChO24试题（线下营）.md,173,10,0,1,10,"1,2,3,4,5,6,7,8,9,10"
质心GChO,ZCHEM-GChO24,答案,ZCHEM-GChO24解析手稿.md,505,10,0,2,"7,3","1,2,3,4,5,6,7"
质心GChO,ZCHEM-GChO25,题面,ZCHEM-GChO25试题（线下营）.md,201,9,0,1,9,"1,2,3,4,5,6,7,8,9"
质心GChO,ZCHEM-GChO25,答案,ZCHEM-GChO25解析手稿.md,457,8,0,2,"3,5","1,2,3"
质心GChO,ZCHEM-GChO26,题面,ZCHEM-GChO26试题（线下营）.md,274,10,0,2,"8,2","1,2,3,4,5,6,7,10"
质心GChO,ZCHEM-GChO26,答案,ZCHEM-GChO26解析手稿.md,374,8,0,1,8,"1,2,3,4,5,6,7,8"
质心GChO,ZCHEM-GChO27,题面,ZCHEM-GChO27试题.md,193,9,0,1,9,"1,2,3,4,5,6,7,8,9"
质心GChO,ZCHEM-GChO27,答案,ZCHEM-GChO27参考答案与评分标准.md,245,9,0,1,9,"1,2,3,4,5,6,7,8,9"
质心GChO,ZCHEM-GChO28,题面,ZCHEM-GChO28试题.md,258,9,0,1,9,"1,2,3,4,5,6,7,8,9"
质心GChO,ZCHEM-GChO28,答案,ZCHEM-GChO28参考答案与评分标准.md,599,9,0,1,9,"1,2,3,4,5,6,7,8,9"
质心GChO,ZCHEM-GChO29,题面,ZCHEM-GChO29试题.md,194,9,0,1,9,"1,2,3,4,5,6,7,8,9"
质心GChO,ZCHEM-GChO29,答案,ZCHEM-GChO29解析手稿.md,491,8,0,1,8,"1,2,3,4,5,6,7,8"
质心GChO,ZCHEM-GChO3,题面,ZCHEM-GChO3试题.md,179,9,0,1,9,"1,2,3,4,5,6,7,8,9"
质心GChO,ZCHEM-GChO3,答案,ZCHEM-GChO3参考答案与评分标准.md,330,9,0,1,9,"1,2,3,4,5,6,7,8,9"
质心GChO,ZCHEM-GChO30,题面,ZCHEM-GChO30试题.md,260,8,0,1,8,"1,2,3,4,5,6,7,8"
质心GChO,ZCHEM-GChO30,答案,ZCHEM-GChO30参考答案与评分标准.md,587,8,0,1,8,"1,2,3,4,5,6,7,8"
质心GChO,ZCHEM-GChO31,题面,ZCHEM-GChO31试题.md,216,9,0,1,9,"1,2,3,4,5,6,7,8,9"
质心GChO,ZCHEM-GChO31,答案,ZCHEM-GChO31参考答案与评分标准.md,428,9,0,1,9,"1,2,3,4,5,6,7,8,9"
质心GChO,ZCHEM-GChO32,题面,ZCHEM-GChO32试题.md,167,10,0,1,10,"1,2,3,4,5,6,7,8,9,10"
质心GChO,ZCHEM-GChO32,答案,ZCHEM-GChO32参考答案与评分标准.md,456,9,0,1,9,"1,2,3,4,5,7,8,9,10"
质心GChO,ZCHEM-GChO33,题面,ZCHEM-GChO33试题.md,220,9,0,1,9,"1,2,3,4,5,6,7,8,9"
质心GChO,ZCHEM-GChO33,答案,ZCHEM-GChO33解析手稿.md,632,9,0,1,9,"1,2,3,4,5,6,7,8,9"
质心GChO,ZCHEM-GChO34,题面,ZCHEM-GChO34试题.md,188,9,0,1,9,"1,2,3,4,5,6,7,8,9"
质心GChO,ZCHEM-GChO34,答案,ZCHEM-GChO34解析手稿.md,266,6,0,1,6,"1,2,5,6,7,8"
质心GChO,ZCHEM-GChO35,题面,ZCHEM-GChO35试题.md,202,9,0,1,9,"1,2,3,4,5,6,7,8,9"
质心GChO,ZCHEM-GChO35,答案,ZCHEM-GChO35解析手稿.md,679,8,0,1,8,"1,2,3,4,6,7,8,9"
质心GChO,ZCHEM-GChO36,题面,ZCHEM-GChO36试题.md,211,9,0,1,9,"1,2,3,4,5,6,7,8,9"
质心GChO,ZCHEM-GChO36,答案,ZCHEM-GChO36解析手稿.md,499,7,0,1,7,"1,2,4,5,7,8,9"
质心GChO,ZCHEM-GChO37,题面,ZCHEM-GChO37试题.md,205,9,0,1,9,"1,2,3,4,5,6,7,8,9"
质心GChO,ZCHEM-GChO37,答案,ZCHEM-GChO37解析手稿.md,474,6,0,1,6,"1,2,4,6,7,9"
质心GChO,ZCHEM-GChO38,题面,ZCHEM-GChO38试题.md,226,9,0,2,"7,2","1,2,3,4,5,6,7"
质心GChO,ZCHEM-GChO38,答案,ZCHEM-GChO38解析手稿.md,386,7,0,1,7,"1,2,3,4,5,6,9"
质心GChO,ZCHEM-GChO39,题面,ZCHEM-GChO39试题.md,306,9,0,1,9,"1,2,3,4,5,6,7,8,9"
质心GChO,ZCHEM-GChO39,答案,ZCHEM-GChO39解析手稿.md,463,6,0,1,6,"1,2,4,6,8,9"
质心GChO,ZCHEM-GChO4,题面,ZCHEM-GChO4试题.md,194,9,0,1,9,"1,2,3,4,5,6,7,8,9"
质心GChO,ZCHEM-GChO4,答案,ZCHEM-GChO4解析手稿.md,456,9,0,1,9,"1,2,3,4,5,6,7,8,9"
质心GChO,ZCHEM-GChO40,题面,ZCHEM-GChO40试题.md,210,8,0,1,8,"1,2,3,4,5,6,7,8"
质心GChO,ZCHEM-GChO40,答案,ZCHEM-GChO40解析手稿.md,585,4,0,1,4,"1,2,6,8"
质心GChO,ZCHEM-GChO41,题面,ZCHEM-GChO41试题.md,181,9,0,1,9,"1,2,3,4,5,6,7,8,9"
质心GChO,ZCHEM-GChO41,答案,ZCHEM-GChO41参考答案与评分标准.md,334,9,0,1,9,"1,2,3,4,5,6,7,8,9"
质心GChO,ZCHEM-GChO42,题面,ZCHEM-GChO42试题.md,172,9,0,1,9,"1,2,3,4,5,6,7,8,9"
质心GChO,ZCHEM-GChO42,答案,ZCHEM-GChO42参考答案与评分标准.md,377,9,0,1,9,"1,2,3,4,5,6,7,8,9"
质心GChO,ZCHEM-GChO43,题面,ZCHEM-GChO43试题（线下营）.md,200,9,0,1,9,"1,2,3,4,5,6,7,8,9"
质心GChO,ZCHEM-GChO43,答案,ZCHEM-GChO43解析手稿.md,458,6,0,1,6,"1,2,3,5,7,9"
质心GChO,ZCHEM-GChO44,题面,ZCHEM-GChO44试题（线下营）.md,247,10,0,1,10,"1,2,3,4,5,6,7,8,9,10"
质心GChO,ZCHEM-GChO44,答案,ZCHEM-GChO44解析手稿.md,430,9,0,1,9,"1,2,3,4,5,6,7,8,10"
质心GChO,ZCHEM-GChO45,题面,ZCHEM-GChO45试题.md,197,9,0,1,9,"1,2,3,4,5,6,7,8,9"
质心GChO,ZCHEM-GChO45,答案,ZCHEM-GChO45解析手稿.md,413,7,0,1,7,"1,2,3,5,7,8,9"
质心GChO,ZCHEM-GChO46,题面,ZCHEM-GChO46试题.md,145,9,0,1,9,"1,2,3,4,5,6,7,8,9"
质心GChO,ZCHEM-GChO46,答案,ZCHEM-GChO46解析手稿.md,1550,7,0,1,7,"1,2,3,4,5,6,8"
质心GChO,ZCHEM-GChO47,题面,ZCHEM-GChO47试题.md,183,9,0,1,9,"1,2,3,4,5,6,7,8,9"
质心GChO,ZCHEM-GChO47,答案,ZCHEM-GChO47参考答案与评分标准.md,377,8,0,1,8,"1,2,3,4,6,7,8,9"
质心GChO,ZCHEM-GChO48,题面,ZCHEM-GChO48试题.md,185,9,0,1,9,"1,2,3,4,5,6,7,8,9"
质心GChO,ZCHEM-GChO48,答案,ZCHEM-GChO48参考答案与评分标准.md,233,8,0,1,8,"1,2,3,4,5,6,7,8"
质心GChO,ZCHEM-GChO49,题面,ZCHEM-GChO49试题.md,169,10,0,1,10,"1,2,3,4,5,6,7,8,9,10"
质心GChO,ZCHEM-GChO49,答案,ZCHEM-GChO49解析手稿.md,497,5,0,1,5,"1,3,4,5,6"
质心GChO,ZCHEM-GChO50,题面,ZCHEM-GChO50试题.md,240,9,0,1,9,"1,2,3,4,5,6,7,8,9"
质心GChO,ZCHEM-GChO50,答案,ZCHEM-GChO50参考答案与评分标准.md,538,9,0,1,9,"1,2,3,4,5,6,7,8,9"
质心GChO,ZCHEM-GChO51,题面,ZCHEM-GChO51试题.md,172,10,0,1,10,"1,2,3,4,5,6,7,8,9,10"
质心GChO,ZCHEM-GChO51,答案,ZCHEM-GChO51参考答案和评分标准.md,473,10,0,1,10,"1,2,3,4,5,6,7,8,9,10"
质心GChO,ZCHEM-GChO52,题面,ZCHEM-GChO52试题.md,194,9,0,1,9,"1,2,3,4,5,6,7,8,9"
质心GChO,ZCHEM-GChO52,答案,ZCHEM-GChO52参考答案与评分标准.md,375,8,0,1,8,"1,2,4,5,6,7,8,9"
质心GChO,ZCHEM-GChO53,题面,ZCHEM-GChO53试题.md,217,9,0,1,9,"1,2,3,4,5,6,7,8,9"
质心GChO,ZCHEM-GChO53,答案,ZCHEM-GChO53参考答案与评分标准.md,388,9,0,1,9,"1,2,3,4,5,6,7,8,9"
质心GChO,ZCHEM-GChO54,题面,ZCHEM-GChO54试题.md,194,9,0,1,9,"1,2,3,4,5,6,7,8,9"
质心GChO,ZCHEM-GChO54,答案,ZCHEM-GChO54解析手稿.md,400,6,0,1,6,"1,2,3,4,5,8"
质心GChO,ZCHEM-GChO55,题面,ZCHEM-GChO55试题.md,182,9,0,1,9,"1,2,3,4,5,6,7,8,9"
质心GChO,ZCHEM-GChO55,答案,ZCHEM-GChO55解析手稿.md,346,6,0,1,6,"1,2,5,7,8,9"
质心GChO,ZCHEM-GChO56,题面,ZCHEM-GChO56试题.md,231,9,0,1,9,"1,2,3,4,5,6,7,8,9"
质心GChO,ZCHEM-GChO56,答案,ZCHEM-GChO56解析手稿.md,672,9,0,3,"3,3,3","1,2,4"
质心GChO,ZCHEM-GChO57,题面,ZCHEM-GChO57试题.md,242,9,0,1,9,"1,2,3,4,5,6,7,8,9"
质心GChO,ZCHEM-GChO57,答案,ZCHEM-GChO57解析手稿.md,594,6,0,1,6,"1,3,4,5,6,8"
质心GChO,ZCHEM-GChO58,题面,ZCHEM-GChO58试题.md,198,9,0,1,9,"1,2,3,4,5,6,7,8,9"
质心GChO,ZCHEM-GChO58,答案,ZCHEM-GChO58解析手稿.md,351,4,0,1,4,"1,2,3,5"
质心GChO,ZCHEM-GChO59,题面,ZCHEM-GChO59试题.md,192,9,0,1,9,"1,2,3,4,5,6,7,8,9"
质心GChO,ZCHEM-GChO59,答案,ZCHEM-GChO59解析手稿.md,592,10,0,2,"6,4","1,2,3,4,5,6"
质心GChO,ZCHEM-GChO6,题面,ZCHEM-GChO6试题（线下营）.md,4829,264,10,30,"9,9,10,10,10,9,4,4,9,9,10,10,10,9,10,9,10,9,10,10","1,2,3,4,5,6,7,8,9"
质心GChO,ZCHEM-GChO6,答案,ZCHEM-GChO6解析手稿.md,450,7,0,1,7,"1,2,4,5,6,7,8"
质心GChO,ZCHEM-GChO60,题面,ZCHEM-GChO60试题.md,270,9,0,1,9,"1,2,3,4,5,6,7,8,9"
质心GChO,ZCHEM-GChO60,答案,ZCHEM-GChO60参考答案和评分标准.md,461,9,0,1,9,"1,2,3,4,5,6,7,8,9"
质心GChO,ZCHEM-GChO61,题面,ZCHEM-GChO61试题.md,252,9,0,1,9,"1,2,3,4,5,6,7,8,9"
质心GChO,ZCHEM-GChO61,答案,ZCHEM-GChO61参考答案和评分标准.md,571,9,0,1,9,"1,2,3,4,5,6,7,8,9"
质心GChO,ZCHEM-GChO62,题面,ZCHEM-GChO62试题.md,206,9,0,1,9,"1,2,3,4,5,6,7,8,9"
质心GChO,ZCHEM-GChO62,答案,ZCHEM-GChO62参考答案与评分标准.md,465,9,0,1,9,"1,2,3,4,5,6,7,8,9"
质心GChO,ZCHEM-GChO63,题面,ZCHEM-GChO63试题.md,196,9,0,1,9,"1,2,3,4,5,6,7,8,9"
质心GChO,ZCHEM-GChO63,答案,ZCHEM-GChO63解析手稿.md,397,8,0,1,8,"1,2,3,4,5,7,8,9"
质心GChO,ZCHEM-GChO64,题面,ZCHEM-GChO64试题.md,233,9,0,1,9,"1,2,3,4,5,6,7,8,9"
质心GChO,ZCHEM-GChO64,答案,ZCHEM-GChO64解析手稿.md,561,8,0,1,8,"1,2,3,4,5,6,7,9"
质心GChO,ZCHEM-GChO65,题面,ZCHEM-GChO65试题.md,166,9,0,1,9,"1,2,3,4,5,6,7,8,9"
质心GChO,ZCHEM-GChO65,答案,ZCHEM-GChO65解析手稿.md,221,8,0,1,8,"1,2,3,4,5,6,7,8"
质心GChO,ZCHEM-GChO66,题面,ZCHEM-GChO66试题.md,170,8,0,1,8,"1,2,3,4,5,6,7,8"
质心GChO,ZCHEM-GChO66,答案,ZCHEM-GChO66解析手稿.md,377,8,0,1,8,"1,2,3,4,5,6,7,8"
质心GChO,ZCHEM-GChO67,题面,ZCHEM-GChO67试题.md,424,19,0,2,"10,9","1,2,3,4,5,6,7,8,9,10"
质心GChO,ZCHEM-GChO67,答案,ZCHEM-GChO67参考答案与评分标准.md,687,10,0,1,10,"1,2,3,4,5,6,7,8,9,10"
质心GChO,ZCHEM-GChO68,题面,ZCHEM-GChO68试题.md,237,9,0,1,9,"1,2,3,4,5,6,7,9,10"
质心GChO,ZCHEM-GChO68,答案,ZCHEM-GChO68解析手稿.md,336,9,0,1,9,"1,2,3,4,5,6,7,9,10"
质心GChO,ZCHEM-GChO69,题面,ZCHEM-GChO69试题.md,238,9,0,1,9,"1,2,3,4,5,6,7,8,9"
质心GChO,ZCHEM-GChO69,答案,ZCHEM-GChO69解析手稿.md,330,9,0,1,9,"1,2,3,4,5,6,7,8,9"
质心GChO,ZCHEM-GChO7,题面,ZCHEM-GChO7试题（线下营）.md,248,9,0,1,9,"1,2,3,4,5,6,7,8,9"
质心GChO,ZCHEM-GChO7,答案,ZCHEM-GChO7解析手稿.md,457,9,0,1,9,"1,2,3,4,5,6,7,8,9"
质心GChO,ZCHEM-GChO70,题面,ZCHEM-GChO70试题.md,260,8,0,1,8,"1,2,3,4,5,6,8,9"
质心GChO,ZCHEM-GChO70,答案,ZCHEM-GChO70解析手稿.md,473,9,0,1,9,"1,2,3,4,5,6,7,8,9"
质心GChO,ZCHEM-GChO71,题面,ZCHEM-GChO71试题.md,239,9,0,1,9,"1,2,3,4,5,6,7,8,9"
质心GChO,ZCHEM-GChO71,答案,ZCHEM-GChO71解析手稿.md,413,8,0,1,8,"1,2,3,4,5,6,7,9"
质心GChO,ZCHEM-GChO72,题面,ZCHEM-GChO72试题.md,191,9,0,1,9,"1,2,3,4,5,6,7,8,9"
质心GChO,ZCHEM-GChO72,答案,ZCHEM-GChO72解析手稿.md,350,8,0,1,8,"1,2,4,5,6,7,8,9"
质心GChO,ZCHEM-GChO73,题面,ZCHEM-GChO73试题.md,311,9,0,1,9,"1,2,3,4,5,6,7,8,9"
质心GChO,ZCHEM-GChO73,答案,ZCHEM-GChO73参考答案与评分标准.md,657,9,0,1,9,"1,2,3,4,5,6,7,8,9"
质心GChO,ZCHEM-GChO74,题面,ZCHEM-GChO74试题.md,240,9,0,1,9,"1,2,3,4,5,6,7,8,9"
质心GChO,ZCHEM-GChO74,答案,ZCHEM-GChO74参考答案与评分标准.md,617,9,0,1,9,"1,2,3,4,5,6,7,8,9"
质心GChO,ZCHEM-GChO75,题面,ZCHEM-GChO75试题.md,390,18,0,2,"9,9","1,2,3,4,5,6,7,8,9"
质心GChO,ZCHEM-GChO75,答案,ZCHEM-GChO75参考答案与评分标准.md,617,8,0,1,8,"1,2,3,4,6,7,8,9"
质心GChO,ZCHEM-GChO76,题面,ZCHEM-GChO76试题.md,204,9,0,1,9,"1,2,3,4,5,6,7,8,9"
质心GChO,ZCHEM-GChO76,答案,ZCHEM-GChO76解析手稿.md,464,9,0,1,9,"1,2,3,4,5,6,7,8,9"
质心GChO,ZCHEM-GChO77,题面,ZCHEM-GChO77试题.md,209,8,0,1,8,"1,2,3,4,5,6,7,8"
质心GChO,ZCHEM-GChO77,答案,ZCHEM-GChO77解析手稿.md,552,8,0,1,8,"1,2,3,4,5,6,7,8"
质心GChO,ZCHEM-GChO78,题面,ZCHEM-GChO78试题.md,247,9,0,1,9,"1,2,3,4,5,6,7,8,9"
质心GChO,ZCHEM-GChO78,答案,ZCHEM-GChO78解析手稿.md,401,9,0,1,9,"1,2,3,4,5,6,7,8,9"
质心GChO,ZCHEM-GChO79,题面,ZCHEM-GChO79试题.md,186,9,0,1,9,"1,2,3,4,5,6,7,8,9"
质心GChO,ZCHEM-GChO79,答案,ZCHEM-GChO79解析手稿.md,404,8,0,1,8,"1,2,3,4,6,7,8,9"
质心GChO,ZCHEM-GChO8,题面,ZCHEM-GChO8试题.md,198,10,10,1,10,"1,2,3,4,5,6,7,8,9,10"
质心GChO,ZCHEM-GChO8,答案,ZCHEM-GChO8参考答案与评分标准.md,486,10,10,1,10,"1,2,3,4,5,6,7,8,9,10"
质心GChO,ZCHEM-GChO80,题面,ZCHEM-GChO80试题.md,432,9,0,1,9,"1,2,3,4,5,6,7,8,9"
质心GChO,ZCHEM-GChO80,答案,ZCHEM-GChO80参考答案与评分标准.md,566,9,0,1,9,"1,2,3,4,5,6,7,8,9"
质心GChO,ZCHEM-GChO81,题面,ZCHEM-GChO81试题.md,453,9,0,1,9,"1,2,3,4,5,6,7,8,9"
质心GChO,ZCHEM-GChO81,答案,ZCHEM-GChO81参考答案与评分标准.md,346,8,0,1,8,"1,2,3,4,5,6,7,8"
质心GChO,ZCHEM-GChO82,题面,ZCHEM-GChO82试题.md,371,9,0,1,9,"1,2,3,4,5,6,7,8,9"
质心GChO,ZCHEM-GChO82,答案,ZCHEM-GChO82参考答案与评分标准.md,343,9,0,1,9,"1,2,3,4,5,6,7,8,9"
质心GChO,ZCHEM-GChO83,题面,ZCHEM-GChO83试题.md,420,9,0,1,9,"1,2,3,4,5,6,7,8,9"
质心GChO,ZCHEM-GChO83,答案,ZCHEM-GChO83参考答案与评分标准.md,415,9,0,1,9,"1,2,3,4,5,6,7,8,9"
质心GChO,ZCHEM-GChO9,题面,ZCHEM-GChO9试题.md,205,10,0,1,10,"1,2,3,4,5,6,7,8,9,10"
质心GChO,ZCHEM-GChO9,答案,ZCHEM-GChO9解析手稿.md,710,8,0,1,8,"1,2,3,4,6,7,9,10"
质心UChO,10thZCHEM-UChO,题面,10thZCHEM-UChO.md,440,10,0,1,10,"1,2,3,4,5,6,7,8,9,10"
质心UChO,1stZCHEM-UChO,题面,1stZCHEM-UChO.md,261,8,0,1,8,"1,2,3,4,5,6,7,8"
质心UChO,1stZCHEM-UChO,答案,1stZCHEM-UChO答案.md,540,8,0,1,8,"1,2,3,4,5,6,7,8"
质心UChO,2ndZCHEM-UChO,题面,2ndZCHEM-UChO.md,234,8,0,1,8,"1,3,4,5,6,7,8,9"
质心UChO,2ndZCHEM-UChO,答案,2ndZCHEM-UChO答案.md,608,8,0,1,8,"1,2,3,4,5,6,8,9"
质心UChO,3rdZCHEM-UChO-Tour1,题面,3rdZCHEM-UChO-Tour1.md,142,10,0,1,10,"1,2,3,4,5,6,7,8,9,10"
质心UChO,3rdZCHEM-UChO-Tour1,答案,3rdZCHEM-UChO-Tour1答案.md,347,10,0,1,10,"1,2,3,4,5,6,7,8,9,10"
质心UChO,3rdZCHEM-UChO-Tour2,题面,3rdZCHEM-UChO-Tour2.md,215,7,0,1,7,"1,2,3,4,5,6,7"
质心UChO,3rdZCHEM-UChO-Tour2,答案,3rdZCHEM-UChO-Tour2答案.md,522,7,0,1,7,"1,2,3,4,5,6,7"
质心UChO,4thZCHEM-UChO,答案,4thZCHEM-UChO答案.md,835,9,0,2,"5,4","1,2,5,6,8"
质心UChO,4thZCHEM-UChO-Tour1,题面,4thZCHEM-UChO-Tour1.md,208,8,0,1,8,"1,2,3,4,5,6,7,8"
质心UChO,4thZCHEM-UChO-Tour2,题面,4thZCHEM-UChO-Tour2.md,159,7,0,1,7,"1,2,3,4,5,6,7"
质心UChO,5thZCHEM-UChO,答案,5thZCHEM-UChO答案.md,1105,9,0,2,"4,5","1,2,3,8"
质心UChO,5thZCHEM-UChO-Tour1,题面,5thZCHEM-UChO-Tour1.md,162,8,0,1,8,"1,2,3,4,5,6,7,8"
质心UChO,5thZCHEM-UChO-Tour2,题面,5thZCHEM-UChO-Tour2.md,179,8,0,1,8,"1,2,3,4,5,6,7,8"
质心UChO,6thZCHEM-UChO-Tour1,题面,6thZCHEM-UChO-Tour1.md,169,8,0,1,8,"1,2,3,4,5,6,7,8"
质心UChO,6thZCHEM-UChO-Tour1,答案,6thZCHEM-UChO-Tour1答案.md,488,8,0,1,8,"1,2,3,4,5,6,7,8"
质心UChO,6thZCHEM-UChO-Tour2,题面,6thZCHEM-UChO-Tour2.md,214,8,0,1,8,"1,2,3,4,5,6,7,8"
质心UChO,6thZCHEM-UChO-Tour2,答案,6thZCHEM-UChO-Tour2答案.md,413,8,0,1,8,"1,2,3,4,5,6,7,8"
质心UChO,7thZCHEM-UChO-Tour1,题面,7thZCHEM-UChO-Tour1.md,180,8,0,1,8,"1,2,3,4,5,6,7,8"
质心UChO,7thZCHEM-UChO-Tour1,答案,7thZCHEM-UChO-Tour1答案.md,582,8,0,1,8,"1,2,3,4,5,6,7,8"
质心UChO,7thZCHEM-UChO-Tour2,题面,7thZCHEM-UChO-Tour2.md,194,8,0,1,8,"1,2,3,4,5,6,7,8"
质心UChO,7thZCHEM-UChO-Tour2,答案,7thZCHEM-UChO-Tour2答案.md,483,8,0,1,8,"1,2,3,4,5,6,7,8"
质心UChO,8thZCHEM-UChO-Tour1,题面,8thZCHEM-UChO-Tour1.md,286,8,0,1,8,"1,2,3,4,5,6,7,8"
质心UChO,8thZCHEM-UChO-Tour1,答案,8thZCHEM-UChO-Tour1答案.md,493,8,0,1,8,"1,2,3,4,5,6,7,8"
质心UChO,8thZCHEM-UChO-Tour2,题面,8thZCHEM-UChO-Tour2.md,266,8,0,1,8,"1,2,3,4,5,6,7,8"
质心UChO,8thZCHEM-UChO-Tour2,答案,8thZCHEM-UChO-Tour2答案.md,509,8,0,1,8,"1,2,3,4,5,6,7,8"
质心UChO,9thZCHEM-UChO-Tour1,题面,9thZCHEM-UChO-Tour1.md,346,9,0,1,9,"1,2,3,4,5,6,7,8,9"
质心UChO,9thZCHEM-UChO-Tour1,答案,9thZCHEM-UChO-Tour1答案.md,522,9,0,1,9,"1,2,3,4,5,6,7,8,9"
质心UChO,9thZCHEM-UChO-Tour2,题面,9thZCHEM-UChO-Tour2.md,368,9,0,1,9,"1,2,3,4,5,6,7,8,9"
质心UChO,9thZCHEM-UChO-Tour2,答案,9thZCHEM-UChO-Tour2答案.md,466,9,0,1,9,"1,2,3,4,5,6,7,8,9"
