机构,卡文件,题号,级别,源文件,解答字数,解答图数,处理建议
质心UChO,题-UChO-01-01-11M地壳中丰度045室温下.md,1,H-源池含解答(待人工核),5thZCHEM-UChO答案.md,20,5,人工核后补入
质心UChO,题-UChO-01-01-是一种具有特殊化学键的阳离子.md,1,M-仅题面复述,4thZCHEM-UChO答案.md,30,1,确认解答是否以图给出
质心UChO,题-UChO-01-02-为分别测定巴黎绿中及三价砷的.md,2,M-仅题面复述,4thZCHEM-UChO答案.md,115,1,确认解答是否以图给出
质心UChO,题-UChO-01-02-特殊构型一直为人们所追求譬如.md,2,H-源池含解答(待人工核),5thZCHEM-UChO答案.md,153,11,人工核后补入
质心UChO,题-UChO-01-03-19世纪一种新的元素X被发现.md,3,M-仅题面复述,4thZCHEM-UChO答案.md,285,1,确认解答是否以图给出
质心UChO,题-UChO-01-03-某金属M可以用在低熔合金和电.md,3,H-源池含解答(待人工核),5thZCHEM-UChO答案.md,505,4,人工核后补入
质心UChO,题-UChO-01-04-庚烷和224三甲基戊烷异辛烷.md,4,H-源池含解答(待人工核),4thZCHEM-UChO答案.md,91,2,人工核后补入
质心UChO,题-UChO-01-04-某晶体由ABCDE五种元素构.md,4,H-源池含解答(待人工核),5thZCHEM-UChO答案.md,373,2,人工核后补入
质心UChO,题-UChO-01-05-51通常我们认为反应的速率只.md,5,M-仅题面复述,5thZCHEM-UChO答案.md,24,1,确认解答是否以图给出
质心UChO,题-UChO-01-05-四方晶体的晶胞结构如下图所示.md,5,H-源池含解答(待人工核),4thZCHEM-UChO答案.md,38,2,人工核后补入
质心UChO,题-UChO-01-06-61计算在溴离子平衡浓度为多.md,6,H-源池含解答(待人工核),5thZCHEM-UChO答案.md,150,7,人工核后补入
质心UChO,题-UChO-01-06-水是一种常用的反应溶剂某个反.md,6,H-源池含解答(待人工核),4thZCHEM-UChO答案.md,130,3,人工核后补入
质心UChO,题-UChO-01-07-有机小分子催化剂X可催化如下.md,7,H-源池含解答(待人工核),4thZCHEM-UChO答案.md,18,5,人工核后补入
质心UChO,题-UChO-01-07-自由基以其高活性经常能实现你.md,7,H-源池含解答(待人工核),5thZCHEM-UChO答案.md,23,7,人工核后补入
质心UChO,题-UChO-01-08-五元芳香杂环是有机化学中一类.md,8,M-仅题面复述,5thZCHEM-UChO答案.md,3,1,确认解答是否以图给出
质心UChO,题-UChO-01-08-有机化合物的反应性的核心是官.md,8,H-源池含解答(待人工核),4thZCHEM-UChO答案.md,358,14,人工核后补入
质心UChO,题-UChO-02-01-11ReSPhCCPhS是第.md,1,H-源池含解答(待人工核),4thZCHEM-UChO答案.md,310,13,人工核后补入
质心UChO,题-UChO-02-01-的活化和还原一直是化学家面临.md,1,H-源池含解答(待人工核),5thZCHEM-UChO答案.md,343,3,人工核后补入
质心UChO,题-UChO-02-02-21下图是三种常见气体的分子.md,2,H-源池含解答(待人工核),4thZCHEM-UChO答案.md,25,4,人工核后补入
质心UChO,题-UChO-02-02-21现将和放入一体积为的真空.md,2,M-仅题面复述,5thZCHEM-UChO答案.md,104,1,确认解答是否以图给出
质心UChO,题-UChO-02-03-31InAuO晶体中沿c方向.md,3,H-源池含解答(待人工核),5thZCHEM-UChO答案.md,44,5,人工核后补入
质心UChO,题-UChO-02-03-31半导体高分子纳米材料可用.md,3,H-源池含解答(待人工核),4thZCHEM-UChO答案.md,3,3,人工核后补入
质心UChO,题-UChO-02-04-在晶体学中我们唱可以通过晶体.md,4,H-源池含解答(待人工核),4thZCHEM-UChO答案.md,104,3,人工核后补入
质心UChO,题-UChO-02-04-氧气分子有时在细胞内以超氧根.md,4,M-仅题面复述,5thZCHEM-UChO答案.md,68,0,确认解答是否以图给出
质心UChO,题-UChO-02-05-51用EDTA标准溶液分别滴.md,5,M-仅题面复述,4thZCHEM-UChO答案.md,35,1,确认解答是否以图给出
质心UChO,题-UChO-02-05-和以19反应可生成三种产物A.md,5,M-仅题面复述,5thZCHEM-UChO答案.md,31,1,确认解答是否以图给出
质心UChO,题-UChO-02-06-下图为一种实验室制备水合茚三.md,6,H-源池含解答(待人工核),5thZCHEM-UChO答案.md,156,9,人工核后补入
质心UChO,题-UChO-02-06-如下是一个含有手性碳的五元环.md,6,H-源池含解答(待人工核),4thZCHEM-UChO答案.md,13,7,人工核后补入
质心UChO,题-UChO-02-07-天然产物Clionastat.md,7,N-源池无答案,,0,0,无需处理（源缺）
质心UChO,题-UChO-02-07-有机小分子催化是有机合成方法.md,7,H-源池含解答(待人工核),5thZCHEM-UChO答案.md,32,4,人工核后补入
质心UChO,题-UChO-02-08-羰基位的卤化反应是有机化学中.md,8,H-源池含解答(待人工核),5thZCHEM-UChO答案.md,204,7,人工核后补入
伽马,题-GM-08-01-11卡宾具有两种形态在光谱学.md,1,H-源池含解答(待人工核),伽马化学2026年暑期模拟6.md,1176,6,人工核后补入
伽马,题-GM-08-02-COF材料即共价有机框架Co.md,2,H-源池含解答(待人工核),伽马化学2026年暑期模拟8.md,1223,2,人工核后补入
伽马,题-GM-08-03-31作为金属配合物和纳米颗粒.md,3,H-源池含解答(待人工核),伽马化学2026年暑期模拟8.md,630,3,人工核后补入
伽马,题-GM-08-04-最近来自日本的研究人员报道了.md,4,M-仅题面复述,伽马化学2026年暑期模拟8.md,278,1,确认解答是否以图给出
伽马,题-GM-08-05-本题涉及的化合物均由MN和氧.md,5,N-源池无答案,,0,0,无需处理（源缺）
伽马,题-GM-08-06-苯酚在四氮化碳溶液中溶解时分.md,6,H-源池含解答(待人工核),伽马化学2026年暑期模拟8.md,414,6,人工核后补入
伽马,题-GM-08-07-含磷有机化合物具有独特的化学.md,7,H-源池含解答(待人工核),伽马化学2026年暑期模拟8.md,383,2,人工核后补入
伽马,题-GM-08-08-硼是有机化学中新兴的热点硼具.md,8,H-源池含解答(待人工核),伽马化学2026年暑期模拟8.md,487,3,人工核后补入
伽马,题-GM-08-09-全合成TotalSynthe.md,9,N-源池无答案,,0,0,无需处理（源缺）
化英社,题-HYS-01-01-含元素M的药物早在1901年.md,1,H-源池含解答(待人工核),第40届化英社化学奥林匹克（决赛）夏季模拟试题1参考答案.md,177,5,人工核后补入
化英社,题-HYS-01-02-载有生物活性分子的碳硼簇药物.md,2,M-仅题面复述,第40届化英社化学奥林匹克（决赛）夏季模拟试题1参考答案.md,130,0,确认解答是否以图给出
化英社,题-HYS-01-03-如下展示了一种四方晶系的晶体.md,3,M-仅题面复述,第40届化英社化学奥林匹克（决赛）夏季模拟试题1参考答案.md,278,1,确认解答是否以图给出
化英社,题-HYS-01-04-tabletrtd温馨提示本.md,4,H-源池含解答(待人工核),第40届化英社化学奥林匹克（决赛）夏季模拟试题1参考答案.md,64,4,人工核后补入
化英社,题-HYS-01-05-凝胶点指的是高分子体系由可流.md,5,H-源池含解答(待人工核),第40届化英社化学奥林匹克（决赛）夏季模拟试题1参考答案.md,95,5,人工核后补入
化英社,题-HYS-01-06-61重结晶是基本的分离操作之.md,6,M-仅题面复述,第40届化英社化学奥林匹克（决赛）夏季模拟试题1参考答案.md,77,0,确认解答是否以图给出
化英社,题-HYS-01-07-仿照自然界构筑的分子的方式应.md,7,H-源池含解答(待人工核),第40届化英社化学奥林匹克（决赛）夏季模拟试题1参考答案.md,70,7,人工核后补入
化英社,题-HYS-01-08-耐甲氧西林金黄色葡萄球菌MR.md,8,H-源池含解答(待人工核),第40届化英社化学奥林匹克（决赛）夏季模拟试题1参考答案.md,150,14,人工核后补入
化英社,题-HYS-01-09-伊博加生物碱是一类主要来自热.md,9,H-源池含解答(待人工核),第40届化英社化学奥林匹克（初赛）春季联考1 答案(1).md,10,4,人工核后补入
化英社,题-HYS-03-01-M单质与稀酸反应速率较慢这可.md,1,H-源池含解答(待人工核),第40届化英社化学奥林匹克初赛夏季模拟试题3参考答案.md,48,7,人工核后补入
化英社,题-HYS-03-01-高周期过渡金属M具有很好的生.md,1,H-源池含解答(待人工核),第40届化英社化学奥林匹克决赛模拟试题3参考答案（清晰版）.md,159,8,人工核后补入
化英社,题-HYS-03-02-21聚硅氧烷是一种主链由硅氧.md,2,H-源池含解答(待人工核),第40届化英社化学奥林匹克初赛夏季模拟试题3参考答案.md,124,3,人工核后补入
化英社,题-HYS-03-02-配位化学中芳基可通过键与与金.md,2,H-源池含解答(待人工核),第40届化英社化学奥林匹克决赛模拟试题3参考答案（清晰版）.md,109,6,人工核后补入
化英社,题-HYS-03-03-31脲基嘧啶酮UPy是一类具.md,3,H-源池含解答(待人工核),第40届化英社化学奥林匹克初赛夏季模拟试题3参考答案.md,230,9,人工核后补入
化英社,题-HYS-03-04-具有多样的氟化物对于其结构我.md,4,H-源池含解答(待人工核),第40届化英社化学奥林匹克决赛模拟试题3参考答案（清晰版）.md,14,13,人工核后补入
化英社,题-HYS-03-04-甲烷单加氧酶MMO可在常温常.md,4,H-源池含解答(待人工核),第40届化英社化学奥林匹克初赛夏季模拟试题3参考答案.md,89,2,人工核后补入
化英社,题-HYS-03-05-卡诺循环是一种理想化的热力学.md,5,H-源池含解答(待人工核),第40届化英社化学奥林匹克决赛模拟试题3参考答案（清晰版）.md,155,0,人工核后补入
化英社,题-HYS-03-05-硫与铜元素可形成多种化合物它.md,5,H-源池含解答(待人工核),第40届化英社化学奥林匹克初赛夏季模拟试题3参考答案.md,57,2,人工核后补入
化英社,题-HYS-03-06-1918年Langmuir基.md,6,M-仅题面复述,第40届化英社化学奥林匹克决赛模拟试题3参考答案（清晰版）.md,111,0,确认解答是否以图给出
化英社,题-HYS-03-06-水宝宝是一种外表晶莹漂亮的凝.md,6,M-仅题面复述,第40届化英社化学奥林匹克初赛夏季模拟试题3参考答案.md,133,0,确认解答是否以图给出
化英社,题-HYS-03-07-71判断下述化合物的DL构型.md,7,H-源池含解答(待人工核),第40届化英社化学奥林匹克初赛夏季模拟试题3参考答案.md,191,15,人工核后补入
化英社,题-HYS-03-07-闭壳层和开壳层是描述分子或原.md,7,H-源池含解答(待人工核),第40届化英社化学奥林匹克决赛模拟试题3参考答案（清晰版）.md,869,10,人工核后补入
化英社,题-HYS-03-08-81薄层色谱TLC是有机合成.md,8,H-源池含解答(待人工核),第40届化英社化学奥林匹克决赛模拟试题3参考答案（清晰版）.md,59,2,人工核后补入
化英社,题-HYS-03-08-在硫属元素中硒原子较氧硫拥有.md,8,H-源池含解答(待人工核),第40届化英社化学奥林匹克初赛夏季模拟试题3参考答案.md,188,21,人工核后补入
化英社,题-HYS-03-09-91在碘存在下研究人员实现了.md,9,H-源池含解答(待人工核),第40届化英社化学奥林匹克决赛模拟试题3参考答案（清晰版）.md,27,7,人工核后补入
化英社,题-HYS-03-09-用有机强碱处理环氧乙烷可得到.md,9,H-源池含解答(待人工核),第40届化英社化学奥林匹克初赛夏季模拟试题3参考答案.md,394,19,人工核后补入
化英社,题-HYS-03-10-在有机化学中氮氧化物常以亚硝.md,10,H-源池含解答(待人工核),第40届化英社化学奥林匹克决赛模拟试题3参考答案（清晰版）.md,85,16,人工核后补入
化英社,题-HYS-04-01-非金属元素X有一段曲折的发现.md,1,H-源池含解答(待人工核),第40届化英社化学奥林匹克（初赛）夏季模拟试题4参考答案.md,20,3,人工核后补入
化英社,题-HYS-04-02-21将混合反应可以制得簇合物.md,2,H-源池含解答(待人工核),第40届化英社化学奥林匹克（初赛）夏季模拟试题4参考答案.md,156,9,人工核后补入
化英社,题-HYS-04-03-2020年研究人员发现一例特.md,3,H-源池含解答(待人工核),第40届化英社化学奥林匹克（初赛）夏季模拟试题4参考答案.md,86,10,人工核后补入
化英社,题-HYS-04-04-利用胺基溶液或固体材料捕集工.md,4,H-源池含解答(待人工核),第40届化英社化学奥林匹克（初赛）夏季模拟试题4参考答案.md,206,1,人工核后补入
化英社,题-HYS-04-05-晶系晶体按其几何形态的对称程.md,5,H-源池含解答(待人工核),第40届化英社化学奥林匹克（初赛）夏季模拟试题4参考答案.md,33,4,人工核后补入
化英社,题-HYS-04-06-多光子激发MPE具有三维荧光.md,6,H-源池含解答(待人工核),第40届化英社化学奥林匹克（初赛）夏季模拟试题4参考答案.md,71,5,人工核后补入
化英社,题-HYS-04-07-71比较下列化合物的酸性按从.md,7,H-源池含解答(待人工核),第40届化英社化学奥林匹克初赛夏季初赛模拟7参考答案.md,277,10,人工核后补入
化英社,题-HYS-04-08-81以下合成路线使用了一种含.md,8,H-源池含解答(待人工核),第40届化英社化学奥林匹克（初赛）夏季模拟试题4参考答案.md,77,8,人工核后补入
化英社,题-HYS-04-09-中国科学家开发了一种Lewi.md,9,H-源池含解答(待人工核),第40届化英社化学奥林匹克（初赛）夏季模拟试题4参考答案.md,58,10,人工核后补入
化英社,题-HYS-11-01-据统计有29种元素参与生物演.md,1,H-源池含解答(待人工核),第40届化英社化学奥林匹克初赛夏季初赛模拟11参考答案.md,53,8,人工核后补入
化英社,题-HYS-11-02-火锅是重庆人生活中不可或缺的.md,2,M-仅题面复述,第40届化英社化学奥林匹克初赛夏季初赛模拟11参考答案.md,220,1,确认解答是否以图给出
化英社,题-HYS-11-03-乙烯基聚合物具有低密度廉价与.md,3,H-源池含解答(待人工核),第40届化英社化学奥林匹克初赛夏季初赛模拟11参考答案.md,75,9,人工核后补入
化英社,题-HYS-11-04-在最新最热街机音游舞萌DX中.md,4,H-源池含解答(待人工核),第40届化英社化学奥林匹克初赛夏季初赛模拟11参考答案.md,48,2,人工核后补入
化英社,题-HYS-11-05-51S元素可以形成多硫阴离子.md,5,H-源池含解答(待人工核),第40届化英社化学奥林匹克初赛夏季初赛模拟11参考答案.md,102,4,人工核后补入
化英社,题-HYS-11-06-电子顺磁共振EPR波谱被用于.md,6,H-源池含解答(待人工核),第40届化英社化学奥林匹克初赛夏季初赛模拟11参考答案.md,195,3,人工核后补入
化英社,题-HYS-11-07-在OLED有机发光半导体OF.md,7,H-源池含解答(待人工核),第40届化英社化学奥林匹克初赛夏季初赛模拟11参考答案.md,111,8,人工核后补入
化英社,题-HYS-11-08-酶催化有机合成可以利用生物催.md,8,H-源池含解答(待人工核),第40届化英社化学奥林匹克初赛夏季初赛模拟11参考答案.md,44,12,人工核后补入
化英社,题-HYS-11-09-碳正离子是有机中最经典的活泼.md,9,H-源池含解答(待人工核),第40届化英社化学奥林匹克初赛夏季初赛模拟11参考答案.md,247,12,人工核后补入
化英社,题-HYS-13-01-炸药最早起源于我国早在宋代我.md,1,H-源池含解答(待人工核),第40届化英社化学奥林匹克初赛夏季初赛模拟13参考答案_1.md,148,5,人工核后补入
化英社,题-HYS-13-02-金属双氢配合物在光照下可以脱.md,2,H-源池含解答(待人工核),第40届化英社化学奥林匹克初赛夏季初赛模拟13参考答案_1.md,40,11,人工核后补入
化英社,题-HYS-13-03-2026年是北京大学化学与分.md,3,M-仅题面复述,第40届化英社化学奥林匹克初赛夏季初赛模拟13参考答案_1.md,159,1,确认解答是否以图给出
化英社,题-HYS-13-04-含第一过渡系金属M主族金属N.md,4,H-源池含解答(待人工核),第40届化英社化学奥林匹克初赛夏季初赛模拟13参考答案_1.md,102,3,人工核后补入
化英社,题-HYS-13-05-X是一种较为常见的过渡金属元.md,5,M-仅题面复述,第40届化英社化学奥林匹克初赛夏季初赛模拟13参考答案_1.md,110,1,确认解答是否以图给出
化英社,题-HYS-13-06-抗原与抗体的相互作用是免疫过.md,6,M-仅题面复述,第40届化英社化学奥林匹克初赛夏季初赛模拟13参考答案_1.md,46,1,确认解答是否以图给出
化英社,题-HYS-13-07-格氏反应是有机化学中最经典最.md,7,H-源池含解答(待人工核),第40届化英社化学奥林匹克初赛夏季初赛模拟13参考答案_1.md,241,3,人工核后补入
化英社,题-HYS-13-08-1887年Claisen首次.md,8,H-源池含解答(待人工核),第40届化英社化学奥林匹克初赛夏季初赛模拟13参考答案_1.md,393,12,人工核后补入
化英社,题-HYS-13-09-自由基偶联反应作为一种高效的.md,9,H-源池含解答(待人工核),第40届化英社化学奥林匹克初赛夏季初赛模拟13参考答案_1.md,129,9,人工核后补入
化英社,题-HYS-14-01-二氧化硫是葡萄酒中最常用的防.md,1,M-仅题面复述,第40届化英社化学奥林匹克（初赛）夏季模拟14参考答案.md,42,0,确认解答是否以图给出
化英社,题-HYS-14-02-电化学碳捕获ECC是减少二氧.md,2,M-仅题面复述,第40届化英社化学奥林匹克（初赛）夏季模拟14参考答案.md,83,1,确认解答是否以图给出
化英社,题-HYS-14-03-将0063g017mmol的.md,3,H-源池含解答(待人工核),第40届化英社化学奥林匹克（初赛）夏季模拟14参考答案.md,230,7,人工核后补入
化英社,题-HYS-14-04-有研究团队尝试将EuPtNi.md,4,M-仅题面复述,第40届化英社化学奥林匹克（初赛）夏季模拟14参考答案.md,110,1,确认解答是否以图给出
化英社,题-HYS-14-05-20世纪40年代中期洛杉矶首.md,5,M-仅题面复述,第40届化英社化学奥林匹克（初赛）夏季模拟14参考答案.md,60,0,确认解答是否以图给出
化英社,题-HYS-14-06-直链脂肪酸的命名简写的基本格.md,6,H-源池含解答(待人工核),第40届化英社化学奥林匹克（初赛）夏季模拟14参考答案.md,109,6,人工核后补入
化英社,题-HYS-14-07-乙酰乙酸乙酯是重要的有机合成.md,7,H-源池含解答(待人工核),第40届化英社化学奥林匹克（初赛）夏季模拟14参考答案.md,93,4,人工核后补入
化英社,题-HYS-14-08-均相金催化领域始于一项发现即.md,8,H-源池含解答(待人工核),第40届化英社化学奥林匹克（初赛）夏季模拟14参考答案.md,126,20,人工核后补入
化英社,题-HYS-14-09-在35二甲基苷色酸衍生的类萜.md,9,H-源池含解答(待人工核),第40届化英社化学奥林匹克（初赛）夏季模拟14参考答案.md,101,18,人工核后补入
化英社,题-HYS-15-01-A和B是短周期元素P最常见的.md,1,M-仅题面复述,第40届化英社化学奥林匹克（初赛）模拟试题15参考答案.md,80,1,确认解答是否以图给出
化英社,题-HYS-15-02-二氧化锰的晶型种类多达20余.md,2,H-源池含解答(待人工核),第40届化英社化学奥林匹克（初赛）模拟试题15参考答案.md,196,5,人工核后补入
化英社,题-HYS-15-03-在上一题中我们探讨了二氧化锰.md,3,M-仅题面复述,第40届化英社化学奥林匹克（初赛）模拟试题15参考答案.md,121,0,确认解答是否以图给出
化英社,题-HYS-15-04-近年来随着金属有机框架MOF.md,4,H-源池含解答(待人工核),第40届化英社化学奥林匹克（初赛）模拟试题15参考答案.md,278,9,人工核后补入
化英社,题-HYS-15-05-锂是新能源产业的关键战略资源.md,5,M-仅题面复述,第40届化英社化学奥林匹克（初赛）模拟试题15参考答案.md,97,0,确认解答是否以图给出
化英社,题-HYS-15-06-在乙烯基手套中有时会加入一种.md,6,H-源池含解答(待人工核),第40届化英社化学奥林匹克（初赛）模拟试题15参考答案.md,260,1,人工核后补入
化英社,题-HYS-15-07-由于羟基具有给电子共轭效应间.md,7,H-源池含解答(待人工核),第40届化英社化学奥林匹克（初赛）模拟试题15参考答案.md,288,20,人工核后补入
化英社,题-HYS-15-08-氟原子由于其较大的电负性具有.md,8,H-源池含解答(待人工核),第40届化英社化学奥林匹克（初赛）模拟试题15参考答案.md,167,17,人工核后补入
化英社,题-HYS-40-01-11制备最有用的制备肼的方法.md,1,M-仅题面复述,第40届化英社奥林匹克（初赛）模拟试题13答案（清晰）.md,48,1,确认解答是否以图给出
化英社,题-HYS-40-01-小酸同学特别爱做实验由于她是.md,1,H-源池含解答(待人工核),第40届化英社化学奥林匹克（初赛）计算与实验参考答案.md,159,1,人工核后补入
化英社,题-HYS-40-01-自1963年科顿提出著名的定.md,1,H-源池含解答(待人工核),第40届决赛模拟试题2答案（清晰版）.md,240,5,人工核后补入
化英社,题-HYS-40-01-高周期过渡金属M具有很好的生.md,1,H-源池含解答(待人工核),第40届化英社化学奥林匹克决赛模拟试题3参考答案（清晰版）.md,159,8,人工核后补入
化英社,题-HYS-40-02-21不可避免苦杏仁的气味让他.md,2,M-仅题面复述,第40届化英社奥林匹克（初赛）模拟试题13答案（清晰）.md,81,1,确认解答是否以图给出
化英社,题-HYS-40-02-化学是一门以实验为基础的自然.md,2,H-源池含解答(待人工核),第40届化英社化学奥林匹克（初赛）计算与实验参考答案.md,364,2,人工核后补入
化英社,题-HYS-40-02-地球化学是一门包罗万象的学科.md,2,H-源池含解答(待人工核),第40届决赛模拟试题2答案（清晰版）.md,224,0,人工核后补入
化英社,题-HYS-40-02-配位化学中芳基可通过键与与金.md,2,H-源池含解答(待人工核),第40届化英社化学奥林匹克决赛模拟试题3参考答案（清晰版）.md,117,6,人工核后补入
化英社,题-HYS-40-03-31在化学实验中经常会遇到一.md,3,H-源池含解答(待人工核),第40届化英社化学奥林匹克（初赛）计算与实验参考答案.md,428,4,人工核后补入
化英社,题-HYS-40-03-低配位超价磷物种是磷化学的研.md,3,H-源池含解答(待人工核),第40届决赛模拟试题2答案（清晰版）.md,231,14,人工核后补入
化英社,题-HYS-40-03-在半导体的催化下利用太阳能驱.md,3,H-源池含解答(待人工核),第40届化英社化学奥林匹克决赛模拟试题3参考答案（清晰版）.md,212,3,人工核后补入
化英社,题-HYS-40-03-在配合物的讨论中过渡金属经常.md,3,H-源池含解答(待人工核),第40届化英社奥林匹克（初赛）模拟试题13答案（清晰）.md,132,7,人工核后补入
化英社,题-HYS-40-04-2022年DenniaAKu.md,4,H-源池含解答(待人工核),第40届化英社奥林匹克（初赛）模拟试题13答案（清晰）.md,134,8,人工核后补入
化英社,题-HYS-40-04-一般情况下我们认为真爱的颜色.md,4,H-源池含解答(待人工核),第40届决赛模拟试题2答案（清晰版）.md,167,2,人工核后补入
化英社,题-HYS-40-04-一般的光在不同介质中传播的速.md,4,H-源池含解答(待人工核),第40届化英社化学奥林匹克（初赛）计算与实验参考答案.md,231,3,人工核后补入
化英社,题-HYS-40-04-具有多样的氟化物对于其结构我.md,4,H-源池含解答(待人工核),第40届化英社化学奥林匹克决赛模拟试题3参考答案（清晰版）.md,14,13,人工核后补入
化英社,题-HYS-40-05-卡诺循环是一种理想化的热力学.md,5,H-源池含解答(待人工核),第40届化英社化学奥林匹克决赛模拟试题3参考答案（清晰版）.md,155,0,人工核后补入
化英社,题-HYS-40-05-变压器等大型充油电力设备在运.md,5,M-仅题面复述,第40届化英社化学奥林匹克（初赛）计算与实验参考答案.md,340,1,确认解答是否以图给出
化英社,题-HYS-40-05-在17世纪初约翰史密斯船长送.md,5,H-源池含解答(待人工核),第40届化英社奥林匹克（初赛）模拟试题13答案（清晰）.md,271,2,人工核后补入
化英社,题-HYS-40-05-语言的目的是以心传心机器则通.md,5,H-源池含解答(待人工核),第40届决赛模拟试题2答案（清晰版）.md,175,3,人工核后补入
化英社,题-HYS-40-06-1918年Langmuir基.md,6,M-仅题面复述,第40届化英社化学奥林匹克决赛模拟试题3参考答案（清晰版）.md,111,0,确认解答是否以图给出
化英社,题-HYS-40-06-碳纳米环是一类独特的非平面纳.md,6,H-源池含解答(待人工核),第40届化英社奥林匹克（初赛）模拟试题13答案（清晰）.md,670,4,人工核后补入
化英社,题-HYS-40-06-葡萄糖是一种十分重要的糖类是.md,6,M-仅题面复述,第40届化英社化学奥林匹克（初赛）计算与实验参考答案.md,137,1,确认解答是否以图给出
化英社,题-HYS-40-06-魔法是想象的世界本题中我们将.md,6,M-仅题面复述,第40届决赛模拟试题2答案（清晰版）.md,66,0,确认解答是否以图给出
化英社,题-HYS-40-07-mathrm明信比尔定律Am.md,7,H-源池含解答(待人工核),第40届化英社奥林匹克（初赛）模拟试题13答案（清晰）.md,236,0,人工核后补入
化英社,题-HYS-40-07-单原子催化剂SACs通过将金.md,7,H-源池含解答(待人工核),第40届化英社化学奥林匹克（初赛）计算与实验参考答案.md,490,0,人工核后补入
化英社,题-HYS-40-07-早在1979年研究人员就报道.md,7,H-源池含解答(待人工核),第40届决赛模拟试题2答案（清晰版）.md,199,17,人工核后补入
化英社,题-HYS-40-07-闭壳层和开壳层是描述分子或原.md,7,H-源池含解答(待人工核),第40届化英社化学奥林匹克决赛模拟试题3参考答案（清晰版）.md,869,10,人工核后补入
化英社,题-HYS-40-08-2023年10月Alexan.md,8,H-源池含解答(待人工核),第40届化英社奥林匹克（初赛）模拟试题13答案（清晰）.md,99,13,人工核后补入
化英社,题-HYS-40-08-81薄层色谱TLC是有机合成.md,8,H-源池含解答(待人工核),第40届化英社化学奥林匹克决赛模拟试题3参考答案（清晰版）.md,59,2,人工核后补入
化英社,题-HYS-40-08-在2026年化英社春季班中S.md,8,H-源池含解答(待人工核),第40届决赛模拟试题2答案（清晰版）.md,69,15,人工核后补入
化英社,题-HYS-40-08-高镍层状氧化物如图是下一代高.md,8,H-源池含解答(待人工核),第40届化英社化学奥林匹克（初赛）计算与实验参考答案.md,194,1,人工核后补入
化英社,题-HYS-40-09-2025年7月埃默里大学代明.md,9,H-源池含解答(待人工核),第40届化英社奥林匹克（初赛）模拟试题13答案（清晰）.md,393,11,人工核后补入
化英社,题-HYS-40-09-91在碘存在下研究人员实现了.md,9,H-源池含解答(待人工核),第40届化英社化学奥林匹克决赛模拟试题3参考答案（清晰版）.md,27,7,人工核后补入
化英社,题-HYS-40-09-自由基有机反应的历史可以追溯.md,9,H-源池含解答(待人工核),第40届决赛模拟试题2答案（清晰版）.md,77,8,人工核后补入
化英社,题-HYS-40-10-在有机化学中氮氧化物常以亚硝.md,10,H-源池含解答(待人工核),第40届化英社化学奥林匹克决赛模拟试题3参考答案（清晰版）.md,188,16,人工核后补入
汇智,题-HZ-01-01-从古代炼丹术的神火到拉瓦锡的.md,1,H-源池含解答(待人工核),汇智起航2026年（暑假）无机化学初赛模拟试题1.md,32,6,人工核后补入
汇智,题-HZ-01-02-非过渡金属M为一种灰白色的金.md,2,H-源池含解答(待人工核),汇智起航2026年（暑假）无机化学初赛模拟试题1.md,37,6,人工核后补入
汇智,题-HZ-01-03-氮和氟都是高电负性的元素其形.md,3,N-源池无答案,,0,0,无需处理（源缺）
汇智,题-HZ-01-05-20世纪70年代可充电锂离子.md,5,M-仅题面复述,汇智起航2026年（暑假）无机化学初赛模拟试题1.md,10,1,确认解答是否以图给出
汇智,题-HZ-01-06-2024年5月8日我国第三艘.md,6,H-源池含解答(待人工核),汇智起航2026年（暑假）无机化学初赛模拟试题1.md,24,4,人工核后补入
汇智,题-HZ-01-08-SIVI2H2r04M是一种.md,8,M-仅题面复述,汇智起航2026年（暑假）无机化学初赛模拟试题1.md,10,1,确认解答是否以图给出
汇智,题-HZ-01-09-91关于晶格能下列说法正确的.md,9,H-源池含解答(待人工核),汇智起航2026年（暑假）无机化学初赛模拟试题1.md,21,2,人工核后补入
汇智,题-HZ-14-01-在药物设计中提高分子的三维立.md,1,H-源池含解答(待人工核),汇智起航2026年(五一期间)有机化学初赛模拟卷1(4).md,111,3,人工核后补入
汇智,题-HZ-14-02-在物理有机化学中构象偏好常常.md,2,H-源池含解答(待人工核),汇智起航2026年(五一期间)有机化学初赛模拟卷1(4).md,159,3,人工核后补入
汇智,题-HZ-14-03-高价碘试剂是有机反应常用的氧.md,3,H-源池含解答(待人工核),汇智起航2026年(五一期间)有机化学初赛模拟卷1(4).md,4,5,人工核后补入
汇智,题-HZ-14-04-苯炔是一种活泼的中间体在构建.md,4,H-源池含解答(待人工核),汇智起航2026年(五一期间)有机化学初赛模拟卷1(4).md,19,3,人工核后补入
汇智,题-HZ-14-05-51观察该反应给出合理的反应.md,5,H-源池含解答(待人工核),汇智起航2026年(五一期间)有机化学初赛模拟卷1(4).md,0,3,人工核后补入
汇智,题-HZ-14-06-Stevens重排是季铵盐或.md,6,H-源池含解答(待人工核),汇智起航2026年(五一期间)有机化学初赛模拟卷1(4).md,103,5,人工核后补入
汇智,题-HZ-14-07-生物活性分子中常含氮杂环结构.md,7,H-源池含解答(待人工核),汇智起航2026年(五一期间)有机化学初赛模拟卷1(4).md,10,5,人工核后补入
汇智,题-HZ-14-08-81Brnsted酸可介导1.md,8,H-源池含解答(待人工核),汇智起航2026年(五一期间)有机化学初赛模拟卷1(4).md,68,3,人工核后补入
汇智,题-HZ-14-09-91Mannich反应是典型.md,9,H-源池含解答(待人工核),汇智起航2026年(五一期间)有机化学初赛模拟卷1(4).md,29,3,人工核后补入
汇智,题-HZ-14-10-Axrightarrow2m.md,10,N-源池无答案,,0,0,无需处理（源缺）
2ChO,题-2ChO-02-01-自从1849年Frankla.md,1,N-源池无答案,,0,0,无需处理（源缺）
2ChO,题-2ChO-02-04-化合物A与在温和条件下可以生.md,4,N-源池无答案,,0,0,无需处理（源缺）
2ChO,题-2ChO-02-08-81BaeyerVillig.md,8,H-源池含解答(待人工核),第2届2ChO化学奥林匹克联考试题、答案、说明与评分细则.md,10,5,人工核后补入
2ChO,题-2ChO-02-10-101一种不带电反应中间体可.md,10,H-源池含解答(待人工核),第2届2ChO化学奥林匹克联考试题、答案、说明与评分细则.md,7,2,人工核后补入
2ChO,题-2ChO-05-05-本题的化学式要求用M表示并约.md,5,H-源池含解答(待人工核),第5届2ChO化学奥林匹克联考试题、答案、说明与评分细则_20251124版初稿.md,38,4,人工核后补入
2ChO,题-2ChO-06-10-与传统离子型环化反应相比自由.md,10,H-源池含解答(待人工核),第6届2ChO化学奥林匹克联考试题、答案、说明与评分细则_20260524版.md,0,7,人工核后补入
北京夏令营,题-BJLY-01-01-11在酸性条件下可与亚硝酸盐.md,1,N-源池无答案,,0,0,无需处理（源缺）
北京夏令营,题-BJLY-01-02-卡宾的活性高度依赖其电子状态.md,2,N-源池无答案,,0,0,无需处理（源缺）
北京夏令营,题-BJLY-01-03-元素X是用通常的物理和化学方.md,3,N-源池无答案,,0,0,无需处理（源缺）
北京夏令营,题-BJLY-01-04-人们对低价Ge的研究从未停止.md,4,N-源池无答案,,0,0,无需处理（源缺）
北京夏令营,题-BJLY-01-05-已知51计算1L100mol.md,5,N-源池无答案,,0,0,无需处理（源缺）
北京夏令营,题-BJLY-01-06-元素M的单质性质稳定室温下难.md,6,N-源池无答案,,0,0,无需处理（源缺）
北京夏令营,题-BJLY-01-07-71一种三价铝物种与足量的钾.md,7,N-源池无答案,,0,0,无需处理（源缺）
北京夏令营,题-BJLY-01-08-81K结构可描述如下正六边形.md,8,M-仅题面复述,北京夏令营-无机巩固练习一1785409334.md,43,0,确认解答是否以图给出
北京夏令营,题-BJLY-02-01-11在白色的上滴加氨水立刻变.md,1,N-源池无答案,,0,0,无需处理（源缺）
北京夏令营,题-BJLY-02-02-铬铁矿是一种重要的矿物资源主.md,2,N-源池无答案,,0,0,无需处理（源缺）
北京夏令营,题-BJLY-02-03-31已知下列原电池311先向.md,3,N-源池无答案,,0,0,无需处理（源缺）
北京夏令营,题-BJLY-02-04-硫化铅是生产铅的主要原料它被.md,4,N-源池无答案,,0,0,无需处理（源缺）
北京夏令营,题-BJLY-02-05-V有许多氧化态从而有许多不同.md,5,N-源池无答案,,0,0,无需处理（源缺）
北京夏令营,题-BJLY-02-06-1和的干燥空气中煅烧达到平衡.md,6,N-源池无答案,,0,0,无需处理（源缺）
北京夏令营,题-BJLY-02-07-在常温常压下金属锂与生成红棕.md,7,N-源池无答案,,0,0,无需处理（源缺）
北京夏令营,题-BJLY-02-08-称取与32的乙醇溶液混合然后.md,8,N-源池无答案,,0,0,无需处理（源缺）
北京夏令营,题-BJLY-02-09-某过渡金属X的单质A在生活中.md,9,N-源池无答案,,0,0,无需处理（源缺）
北京夏令营,题-BJLY-02-10-三唑是含有两个碳原子和三个氮.md,10,N-源池无答案,,0,0,无需处理（源缺）
北京夏令营,题-BJLY-03-01-11工业上常用LiH和无水反.md,1,N-源池无答案,,0,0,无需处理（源缺）
北京夏令营,题-BJLY-03-02-21五氟化砷能与许多含氟的化.md,2,N-源池无答案,,0,0,无需处理（源缺）
北京夏令营,题-BJLY-03-03-钨的氮化物因具有优异的化学机.md,3,N-源池无答案,,0,0,无需处理（源缺）
北京夏令营,题-BJLY-03-04-尖晶石结构是一种经典的晶体结.md,4,N-源池无答案,,0,0,无需处理（源缺）
北京夏令营,题-BJLY-03-05-银量法可以用于测定溶液中的甲.md,5,N-源池无答案,,0,0,无需处理（源缺）
北京夏令营,题-BJLY-03-06-通过以下方法可由二茂铁合成乙.md,6,N-源池无答案,,0,0,无需处理（源缺）
北京夏令营,题-BJLY-03-07-X是一种橙黄色液体可由对应的.md,7,N-源池无答案,,0,0,无需处理（源缺）
北京夏令营,题-BJLY-03-08-硫化氢在生物学中具有至关重要.md,8,N-源池无答案,,0,0,无需处理（源缺）
北京夏令营,题-BJLY-03-09-半导体中有两种载流子价带中的.md,9,N-源池无答案,,0,0,无需处理（源缺）
北京夏令营,题-BJLY-03-10-101在一个以碳酸钙为主要矿.md,10,N-源池无答案,,0,0,无需处理（源缺）
质心UChO,题-UChO-15-UChO-01-独居石CeLaNdThPO和.md,1,N-源池无答案,,0,0,无需处理（源缺）
质心UChO,题-UChO-15-UChO-02-尼奥斯湖位于非洲喀麦隆西北部.md,2,N-源池无答案,,0,0,无需处理（源缺）
质心UChO,题-UChO-15-UChO-03-熊大站在一棵树旁聚精会神地向.md,3,M-仅题面复述,10thZCHEM-UChO.md,42,0,确认解答是否以图给出
质心UChO,题-UChO-15-UChO-04-具有特殊光学性质的晶体一直是.md,4,N-源池无答案,,0,0,无需处理（源缺）
质心UChO,题-UChO-15-UChO-05-本题中的气体都视作理想气体5.md,5,N-源池无答案,,0,0,无需处理（源缺）
质心UChO,题-UChO-15-UChO-06-DNA是一种由核苷酸组成的长.md,6,N-源池无答案,,0,0,无需处理（源缺）
质心UChO,题-UChO-15-UChO-07-虽然不一定合理但答题时本题所.md,7,N-源池无答案,,0,0,无需处理（源缺）
质心UChO,题-UChO-15-UChO-08-Friedlnder环化是合.md,8,H-源池含解答(待人工核),6thZCHEM-UChO-Tour1答案.md,125,5,人工核后补入
质心UChO,题-UChO-15-UChO-09-重排反应是有机化学中最为神奇.md,9,N-源池无答案,,0,0,无需处理（源缺）
质心UChO,题-UChO-15-UChO-10-立体化学是有机化学学习的重点.md,10,N-源池无答案,,0,0,无需处理（源缺）
XeChem,题-XeC-01-01-二萜entkaurene家族.md,1,N-源池无答案,,0,0,无需处理（源缺）
XeChem,题-XeC-08-01-光合作用是人们最熟知的能量来.md,1,N-源池无答案,,0,0,无需处理（源缺）
XeChem,题-XeC-08-02-是一种典型的低价硅物种在Si.md,2,N-源池无答案,,0,0,无需处理（源缺）
XeChem,题-XeC-08-03-无机磷酸盐过量是水体富营养化.md,3,N-源池无答案,,0,0,无需处理（源缺）
XeChem,题-XeC-08-04-属于六方晶系Al原子层内按最.md,4,N-源池无答案,,0,0,无需处理（源缺）
XeChem,题-XeC-08-05-TEMPOHTEMPO的氧化.md,5,N-源池无答案,,0,0,无需处理（源缺）
XeChem,题-XeC-08-06-自发现以来近70年间异头碳效.md,6,N-源池无答案,,0,0,无需处理（源缺）
XeChem,题-XeC-08-07-常见的化学反应流程叙述中后处.md,7,M-仅题面复述,Xechem模拟8.md,49,0,确认解答是否以图给出
XeChem,题-XeC-08-08-TrigTrigocherr.md,8,M-仅题面复述,Xechem模拟8.md,63,0,确认解答是否以图给出
XeChem,题-XeC-09-01-氮丙啶作为一类重要的含氮杂环.md,1,H-源池含解答(待人工核),Xechem有机答案.md,120,12,人工核后补入
XeChem,题-XeC-09-02-苯炔插入反应作为有机合成领域.md,2,H-源池含解答(待人工核),Xechem有机答案.md,154,19,人工核后补入
XeChem,题-XeC-09-03-异构现象是有机化学领域中普遍.md,3,H-源池含解答(待人工核),Xechem有机答案.md,121,6,人工核后补入
XeChem,题-XeC-09-04-芳香化驱动反应以芳香化过程释.md,4,H-源池含解答(待人工核),Xechem有机答案.md,768,8,人工核后补入
XeChem,题-XeC-09-05-杂芳烃硝基苯吡啶喹啉等是有机.md,5,H-源池含解答(待人工核),Xechem有机答案.md,282,14,人工核后补入
XeChem,题-XeC-09-06-cotylenol是fusi.md,6,H-源池含解答(待人工核),Xechem有机答案.md,73,15,人工核后补入
清北营,题-QBY-04-03-氧化还原滴定作为分析化学中最.md,3,M-仅题面复述,春季模拟1.md,407,0,确认解答是否以图给出
清北营,题-QBY-04-07-71画出以下两个分子的优势构.md,7,N-源池无答案,,0,0,无需处理（源缺）
清北营,题-QBY-08-10-醛类化合物在有机合成中有重要.md,10,M-仅题面复述,春季模拟8.md,40,0,确认解答是否以图给出
清北营,题-QBY-12-10-近日上海交通大学的吴华课题组.md,10,N-源池无答案,,0,0,无需处理（源缺）
壹尖培优,题-YJ-19-01-11二元氧化物X是黄色固体常.md,1,N-源池无答案,,0,0,无需处理（源缺）
壹尖培优,题-YJ-19-02-21叠氮阴离子拥有两个等长的.md,2,N-源池无答案,,0,0,无需处理（源缺）
壹尖培优,题-YJ-19-03-理论计算表明高压下Rb可以形.md,3,N-源池无答案,,0,0,无需处理（源缺）
壹尖培优,题-YJ-19-04-AH是含金属M的一系列化合物.md,4,M-仅题面复述,20260228广州模拟测试题.md,40,0,确认解答是否以图给出
壹尖培优,题-YJ-19-05-交互式舷窗利用有机染料分子在.md,5,N-源池无答案,,0,0,无需处理（源缺）
壹尖培优,题-YJ-19-06-硼酸盐晶体是一类重要的无机化.md,6,M-仅题面复述,20260228广州模拟测试题.md,46,0,确认解答是否以图给出
壹尖培优,题-YJ-19-07-地球大气经历长时间的演变最终.md,7,N-源池无答案,,0,0,无需处理（源缺）
壹尖培优,题-YJ-19-08-81利用点击化学反应研究人员.md,8,N-源池无答案,,0,0,无需处理（源缺）
伽马,题-GM-01-01-1neatSMe2170I5.md,1,N-源池无答案,,0,0,无需处理（源缺）
伽马,题-GM-01-01-题.md,1,N-源池无答案,,0,0,无需处理（源缺）
伽马,题-GM-01-02-题.md,2,M-仅题面复述,12.7号作业答案.md,52,1,确认解答是否以图给出
伽马,题-GM-01-03-Pummerer重排是用乙酸.md,3,H-源池含解答(待人工核),12.7号作业答案.md,369,15,人工核后补入
伽马,题-GM-01-04-长期以来有机硫化合物在合成中.md,4,H-源池含解答(待人工核),12.7号作业答案.md,237,5,人工核后补入
伽马,题-GM-01-09-MeyerSchuster重.md,9,H-源池含解答(待人工核),12.7号作业答案.md,141,14,人工核后补入
伽马,题-GM-01-11-在室温以及碱存在下以下两化合.md,11,N-源池无答案,,0,0,无需处理（源缺）
伽马,题-GM-06-02-十10分下列反应并未得到预期.md,2,N-源池无答案,,0,0,无需处理（源缺）
伽马,题-GM-06-05-黄原酸酯的反应1899年俄国.md,5,H-源池含解答(待人工核),有机作业L6.md,319,3,人工核后补入
伽马,题-GM-06-06-苯甲酸重排苯甲酸重排Benz.md,6,N-源池无答案,,0,0,无需处理（源缺）
伽马,题-GM-06-07-71将的碱性由强到弱排序72.md,7,H-源池含解答(待人工核),有机作业L6.md,495,9,人工核后补入
伽马,题-GM-06-08-1993年ClaudeAga.md,8,N-源池无答案,,0,0,无需处理（源缺）
伽马,题-GM-06-09-高价碘试剂作为一种高效温和的.md,9,M-仅题面复述,有机作业L6.md,84,1,确认解答是否以图给出
伽马,题-GM-09-01-二氧化碳是造成温室效应的主要.md,1,M-仅题面复述,伽马化学2026年暑期模拟2答案.md,733,0,确认解答是否以图给出
伽马,题-GM-09-02-本题是一道非常中规中矩考查酸.md,2,N-源池无答案,,0,0,无需处理（源缺）
伽马,题-GM-09-03-21反应1反应2或反应3或2.md,3,N-源池无答案,,0,0,无需处理（源缺）
伽马,题-GM-25-01-题源化英社3809金红石是缺.md,1,N-源池无答案,,0,0,无需处理（源缺）
伽马,题-GM-25-02-题源TBNChem3710R.md,2,M-仅题面复述,gamma晶体结构习题.md,46,0,确认解答是否以图给出
伽马,题-GM-25-03-题源Chemy3717立方钙.md,3,M-仅题面复述,gamma晶体结构习题.md,42,0,确认解答是否以图给出
伽马,题-GM-25-04-题源化英社3801钙钛矿是一.md,4,N-源池无答案,,0,0,无需处理（源缺）
伽马,题-GM-25-05-题源Chemy3819钙钛矿.md,5,H-源池含解答(待人工核),gamma晶体结构习题.md,161,0,人工核后补入
伽马,题-GM-25-06-题源COBP3504T52灼.md,6,N-源池无答案,,0,0,无需处理（源缺）
伽马,题-GM-25-07-题源COBP3505俗称刚玉.md,7,N-源池无答案,,0,0,无需处理（源缺）
伽马,题-GM-25-08-题源2024年清北营暑假班试.md,8,M-仅题面复述,gamma晶体结构习题.md,52,0,确认解答是否以图给出
伽马,题-GM-25-09-题源2018年清北营暑假班明.md,9,M-仅题面复述,gamma晶体结构习题.md,65,0,确认解答是否以图给出
伽马,题-GM-25-10-的晶体结构与一种常见的晶体结.md,10,M-仅题面复述,gamma晶体结构习题.md,109,0,确认解答是否以图给出
化英社,题-HYS-01-01-11在DielsAlder反.md,1,H-源池含解答(待人工核),春季-有机专题1试卷(已优化).md,0,5,人工核后补入
化英社,题-HYS-01-02-自然界中存在的含氮化合物大多.md,2,H-源池含解答(待人工核),春季-有机专题1试卷(已优化).md,13,10,人工核后补入
化英社,题-HYS-01-03-31研究人员利用CO激活有机.md,3,M-仅题面复述,春季-有机专题1试卷(已优化).md,41,0,确认解答是否以图给出
化英社,题-HYS-01-03-31研究人员利用激活有机硼化.md,3,H-源池含解答(待人工核),春季-有机专题1试卷(已优化).md,41,3,人工核后补入
化英社,题-HYS-01-04-苯炔是最具反应性的有机中间体.md,4,H-源池含解答(待人工核),春季-有机专题1试卷(已优化).md,349,5,人工核后补入
化英社,题-HYS-01-05-20世纪70年代钯催化的交叉.md,5,H-源池含解答(待人工核),春季-有机专题1试卷(已优化).md,22,9,人工核后补入
化英社,题-HYS-01-06-卤原子转移反应是实现氧化态转.md,6,H-源池含解答(待人工核),春季-有机专题1试卷(已优化).md,24,9,人工核后补入
化英社,题-HYS-01-07-12迁移反应是正离子重排的常.md,7,N-源池无答案,,0,0,无需处理（源缺）
化英社,题-HYS-02-01-科学并不是追求复杂从错综复杂.md,1,M-仅题面复述,化英社2026第40届决赛物化专题2试卷（清晰版）.md,81,0,确认解答是否以图给出
化英社,题-HYS-02-02-21唯象热力学中的热容在唯象.md,2,M-仅题面复述,化英社2026第40届决赛物化专题2试卷（清晰版）.md,44,0,确认解答是否以图给出
化英社,题-HYS-02-03-钴氧体系在电化学中十分重要的.md,3,N-源池无答案,,0,0,无需处理（源缺）
化英社,题-HYS-02-04-41堆积参数在自组装问题中几.md,4,H-源池含解答(待人工核),化英社2026第40届决赛物化专题2试卷（清晰版）.md,57,7,人工核后补入
化英社,题-HYS-02-05-酶支撑生命之流的网格51推断.md,5,M-仅题面复述,化英社2026第40届决赛物化专题2试卷（清晰版）.md,54,0,确认解答是否以图给出
化英社,题-HYS-02-06-在噪声中偏向于随机里定轨在化.md,6,M-仅题面复述,化英社2026第40届决赛物化专题2试卷（清晰版）.md,104,1,确认解答是否以图给出
化英社,题-HYS-02-07-万物始于分离成于边界相分离P.md,7,H-源池含解答(待人工核),化英社2026第40届决赛物化专题2试卷（清晰版）.md,43,3,人工核后补入
化英社,题-HYS-09-01-元素和的分离问题是当今化学研.md,1,H-源池含解答(待人工核),初赛模拟9答案.md,375,1,人工核后补入
化英社,题-HYS-09-02-稳定的硅宾化合物的常常具有强.md,2,H-源池含解答(待人工核),初赛模拟9答案.md,156,15,人工核后补入
化英社,题-HYS-09-03-31由于半径规则与电价规则的.md,3,H-源池含解答(待人工核),初赛模拟9答案.md,245,0,人工核后补入
化英社,题-HYS-09-04-41pH的操作定义411pH.md,4,H-源池含解答(待人工核),初赛模拟9答案.md,198,1,人工核后补入
化英社,题-HYS-09-05-51空间同位素效应一般出现在.md,5,H-源池含解答(待人工核),初赛模拟9答案.md,229,4,人工核后补入
化英社,题-HYS-09-06-61Quadricyclan.md,6,H-源池含解答(待人工核),初赛模拟9答案.md,235,17,人工核后补入
化英社,题-HYS-09-07-硅系绳siliconteth.md,7,H-源池含解答(待人工核),初赛模拟9答案.md,30,11,人工核后补入
汇智,题-HZ-01-05-AsBgCg能发生反应均为理.md,5,N-源池无答案,,0,0,无需处理（源缺）
汇智,题-HZ-01-05-Metalfreesynth.md,5,N-源池无答案,,0,0,无需处理（源缺）
汇智,题-HZ-02-01-1999年化学家通过以下实验.md,1,M-仅题面复述,卷2-讲评..md,535,1,确认解答是否以图给出
汇智,题-HZ-02-03-是近年来被科学家重视的一种电.md,3,N-源池无答案,,0,0,无需处理（源缺）
汇智,题-HZ-05-01-电离能指的是将电子从气态原子.md,1,M-仅题面复述,260609-汇智起航2026年（暑假）全国化学初赛模拟试题5试题.md,49,0,确认解答是否以图给出
汇智,题-HZ-05-02-注本题所有结果均保留三位有效.md,2,M-仅题面复述,260609-汇智起航2026年（暑假）全国化学初赛模拟试题5试题.md,44,0,确认解答是否以图给出
汇智,题-HZ-05-03-31写出该反应的一个关键中间.md,3,H-源池含解答(待人工核),2026年寒假杭州有机化学班练习5习题及答案.md,230,7,人工核后补入
汇智,题-HZ-05-03-元素X在东西方都具有悠久的历.md,3,H-源池含解答(待人工核),260609-汇智起航2026年（暑假）全国化学初赛模拟试题5试题.md,21,2,人工核后补入
汇智,题-HZ-05-04-注为方便表示计算部分的离子浓.md,4,N-源池无答案,,0,0,无需处理（源缺）
汇智,题-HZ-05-05-某印度的科研小组在分隔型电解.md,5,M-仅题面复述,260609-汇智起航2026年（暑假）全国化学初赛模拟试题5试题.md,27,1,确认解答是否以图给出
汇智,题-HZ-05-06-小日一天闲来无事研究起了氯化.md,6,M-仅题面复述,260609-汇智起航2026年（暑假）全国化学初赛模拟试题5试题.md,46,1,确认解答是否以图给出
汇智,题-HZ-05-07-71频哪醇重排是非常经典的反.md,7,H-源池含解答(待人工核),260609-汇智起航2026年（暑假）全国化学初赛模拟试题5试题.md,29,6,人工核后补入
汇智,题-HZ-05-08-提示本题不要求酸碱基团的质子.md,8,H-源池含解答(待人工核),260609-汇智起航2026年（暑假）全国化学初赛模拟试题5试题.md,57,4,人工核后补入
汇智,题-HZ-05-09-33迁移具有悠久的历史最经典.md,9,H-源池含解答(待人工核),260609-汇智起航2026年（暑假）全国化学初赛模拟试题5试题.md,22,3,人工核后补入
汇智,题-HZ-05-10-81828312分2分832.md,10,N-源池无答案,,0,0,无需处理（源缺）
汇智,题-HZ-06-03-31使用NHC和以11反应可.md,3,N-源池无答案,,0,0,无需处理（源缺）
汇智,题-HZ-06-04-41荧光分子可由其前体经过处.md,4,H-源池含解答(待人工核),改汇智起航2026年暑假（刷题班）全国化学初赛模拟卷6(4).md,150,8,人工核后补入
汇智,题-HZ-06-07-711给下列化合物的酸性从大.md,7,N-源池无答案,,0,0,无需处理（源缺）
汇智,题-HZ-09-07-71请你比较DMFNN二甲基.md,7,N-源池无答案,,0,0,无需处理（源缺）
汇智,题-HZ-10-02-直接空气捕集DirectAi.md,2,N-源池无答案,,0,0,无需处理（源缺）
汇智,题-HZ-10-03-磷氮化合物兼具分子型主族化学.md,3,M-仅题面复述,长沙化学刷初赛模拟10.md,54,0,确认解答是否以图给出
汇智,题-HZ-34-01-11在电解精炼金属产生的阳极.md,1,M-仅题面复述,改汇智起航2026年暑假（刷题班）全国化学初赛模拟卷6(4).md,19,1,确认解答是否以图给出
汇智,题-HZ-34-02-21键角是化学键的一个重要的.md,2,H-源池含解答(待人工核),改汇智起航2026年暑假（刷题班）全国化学初赛模拟卷6(4).md,86,8,人工核后补入
汇智,题-HZ-34-03-二氧化碳的活化是一个可以将过.md,3,H-源池含解答(待人工核),改汇智起航2026年暑假（刷题班）全国化学初赛模拟卷6(4).md,41,9,人工核后补入
汇智,题-HZ-34-04-41荧光分子可由其前体经过处.md,4,H-源池含解答(待人工核),改汇智起航2026年暑假（刷题班）全国化学初赛模拟卷6(4).md,87,8,人工核后补入
汇智,题-HZ-34-05-氨是最重要的化学产品之一其在.md,5,M-仅题面复述,改汇智起航2026年暑假（刷题班）全国化学初赛模拟卷6(4).md,32,1,确认解答是否以图给出
汇智,题-HZ-34-06-61电化学手段是分离一些金属.md,6,M-仅题面复述,改汇智起航2026年暑假（刷题班）全国化学初赛模拟卷6(4).md,41,0,确认解答是否以图给出
汇智,题-HZ-34-07-氟是电负性最大的元素在有机化.md,7,H-源池含解答(待人工核),改汇智起航2026年暑假（刷题班）全国化学初赛模拟卷6(4).md,29,4,人工核后补入
汇智,题-HZ-34-08-硫可以通过被氧化或亲核进攻等.md,8,H-源池含解答(待人工核),改汇智起航2026年暑假（刷题班）全国化学初赛模拟卷6(4).md,67,4,人工核后补入
汇智,题-HZ-34-09-91扩环反应的重要应用之一是.md,9,H-源池含解答(待人工核),改汇智起航2026年暑假（刷题班）全国化学初赛模拟卷6(4).md,33,5,人工核后补入
汇智,题-HZ-37-07-逆配合物inversecoo.md,7,N-源池无答案,,0,0,无需处理（源缺）
汇智,题-HZ-64-01-11在电解精炼金属产生的阳极.md,1,H-源池含解答(待人工核),改汇智起航2026年暑假（刷题班）全国化学初赛模拟卷6(4).md,180,1,人工核后补入
汇智,题-HZ-64-02-21键角是化学键的一个重要的.md,2,H-源池含解答(待人工核),改汇智起航2026年暑假（刷题班）全国化学初赛模拟卷6(4).md,367,8,人工核后补入
汇智,题-HZ-64-03-二氧化碳的活化是一个可以将过.md,3,H-源池含解答(待人工核),改汇智起航2026年暑假（刷题班）全国化学初赛模拟卷6(4).md,106,9,人工核后补入
汇智,题-HZ-64-04-41荧光分子可由其前体经过处.md,4,H-源池含解答(待人工核),改汇智起航2026年暑假（刷题班）全国化学初赛模拟卷6(4).md,372,8,人工核后补入
汇智,题-HZ-64-05-氨是最重要的化学产品之一其在.md,5,M-仅题面复述,改汇智起航2026年暑假（刷题班）全国化学初赛模拟卷6(4).md,94,1,确认解答是否以图给出
汇智,题-HZ-64-06-61电化学手段是分离一些金属.md,6,M-仅题面复述,改汇智起航2026年暑假（刷题班）全国化学初赛模拟卷6(4).md,41,0,确认解答是否以图给出
汇智,题-HZ-64-07-mathrm光催化fracm.md,7,H-源池含解答(待人工核),改汇智起航2026年暑假（刷题班）全国化学初赛模拟卷6(4).md,106,4,人工核后补入
汇智,题-HZ-64-08-硫可以通过被氧化或亲核进攻等.md,8,H-源池含解答(待人工核),改汇智起航2026年暑假（刷题班）全国化学初赛模拟卷6(4).md,89,4,人工核后补入
汇智,题-HZ-64-09-91扩环反应的重要应用之一是.md,9,H-源池含解答(待人工核),改汇智起航2026年暑假（刷题班）全国化学初赛模拟卷6(4).md,97,5,人工核后补入
chemy,题-CM-19-05-X射线衍射XRD通过使化合物.md,5,H-源池含解答(待人工核),第40届chemy初赛无机模拟19答案.md,436,11,人工核后补入
chemy,题-CM-41-01-测定氨基酸含量时可以采用酸碱.md,1,H-源池含解答(待人工核),第41届Chemy联赛试题答案.md,805,6,人工核后补入
chemy,题-CM-41-02-21在无水氟化氢中将和按摩尔.md,2,H-源池含解答(待人工核),第41届Chemy联赛试题答案.md,91,4,人工核后补入
chemy,题-CM-41-03-硼是一种易形成多中心键和原子.md,3,H-源池含解答(待人工核),第41届Chemy联赛试题答案.md,324,3,人工核后补入
chemy,题-CM-41-04-一氧化二硫为无色气体遇冷变为.md,4,H-源池含解答(待人工核),第41届Chemy联赛试题答案.md,54,3,人工核后补入
chemy,题-CM-41-05-将配体结构如下左图与按一定的.md,5,H-源池含解答(待人工核),第41届Chemy联赛试题答案.md,476,4,人工核后补入
chemy,题-CM-41-06-有一顺磁性物质的单位体积内有.md,6,M-仅题面复述,第41届Chemy联赛试题答案.md,109,0,确认解答是否以图给出
chemy,题-CM-41-07-71石墨合成立方金刚石的物理.md,7,H-源池含解答(待人工核),第41届Chemy联赛试题答案.md,637,3,人工核后补入
chemy,题-CM-41-08-81通过不同的反应条件可以控.md,8,H-源池含解答(待人工核),第41届Chemy联赛试题答案.md,596,11,人工核后补入
chemy,题-CM-41-09-通过以下反应得到化合物X其化.md,9,H-源池含解答(待人工核),第41届Chemy联赛试题答案.md,29,3,人工核后补入
chemy,题-CM-41-10-01对以下化合物在酸性条件下.md,10,H-源池含解答(待人工核),第41届Chemy联赛试题答案.md,142,2,人工核后补入
chemy,题-CM-42-01-DNA是对生命现象非常重要的.md,1,H-源池含解答(待人工核),第42届Chemy联赛决赛试题答案.md,240,10,人工核后补入
chemy,题-CM-42-02-无水氟化氢HF是无机化学中常.md,2,H-源池含解答(待人工核),第42届Chemy联赛决赛试题答案.md,166,3,人工核后补入
chemy,题-CM-42-03-31臭氧是角形分子电偶极矩为.md,3,H-源池含解答(待人工核),第42届Chemy联赛决赛试题答案.md,150,2,人工核后补入
chemy,题-CM-42-04-41在离子Mn3CO14中3.md,4,H-源池含解答(待人工核),第42届Chemy联赛决赛试题答案.md,214,6,人工核后补入
chemy,题-CM-42-05-51工业制氧在目前深冷分离法.md,5,H-源池含解答(待人工核),第42届Chemy联赛决赛试题答案.md,307,0,人工核后补入
chemy,题-CM-42-06-铁氮化物因具有良好的磁学性质.md,6,H-源池含解答(待人工核),第42届Chemy联赛决赛试题答案.md,557,1,人工核后补入
chemy,题-CM-42-07-莫比乌斯环是一种具有代表性的.md,7,H-源池含解答(待人工核),第42届Chemy联赛决赛试题答案.md,227,11,人工核后补入
chemy,题-CM-42-08-同芳香性指环状化合物中至少一.md,8,H-源池含解答(待人工核),第42届Chemy联赛决赛试题答案.md,124,7,人工核后补入
方圆,题-FY-01-02-焕焕取代孙多成张飞等值取代2.md,2,N-源池无答案,,0,0,无需处理（源缺）
方圆,题-FY-01-03-wwwfangyuanedu.md,3,N-源池无答案,,0,0,无需处理（源缺）
方圆,题-FY-01-05-51给出中间产物A以及关键中.md,5,N-源池无答案,,0,0,无需处理（源缺）
方圆,题-FY-01-06-61以下是某有机物的合成路线.md,6,N-源池无答案,,0,0,无需处理（源缺）
方圆,题-FY-01-08-81沸石即止暴剂或助沸剂为什.md,8,N-源池无答案,,0,0,无需处理（源缺）
方圆,题-FY-01-09-亲核性碱性二对H亲核性Gri.md,9,N-源池无答案,,0,0,无需处理（源缺）
方圆,题-FY-02-01-在的存在下DMFNN二甲基甲.md,1,M-仅题面复述,有机2.10日晚上习题课.md,43,0,确认解答是否以图给出
方圆,题-FY-02-03-葡萄糖是一种非常常见的化合物.md,3,H-源池含解答(待人工核),有机化学测试2参考答案.md,167,4,人工核后补入
方圆,题-FY-02-04-41写出下列反应中中间体12.md,4,H-源池含解答(待人工核),有机化学测试2参考答案.md,508,22,人工核后补入
方圆,题-FY-02-07-质子泵抑制剂PPI是目前治疗.md,7,H-源池含解答(待人工核),有机化学测试2参考答案.md,192,6,人工核后补入
方圆,题-FY-02-08-Appel反应和CoeryF.md,8,H-源池含解答(待人工核),有机化学测试2参考答案.md,45,3,人工核后补入
方圆,题-FY-02-09-2023年8月日本东京大学的.md,9,N-源池无答案,,0,0,无需处理（源缺）
方圆,题-FY-02-09-已知一维势箱中粒子的能量为封.md,9,H-源池含解答(待人工核),有机化学测试2参考答案.md,361,6,人工核后补入
伽马,题-GM-01-01-11设将直链共轭多烯烃分子中.md,1,M-仅题面复述,五一伽马杭州答案5.md,80,1,确认解答是否以图给出
伽马,题-GM-01-02-X与某元素的二元化合物只能通.md,2,M-仅题面复述,五一伽马杭州答案5.md,111,0,确认解答是否以图给出
伽马,题-GM-01-03-非常无聊的一道题基本就是看图.md,3,H-源池含解答(待人工核),五一伽马杭州答案5.md,51,7,人工核后补入
伽马,题-GM-01-04-这题几乎没救了右图是一个二元.md,4,H-源池含解答(待人工核),五一伽马杭州答案5.md,144,2,人工核后补入
伽马,题-GM-01-05-我们用NN二乙基14苯二胺D.md,5,M-仅题面复述,五一伽马杭州答案5.md,178,1,确认解答是否以图给出
伽马,题-GM-01-06-纳米尺度的定向运动是生命的核.md,6,H-源池含解答(待人工核),五一伽马杭州答案5.md,120,7,人工核后补入
伽马,题-GM-20-01-11水解试验有时使用水解的方.md,1,H-源池含解答(待人工核),五一伽马杭州答案1.md,96,5,人工核后补入
伽马,题-GM-20-02-21从离子开始已知碳原子的第.md,2,H-源池含解答(待人工核),五一伽马杭州答案1.md,231,3,人工核后补入
伽马,题-GM-20-03-31聚电解质溶液的双电层结构.md,3,H-源池含解答(待人工核),五一伽马杭州答案1.md,297,3,人工核后补入
伽马,题-GM-20-04-化合物X是元素M的盐化学式为.md,4,M-仅题面复述,五一伽马杭州答案1.md,118,1,确认解答是否以图给出
伽马,题-GM-20-05-许多SbIII配合物被发现有.md,5,H-源池含解答(待人工核),五一伽马杭州答案1.md,77,5,人工核后补入
伽马,题-GM-20-06-某最简式为的晶体属立方晶系a.md,6,M-仅题面复述,五一伽马杭州答案1.md,106,0,确认解答是否以图给出
伽马,题-GM-20-07-71有一系列卤代烷烃当XFC.md,7,H-源池含解答(待人工核),五一伽马杭州答案1.md,78,18,人工核后补入
伽马,题-GM-20-08-81周环反应811有以下转化.md,8,H-源池含解答(待人工核),五一伽马杭州答案1.md,126,15,人工核后补入
伽马,题-GM-20-09-91Edman降解瑞典化学家.md,9,H-源池含解答(待人工核),五一伽马杭州答案1.md,125,11,人工核后补入
伽马,题-GM-21-01-11设将直链共轭多烯烃分子中.md,1,M-仅题面复述,五一伽马杭州答案5.md,198,1,确认解答是否以图给出
伽马,题-GM-21-02-题.md,2,M-仅题面复述,五一伽马杭州答案5.md,111,0,确认解答是否以图给出
伽马,题-GM-21-03-非常无聊的一道题基本就是看图.md,3,H-源池含解答(待人工核),五一伽马杭州答案5.md,104,7,人工核后补入
伽马,题-GM-21-04-这题几乎没救了.md,4,H-源池含解答(待人工核),五一伽马杭州答案5.md,144,2,人工核后补入
伽马,题-GM-21-06-纳米尺度的定向运动是生命的核.md,6,H-源池含解答(待人工核),五一伽马杭州答案5.md,120,7,人工核后补入
伽马,题-GM-22-01-多肽材料是一种多功能智能产品.md,1,H-源池含解答(待人工核),五一伽马杭州答案2.md,113,7,人工核后补入
伽马,题-GM-22-02-6hole由于存在电子缺陷正.md,2,H-源池含解答(待人工核),五一伽马杭州答案2.md,36,8,人工核后补入
伽马,题-GM-22-03-元素A其单质是灰黑色的脆性晶.md,3,H-源池含解答(待人工核),五一伽马杭州答案2.md,39,10,人工核后补入
伽马,题-GM-22-04-将和水混合后短暂搅拌并置于聚.md,4,H-源池含解答(待人工核),五一伽马杭州答案2.md,60,2,人工核后补入
伽马,题-GM-22-05-51用还原反应的历程如下所示.md,5,M-仅题面复述,五一伽马杭州答案2.md,87,0,确认解答是否以图给出
伽马,题-GM-22-06-诸如CO等小分子是普遍存在的.md,6,H-源池含解答(待人工核),五一伽马杭州答案2.md,119,15,人工核后补入
伽马,题-GM-22-07-若将忽略气体分子的内部结构将.md,7,M-仅题面复述,五一伽马杭州答案2.md,75,0,确认解答是否以图给出
伽马,题-GM-23-01-对于RichardTurne.md,1,M-仅题面复述,五一伽马杭州答案6.md,84,0,确认解答是否以图给出
伽马,题-GM-23-02-2020年中国科学家发现了一.md,2,H-源池含解答(待人工核),五一伽马杭州答案6.md,51,4,人工核后补入
伽马,题-GM-23-03-聚酯高分子力学与化学稳定性好.md,3,H-源池含解答(待人工核),五一伽马杭州答案6.md,49,8,人工核后补入
伽马,题-GM-23-04-1935年KarlFishe.md,4,H-源池含解答(待人工核),五一伽马杭州答案6.md,171,2,人工核后补入
伽马,题-GM-23-05-近日中国科学家报道了在嫦娥六.md,5,H-源池含解答(待人工核),五一伽马杭州答案6.md,88,4,人工核后补入
伽马,题-GM-23-06-注意此题的电池中的硫单质应写.md,6,H-源池含解答(待人工核),五一伽马杭州答案6.md,115,2,人工核后补入
伽马,题-GM-24-01-短周期元素ABC和D两两之间.md,1,M-仅题面复述,五一伽马杭州答案4.md,277,1,确认解答是否以图给出
伽马,题-GM-24-02-已知酰胺A可形成分子内氢键可.md,2,H-源池含解答(待人工核),五一伽马杭州答案4.md,170,2,人工核后补入
伽马,题-GM-24-03-X射线衍射XRD是研究晶体结.md,3,M-仅题面复述,五一伽马杭州答案4.md,112,1,确认解答是否以图给出
伽马,题-GM-24-04-蜘蛛丝是自然界中性能最卓越的.md,4,H-源池含解答(待人工核),五一伽马杭州答案4.md,295,3,人工核后补入
伽马,题-GM-24-05-51光致发光原理分子被光激发.md,5,H-源池含解答(待人工核),五一伽马杭州答案4.md,152,5,人工核后补入
伽马,题-GM-24-06-61光敏分子611反式二苯乙.md,6,H-源池含解答(待人工核),五一伽马杭州答案4.md,152,9,人工核后补入
