module,file,syllabus_codes,prep_notes,note
1-化学基础知识,化学计量与计算规范-超级充实版（自学完整）.md,01 02,04-课件/备课大纲/2026-06-09-化学计量与气体-基础班,
1-化学基础知识,方程式书写专项-超级充实版（自学完整）.md,08 13,04-课件/备课大纲/2026-06-02-方程式书写专项-基础班,
1-化学基础知识,离子反应-超级充实版（自学完整）.md,07,04-课件/备课大纲/2026-06-02-方程式书写专项-基础班,
2-结构化学,元素周期表与周期律-超级充实版（自学完整）.md,04,2026-05-25-原子结构与元素周期律-基础班 ; 2026-05-25-原子结构与元素周期律-提高班,
2-结构化学,分子结构与化学键-新课.md,10 11,2026-05-25-原子结构与元素周期律-基础班 ; 2026-05-25-原子结构与元素周期律-提高班,
2-结构化学,分子结构基础-超级充实版（自学完整）.md,10 11 12 21,2026-06-02-分子结构基础-基础班,
2-结构化学,分子结构补充-超级充实版（自学完整）.md,10 22,2026-06-02-分子结构基础-基础班 ; 2026-06-02-有机分子结构初探-基础班,
2-结构化学,原子结构-前置知识速查.md,09,04-课件/备课大纲/2026-06-02-原子结构基础-基础班,
2-结构化学,原子结构-超级充实版（自学完整）.md,09,2026-05-25-原子结构与元素周期律-基础班 ; 2026-05-25-原子结构与元素周期律-提高班,
2-结构化学,原子结构补充-超级充实版（自学完整）.md,09 决赛01,2026-05-25-原子结构与元素周期律-基础班 ; 2026-05-25-原子结构与元素周期律-提高班,
2-结构化学,晶体学与晶体结构-第一轮基础版（普化原理）.md,15 16,2026-06-02-晶体结构基础-基础班 ; 2026-06-06-晶体结构深化-提高班,
2-结构化学,晶体学与晶体结构-超级充实版（自学完整）.md,15 16,2026-06-02-晶体结构基础-基础班 ; 2026-06-06-晶体结构深化-提高班,
2-结构化学,晶体结构深化-超级充实版（自学完整）.md,15 17,2026-06-02-晶体结构基础-基础班 ; 2026-06-06-晶体结构深化-提高班,
2-结构化学,第八讲原子结构（三）-教师增强版.md,09,2026-05-25-原子结构与元素周期律-基础班 ; 2026-05-25-原子结构与元素周期律-提高班,
2-结构化学,第八讲原子结构（三）-超级充实融合版.md,09,2026-05-25-原子结构与元素周期律-基础班 ; 2026-05-25-原子结构与元素周期律-提高班,
2-结构化学,结构化学专题课-学生用合集（完整版）.md,10 14 15,2026-06-02-电化学-基础班 ; 2026-06-07-有机立体化学-冲刺班,
2-结构化学,结构化学第一轮复习.md,04 09 10 11 12 14 15,（待补）,
2-结构化学,结构表征与波谱桥-超级充实版（自学完整）.md,15 30,（待补）,
2-结构化学,超分子化学.md,56 决赛13 决赛14 决赛15,04-课件/备课大纲/2026-06-07-配合物与配位化学深化-冲刺班,
2-结构化学,配位光谱与对称性桥-超级充实版（自学完整）.md,14 决赛03,（待补）,
2-结构化学,配位化合物基础-第一轮基础版（普化原理）.md,10 12,2026-06-02-分子结构基础-基础班 ; 2026-06-02-原子结构基础-基础班,
2-结构化学,配位化合物基础-超级充实版（自学完整）.md,12 决赛03 14,2026-06-02-配合物基础-基础班 ; 2026-06-07-配合物与配位化学深化-冲刺班,
2-结构化学,配合物深化-超级充实版（自学完整）.md,12 决赛03 决赛12,2026-06-02-配合物基础-基础班 ; 2026-06-06-配合物结构深化-提高班,
3-物理化学,化学动力学-超级充实版（自学完整）.md,决赛07,04-课件/备课大纲/2026-06-02-化学动力学初步-基础班,
3-物理化学,化学动力学计算建模-超级充实版（自学完整）.md,决赛07,2026-06-02-化学动力学初步-基础班 ; 2026-06-06-化学动力学深化-提高班,
3-物理化学,化学平衡-超级充实版（自学完整）.md,07,04-课件/备课大纲/2026-06-02-化学平衡-基础班,
3-物理化学,气体基础-超级充实版（自学完整）.md,02,2026-06-02-气体与溶液-基础班 ; 2026-06-09-化学计量与气体-基础班,
3-物理化学,沉淀溶解平衡-超级充实版（自学完整）.md,07,04-课件/备课大纲/2026-06-03-沉淀溶解平衡-基础班,
3-物理化学,溶液与相图-超级充实版（自学完整）.md,决赛05 决赛06,2026-06-03-溶液与相图-基础班,
3-物理化学,热力学初步-超级充实版（自学完整）.md,06,04-课件/备课大纲/2026-06-02-热力学初步-基础班,
3-物理化学,物化综合计算-超级充实版（自学完整）.md,08 决赛05 决赛07,04-课件/备课大纲/2026-06-07-物化综合计算-冲刺班,
3-物理化学,电化学基础-超级充实版（自学完整）.md,08 决赛10,04-课件/备课大纲/2026-06-02-电化学-基础班,
3-物理化学,统计热力学与Maxwell关系-超级充实版（自学完整）.md,06 决赛04,2026-06-02-热力学初步-基础班 ; 2026-06-06-热力学与平衡深化-提高班,
3-物理化学,胶体与表面物理化学-超级充实版（自学完整）.md,决赛06 决赛09,（待补）,
3-物理化学,酸碱理论-超级充实版（自学完整）.md,05 35,04-课件/备课大纲/2026-06-02-酸碱理论-基础班,
4-分析化学,分光光度法-超级充实版（自学完整）.md,20,04-课件/备课大纲/2026-06-03-误差处理与分光光度法-提高班,
4-分析化学,容量分析与酸碱滴定-超级充实版（自学完整）.md,05 18 19,2026-06-03-容量分析基础与酸碱滴定-提高班 ; 2026-06-03-络合滴定与重量分析-提高班,
4-分析化学,有效数字与误差分析-超级充实版（自学完整）.md,19 01,04-课件/备课大纲/2026-06-03-误差处理与分光光度法-提高班,
4-分析化学,氧化还原滴定与沉淀滴定-超级充实版（自学完整）.md,08 18,04-课件/备课大纲/2026-06-03-氧化还原滴定与沉淀滴定-提高班,
4-分析化学,络合滴定与重量分析-超级充实版（自学完整）.md,18 决赛12,04-课件/备课大纲/2026-06-03-络合滴定与重量分析-提高班,
5-无机化学,元素化学深度-超级充实版（自学完整）.md,04 13,04-课件/备课大纲/2026-06-08-元素化学深度-冲刺班,
5-无机化学,元素推断综合训练-超级充实版（自学完整）.md,13,04-课件/备课大纲/2026-06-03-元素推断综合训练-提高班,
5-无机化学,氢与卤素-超级充实版（自学完整）.md,13,04-课件/备课大纲/2026-06-03-氢与卤素-提高班,
5-无机化学,氧族与氮族元素-超级充实版（自学完整）.md,13,04-课件/备课大纲/2026-06-03-氧族与氮族元素-提高班,
5-无机化学,碱金属碱土金属与稀有气体-超级充实版（自学完整）.md,13,04-课件/备课大纲/2026-06-03-碱金属碱土金属与稀有气体-提高班,
5-无机化学,碳族与硼族元素-超级充实版（自学完整）.md,13,04-课件/备课大纲/2026-06-03-碳族与硼族元素-提高班,
5-无机化学,钛钒铬锰-超级充实版（自学完整）.md,13 08,04-课件/备课大纲/2026-06-03-钛钒铬锰-提高班,
5-无机化学,铁钴镍铜锌-超级充实版（自学完整）.md,13 08,04-课件/备课大纲/2026-06-03-铁钴镍铜锌-提高班,
5-无机化学,银金汞钼钨-超级充实版（自学完整）.md,13 决赛01,04-课件/备课大纲/2026-06-03-银金汞钼钨-提高班,
6-有机化学,二氧化碳化学-超级充实版（自学完整）.md,07 08 34 决赛11,（待补）,
6-有机化学,亲核取代与消除反应.md,38 44 36,04-课件/备课大纲/2026-06-04-亲核取代与消除反应-提高班 ; 04-课件/备课大纲/2026-06-22-SN1与SN2比较-提高班,
6-有机化学,加成反应.md,37 43 45,04-课件/备课大纲/2026-06-04-加成反应-提高班,
6-有机化学,周环反应.md,49 37,2026-06-05-周环反应-提高班,
6-有机化学,有机人名反应系统归类-超级充实版（自学完整）.md,决赛08 34 39 46 49,2026-06-08-人名反应系统归类-冲刺班,
6-有机化学,有机分离与纯化-超级充实版（自学完整）.md,（空——见备注）,2026-06-02-有机分子结构初探-基础班,实验类，考纲暂不要求
6-有机化学,有机化学基础.md,23 24 26 27,04-课件/备课大纲/2026-06-02-有机分子结构初探-基础班 ; 04-课件/备课大纲/2026-06-05-有机结构基础与电子效应-提高班,
6-有机化学,有机合成与逆合成-超级充实版（自学完整）.md,50,04-课件/备课大纲/2026-06-05-有机合成与金属有机-提高班,
6-有机化学,有机波谱分析.md,30,（待补）,
6-有机化学,有机立体化学.md,24 27,04-课件/备课大纲/2026-06-07-有机立体化学-冲刺班,
6-有机化学,杂原子与生物高分子.md,54 52 53 55,04-课件/备课大纲/2026-06-05-杂原子与生物高分子-提高班,
6-有机化学,杂环糖氨基酸.md,54 30 52 53,04-课件/备课大纲/2026-06-05-有机合成与金属有机-提高班 ; 04-课件/备课大纲/2026-06-07-高等有机机理-冲刺班,
6-有机化学,活性中间体与反应机理基础.md,34 32,04-课件/备课大纲/2026-06-05-活性中间体与反应机理基础-提高班,
6-有机化学,烷烃烯烃炔烃.md,37 43 49,04-课件/备课大纲/2026-06-05-有机结构基础与电子效应-提高班 ; 04-课件/备课大纲/2026-06-07-高等有机机理-冲刺班,
6-有机化学,立体化学与区域选择性.md,24 27,04-课件/备课大纲/2026-06-04-立体化学与区域选择性-提高班,
6-有机化学,羰基化学与缩合反应.md,45 46,04-课件/备课大纲/2026-06-04-羰基化学与缩合反应-提高班,
6-有机化学,自由基反应.md,34,04-课件/备课大纲/2026-06-05-自由基反应-提高班,
6-有机化学,芳香反应-超级充实版（自学完整）.md,41 36 42 44,04-课件/备课大纲/2026-06-04-芳香反应-提高班,
6-有机化学,芳香烃与卤代烃.md,38 41 44 51,04-课件/备课大纲/2026-06-05-有机合成与金属有机-提高班 ; 04-课件/备课大纲/2026-06-07-高等有机机理-冲刺班,
6-有机化学,过渡金属催化.md,51 决赛11,（待补）,
6-有机化学,醇醚胺酚.md,36 40,04-课件/备课大纲/2026-06-05-有机合成与金属有机-提高班 ; 04-课件/备课大纲/2026-06-07-高等有机机理-冲刺班,
6-有机化学,醛酮羧酸.md,45 47,04-课件/备课大纲/2026-06-05-有机合成与金属有机-提高班 ; 04-课件/备课大纲/2026-06-07-高等有机机理-冲刺班,
6-有机化学,重排反应.md,39,04-课件/备课大纲/2026-06-04-重排反应-提高班,
6-有机化学,高等有机机理.md,32 34 决赛08,04-课件/备课大纲/2026-06-07-高等有机机理-冲刺班,
