hash,block_count,chapter_count,group_count,chapters,groups,blocks_with_sources
4e293826f39fd1fbde0c8bae1b5d6b43439298f7ae5da210010e5ebdc2c4871a,5,3,2,"第一篇-化学原理,第二篇-结构化学,第四篇-元素与分析","题-025-1 | 题-赵鑫光-基础-习13","第一篇-化学原理/4-氧化还原与电化学.md@4.1=>题-025-1-2-Ti红氧化与CuCl沉淀 ; 第一篇-化学原理/4-氧化还原与电化学.md@4.10=>题-025-1-5-高铁酸根氧化还原 ; 第二篇-结构化学/2-分子结构与化学键.md@2.4=>题-025-1-3-SNF与SNF3结构 ; 第二篇-结构化学/2-分子结构与化学键.md@2.5=>题-025-1-4-铝镁有机金属结构 ; 第四篇-元素与分析/1-化学基础与计量.md@1.1=>题-赵鑫光-基础-习13 ; 第四篇-元素与分析/1-化学基础与计量.md@1.1=>题-025-1-1-居里夫人发现元素"
ed2c9eaee823880bf399218d07b9596fecba1fc5a60c47719372d5208e7eaacc,5,3,2,"第一篇-化学原理,第二篇-结构化学,第四篇-元素与分析","题-025-1 | 题-赵鑫光-基础-习13","第一篇-化学原理/4-氧化还原与电化学.md@4.1=>题-025-1-2-Ti红氧化与CuCl沉淀 ; 第一篇-化学原理/4-氧化还原与电化学.md@4.10=>题-025-1-5-高铁酸根氧化还原 ; 第二篇-结构化学/2-分子结构与化学键.md@2.4=>题-025-1-3-SNF与SNF3结构 ; 第二篇-结构化学/2-分子结构与化学键.md@2.5=>题-025-1-4-铝镁有机金属结构 ; 第四篇-元素与分析/1-化学基础与计量.md@1.1=>题-赵鑫光-基础-习13 ; 第四篇-元素与分析/1-化学基础与计量.md@1.1=>题-025-1-1-居里夫人发现元素"
df8d66d087567b7be1c8cece58c9b5e1b662a94a51643513b283a8d0515ab38a,5,3,2,"第一篇-化学原理,第二篇-结构化学,第四篇-元素与分析","题-025-1 | 题-赵鑫光-基础-习13","第一篇-化学原理/4-氧化还原与电化学.md@4.1=>题-025-1-2-Ti红氧化与CuCl沉淀 ; 第一篇-化学原理/4-氧化还原与电化学.md@4.10=>题-025-1-5-高铁酸根氧化还原 ; 第二篇-结构化学/2-分子结构与化学键.md@2.4=>题-025-1-3-SNF与SNF3结构 ; 第二篇-结构化学/2-分子结构与化学键.md@2.5=>题-025-1-4-铝镁有机金属结构 ; 第四篇-元素与分析/1-化学基础与计量.md@1.1=>题-赵鑫光-基础-习13 ; 第四篇-元素与分析/1-化学基础与计量.md@1.1=>题-025-1-1-居里夫人发现元素"
982bd12d6e0a9f99a219a5ba80fd100dcab62a65f38d109cc284602588877067,5,1,4,"第一篇-化学原理","题-026-8 | 题-赵鑫光-电化学-例6 | 题-赵鑫光-电化学-例8 | 题-012-pH对电极电势的影响","第一篇-化学原理/4-氧化还原与电化学.md@4.11=>题-026-8-4-UCl3加入pH4缓冲液 ; 第一篇-化学原理/4-氧化还原与电化学.md@4.49=>题-赵鑫光-电化学-例6 ; 第一篇-化学原理/4-氧化还原与电化学.md@4.50=>题-赵鑫光-电化学-例8 ; 第一篇-化学原理/4-氧化还原与电化学.md@4.57=>题-012-pH对电极电势的影响 ; 第一篇-化学原理/5-溶液与酸碱平衡.md@5.2=>题-026-8-1-碳酸分布系数计算"
b087aa9d36ae0dfa22c294288aad11b094c972bc5e1473a3fd1d5aa0fc926f4b,3,2,1,"第一篇-化学原理,第三篇-有机化学","题-026-6","第一篇-化学原理/5-溶液与酸碱平衡.md@5.3=>题-026-6-2-喹啉酸一级电离 ; 第三篇-有机化学/9-杂环化合物与含杂原子有机物.md@9.1=>题-026-6-3-烟酸结构 ; 第三篇-有机化学/9-杂环化合物与含杂原子有机物.md@9.2=>题-026-6-1-喹啉酸最低构型"
fa8d59589b6b75d312d7b9a7c29f812d1df63be63b9284cd32de3d1dc3ed996f,3,2,1,"第一篇-化学原理,第三篇-有机化学","题-026-6","第一篇-化学原理/5-溶液与酸碱平衡.md@5.3=>题-026-6-2-喹啉酸一级电离 ; 第三篇-有机化学/9-杂环化合物与含杂原子有机物.md@9.1=>题-026-6-3-烟酸结构 ; 第三篇-有机化学/9-杂环化合物与含杂原子有机物.md@9.2=>题-026-6-1-喹啉酸最低构型"
324e37b69555ae7ed900b06a991d4fdfceb9aa50ae5b449b9c3269451d235f60,3,2,1,"第一篇-化学原理,第三篇-有机化学","题-026-6","第一篇-化学原理/5-溶液与酸碱平衡.md@5.3=>题-026-6-2-喹啉酸一级电离 ; 第三篇-有机化学/9-杂环化合物与含杂原子有机物.md@9.1=>题-026-6-3-烟酸结构 ; 第三篇-有机化学/9-杂环化合物与含杂原子有机物.md@9.2=>题-026-6-1-喹啉酸最低构型"
518527b8c23fd3877e2e19a29eb2adc20c61fa38bb2922a67116a1410a598f3e,4,1,3,"第三篇-有机化学","题-025-8 | 题-032-8 | 题-038-3","第三篇-有机化学/1-结构基础与波谱分析.md@1.1=>题-025-8-1-维生素A不饱和度 ; 第三篇-有机化学/1-结构基础与波谱分析.md@1.8=>题-032-8-3-碳正离子稳定性排序 ; 第三篇-有机化学/11-反应机理与推断.md@11.1=>题-025-8-4-反应类型分类 ; 第三篇-有机化学/11-反应机理与推断.md@11.4=>题-038-3-3-DNA荧光力学计算"
5cc97829b6af01baf95d637927facebfb137e7b1f928a5495130443f90238b45,4,1,3,"第三篇-有机化学","题-025-8 | 题-032-8 | 题-038-3","第三篇-有机化学/1-结构基础与波谱分析.md@1.1=>题-025-8-1-维生素A不饱和度 ; 第三篇-有机化学/1-结构基础与波谱分析.md@1.8=>题-032-8-3-碳正离子稳定性排序 ; 第三篇-有机化学/11-反应机理与推断.md@11.1=>题-025-8-4-反应类型分类 ; 第三篇-有机化学/11-反应机理与推断.md@11.4=>题-038-3-3-DNA荧光力学计算"
259ae15511bbf956c1a1adf0d6175bc7f4567b0c9c753ef55c02c255ca4d5a33,4,1,3,"第三篇-有机化学","题-025-8 | 题-032-8 | 题-038-3","第三篇-有机化学/1-结构基础与波谱分析.md@1.1=>题-025-8-1-维生素A不饱和度 ; 第三篇-有机化学/1-结构基础与波谱分析.md@1.8=>题-032-8-3-碳正离子稳定性排序 ; 第三篇-有机化学/11-反应机理与推断.md@11.1=>题-025-8-4-反应类型分类 ; 第三篇-有机化学/11-反应机理与推断.md@11.4=>题-038-3-3-DNA荧光力学计算"
478f6b3ed7a4841154e6f0d88d816cde6f67c078acd8e6810f310b59a02a3d2d,4,1,3,"第三篇-有机化学","题-025-8 | 题-032-8 | 题-038-3","第三篇-有机化学/1-结构基础与波谱分析.md@1.1=>题-025-8-1-维生素A不饱和度 ; 第三篇-有机化学/1-结构基础与波谱分析.md@1.8=>题-032-8-3-碳正离子稳定性排序 ; 第三篇-有机化学/11-反应机理与推断.md@11.1=>题-025-8-4-反应类型分类 ; 第三篇-有机化学/11-反应机理与推断.md@11.4=>题-038-3-3-DNA荧光力学计算"
20537a122a81103859d18697ac119f30c0872373a4c6d201519d0655104637b2,4,1,4,"第三篇-有机化学","题-029-2 | 题-033-1 | 题-025-9 | 题-有机-周环-DielsAlder反应endo选择性判断","第三篇-有机化学/1-结构基础与波谱分析.md@1.2=>题-029-2-3-1-聚乙二醇结构判断 ; 第三篇-有机化学/1-结构基础与波谱分析.md@1.9=>题-033-1-1-乙烯氧化产物推断 ; 第三篇-有机化学/7-金属有机与偶联反应.md@7.16=>题-025-9-1-有机推断结构式 ; 第三篇-有机化学/8-周环反应与自由基.md@8.34=>题-有机-周环-DielsAlder反应endo选择性判断"
58edefed0566f708721e4fbde9884643b322b8936ecdbbbf7b94e606088bc278,4,1,4,"第三篇-有机化学","题-029-2 | 题-033-1 | 题-025-9 | 题-有机-周环-DielsAlder反应endo选择性判断","第三篇-有机化学/1-结构基础与波谱分析.md@1.2=>题-029-2-3-1-聚乙二醇结构判断 ; 第三篇-有机化学/1-结构基础与波谱分析.md@1.9=>题-033-1-1-乙烯氧化产物推断 ; 第三篇-有机化学/7-金属有机与偶联反应.md@7.16=>题-025-9-1-有机推断结构式 ; 第三篇-有机化学/8-周环反应与自由基.md@8.34=>题-有机-周环-DielsAlder反应endo选择性判断"
ffea9805815030770074755583522e4ff3e7c47605998242f792f2ed6b5f617a,4,1,4,"第三篇-有机化学","题-029-2 | 题-033-1 | 题-025-9 | 题-有机-周环-DielsAlder反应endo选择性判断","第三篇-有机化学/1-结构基础与波谱分析.md@1.2=>题-029-2-3-1-聚乙二醇结构判断 ; 第三篇-有机化学/1-结构基础与波谱分析.md@1.9=>题-033-1-1-乙烯氧化产物推断 ; 第三篇-有机化学/7-金属有机与偶联反应.md@7.16=>题-025-9-1-有机推断结构式 ; 第三篇-有机化学/8-周环反应与自由基.md@8.34=>题-有机-周环-DielsAlder反应endo选择性判断"
424a904d93eae391858d105dc39d7521cefb5995307cb6b9c63d9dce223edbfb,4,1,4,"第三篇-有机化学","题-029-2 | 题-033-1 | 题-025-9 | 题-有机-周环-DielsAlder反应endo选择性判断","第三篇-有机化学/1-结构基础与波谱分析.md@1.2=>题-029-2-3-1-聚乙二醇结构判断 ; 第三篇-有机化学/1-结构基础与波谱分析.md@1.9=>题-033-1-1-乙烯氧化产物推断 ; 第三篇-有机化学/7-金属有机与偶联反应.md@7.16=>题-025-9-1-有机推断结构式 ; 第三篇-有机化学/8-周环反应与自由基.md@8.34=>题-有机-周环-DielsAlder反应endo选择性判断"
f80d6189db9f37544606d0f46c9a39ef8bae2c2025d1b2cab945944845644a29,4,1,4,"第三篇-有机化学","题-029-2 | 题-033-1 | 题-025-9 | 题-有机-周环-DielsAlder反应endo选择性判断","第三篇-有机化学/1-结构基础与波谱分析.md@1.2=>题-029-2-3-1-聚乙二醇结构判断 ; 第三篇-有机化学/1-结构基础与波谱分析.md@1.9=>题-033-1-1-乙烯氧化产物推断 ; 第三篇-有机化学/7-金属有机与偶联反应.md@7.16=>题-025-9-1-有机推断结构式 ; 第三篇-有机化学/8-周环反应与自由基.md@8.34=>题-有机-周环-DielsAlder反应endo选择性判断"
690a3399707fc8d5f04444d23f8b7fdc98f8bd86461f9b64dd81ce576e16dfa7,4,1,4,"第三篇-有机化学","题-029-2 | 题-033-1 | 题-025-9 | 题-有机-周环-DielsAlder反应endo选择性判断","第三篇-有机化学/1-结构基础与波谱分析.md@1.2=>题-029-2-3-1-聚乙二醇结构判断 ; 第三篇-有机化学/1-结构基础与波谱分析.md@1.9=>题-033-1-1-乙烯氧化产物推断 ; 第三篇-有机化学/7-金属有机与偶联反应.md@7.16=>题-025-9-1-有机推断结构式 ; 第三篇-有机化学/8-周环反应与自由基.md@8.34=>题-有机-周环-DielsAlder反应endo选择性判断"
1c77707c74523022138e4115885aadf37f81e1c266556e5797513a725b92b265,4,1,4,"第三篇-有机化学","题-029-2 | 题-033-1 | 题-025-9 | 题-有机-周环-DielsAlder反应endo选择性判断","第三篇-有机化学/1-结构基础与波谱分析.md@1.2=>题-029-2-3-1-聚乙二醇结构判断 ; 第三篇-有机化学/1-结构基础与波谱分析.md@1.9=>题-033-1-1-乙烯氧化产物推断 ; 第三篇-有机化学/7-金属有机与偶联反应.md@7.16=>题-025-9-1-有机推断结构式 ; 第三篇-有机化学/8-周环反应与自由基.md@8.34=>题-有机-周环-DielsAlder反应endo选择性判断"
84db0fccc28fc38bfa27a1a9c1f40219dc17454e664109f4467ee94b3d317351,2,1,2,"第三篇-有机化学","题-028-9 | 题-033-1","第三篇-有机化学/1-结构基础与波谱分析.md@1.4=>题-028-9-1-苄基正离子稳定性排序 ; 第三篇-有机化学/6-羰基化学与缩合反应.md@6.2=>题-033-1-3-聚酰亚胺合成"
7c15969c41ab47f5a27235bcc1049bf8e684eaad1ae5f6109e1bd460b9b08118,3,1,3,"第三篇-有机化学","题-029-2 | 题-ZOC-013-康尼查罗反应氘代标记实验 | 题-有机-中间体-亚胺正离子催化机理","第三篇-有机化学/1-结构基础与波谱分析.md@1.7=>题-029-2-3-2-聚乙二醇保水原理 ; 第三篇-有机化学/11-反应机理与推断.md@11.30=>题-ZOC-013-康尼查罗反应氘代标记实验 ; 第三篇-有机化学/11-反应机理与推断.md@11.58=>题-有机-中间体-亚胺正离子催化机理"
a7007ea4cfec7fc28d4ec1020134e3211754b221220c904cadbd60d818610a94,3,1,3,"第三篇-有机化学","题-029-2 | 题-ZOC-013-康尼查罗反应氘代标记实验 | 题-有机-中间体-亚胺正离子催化机理","第三篇-有机化学/1-结构基础与波谱分析.md@1.7=>题-029-2-3-2-聚乙二醇保水原理 ; 第三篇-有机化学/11-反应机理与推断.md@11.30=>题-ZOC-013-康尼查罗反应氘代标记实验 ; 第三篇-有机化学/11-反应机理与推断.md@11.58=>题-有机-中间体-亚胺正离子催化机理"
daad9101d443a59fddc993be66341ff819098b13fb69f252d5f94305eb968eee,3,1,3,"第三篇-有机化学","题-029-2 | 题-ZOC-013-康尼查罗反应氘代标记实验 | 题-有机-中间体-亚胺正离子催化机理","第三篇-有机化学/1-结构基础与波谱分析.md@1.7=>题-029-2-3-2-聚乙二醇保水原理 ; 第三篇-有机化学/11-反应机理与推断.md@11.30=>题-ZOC-013-康尼查罗反应氘代标记实验 ; 第三篇-有机化学/11-反应机理与推断.md@11.58=>题-有机-中间体-亚胺正离子催化机理"
b6990c246f45a1b72e9892d419433a015e96d47fa2be0fc96535bab85b2127ef,3,1,3,"第三篇-有机化学","题-029-2 | 题-ZOC-013-康尼查罗反应氘代标记实验 | 题-有机-中间体-亚胺正离子催化机理","第三篇-有机化学/1-结构基础与波谱分析.md@1.7=>题-029-2-3-2-聚乙二醇保水原理 ; 第三篇-有机化学/11-反应机理与推断.md@11.30=>题-ZOC-013-康尼查罗反应氘代标记实验 ; 第三篇-有机化学/11-反应机理与推断.md@11.58=>题-有机-中间体-亚胺正离子催化机理"
b379b82b39df262bb15608af80003a833635cef8084a209254fed966d7ebabd4,3,1,3,"第三篇-有机化学","题-029-2 | 题-ZOC-013-康尼查罗反应氘代标记实验 | 题-有机-中间体-亚胺正离子催化机理","第三篇-有机化学/1-结构基础与波谱分析.md@1.7=>题-029-2-3-2-聚乙二醇保水原理 ; 第三篇-有机化学/11-反应机理与推断.md@11.30=>题-ZOC-013-康尼查罗反应氘代标记实验 ; 第三篇-有机化学/11-反应机理与推断.md@11.58=>题-有机-中间体-亚胺正离子催化机理"
e359e3d72559f07e0d0c0c9f2640e25e9a9a8b21efab8b3e2c713c658adbb5ba,3,1,3,"第三篇-有机化学","题-029-2 | 题-ZOC-013-康尼查罗反应氘代标记实验 | 题-有机-中间体-亚胺正离子催化机理","第三篇-有机化学/1-结构基础与波谱分析.md@1.7=>题-029-2-3-2-聚乙二醇保水原理 ; 第三篇-有机化学/11-反应机理与推断.md@11.30=>题-ZOC-013-康尼查罗反应氘代标记实验 ; 第三篇-有机化学/11-反应机理与推断.md@11.58=>题-有机-中间体-亚胺正离子催化机理"
9d6a1c9b5b91dc0b8d9e83fe7a54ff51300e6fe8cac562b94a59b01d85e1578a,3,1,3,"第三篇-有机化学","题-029-2 | 题-ZOC-013-康尼查罗反应氘代标记实验 | 题-有机-中间体-亚胺正离子催化机理","第三篇-有机化学/1-结构基础与波谱分析.md@1.7=>题-029-2-3-2-聚乙二醇保水原理 ; 第三篇-有机化学/11-反应机理与推断.md@11.30=>题-ZOC-013-康尼查罗反应氘代标记实验 ; 第三篇-有机化学/11-反应机理与推断.md@11.58=>题-有机-中间体-亚胺正离子催化机理"
9c66682326b7f2e1d41518b98d3e810ded45396868ae93c2e30c71077f55955f,3,1,3,"第三篇-有机化学","题-029-2 | 题-ZOC-013-康尼查罗反应氘代标记实验 | 题-有机-中间体-亚胺正离子催化机理","第三篇-有机化学/1-结构基础与波谱分析.md@1.7=>题-029-2-3-2-聚乙二醇保水原理 ; 第三篇-有机化学/11-反应机理与推断.md@11.30=>题-ZOC-013-康尼查罗反应氘代标记实验 ; 第三篇-有机化学/11-反应机理与推断.md@11.58=>题-有机-中间体-亚胺正离子催化机理"
cd2ecdc4715abe61e7fcdcb129537a0cebf941cfdbd08d978cc29dc2c751f697,3,1,3,"第三篇-有机化学","题-029-2 | 题-ZOC-013-康尼查罗反应氘代标记实验 | 题-有机-中间体-亚胺正离子催化机理","第三篇-有机化学/1-结构基础与波谱分析.md@1.7=>题-029-2-3-2-聚乙二醇保水原理 ; 第三篇-有机化学/11-反应机理与推断.md@11.30=>题-ZOC-013-康尼查罗反应氘代标记实验 ; 第三篇-有机化学/11-反应机理与推断.md@11.58=>题-有机-中间体-亚胺正离子催化机理"
5b630ae357a812b474879762b15a30b9138b532d338ed3adea44b8a4eeaba9c4,3,1,3,"第三篇-有机化学","题-029-2 | 题-ZOC-013-康尼查罗反应氘代标记实验 | 题-有机-中间体-亚胺正离子催化机理","第三篇-有机化学/1-结构基础与波谱分析.md@1.7=>题-029-2-3-2-聚乙二醇保水原理 ; 第三篇-有机化学/11-反应机理与推断.md@11.30=>题-ZOC-013-康尼查罗反应氘代标记实验 ; 第三篇-有机化学/11-反应机理与推断.md@11.58=>题-有机-中间体-亚胺正离子催化机理"
6f698ca5467e2aa36106d86789a1be8e6340a0e6282439049e3ec37c56c607f4,3,1,3,"第三篇-有机化学","题-029-2 | 题-ZOC-013-康尼查罗反应氘代标记实验 | 题-有机-中间体-亚胺正离子催化机理","第三篇-有机化学/1-结构基础与波谱分析.md@1.7=>题-029-2-3-2-聚乙二醇保水原理 ; 第三篇-有机化学/11-反应机理与推断.md@11.30=>题-ZOC-013-康尼查罗反应氘代标记实验 ; 第三篇-有机化学/11-反应机理与推断.md@11.58=>题-有机-中间体-亚胺正离子催化机理"
f7bd1585074362a6849c3ba2ba95ad190a143bd6a3922194d216240964e4e5de,3,1,3,"第三篇-有机化学","题-029-2 | 题-ZOC-013-康尼查罗反应氘代标记实验 | 题-有机-中间体-亚胺正离子催化机理","第三篇-有机化学/1-结构基础与波谱分析.md@1.7=>题-029-2-3-2-聚乙二醇保水原理 ; 第三篇-有机化学/11-反应机理与推断.md@11.30=>题-ZOC-013-康尼查罗反应氘代标记实验 ; 第三篇-有机化学/11-反应机理与推断.md@11.58=>题-有机-中间体-亚胺正离子催化机理"
9aaa0160ae5725c2a05b4589c42923d7e8709359f4a72d993ea03f0828bfdc17,5,1,5,"第三篇-有机化学","题-036b-10 | 题-025-8 | 题-有机-中间体-动力学与热力学产物预测 | 题-029-3 | 题-027-2","第三篇-有机化学/1-结构基础与波谱分析.md@1.10=>题-036b-10-3-HFIP氢键供受体数目 ; 第三篇-有机化学/11-反应机理与推断.md@11.5=>题-025-8-3-中间体B结构 ; 第三篇-有机化学/11-反应机理与推断.md@11.59=>题-有机-中间体-动力学与热力学产物预测 ; 第三篇-有机化学/3-烷烯炔与加成反应.md@3.2=>题-029-3-1-3-金属元素推断 ; 第三篇-有机化学/3-烷烯炔与加成反应.md@3.4=>题-027-2-8-甲烷燃烧体积比"
741bc4e421fc2afd028baedc52b8a50d05f7de06bfddb3fd9f28e76b6991a19e,5,1,5,"第三篇-有机化学","题-036b-10 | 题-025-8 | 题-有机-中间体-动力学与热力学产物预测 | 题-029-3 | 题-027-2","第三篇-有机化学/1-结构基础与波谱分析.md@1.10=>题-036b-10-3-HFIP氢键供受体数目 ; 第三篇-有机化学/11-反应机理与推断.md@11.5=>题-025-8-3-中间体B结构 ; 第三篇-有机化学/11-反应机理与推断.md@11.59=>题-有机-中间体-动力学与热力学产物预测 ; 第三篇-有机化学/3-烷烯炔与加成反应.md@3.2=>题-029-3-1-3-金属元素推断 ; 第三篇-有机化学/3-烷烯炔与加成反应.md@3.4=>题-027-2-8-甲烷燃烧体积比"
5b9d69a46432f89a7a525d69213f8de23546ebca881bdbb82d02a459b5b65989,5,1,5,"第三篇-有机化学","题-036b-10 | 题-025-8 | 题-有机-中间体-动力学与热力学产物预测 | 题-029-3 | 题-027-2","第三篇-有机化学/1-结构基础与波谱分析.md@1.10=>题-036b-10-3-HFIP氢键供受体数目 ; 第三篇-有机化学/11-反应机理与推断.md@11.5=>题-025-8-3-中间体B结构 ; 第三篇-有机化学/11-反应机理与推断.md@11.59=>题-有机-中间体-动力学与热力学产物预测 ; 第三篇-有机化学/3-烷烯炔与加成反应.md@3.2=>题-029-3-1-3-金属元素推断 ; 第三篇-有机化学/3-烷烯炔与加成反应.md@3.4=>题-027-2-8-甲烷燃烧体积比"
7775e67e81d145558d6808c05b051da1398feef7e5a3c580b684ebebd1b82dfb,5,1,5,"第三篇-有机化学","题-036b-10 | 题-025-8 | 题-有机-中间体-动力学与热力学产物预测 | 题-029-3 | 题-027-2","第三篇-有机化学/1-结构基础与波谱分析.md@1.10=>题-036b-10-3-HFIP氢键供受体数目 ; 第三篇-有机化学/11-反应机理与推断.md@11.5=>题-025-8-3-中间体B结构 ; 第三篇-有机化学/11-反应机理与推断.md@11.59=>题-有机-中间体-动力学与热力学产物预测 ; 第三篇-有机化学/3-烷烯炔与加成反应.md@3.2=>题-029-3-1-3-金属元素推断 ; 第三篇-有机化学/3-烷烯炔与加成反应.md@3.4=>题-027-2-8-甲烷燃烧体积比"
8750520264fe0285d295ac4e812bfe00a39059d24737793a1941d4ddff60a253,5,1,5,"第三篇-有机化学","题-036b-10 | 题-025-8 | 题-有机-中间体-动力学与热力学产物预测 | 题-029-3 | 题-027-2","第三篇-有机化学/1-结构基础与波谱分析.md@1.10=>题-036b-10-3-HFIP氢键供受体数目 ; 第三篇-有机化学/11-反应机理与推断.md@11.5=>题-025-8-3-中间体B结构 ; 第三篇-有机化学/11-反应机理与推断.md@11.59=>题-有机-中间体-动力学与热力学产物预测 ; 第三篇-有机化学/3-烷烯炔与加成反应.md@3.2=>题-029-3-1-3-金属元素推断 ; 第三篇-有机化学/3-烷烯炔与加成反应.md@3.4=>题-027-2-8-甲烷燃烧体积比"
acd853dc6c8d2eba7369da98ae23801c4c17fcccb2219b0c8beda0acdf075fa7,5,1,5,"第三篇-有机化学","题-036b-10 | 题-025-8 | 题-有机-中间体-动力学与热力学产物预测 | 题-029-3 | 题-027-2","第三篇-有机化学/1-结构基础与波谱分析.md@1.10=>题-036b-10-3-HFIP氢键供受体数目 ; 第三篇-有机化学/11-反应机理与推断.md@11.5=>题-025-8-3-中间体B结构 ; 第三篇-有机化学/11-反应机理与推断.md@11.59=>题-有机-中间体-动力学与热力学产物预测 ; 第三篇-有机化学/3-烷烯炔与加成反应.md@3.2=>题-029-3-1-3-金属元素推断 ; 第三篇-有机化学/3-烷烯炔与加成反应.md@3.4=>题-027-2-8-甲烷燃烧体积比"
1132f60e9dd4ba7c44388bd75b1dfc22238d5e7747f279f99290a0413f281168,5,1,5,"第三篇-有机化学","题-036b-10 | 题-025-8 | 题-有机-中间体-动力学与热力学产物预测 | 题-029-3 | 题-027-2","第三篇-有机化学/1-结构基础与波谱分析.md@1.10=>题-036b-10-3-HFIP氢键供受体数目 ; 第三篇-有机化学/11-反应机理与推断.md@11.5=>题-025-8-3-中间体B结构 ; 第三篇-有机化学/11-反应机理与推断.md@11.59=>题-有机-中间体-动力学与热力学产物预测 ; 第三篇-有机化学/3-烷烯炔与加成反应.md@3.2=>题-029-3-1-3-金属元素推断 ; 第三篇-有机化学/3-烷烯炔与加成反应.md@3.4=>题-027-2-8-甲烷燃烧体积比"
44640ca2b1e7aba4041572fa1f7b1e70fe6c88e0373a7d049c08e641cb7e4972,5,1,5,"第三篇-有机化学","题-036b-10 | 题-025-8 | 题-有机-中间体-动力学与热力学产物预测 | 题-029-3 | 题-027-2","第三篇-有机化学/1-结构基础与波谱分析.md@1.10=>题-036b-10-3-HFIP氢键供受体数目 ; 第三篇-有机化学/11-反应机理与推断.md@11.5=>题-025-8-3-中间体B结构 ; 第三篇-有机化学/11-反应机理与推断.md@11.59=>题-有机-中间体-动力学与热力学产物预测 ; 第三篇-有机化学/3-烷烯炔与加成反应.md@3.2=>题-029-3-1-3-金属元素推断 ; 第三篇-有机化学/3-烷烯炔与加成反应.md@3.4=>题-027-2-8-甲烷燃烧体积比"
577ab1239d21b0b950f45ae09d3b6523412106ca5a35e65b15a6ce4696ae3432,5,1,5,"第三篇-有机化学","题-036b-10 | 题-025-8 | 题-有机-中间体-动力学与热力学产物预测 | 题-029-3 | 题-027-2","第三篇-有机化学/1-结构基础与波谱分析.md@1.10=>题-036b-10-3-HFIP氢键供受体数目 ; 第三篇-有机化学/11-反应机理与推断.md@11.5=>题-025-8-3-中间体B结构 ; 第三篇-有机化学/11-反应机理与推断.md@11.59=>题-有机-中间体-动力学与热力学产物预测 ; 第三篇-有机化学/3-烷烯炔与加成反应.md@3.2=>题-029-3-1-3-金属元素推断 ; 第三篇-有机化学/3-烷烯炔与加成反应.md@3.4=>题-027-2-8-甲烷燃烧体积比"
86fbd0ce908d25043b9ebe5ca8069e54b77301f04ca5fd976c6e9a4dd1275b42,5,1,5,"第三篇-有机化学","题-036b-10 | 题-025-8 | 题-有机-中间体-动力学与热力学产物预测 | 题-029-3 | 题-027-2","第三篇-有机化学/1-结构基础与波谱分析.md@1.10=>题-036b-10-3-HFIP氢键供受体数目 ; 第三篇-有机化学/11-反应机理与推断.md@11.5=>题-025-8-3-中间体B结构 ; 第三篇-有机化学/11-反应机理与推断.md@11.59=>题-有机-中间体-动力学与热力学产物预测 ; 第三篇-有机化学/3-烷烯炔与加成反应.md@3.2=>题-029-3-1-3-金属元素推断 ; 第三篇-有机化学/3-烷烯炔与加成反应.md@3.4=>题-027-2-8-甲烷燃烧体积比"
fe25026e474149d7cd0c7d0db20203b39bd214433c5696b74c1a763f4a7a1348,5,1,5,"第三篇-有机化学","题-036b-10 | 题-025-8 | 题-有机-中间体-动力学与热力学产物预测 | 题-029-3 | 题-027-2","第三篇-有机化学/1-结构基础与波谱分析.md@1.10=>题-036b-10-3-HFIP氢键供受体数目 ; 第三篇-有机化学/11-反应机理与推断.md@11.5=>题-025-8-3-中间体B结构 ; 第三篇-有机化学/11-反应机理与推断.md@11.59=>题-有机-中间体-动力学与热力学产物预测 ; 第三篇-有机化学/3-烷烯炔与加成反应.md@3.2=>题-029-3-1-3-金属元素推断 ; 第三篇-有机化学/3-烷烯炔与加成反应.md@3.4=>题-027-2-8-甲烷燃烧体积比"
e8aac41e76c9516e72d54fc166f4c2bfcd8b347bccf386558075a008b409f099,5,1,5,"第三篇-有机化学","题-036b-10 | 题-025-8 | 题-有机-中间体-动力学与热力学产物预测 | 题-029-3 | 题-027-2","第三篇-有机化学/1-结构基础与波谱分析.md@1.10=>题-036b-10-3-HFIP氢键供受体数目 ; 第三篇-有机化学/11-反应机理与推断.md@11.5=>题-025-8-3-中间体B结构 ; 第三篇-有机化学/11-反应机理与推断.md@11.59=>题-有机-中间体-动力学与热力学产物预测 ; 第三篇-有机化学/3-烷烯炔与加成反应.md@3.2=>题-029-3-1-3-金属元素推断 ; 第三篇-有机化学/3-烷烯炔与加成反应.md@3.4=>题-027-2-8-甲烷燃烧体积比"
d38b2faa0e957da410c2a30d8fe06ce1e412da5cd7d7d5ff476096c2219e82ff,5,1,5,"第三篇-有机化学","题-036b-10 | 题-025-8 | 题-有机-中间体-动力学与热力学产物预测 | 题-029-3 | 题-027-2","第三篇-有机化学/1-结构基础与波谱分析.md@1.10=>题-036b-10-3-HFIP氢键供受体数目 ; 第三篇-有机化学/11-反应机理与推断.md@11.5=>题-025-8-3-中间体B结构 ; 第三篇-有机化学/11-反应机理与推断.md@11.59=>题-有机-中间体-动力学与热力学产物预测 ; 第三篇-有机化学/3-烷烯炔与加成反应.md@3.2=>题-029-3-1-3-金属元素推断 ; 第三篇-有机化学/3-烷烯炔与加成反应.md@3.4=>题-027-2-8-甲烷燃烧体积比"
71b570e71e626603246d12d48cb0b7b265fed247a9708eea93aab17caa1687a3,5,1,5,"第三篇-有机化学","题-036b-10 | 题-025-8 | 题-有机-中间体-动力学与热力学产物预测 | 题-029-3 | 题-027-2","第三篇-有机化学/1-结构基础与波谱分析.md@1.10=>题-036b-10-3-HFIP氢键供受体数目 ; 第三篇-有机化学/11-反应机理与推断.md@11.5=>题-025-8-3-中间体B结构 ; 第三篇-有机化学/11-反应机理与推断.md@11.59=>题-有机-中间体-动力学与热力学产物预测 ; 第三篇-有机化学/3-烷烯炔与加成反应.md@3.2=>题-029-3-1-3-金属元素推断 ; 第三篇-有机化学/3-烷烯炔与加成反应.md@3.4=>题-027-2-8-甲烷燃烧体积比"
a1dadc9283c893c7aa9ffe9de768fe31ec374cf1391dac1c47cc154ac316c1a3,5,1,5,"第三篇-有机化学","题-036b-10 | 题-025-8 | 题-有机-中间体-动力学与热力学产物预测 | 题-029-3 | 题-027-2","第三篇-有机化学/1-结构基础与波谱分析.md@1.10=>题-036b-10-3-HFIP氢键供受体数目 ; 第三篇-有机化学/11-反应机理与推断.md@11.5=>题-025-8-3-中间体B结构 ; 第三篇-有机化学/11-反应机理与推断.md@11.59=>题-有机-中间体-动力学与热力学产物预测 ; 第三篇-有机化学/3-烷烯炔与加成反应.md@3.2=>题-029-3-1-3-金属元素推断 ; 第三篇-有机化学/3-烷烯炔与加成反应.md@3.4=>题-027-2-8-甲烷燃烧体积比"
37d53721fb029a130122be2279268a54a703ab45c3dee5a2751f2a473ff51e40,2,1,2,"第三篇-有机化学","题-281-Clayden-Ch8-P10-两个戊二醇合成失败原因 | 题-587-Clayden-Ch32-P4-已有环侧关环反应立体化学控制","第三篇-有机化学/1-结构基础与波谱分析.md@1.43=>题-281-Clayden-Ch8-P10-两个戊二醇合成失败原因 ; 第三篇-有机化学/2-立体化学.md@2.38=>题-587-Clayden-Ch32-P4-已有环侧关环反应立体化学控制"
f78d6996622e4c5320b59cdc9449d16534eaf43a328a1ae16b84a031fa6e3ef4,4,1,4,"第三篇-有机化学","题-030-1 | 题-037-9 | 题-026-11 | 题-026-9","第三篇-有机化学/10-有机合成设计.md@10.2=>题-030-1-2-碱金属性质递变非单调性 ; 第三篇-有机化学/10-有机合成设计.md@10.21=>题-037-9-2-3-F的立体结构与G1构型 ; 第三篇-有机化学/11-反应机理与推断.md@11.6=>题-026-11-4-圈出来自A的氧原子 ; 第三篇-有机化学/6-羰基化学与缩合反应.md@6.1=>题-026-9-1-Knoevenagel亲核试剂"
60564579e0af0d28ed7def78f788267f72901f24e6f5eb920537bfd7e0315821,4,1,4,"第三篇-有机化学","题-030-1 | 题-037-9 | 题-026-11 | 题-026-9","第三篇-有机化学/10-有机合成设计.md@10.2=>题-030-1-2-碱金属性质递变非单调性 ; 第三篇-有机化学/10-有机合成设计.md@10.21=>题-037-9-2-3-F的立体结构与G1构型 ; 第三篇-有机化学/11-反应机理与推断.md@11.6=>题-026-11-4-圈出来自A的氧原子 ; 第三篇-有机化学/6-羰基化学与缩合反应.md@6.1=>题-026-9-1-Knoevenagel亲核试剂"
c5a24c9ce3963d0acb531f71f44a669a25955a6af4404a09219bed1b6da563d2,4,1,4,"第三篇-有机化学","题-030-1 | 题-037-9 | 题-026-11 | 题-026-9","第三篇-有机化学/10-有机合成设计.md@10.2=>题-030-1-2-碱金属性质递变非单调性 ; 第三篇-有机化学/10-有机合成设计.md@10.21=>题-037-9-2-3-F的立体结构与G1构型 ; 第三篇-有机化学/11-反应机理与推断.md@11.6=>题-026-11-4-圈出来自A的氧原子 ; 第三篇-有机化学/6-羰基化学与缩合反应.md@6.1=>题-026-9-1-Knoevenagel亲核试剂"
0a43a544f137d7908fc4bc6bd3e49f2c6097fed694c9bb37dc34f42553a4a472,4,1,4,"第三篇-有机化学","题-030-1 | 题-037-9 | 题-026-11 | 题-026-9","第三篇-有机化学/10-有机合成设计.md@10.2=>题-030-1-2-碱金属性质递变非单调性 ; 第三篇-有机化学/10-有机合成设计.md@10.21=>题-037-9-2-3-F的立体结构与G1构型 ; 第三篇-有机化学/11-反应机理与推断.md@11.6=>题-026-11-4-圈出来自A的氧原子 ; 第三篇-有机化学/6-羰基化学与缩合反应.md@6.1=>题-026-9-1-Knoevenagel亲核试剂"
31b52f1a740bf306410302296acf84a018d0734579134778a4cc44657537a44f,4,1,4,"第三篇-有机化学","题-030-1 | 题-037-9 | 题-026-11 | 题-026-9","第三篇-有机化学/10-有机合成设计.md@10.2=>题-030-1-2-碱金属性质递变非单调性 ; 第三篇-有机化学/10-有机合成设计.md@10.21=>题-037-9-2-3-F的立体结构与G1构型 ; 第三篇-有机化学/11-反应机理与推断.md@11.6=>题-026-11-4-圈出来自A的氧原子 ; 第三篇-有机化学/6-羰基化学与缩合反应.md@6.1=>题-026-9-1-Knoevenagel亲核试剂"
37d1ff4cc8cb58a562d2c94c158a220f6b6ac8c2c41dad7c893845d4a066a2ac,4,1,4,"第三篇-有机化学","题-030-1 | 题-037-9 | 题-026-11 | 题-026-9","第三篇-有机化学/10-有机合成设计.md@10.2=>题-030-1-2-碱金属性质递变非单调性 ; 第三篇-有机化学/10-有机合成设计.md@10.21=>题-037-9-2-3-F的立体结构与G1构型 ; 第三篇-有机化学/11-反应机理与推断.md@11.6=>题-026-11-4-圈出来自A的氧原子 ; 第三篇-有机化学/6-羰基化学与缩合反应.md@6.1=>题-026-9-1-Knoevenagel亲核试剂"
4e893eb5571b52efd522e69b98a9a4a13e99b7ff123a5270cfffcbc3bfbc7b84,4,1,4,"第三篇-有机化学","题-030-1 | 题-037-9 | 题-026-11 | 题-026-9","第三篇-有机化学/10-有机合成设计.md@10.2=>题-030-1-2-碱金属性质递变非单调性 ; 第三篇-有机化学/10-有机合成设计.md@10.21=>题-037-9-2-3-F的立体结构与G1构型 ; 第三篇-有机化学/11-反应机理与推断.md@11.6=>题-026-11-4-圈出来自A的氧原子 ; 第三篇-有机化学/6-羰基化学与缩合反应.md@6.1=>题-026-9-1-Knoevenagel亲核试剂"
5784458798fab2778a01d25ff505c5b251e08b3423d459c1f5fc35b356895340,4,1,4,"第三篇-有机化学","题-030-1 | 题-037-9 | 题-026-11 | 题-026-9","第三篇-有机化学/10-有机合成设计.md@10.2=>题-030-1-2-碱金属性质递变非单调性 ; 第三篇-有机化学/10-有机合成设计.md@10.21=>题-037-9-2-3-F的立体结构与G1构型 ; 第三篇-有机化学/11-反应机理与推断.md@11.6=>题-026-11-4-圈出来自A的氧原子 ; 第三篇-有机化学/6-羰基化学与缩合反应.md@6.1=>题-026-9-1-Knoevenagel亲核试剂"
cc4694f57be4dcaf2e748960f2085b25af04cd5770269e827e78aa1f5e5255ac,2,1,2,"第三篇-有机化学","题-030-1 | 题-032-9","第三篇-有机化学/10-有机合成设计.md@10.5=>题-030-1-4-1-合成A反应方程式 ; 第三篇-有机化学/11-反应机理与推断.md@11.35=>题-032-9-3-氟化反应中间体"
010ff88ebd9f78df12474abdef3414611e4740bfeddb026facafb960db976689,2,1,2,"第三篇-有机化学","题-有机-中间体-碳正离子碳负离子自由基稳定性比较 | 题-有机-羰基-选择性还原场景判断","第三篇-有机化学/11-反应机理与推断.md@11.33=>题-有机-中间体-碳正离子碳负离子自由基稳定性比较 ; 第三篇-有机化学/6-羰基化学与缩合反应.md@6.31=>题-有机-羰基-选择性还原场景判断"
0e7c42ae2c1e201ccaf07ffabb2081673067ff9d5066923c0aa643468d2d7bfb,2,1,2,"第三篇-有机化学","题-有机-中间体-碳正离子碳负离子自由基稳定性比较 | 题-有机-羰基-选择性还原场景判断","第三篇-有机化学/11-反应机理与推断.md@11.33=>题-有机-中间体-碳正离子碳负离子自由基稳定性比较 ; 第三篇-有机化学/6-羰基化学与缩合反应.md@6.31=>题-有机-羰基-选择性还原场景判断"
5cfac0ddad41ed2181113c719721048ddab6386749c1a39bc59b2b251ac3c18b,2,1,2,"第三篇-有机化学","题-033-9 | 题-ZOC-034-逆环加成与重排串联反应的应用","第三篇-有机化学/6-羰基化学与缩合反应.md@6.3=>题-033-9-1-茚三酮反应产物 ; 第三篇-有机化学/8-周环反应与自由基.md@8.35=>题-ZOC-034-逆环加成与重排串联反应的应用"
7a7e4e8fd414ca73db9e836030f71844609b16f2d25e7c52a6408ce4b69b4739,4,3,1,"第三篇-有机化学,第二篇-结构化学,第四篇-元素与分析","题-026-2","第三篇-有机化学/7-金属有机与偶联反应.md@7.1=>题-026-2-3-BCl3格氏反应 ; 第二篇-结构化学/2-分子结构与化学键.md@2.8=>题-026-2-2-B4Cl4结构 ; 第四篇-元素与分析/3-主族元素化学.md@3.3=>题-026-2-4-B2Cl4醇解 ; 第四篇-元素与分析/5-元素推断.md@5.1=>题-026-2-1-BCl元素推断"
fb2e95a760791ce194ef0091e6e4649c84b603c1a6e6cdcf4e3739ba65e3a0de,5,2,2,"第三篇-有机化学,第二篇-结构化学","题-025-5 | 题-033-5","第三篇-有机化学/7-金属有机与偶联反应.md@7.3=>题-025-5-1-Wilkinson催化剂结构 ; 第三篇-有机化学/7-金属有机与偶联反应.md@7.4=>题-025-5-3-配合物氧化态 ; 第三篇-有机化学/7-金属有机与偶联反应.md@7.15=>题-025-5-2-催化中间体D结构 ; 第二篇-结构化学/2-分子结构与化学键.md@2.7=>题-025-5-4-杂化轨道类型 ; 第二篇-结构化学/4-配位化学.md@4.7=>题-033-5-1-相对分子质量计算"
d50206ff9c5b8a939b460825692de308e9ee7e76e66b17d5f837d8f73292ae83,3,1,3,"第二篇-结构化学","题-033-2 | 题-027-2 | 题-025-7","第二篇-结构化学/1-原子结构.md@1.1=>题-033-2-1-核反应方程式 ; 第二篇-结构化学/3-晶体结构.md@3.2=>题-027-2-4-3-金属氧化物化学式 ; 第二篇-结构化学/3-晶体结构.md@3.10=>题-025-7-1-金刚石晶胞键连"
81a8d5b638511406e9e810a993f3a2d775264832df8b007f3a79e19fd694bf2a,3,1,3,"第二篇-结构化学","题-033-2 | 题-027-2 | 题-025-7","第二篇-结构化学/1-原子结构.md@1.1=>题-033-2-1-核反应方程式 ; 第二篇-结构化学/3-晶体结构.md@3.2=>题-027-2-4-3-金属氧化物化学式 ; 第二篇-结构化学/3-晶体结构.md@3.10=>题-025-7-1-金刚石晶胞键连"
093be01dd3f863f25a39031790de6302d26b8b0c0bfd12702d182a9d7bf2cc66,6,2,6,"第二篇-结构化学,第四篇-元素与分析","题-029-5 | 题-025-5 | 题-027-1 | 题-037-1 | 题-038-1 | 题-042-初赛讲义-推断技术-习题6.36","第二篇-结构化学/1-原子结构.md@1.2=>题-029-5-1-晶胞原子数目 ; 第二篇-结构化学/4-配位化学.md@4.8=>题-025-5-5-顺磁性抗磁性判断 ; 第四篇-元素与分析/2-离子反应与方程式.md@2.1=>题-027-1-1-Mn2O3与CO反应 ; 第四篇-元素与分析/3-主族元素化学.md@3.12=>题-037-1-1-GaN刻蚀方程式 ; 第四篇-元素与分析/5-元素推断.md@5.6=>题-038-1-1-灰狼与矿渣推断 ; 第四篇-元素与分析/5-元素推断.md@5.27=>题-042-初赛讲义-推断技术-习题6.36"
6746d9a92c83be9a668adaa89cf83b23aa663cc8a6c49bfb1b5ccbac979ef664,6,2,6,"第二篇-结构化学,第四篇-元素与分析","题-029-5 | 题-025-5 | 题-027-1 | 题-037-1 | 题-038-1 | 题-042-初赛讲义-推断技术-习题6.36","第二篇-结构化学/1-原子结构.md@1.2=>题-029-5-1-晶胞原子数目 ; 第二篇-结构化学/4-配位化学.md@4.8=>题-025-5-5-顺磁性抗磁性判断 ; 第四篇-元素与分析/2-离子反应与方程式.md@2.1=>题-027-1-1-Mn2O3与CO反应 ; 第四篇-元素与分析/3-主族元素化学.md@3.12=>题-037-1-1-GaN刻蚀方程式 ; 第四篇-元素与分析/5-元素推断.md@5.6=>题-038-1-1-灰狼与矿渣推断 ; 第四篇-元素与分析/5-元素推断.md@5.27=>题-042-初赛讲义-推断技术-习题6.36"
4e79e8ddda410b30d3b24fb6138e5654647e562b0622462f1572575b789da353,6,2,6,"第二篇-结构化学,第四篇-元素与分析","题-029-5 | 题-025-5 | 题-027-1 | 题-037-1 | 题-038-1 | 题-042-初赛讲义-推断技术-习题6.36","第二篇-结构化学/1-原子结构.md@1.2=>题-029-5-1-晶胞原子数目 ; 第二篇-结构化学/4-配位化学.md@4.8=>题-025-5-5-顺磁性抗磁性判断 ; 第四篇-元素与分析/2-离子反应与方程式.md@2.1=>题-027-1-1-Mn2O3与CO反应 ; 第四篇-元素与分析/3-主族元素化学.md@3.12=>题-037-1-1-GaN刻蚀方程式 ; 第四篇-元素与分析/5-元素推断.md@5.6=>题-038-1-1-灰狼与矿渣推断 ; 第四篇-元素与分析/5-元素推断.md@5.27=>题-042-初赛讲义-推断技术-习题6.36"
2b44af171833f3b1c67f865b58fc87e06bfda4d114d28995f16f3b39485c3755,5,1,2,"第二篇-结构化学","题-025-2 | 题-赵鑫光-容量分析-光度例4","第二篇-结构化学/2-分子结构与化学键.md@2.6=>题-025-2-4-离域π键 ; 第二篇-结构化学/4-配位化学.md@4.1=>题-025-2-1-乙酰丙酮锰配合物结构 ; 第二篇-结构化学/4-配位化学.md@4.2=>题-025-2-2-磁矩计算 ; 第二篇-结构化学/4-配位化学.md@4.3=>题-025-2-3-配合物手性判据 ; 第二篇-结构化学/4-配位化学.md@4.94=>题-赵鑫光-容量分析-光度例4"
fa8391a7866700de5d322b244563d8934e6bf7871299058b2cf422d5c3da3ed7,5,1,2,"第二篇-结构化学","题-025-2 | 题-赵鑫光-容量分析-光度例4","第二篇-结构化学/2-分子结构与化学键.md@2.6=>题-025-2-4-离域π键 ; 第二篇-结构化学/4-配位化学.md@4.1=>题-025-2-1-乙酰丙酮锰配合物结构 ; 第二篇-结构化学/4-配位化学.md@4.2=>题-025-2-2-磁矩计算 ; 第二篇-结构化学/4-配位化学.md@4.3=>题-025-2-3-配合物手性判据 ; 第二篇-结构化学/4-配位化学.md@4.94=>题-赵鑫光-容量分析-光度例4"
847a4d39e3d232955a3cbc10dd7c3a3107339ada5053c8c01542cbbdeb0dd0a2,2,2,2,"第二篇-结构化学,第四篇-元素与分析","题-033-7 | 题-036b-7","第二篇-结构化学/3-晶体结构.md@3.6=>题-033-7-4-钙钛矿配位数 ; 第四篇-元素与分析/3-主族元素化学.md@3.11=>题-036b-7-2-1-嫦娥石化学式"
94ac035d4be620acf64d716d571db1184abdebd8e456898b17f7dc03b0c8ece4,4,1,3,"第二篇-结构化学","题-034-7 | 题-036b-7 | 题-赵鑫光-晶体-习21","第二篇-结构化学/3-晶体结构.md@3.7=>题-034-7-1-咔咯环芳香性判断 ; 第二篇-结构化学/3-晶体结构.md@3.8=>题-034-7-3-金属离子价电子组态 ; 第二篇-结构化学/3-晶体结构.md@3.9=>题-036b-7-1-1-晶胞中化学式数目n ; 第二篇-结构化学/3-晶体结构.md@3.139=>题-赵鑫光-晶体-习21"
f62d8450f931d0cccaf13003aef328057f462ef68269760165e60c464c8975f1,4,1,3,"第二篇-结构化学","题-034-7 | 题-036b-7 | 题-赵鑫光-晶体-习21","第二篇-结构化学/3-晶体结构.md@3.7=>题-034-7-1-咔咯环芳香性判断 ; 第二篇-结构化学/3-晶体结构.md@3.8=>题-034-7-3-金属离子价电子组态 ; 第二篇-结构化学/3-晶体结构.md@3.9=>题-036b-7-1-1-晶胞中化学式数目n ; 第二篇-结构化学/3-晶体结构.md@3.139=>题-赵鑫光-晶体-习21"
c62bed1f1c644275d18f18fc53c4abdf893a2c7060f22400c60970b5e1dc1968,4,1,3,"第二篇-结构化学","题-034-7 | 题-036b-7 | 题-赵鑫光-晶体-习21","第二篇-结构化学/3-晶体结构.md@3.7=>题-034-7-1-咔咯环芳香性判断 ; 第二篇-结构化学/3-晶体结构.md@3.8=>题-034-7-3-金属离子价电子组态 ; 第二篇-结构化学/3-晶体结构.md@3.9=>题-036b-7-1-1-晶胞中化学式数目n ; 第二篇-结构化学/3-晶体结构.md@3.139=>题-赵鑫光-晶体-习21"
1938f87046d5c2efb3809a1f4be6872a1b5f80a393f63584463c6a59f3ea0dec,4,1,3,"第二篇-结构化学","题-034-7 | 题-036b-7 | 题-赵鑫光-晶体-习21","第二篇-结构化学/3-晶体结构.md@3.7=>题-034-7-1-咔咯环芳香性判断 ; 第二篇-结构化学/3-晶体结构.md@3.8=>题-034-7-3-金属离子价电子组态 ; 第二篇-结构化学/3-晶体结构.md@3.9=>题-036b-7-1-1-晶胞中化学式数目n ; 第二篇-结构化学/3-晶体结构.md@3.139=>题-赵鑫光-晶体-习21"
c29db43a837a1956096b05dcd08a238403c431db01dc7f286c35f53aa47f4125,4,1,3,"第二篇-结构化学","题-034-7 | 题-036b-7 | 题-赵鑫光-晶体-习21","第二篇-结构化学/3-晶体结构.md@3.7=>题-034-7-1-咔咯环芳香性判断 ; 第二篇-结构化学/3-晶体结构.md@3.8=>题-034-7-3-金属离子价电子组态 ; 第二篇-结构化学/3-晶体结构.md@3.9=>题-036b-7-1-1-晶胞中化学式数目n ; 第二篇-结构化学/3-晶体结构.md@3.139=>题-赵鑫光-晶体-习21"
f6f37f3513bbaf90fb72185592fce2822ad68f7782bf6e2ec4ea203b31ce1b32,4,1,3,"第二篇-结构化学","题-034-7 | 题-036b-7 | 题-赵鑫光-晶体-习21","第二篇-结构化学/3-晶体结构.md@3.7=>题-034-7-1-咔咯环芳香性判断 ; 第二篇-结构化学/3-晶体结构.md@3.8=>题-034-7-3-金属离子价电子组态 ; 第二篇-结构化学/3-晶体结构.md@3.9=>题-036b-7-1-1-晶胞中化学式数目n ; 第二篇-结构化学/3-晶体结构.md@3.139=>题-赵鑫光-晶体-习21"
8f937fb19745bdc7a336657997785a44054901819aea41aa3afa2f6c91814235,4,1,3,"第二篇-结构化学","题-034-7 | 题-036b-7 | 题-赵鑫光-晶体-习21","第二篇-结构化学/3-晶体结构.md@3.7=>题-034-7-1-咔咯环芳香性判断 ; 第二篇-结构化学/3-晶体结构.md@3.8=>题-034-7-3-金属离子价电子组态 ; 第二篇-结构化学/3-晶体结构.md@3.9=>题-036b-7-1-1-晶胞中化学式数目n ; 第二篇-结构化学/3-晶体结构.md@3.139=>题-赵鑫光-晶体-习21"
855b731bbbddf8b5c1c500a69726eb06b70ceec50b970bca38e2b921232957df,4,1,3,"第二篇-结构化学","题-034-7 | 题-036b-7 | 题-赵鑫光-晶体-习21","第二篇-结构化学/3-晶体结构.md@3.7=>题-034-7-1-咔咯环芳香性判断 ; 第二篇-结构化学/3-晶体结构.md@3.8=>题-034-7-3-金属离子价电子组态 ; 第二篇-结构化学/3-晶体结构.md@3.9=>题-036b-7-1-1-晶胞中化学式数目n ; 第二篇-结构化学/3-晶体结构.md@3.139=>题-赵鑫光-晶体-习21"
06121429f263d0595fd9b349385401caee59a487eb7b18ec01eaff40bfd06442,2,1,2,"第二篇-结构化学","题-232-结构化学基础-金属晶体-习题8.15 | 题-038-5","第二篇-结构化学/3-晶体结构.md@3.124=>题-232-结构化学基础-金属晶体-习题8.15 ; 第二篇-结构化学/3-晶体结构.md@3.167=>题-038-5-3-KGe晶胞化学式"
e21099e863821e03b13055a073e0df2be23f9e02c1094a04b6b8380543e4bb82,2,1,2,"第二篇-结构化学","题-233-结构化学基础-金属晶体-习题8.16 | 题-038-5","第二篇-结构化学/3-晶体结构.md@3.125=>题-233-结构化学基础-金属晶体-习题8.16 ; 第二篇-结构化学/3-晶体结构.md@3.167=>题-038-5-3-KGe晶胞化学式"
069636f09583c617482bf7256b55c066219bb4d8967d14d95d457e9e65086b83,2,1,2,"第二篇-结构化学","题-234-结构化学基础-金属晶体-习题8.17 | 题-038-5","第二篇-结构化学/3-晶体结构.md@3.126=>题-234-结构化学基础-金属晶体-习题8.17 ; 第二篇-结构化学/3-晶体结构.md@3.167=>题-038-5-3-KGe晶胞化学式"
8993229be7c3a37baaf888292da4e73a04063fafc4cd6c9c4c2d4719e22a4e44,2,1,2,"第二篇-结构化学","题-237-结构化学基础-金属晶体-习题8.20 | 题-038-5","第二篇-结构化学/3-晶体结构.md@3.129=>题-237-结构化学基础-金属晶体-习题8.20 ; 第二篇-结构化学/3-晶体结构.md@3.167=>题-038-5-3-KGe晶胞化学式"
2baa0c19795fe58a8e7e8ad1eea811eadab143acf68f1d0de0bd39ae8df7b96c,2,1,2,"第二篇-结构化学","题-239-结构化学基础-金属晶体-习题8.22 | 题-赵鑫光-晶体-习14","第二篇-结构化学/3-晶体结构.md@3.131=>题-239-结构化学基础-金属晶体-习题8.22 ; 第二篇-结构化学/3-晶体结构.md@3.137=>题-赵鑫光-晶体-习14"
059279284d6d7d174b69395a2f7d5d4de42bb07b5f83391a455d490046dec1b1,2,1,2,"第二篇-结构化学","题-239-结构化学基础-金属晶体-习题8.22 | 题-038-5","第二篇-结构化学/3-晶体结构.md@3.131=>题-239-结构化学基础-金属晶体-习题8.22 ; 第二篇-结构化学/3-晶体结构.md@3.169=>题-038-5-5-CeO2氧空位位置"
843d52cd28a1c7350f3d9a248eda4a10e91166aa6ae3ae109305c57af9757c32,2,1,2,"第二篇-结构化学","题-239-结构化学基础-金属晶体-习题8.22 | 题-242-结构化学基础-金属晶体-习题8.25","第二篇-结构化学/3-晶体结构.md@3.131=>题-239-结构化学基础-金属晶体-习题8.22 ; 第二篇-结构化学/3-晶体结构.md@3.134=>题-242-结构化学基础-金属晶体-习题8.25"
5a3fcb756b7fef96a16dc7c20ec64b0b5d9eb5c483faa20680c855b3e7e50b68,4,2,4,"第二篇-结构化学,第四篇-元素与分析","题-赵鑫光-晶体-习27 | 题-027-5 | 题-027-1 | 题-038-1","第二篇-结构化学/3-晶体结构.md@3.140=>题-赵鑫光-晶体-习27 ; 第四篇-元素与分析/1-化学基础与计量.md@1.2=>题-027-5-1-反钙钛矿M摩尔质量 ; 第四篇-元素与分析/2-离子反应与方程式.md@2.2=>题-027-1-6-NaN3制备 ; 第四篇-元素与分析/5-元素推断.md@5.7=>题-038-1-2-炼丹物质推断"
dfc0cffb4025979a20c7833cb691b9c2e92d2d9a678b2ce7c945861a17dd7e98,2,1,2,"第二篇-结构化学","题-037-6 | 题-038-5","第二篇-结构化学/3-晶体结构.md@3.161=>题-037-6-1-MAX相通式推导 ; 第二篇-结构化学/3-晶体结构.md@3.167=>题-038-5-3-KGe晶胞化学式"
d119a61ae3f960db902575637cc862886967e9424c9a02b704309e77ae16b57b,2,2,2,"第二篇-结构化学,第四篇-元素与分析","题-031-5 | 题-027-5","第二篇-结构化学/8-结构推断与综合.md@8.2=>题-031-5-3-B与浓硫酸反应 ; 第四篇-元素与分析/5-元素推断.md@5.10=>题-027-5-2-元素推断AMXY"
