机构,卷基名,状态,卡数,源题号数,缺号,多号
2ChO,第37届中国化学奥林匹克初赛第7题补充说明-最终版-2ChO化学团队制作,差异,0,1,7,
XeChem,12,卡有卷无(台账缺),8,0,,
XeChem,13,卡有卷无(台账缺),9,0,,
XeChem,14,卡有卷无(台账缺),9,0,,
XeChem,15,卡有卷无(台账缺),10,0,,
XeChem,16,卡有卷无(台账缺),9,0,,
XeChem,17,卡有卷无(台账缺),9,0,,
XeChem,18,卡有卷无(台账缺),8,0,,
XeChem,19,卡有卷无(台账缺),9,0,,
XeChem,20,卡有卷无(台账缺),9,0,,
XeChem,21,卡有卷无(台账缺),8,0,,
XeChem,22,卡有卷无(台账缺),7,0,,
XeChem,23,卡有卷无(台账缺),10,0,,
XeChem,24,卡有卷无(台账缺),8,0,,
XeChem,25,卡有卷无(台账缺),8,0,,
XeChem,26,卡有卷无(台账缺),6,0,,
XeChem,PDF合并-1-199,差异,0,10,"1,2,3,4,5,6,7,8,9,10",
XeChem,PDF合并-200-399,差异,0,10,"1,2,3,4,5,6,7,8,9,10",
XeChem,PDF合并-400-496,差异,0,8,"1,2,3,4,5,6,7,8",
XeChem,T1.1,差异,0,1,1,
XeChem,Xechem模拟7,差异,6,5,,6
chemy,15套卷10,卡有卷无(台账缺),3,0,,
chemy,15套卷19,卡有卷无(台账缺),9,0,,
chemy,15套卷20,卡有卷无(台账缺),6,0,,
chemy,15套卷21,卡有卷无(台账缺),6,0,,
chemy,新-2026年暑假Chemy刷题（15套）-1-199,差异,0,11,"1,2,3,4,5,6,7,8,9,10,11",
chemy,新-2026年暑假Chemy刷题（15套）-200-391,差异,0,11,"1,2,3,4,5,6,7,8,9,10,11",
chemy,第40届chemy初赛无机模拟19,差异,0,9,"1,2,3,4,5,6,7,8,9",
chemy,第40届chemy初赛有机模拟20,差异,2,7,"1,4,6,7,8",
chemy,第40届chemy初赛有机模拟21,差异,2,8,"2,3,4,6,7,8",
chemy,第40届chemy初赛模拟10,差异,5,8,"2,6,8",
chemy,第40届chemy初赛模拟17,差异,10,8,,"6,7"
一式,一式09,差异,0,8,"1,2,3,4,5,6,7,8",
伽马,作业(1),差异,2,5,"3,4,11",
伽马,作业1,差异,5,6,9,
伽马,有机作业L6,差异,6,9,"1,3,4",
化英社,初赛模拟7,差异,0,6,"1,2,3,4,5,6",
化英社,春季-有机专题1,差异,2,6,"1,2,4,6",
化英社,春季模拟9,差异,2,7,"1,2,3,5,7",
化英社,春季模拟9-清晰版,差异,5,7,"4,6",
化英社,第40届化英社化学奥林匹克（决赛）模拟3,差异,9,10,3,
壹尖培优,第40届中国化学奥林匹克（初赛）模拟9,差异,8,7,,7
方圆,有机化学测1,差异,6,9,"5,6,8",
方圆,有机化学讲解1,差异,6,9,"1,4,7",
汇智,260609-汇智起航2026年（暑假）全国化学初赛模拟5,差异,6,9,"2,3,4",
汇智,长沙化学刷初赛模拟5,差异,3,9,"1,5,6,7,8,9",
质心GChO,ZCHEM-GChO38,差异,9,8,,8
质心GChO,ZCHEM-GChO6,差异,0,10,"1,2,3,4,5,6,7,8,9,10",
质心GChO,ZCHEM-GChO68,差异,10,9,,8
质心GChO,ZCHEM-GChO70,差异,9,8,,7
质心GChO,国初模拟汇编,差异,0,10,"1,2,3,4,5,6,7,8,9,10",
2ChO,第37届中国化学奥林匹克初赛第7题补充说明-最终版-2ChO化学团队制作,缺号明细,,,7,
XeChem,PDF合并-1-199,缺号明细,,,"1,2,3,4,5,6,7,8,9,10",题号重复 14 遍（多套卷同文件）
XeChem,PDF合并-200-399,缺号明细,,,"1,2,3,4,5,6,7,8,9,10",题号重复 11 遍（多套卷同文件）
XeChem,PDF合并-400-496,缺号明细,,,"1,2,3,4,5,6,7,8",题号重复 6 遍（多套卷同文件）
XeChem,T1.1,缺号明细,,,1,
chemy,新-2026年暑假Chemy刷题（15套）-1-199,缺号明细,,,"1,2,3,4,5,6,7,8,9,10,11",题号重复 16 遍（多套卷同文件）
chemy,新-2026年暑假Chemy刷题（15套）-200-391,缺号明细,,,"1,2,3,4,5,6,7,8,9,10,11",题号重复 13 遍（多套卷同文件）
chemy,第40届chemy初赛无机模拟19,缺号明细,,,"1,2,3,4,5,6,7,8,9",
chemy,第40届chemy初赛有机模拟20,缺号明细,,,"1,4,6,7,8",
chemy,第40届chemy初赛有机模拟21,缺号明细,,,"2,3,4,6,7,8",
chemy,第40届chemy初赛模拟10,缺号明细,,,"2,6,8",
一式,一式09,缺号明细,,,"1,2,3,4,5,6,7,8",
伽马,作业(1),缺号明细,,,"3,4,11",
伽马,作业1,缺号明细,,,9,
伽马,有机作业L6,缺号明细,,,"1,3,4",题号重复 4 遍（多套卷同文件）
化英社,初赛模拟7,缺号明细,,,"1,2,3,4,5,6",
化英社,春季-有机专题1,缺号明细,,,"1,2,4,6",
化英社,春季模拟9,缺号明细,,,"1,2,3,5,7",
化英社,春季模拟9-清晰版,缺号明细,,,"4,6",
化英社,第40届化英社化学奥林匹克（决赛）模拟3,缺号明细,,,3,
方圆,有机化学测1,缺号明细,,,"5,6,8",
方圆,有机化学讲解1,缺号明细,,,"1,4,7",
汇智,260609-汇智起航2026年（暑假）全国化学初赛模拟5,缺号明细,,,"2,3,4",
汇智,长沙化学刷初赛模拟5,缺号明细,,,"1,5,6,7,8,9",
质心GChO,ZCHEM-GChO6,缺号明细,,,"1,2,3,4,5,6,7,8,9,10",题号重复 30 遍（多套卷同文件）
质心GChO,国初模拟汇编,缺号明细,,,"1,2,3,4,5,6,7,8,9,10",题号重复 40 遍（多套卷同文件）
