序号,机构,卡,答案区图数,最大彩墨,判定,处置
1,伽马,题-GM-02-10-Petasis反应是一种高效.md,10,0.0,印刷体,已改判（注记→中立出处）
2,伽马,题-GM-03-01-可持续高分子材料具有可回收可.md,4,0.0,印刷体,已改判（注记→中立出处）
3,伽马,题-GM-03-03-A为一种银白色金属质地较软在.md,2,0.0,印刷体,已改判（注记→中立出处）
4,化英社,题-HYS-01-01-某金属元素M在自然界中分布广.md,8,0.0,印刷体,已改判（注记→中立出处）
5,化英社,题-HYS-01-03-纳米孔Nanopore技术是.md,6,0.0,印刷体,已改判（注记→中立出处）
6,化英社,题-HYS-01-07-71氯甲基麟酸二氯存在两种构.md,8,0.0,印刷体,已改判（注记→中立出处）
7,化英社,题-HYS-01-09-自2003年以来一些高氧化态.md,8,0.0,印刷体,已改判（注记→中立出处）
8,化英社,题-HYS-01-10-具有吗啡骨架的化合物是一类常.md,8,0.0,印刷体,已改判（注记→中立出处）
9,化英社,题-HYS-02-09-金属铜配合物作为有机反应的催.md,7,0.0,印刷体,已改判（注记→中立出处）
10,壹尖培优,题-YJ-01-05-Claisen重排最早由Cl.md,4,0.03,印刷体,已改判（注记→中立出处）
11,汇智,题-HZ-01-09-机械化学是一种强大的技术手段.md,12,0.0,印刷体,已改判（注记→中立出处）
12,汇智,题-HZ-02-06-碘负离子是常见的无机试剂在有.md,13,0.0,印刷体,已改判（注记→中立出处）
13,汇智,题-HZ-02-09-Meldrumsacid米氏.md,14,0.0,印刷体,已改判（注记→中立出处）
14,汇智,题-HZ-05-02-21对于有机化合物该课题组发.md,6,0.0,印刷体,已改判（注记→中立出处）
15,汇智,题-HZ-05-04-41请完成如下的三个反应生成.md,14,0.0,印刷体,已改判（注记→中立出处）
16,汇智,题-HZ-07-02-Cupowder即铜粉书写时.md,4,0.0,印刷体,已改判（注记→中立出处）
17,汇智,题-HZ-07-06-本题目将围绕着以下配体的反应.md,9,0.0,印刷体,已改判（注记→中立出处）
18,汇智,题-HZ-11-04-硫族元素主要包括SSeTe之.md,4,0.0,印刷体,已改判（注记→中立出处）
19,清北营,题-QBY-03-10-Prins反应早在100年前.md,9,0.32,印刷体,已改判（注记→中立出处）
20,清北营,题-QBY-04-08-近日美国的一课题组开发了一种.md,5,0.07,印刷体,已改判（注记→中立出处）
21,清北营,题-QBY-05-08-在有机反应中构造一个羰基位负.md,4,0.06,印刷体,已改判（注记→中立出处）
22,清北营,题-QBY-06-05-CS键在各种天然产物药物农用.md,8,0.09,印刷体,已改判（注记→中立出处）
23,清北营,题-QBY-06-06-相比于钯铑和铱催化剂而言铂和.md,6,0.04,印刷体,已改判（注记→中立出处）
24,清北营,题-QBY-07-09-生物碱是一类重要的天然产物它.md,12,0.09,印刷体,已改判（注记→中立出处）
25,清北营,题-QBY-08-05-多锑配体络合物因其高光敏性和.md,5,0.05,印刷体,已改判（注记→中立出处）
26,清北营,题-QBY-10-02-单原子催化剂SACs为具有催.md,6,0.0,印刷体,已改判（注记→中立出处）
27,质心UChO,题-UChO-01-07-由于芳香性的存在苯环是相当稳.md,8,0.09,印刷体,已改判（注记→中立出处）
28,质心GChO,题-GChO-09-10-烯烃的双官能团化是指断开烯烃.md,23,6.44,含手写,保留注记（手写图，需人工转录或另定口径）
29,质心GChO,题-GChO-13-09-碳上很难发生取代反应但是在适.md,15,3.33,含手写,保留注记（手写图，需人工转录或另定口径）
30,质心GChO,题-GChO-25-07-71写出下列过程所经历的基元.md,4,6.93,含手写,保留注记（手写图，需人工转录或另定口径）
31,质心GChO,题-GChO-25-08-蓖麻科植物中含有丰富的结构复.md,15,6.52,含手写,保留注记（手写图，需人工转录或另定口径）
32,质心GChO,题-GChO-29-07-71下列化合物按酸性由强到弱.md,3,2.48,含手写,保留注记（手写图，需人工转录或另定口径）
33,质心GChO,题-GChO-30-08-在有机化学中化合物的反应性主.md,10,2.17,含手写,保留注记（手写图，需人工转录或另定口径）
34,质心GChO,题-GChO-32-08-自由基碳正离子碳负离子都是有.md,5,2.14,含手写,保留注记（手写图，需人工转录或另定口径）
35,质心GChO,题-GChO-32-10-米氏酸以其超乎预料的酸性而为.md,5,0.88,含手写,保留注记（手写图，需人工转录或另定口径）
36,质心GChO,题-GChO-36-08-过渡金属催化下氮氧化物和炔烃.md,17,5.6,含手写,保留注记（手写图，需人工转录或另定口径）
37,质心GChO,题-GChO-36-09-在有机化学中自由基是非常高活.md,8,6.3,含手写,保留注记（手写图，需人工转录或另定口径）
38,质心GChO,题-GChO-37-09-烯烃的双官能团化是指断开烯烃.md,10,5.4,含手写,保留注记（手写图，需人工转录或另定口径）
39,质心GChO,题-GChO-42-09-环加成反应在有机合成中的应用.md,9,2.22,含手写,保留注记（手写图，需人工转录或另定口径）
40,质心GChO,题-GChO-49-03-索烃的合成一直极具挑战性索烃.md,6,1.34,含手写,保留注记（手写图，需人工转录或另定口径）
41,质心GChO,题-GChO-51-10-NHC是有机化学中重要的有机.md,13,2.23,含手写,保留注记（手写图，需人工转录或另定口径）
42,质心GChO,题-GChO-56-07-71判断下列分子是否具有芳香.md,2,0.55,含手写,保留注记（手写图，需人工转录或另定口径）
43,质心GChO,题-GChO-60-08-苯环上CH键的转化一直是有机.md,6,1.95,含手写,保留注记（手写图，需人工转录或另定口径）
44,质心GChO,题-GChO-62-07-71左旋多巴是治疗帕金森的核.md,8,2.44,含手写,保留注记（手写图，需人工转录或另定口径）
45,质心GChO,题-GChO-71-09-本题涉及的是一个14二羰基化.md,4,2.31,含手写,保留注记（手写图，需人工转录或另定口径）
46,质心GChO,题-GChO-72-08-双键具有丰富的反应性是有机化.md,2,0.38,含手写,保留注记（手写图，需人工转录或另定口径）
47,质心GChO,题-GChO-77-04-如下是某二元化合物的立方晶胞.md,3,7.23,含手写,保留注记（手写图，需人工转录或另定口径）
48,质心GChO,题-GChO-78-08-有如下一个不对称合成反应在手.md,3,0.73,含手写,保留注记（手写图，需人工转录或另定口径）
49,质心GChO,题-GChO-79-06-亚铁离子可以与110菲罗啉P.md,3,0.78,含手写,保留注记（手写图，需人工转录或另定口径）
50,质心UChO,题-UChO-01-07-Friedlnder环化是合.md,7,4.43,含手写,保留注记（手写图，需人工转录或另定口径）
51,质心UChO,题-UChO-02-05-对于一些结构复杂的晶体我们可.md,3,6.64,含手写,保留注记（手写图，需人工转录或另定口径）
52,质心UChO,题-UChO-02-07-是一种经典的Lewis酸与其.md,6,2.04,含手写,保留注记（手写图，需人工转录或另定口径）
53,质心UChO,题-UChO-02-07-环加成反应一般发生在体系之间.md,6,1.55,含手写,保留注记（手写图，需人工转录或另定口径）
54,汇智,题-HZ-01-05-请在四个选项中选择唯一正确的.md,0,0,无答案图,保留注记（需另配源）
55,清北营,题-QBY-07-03-31金银单质都有绚丽的颜色3.md,0,0,无答案图,保留注记（需另配源）
56,质心GChO,题-GChO-38-09-在有机合成方法学研究中设计的.md,0,0,无答案图,保留注记（需另配源）
57,质心GChO,题-GChO-42-03-某个在C时进行的催化反应过程.md,0,0,无答案图,保留注记（需另配源）
