机构,题卡,新信息占比,答案字数
chemy,题-CM-11-08-逻辑门本身是处理一个或多个输.md,0.075,1755
chemy,题-CM-11-11-在环系结构和原子间位置合适时.md,0.025,256
chemy,题-CM-12-04-41雌黄雄黄均是砷的硫化物矿.md,0.136,1152
chemy,题-CM-12-08-81一般地可通过化学键均裂时.md,0.127,983
chemy,题-CM-14-08-SculponinU是一种贝.md,0.128,918
chemy,题-CM-15-06-受限于光的衍射极限传统光学显.md,0.084,2012
chemy,题-CM-15-09-重氮酯类化合物是有机合成中重.md,0.088,781
chemy,题-CM-20-01-11选出如下反应的主要产物1.md,0.129,442
chemy,题-CM-20-04-自牺牲高分子Selfimmo.md,0.04,656
chemy,题-CM-20-05-大肠杆菌色氨酸合酶由2个亚基.md,0.109,474
chemy,题-CM-20-07-71画出如下反应产物A的结构.md,0.078,391
XeChem,题-XeC-07-01-11如下配体在去质子后与一当.md,0.127,646
XeChem,题-XeC-12-07-四川大学傅海燕课题组系统发展.md,0.117,733
XeChem,题-XeC-12-08-全合成中长期依赖实现CC键构.md,0.104,404
XeChem,题-XeC-13-06-格氏试剂GrignardRe.md,0.141,466
XeChem,题-XeC-14-03-31最经典的ZnZn键合成方.md,0.06,564
XeChem,题-XeC-14-08-氧杂八元环是一种有趣的分子骨.md,0.106,696
XeChem,题-XeC-15-01-古代矿物学家常根据矿物的颜色.md,0.147,883
XeChem,题-XeC-15-03-随着核电的发展绿色高效地处理.md,0.142,675
XeChem,题-XeC-15-06-三线态锡氮宾SnNR的电子结.md,0.138,294
XeChem,题-XeC-15-09-现代密度泛函理论的发展与电脑.md,0.084,914
XeChem,题-XeC-15-10-Himandrine生物碱由.md,0.093,959
XeChem,题-XeC-16-07-众所周知立体化学是有机化学中.md,0.109,498
XeChem,题-XeC-16-08-环丙烷作为最小的碳环结构是各.md,0.096,419
XeChem,题-XeC-16-09-合成化学家们通常使用走走停停.md,0.13,689
XeChem,题-XeC-17-06-Si作为第三周期元素可以d轨.md,0.058,862
XeChem,题-XeC-17-07-71关于CPBA氧化反应的理.md,0.135,895
XeChem,题-XeC-17-08-醛由于O的孤对电子对CH反键.md,0.144,1024
XeChem,题-XeC-17-09-汇聚式合成convergen.md,0.04,719
XeChem,题-XeC-20-05-作为并没有过多接触实验的高中.md,0.118,2087
XeChem,题-XeC-20-08-维生素H维生素生物素辅酶R是.md,0.137,923
XeChem,题-XeC-21-01-十九世纪初墨西哥矿物学家在一.md,0.134,545
XeChem,题-XeC-21-07-在现代有机合成中一些结构稳定.md,0.064,756
XeChem,题-XeC-22-01-磷化镓GaP是典型的IIIV.md,0.114,1583
XeChem,题-XeC-22-06-酰胺因其共振稳定性通常表现出.md,0.078,957
XeChem,题-XeC-23-04-1928年Ingold夫妇在.md,0.144,1107
XeChem,题-XeC-23-09-91南京工业大学于2021年.md,0.033,581
XeChem,题-XeC-24-06-血红素是生物体内重要化合物其.md,0.117,498
XeChem,题-XeC-24-08-贝克曼重排是肟类化合物转化为.md,0.127,1181
XeChem,题-XeC-25-03-一些配合物的配体可以参与到氧.md,0.094,931
XeChem,题-XeC-25-06-莫比乌斯芳香性不是指普通芳香.md,0.105,460
XeChem,题-XeC-25-07-对甲苯磺酰卤TsX兼具磺酰基.md,0.099,962
XeChem,题-XeC-25-08-芳香环凭借高度离域的体系具有.md,0.139,785
XeChem,题-XeC-26-01-有机反应中细微的结构或反应环.md,0.093,1160
XeChem,题-XeC-26-03-重排反应能够通过分子内部键的.md,0.102,670
XeChem,题-XeC-26-04-负氢迁移是一类重要的分子内氧.md,0.035,809
XeChem,题-XeC-26-05-周环反应能够通过键与键的协同.md,0.075,649
XeChem,题-XeC-26-06-Phorbol与ingeno.md,0.088,926
XeChem,题-XeC-40-01-零价配合物因其有趣的电子结构.md,0.038,366
XeChem,题-XeC-40-03-传统上介导可逆的氧化还原催化.md,0.084,642
XeChem,题-XeC-40-04-活化炔烃是一类特殊的炔烃化合.md,0.076,1100
XeChem,题-XeC-40-06-氮杂芳环广泛存在于药物分子天.md,0.066,712
XeChem,题-XeC-40-07-碳正离子重排是近代有机合成化.md,0.091,567
XeChem,题-XeC-40-08-有机硫化合物在有机合成中扮演.md,0.101,972
XeChem,题-XeC-40-09-1氧杂十氢萘1oxadeca.md,0.073,616
一式,题-YS-04-06-二茂铁的发现确立了以环戊烯为.md,0.126,834
一式,题-YS-05-09-91传统的头尾环化策略在构建.md,0.145,673
一式,题-YS-07-09-芳炔是一类非常重要的合成中间.md,0.148,465
一式,题-YS-08-07-71选出如下关于下列反应以及.md,0.119,328
一式,题-YS-10-09-91传统醚键切断的条件往往不.md,0.119,517
伽马,题-GM-01-07-71有一系列卤代烷烃当时的转.md,0.141,491
伽马,题-GM-01-09-研究人员报道了以下转化在保护.md,0.144,163
伽马,题-GM-02-02-乙酸丁酯是一种重要的有机溶剂.md,0.097,976
伽马,题-GM-02-03-一些含亚铜与卤素的盐由于其磁.md,0.107,283
伽马,题-GM-04-06-早在19世纪人们发现了一些分.md,0.129,1008
伽马,题-GM-04-07-71最近研究者制备出了含BB.md,0.08,341
伽马,题-GM-04-09-RC策略RelayCatal.md,0.143,527
伽马,题-GM-06-07-靛蓝Indigo最早于400.md,0.104,1306
伽马,题-GM-09-09-尽管从吡啶制备苯是一种潜在的.md,0.011,370
伽马,题-GM-10-08-8112021年Richmo.md,0.113,556
化英社,题-HYS-01-01-本题可能用到氨基酸相关的缩写.md,0.144,802
化英社,题-HYS-01-01-某金属元素M在自然界中分布广.md,0.096,870
化英社,题-HYS-01-07-71氯甲基麟酸二氯存在两种构.md,0.126,624
化英社,题-HYS-01-07-申联反应不仅体现了步骤经济性.md,0.121,672
化英社,题-HYS-01-08-三价磷可以催化一些特殊的缺电.md,0.029,508
化英社,题-HYS-01-08-将三级胺类药物转化为季铵盐以.md,0.098,323
化英社,题-HYS-01-08-自由基介导的有机合成已经成为.md,0.148,769
化英社,题-HYS-01-09-自2003年以来一些高氧化态.md,0.084,540
化英社,题-HYS-01-10-具有吗啡骨架的化合物是一类常.md,0.06,359
化英社,题-HYS-02-01-In混合卤化物因其光致发光的.md,0.073,1401
化英社,题-HYS-02-01-分子机器几十年来一直激发着人.md,0.097,586
化英社,题-HYS-02-01-战国时期考工记记载的金有六齐.md,0.143,1183
化英社,题-HYS-02-02-传统的过渡金属配合物中往往难.md,0.017,1307
化英社,题-HYS-02-03-理想溶液是物理化学中非常重要.md,0.025,1238
化英社,题-HYS-02-04-41氯仿与氯气在光照条件下发.md,0.089,1950
化英社,题-HYS-02-04-轮烷是一种超分子其由两个不由.md,0.022,367
化英社,题-HYS-02-04-齿合度是指在配合物中单一配体.md,0.069,628
化英社,题-HYS-02-05-NiNO32是实验室中最常见.md,0.056,228
化英社,题-HYS-02-05-稀磁半导体Dilutedma.md,0.059,3309
化英社,题-HYS-02-06-61受自然界叶片气孔的光响应.md,0.009,1021
化英社,题-HYS-02-06-有一类材料在突加荷载时既产生.md,0.137,667
化英社,题-HYS-02-07-高张力氮杂桥环凭借其刚性三维.md,0.069,1029
化英社,题-HYS-02-08-81具有偶数个累积双键的结构.md,0.13,631
化英社,题-HYS-02-08-本题的两问可以说没有先后之分.md,0.0,170
化英社,题-HYS-02-08-氧杂三元环由于可以通过双键环.md,0.037,714
化英社,题-HYS-02-08-环庚三烯与双环410庚24二.md,0.029,994
化英社,题-HYS-02-09-TEMPO是一类稳定的氮氧自.md,0.121,999
化英社,题-HYS-02-09-在全合成流程中某些步骤往往不.md,0.116,442
化英社,题-HYS-02-09-联烯是最简单的累积双键分子而.md,0.128,668
化英社,题-HYS-02-09-金属铜配合物作为有机反应的催.md,0.034,729
化英社,题-HYS-03-01-磷是一个神秘又有趣的元素以其.md,0.135,991
化英社,题-HYS-03-01-质地柔软的变质矿物青金石是一.md,0.113,1059
化英社,题-HYS-03-02-某同学期望制备漂亮的针状草酸.md,0.084,668
化英社,题-HYS-03-03-异核金属金属键配合物常常可以.md,0.079,720
化英社,题-HYS-03-07-吲哚类化合物是一类重要的含氮.md,0.029,765
化英社,题-HYS-03-08-22二取代13环戊二酮是一类.md,0.102,556
化英社,题-HYS-03-08-固相多肽合成SPPS的基本思.md,0.055,768
化英社,题-HYS-04-03-氨是农业肥料化工原料的核心成.md,0.147,966
化英社,题-HYS-04-04-累积多烯Cumulenes是.md,0.072,1013
化英社,题-HYS-04-05-51葡萄糖Glucose具有.md,0.091,442
化英社,题-HYS-05-07-作为地壳中最丰富的金属Al在.md,0.0,455
化英社,题-HYS-05-08-1952年Lane等人首次从.md,0.135,768
化英社,题-HYS-07-01-环境的开发利用与健康状况是人.md,0.008,389
化英社,题-HYS-07-03-31研究人员首先通过研究硼的.md,0.142,895
化英社,题-HYS-07-03-31研究人员首先通过研究硼的~2.md,0.133,822
化英社,题-HYS-07-04-葡萄酒初榨橄榄油水果蔬菜全谷.md,0.113,2038
化英社,题-HYS-09-06-现有一有机纯净物样品为无色澄.md,0.145,1201
化英社,题-HYS-10-09-烯炔复分解是一种将烯烃和炔烃.md,0.0,642
化英社,题-HYS-10-10-101首先让我们明确碳氢活化.md,0.08,946
北京夏令营,题-BJLY-05-有机巩固练习一-06-完成下列反应给出中间体提示最.md,0.1,12
北京夏令营,题-BJLY-06-有机巩固练习三-03-如下环化反应被称之为Haus.md,0.124,212
北京夏令营,题-BJLY-08-有机巩固练习四-01-1N烯丙基或乙酰基烯胺能发生.md,0.081,161
北京夏令营,题-BJLY-09-有机综合-05-仔细比较下列两33迁移反应条.md,0.079,205
北京夏令营,题-BJLY-09-有机综合-08-81完成下列反应82完成下列.md,0.053,40
壹尖培优,题-YJ-01-04-硝基甲烷作为简单结构的大宗工.md,0.12,859
汇智,题-HZ-01-08-TosMIC试剂即对甲苯磺酰.md,0.109,335
汇智,题-HZ-02-07-71根据所学知识完成下列反应.md,0.097,33
汇智,题-HZ-02-08-CBS反应CoreyBaks.md,0.107,593
汇智,题-HZ-02-09-前列腺素prostaglan.md,0.014,833
汇智,题-HZ-03-01-绿色是自然界相当常见的颜色从.md,0.131,1042
汇智,题-HZ-03-03-31在地球地壳中主族元素A是.md,0.135,946
汇智,题-HZ-03-08-81卡宾曾被认为仅能作为不稳.md,0.12,876
汇智,题-HZ-03-09-在一种高张力化合物的合成中研.md,0.015,213
汇智,题-HZ-04-08-有机化学中的脱水剂一般指能够.md,0.017,270
汇智,题-HZ-04-09-氮氧自由基是种类最为丰富的一.md,0.107,449
汇智,题-HZ-07-03-31写出关键中间体32写出关.md,0.0,27
汇智,题-HZ-07-04-以芳香醛和1苯基乙12二醇为.md,0.026,284
汇智,题-HZ-07-05-高价碘试剂因其反应条件温和环.md,0.0,300
汇智,题-HZ-07-07-小明最近在研究单体有机化合物.md,0.058,309
汇智,题-HZ-07-08-VilsmeierHaack.md,0.08,247
汇智,题-HZ-07-08-随着有机氟化学的发展偕二氟环.md,0.088,527
汇智,题-HZ-07-09-苯炔benzene是一种由苯.md,0.028,222
汇智,题-HZ-08-03-31写出以下反应的化学方程式.md,0.09,545
汇智,题-HZ-11-01-锝Tc是放射性元素在核医学领.md,0.126,1261
汇智,题-HZ-37-01-从古代炼丹术的神火到拉瓦锡的.md,0.142,1264
清北营,题-QBY-02-08-812009年BioMM报道.md,0.049,443
清北营,题-QBY-04-01-11ATGC是一类较强的分子.md,0.006,587
清北营,题-QBY-04-08-81选出下列反应中有碳正离子.md,0.085,382
清北营,题-QBY-04-08-近日美国的一课题组开发了一种.md,0.036,359
清北营,题-QBY-05-08-在有机反应中构造一个羰基位负.md,0.115,278
清北营,题-QBY-06-02-典型的Nazarov环化如下.md,0.006,765
清北营,题-QBY-06-05-CS键在各种天然产物药物农用.md,0.044,794
清北营,题-QBY-06-06-相比于钯铑和铱催化剂而言铂和.md,0.032,857
清北营,题-QBY-06-06-靶向药物由三个部分构成设计靶.md,0.128,762
清北营,题-QBY-06-08-现代有机合成致力于开发能构建.md,0.047,474
清北营,题-QBY-07-03-31金银单质都有绚丽的颜色3.md,0.144,572
清北营,题-QBY-07-09-生物碱是一类重要的天然产物它.md,0.131,962
清北营,题-QBY-09-03-物质存在固体液体气体三种状态.md,0.127,1295
清北营,题-QBY-09-04-含磷杂环因其独特的空间结构和.md,0.075,515
清北营,题-QBY-09-07-Fentanyl及其衍生物正.md,0.075,486
清北营,题-QBY-10-02-准确称取05055g奶粉置于.md,0.128,650
清北营,题-QBY-13-08-本题需注意立体化学Vinig.md,0.134,1046
清北营,题-QBY-16-02-氮气在温和条件下的转化是工业.md,0.047,877
清北营,题-QBY-16-06-一氧化碳是一种不可或缺的C1.md,0.104,857
质心GChO,题-GChO-02-08-有机反应按机理可以分为三大类.md,0.134,566
质心GChO,题-GChO-03-07-存在如下转化mathrmCH.md,0.143,245
质心GChO,题-GChO-03-08-二甲基砜DMSO是一种兼具低.md,0.0,197
质心GChO,题-GChO-08-03-ABCD四种化合物都是强电解.md,0.024,353
质心GChO,题-GChO-10-01-写出下列过程的反应方程式11.md,0.05,124
质心GChO,题-GChO-11-03-31化合物A为阴阳离子比例为.md,0.017,255
质心GChO,题-GChO-12-09-硫氧双键广泛存在于亚砜砜以及.md,0.069,558
质心GChO,题-GChO-16-09-由于氮气的稳定性含有氮氮双键.md,0.136,421
质心GChO,题-GChO-18-09-由于芳香性的存在苯环的双键较.md,0.118,167
质心GChO,题-GChO-20-06-3914某种稳定化合物的晶体.md,0.1,285
质心GChO,题-GChO-20-09-不饱和羰基化合物是有机化学中.md,0.021,162
质心GChO,题-GChO-24-10-亲电试剂和亲核试剂的交叉偶联.md,0.016,478
质心GChO,题-GChO-26-04-二元化合物A具有强烈的水解倾.md,0.098,291
质心GChO,题-GChO-26-08-81判断下列化合物是否具有旋.md,0.0,16
质心GChO,题-GChO-27-09-已知硫亲电试剂可以和烯烃发生.md,0.08,241
质心GChO,题-GChO-29-08-2020年初赛考了如下反应在.md,0.077,171
质心GChO,题-GChO-31-09-某简单有机化合物X的点群为含.md,0.131,278
质心GChO,题-GChO-33-01-11将打磨的铝片插入碳酸氢钠.md,0.125,149
质心GChO,题-GChO-34-07-71下列化合物中哪些具有芳香.md,0.056,41
质心GChO,题-GChO-35-01-11和在KOH中共熔得到绿色.md,0.09,208
质心GChO,题-GChO-36-07-71下列中间体稳定性由高到低.md,0.111,91
质心GChO,题-GChO-37-01-11向二氯化铅的盐酸溶液中通.md,0.135,334
质心GChO,题-GChO-39-09-累了不想编题干了就一句话传统.md,0.0,50
质心GChO,题-GChO-41-08-含硅基团是有机化学中重要的官.md,0.08,198
质心GChO,题-GChO-43-09-在解答本题时建议在动笔以前先.md,0.07,339
质心GChO,题-GChO-44-10-碳碳键的形成是有机合成的两大.md,0.018,322
质心GChO,题-GChO-45-08-化合物1可以通过如下反应转化.md,0.054,171
质心GChO,题-GChO-47-01-11卤素原子具有较多的可失去.md,0.055,454
质心GChO,题-GChO-48-02-石墨炔是一种新型的碳材料与石.md,0.032,437
质心GChO,题-GChO-50-07-阅读如下一段材料回答问题注摘.md,0.063,788
质心GChO,题-GChO-52-04-近日某研究团队发现了一种新型.md,0.147,1005
质心GChO,题-GChO-52-06-自组装合成磁性材料一直是人们.md,0.11,624
质心GChO,题-GChO-52-08-如下是一个磺酰氟类化合物的合.md,0.108,219
质心GChO,题-GChO-53-08-含有氢的卤代酮经过碱性条件下.md,0.128,320
质心GChO,题-GChO-54-02-21请写出在晶体场中的d电子.md,0.085,208
质心GChO,题-GChO-55-07-芳香亲核取代是有机化学中重要.md,0.0,279
质心GChO,题-GChO-55-08-说起三元环的合成人们最先想到.md,0.017,122
质心GChO,题-GChO-55-09-在有机化学中含磷化合物通常被.md,0.0,55
质心GChO,题-GChO-56-05-有机Al配合物通常可以用于内.md,0.111,328
质心GChO,题-GChO-58-01-11将等物质的量的草酸钙和碘.md,0.11,312
质心GChO,题-GChO-59-06-脒基和氮杂烯丙基被认为是有可.md,0.049,675
质心GChO,题-GChO-60-03-金属羰基氢化物能够有效促进氢.md,0.119,885
质心GChO,题-GChO-63-02-3羟基2丁酮与可以发生非氧化.md,0.075,184
质心GChO,题-GChO-63-04-Mn是一种银灰色的过渡金属脆.md,0.022,398
质心GChO,题-GChO-63-05-最近韩国科学家宣称合成出了一.md,0.066,311
质心GChO,题-GChO-63-07-如下的转化在Lewis酸的催.md,0.0,43
质心GChO,题-GChO-63-08-重氮化合物以其丰富而独特的反.md,0.056,183
质心GChO,题-GChO-63-09-由于环张力的存在小环化合物一.md,0.065,882
质心GChO,题-GChO-64-06-稀土金属硼氧化物不仅稀有且具.md,0.059,398
质心GChO,题-GChO-65-02-21由复分解反应制备过渡金属.md,0.053,392
质心GChO,题-GChO-65-04-A是一种亮黄色有刺激性臭味的.md,0.125,440
质心GChO,题-GChO-65-05-氮元素的固定一直是无机化学领.md,0.133,241
质心GChO,题-GChO-65-06-右图是由Cu和Ag组成的复合.md,0.13,542
质心GChO,题-GChO-66-05-除碳以外其他p区元素之间的多.md,0.059,418
质心GChO,题-GChO-66-07-如下是一个过渡金属催化的合成.md,0.058,125
质心GChO,题-GChO-66-08-由于芳香性这个护身符的存在苯.md,0.056,175
质心GChO,题-GChO-68-04-41是一种自然界中丰富存在的.md,0.004,519
质心GChO,题-GChO-69-01-11茂基配体用于合成新颖的主.md,0.082,708
质心GChO,题-GChO-69-04-近年来CuFe等作为水催化氧.md,0.135,677
质心GChO,题-GChO-69-07-71以下三个化合物具有类似的.md,0.1,281
质心GChO,题-GChO-69-08-苯炔和含B化合物都具有丰富的.md,0.0,123
质心GChO,题-GChO-69-09-分子骨架编辑Skeletal.md,0.003,379
质心GChO,题-GChO-70-06-基于经典的Lewis酸碱理论.md,0.083,632
质心GChO,题-GChO-70-08-近年来由于在生物医学方面的显.md,0.051,297
质心GChO,题-GChO-70-09-首先我们来学习一个简单的反应.md,0.042,101
质心GChO,题-GChO-71-03-31在聚酯化反应体系中残留水.md,0.047,490
质心GChO,题-GChO-71-04-本题中出现的缩写THF四氢呋.md,0.144,259
质心GChO,题-GChO-72-01-11请给出A和B的结构并给出.md,0.026,119
质心GChO,题-GChO-72-06-61串联质谱MS技术为测定多.md,0.14,809
质心GChO,题-GChO-73-08-分子骨架编辑技术是直接在分子.md,0.032,1210
质心GChO,题-GChO-74-06-今年中山大学化学学院胡鹏教授.md,0.09,159
质心GChO,题-GChO-74-09-三元环因为具有较大的环张力而.md,0.148,295
质心GChO,题-GChO-76-03-为解决氯碱工业中的老大难问题.md,0.096,227
质心GChO,题-GChO-77-06-有机反应的机理常常是十分有趣.md,0.054,272
质心GChO,题-GChO-77-07-三氟甲基等含氟基团以其独特的.md,0.088,442
质心GChO,题-GChO-77-08-在众多杂环化合物中13二杂原.md,0.034,893
质心GChO,题-GChO-78-01-11等电点是一个分子不携带净.md,0.073,826
质心GChO,题-GChO-78-06-同组元素会具有相似的化学性质.md,0.051,1072
质心GChO,题-GChO-79-01-苯的等电子体无机苯已在多年前.md,0.014,496
质心GChO,题-GChO-79-07-71烯烃A在下述转化下得到了.md,0.085,115
质心GChO,题-GChO-79-09-由于位阻的存在4级碳的合成始.md,0.024,88
质心GChO,题-GChO-82-02-金属有机框架材料MOFs是近.md,0.142,572
质心UChO,题-UChO-01-03-31今年某课题组报道了利用有.md,0.061,229
质心UChO,题-UChO-01-06-611865年德国科学家希托.md,0.024,501
质心UChO,题-UChO-01-07-四元环和三元环同为高张力小环.md,0.023,420
质心UChO,题-UChO-02-01-11二氯磷腈是一种用途广泛的.md,0.147,239
质心UChO,题-UChO-02-01-在一定配位环境下的金属离子可.md,0.1,657
质心UChO,题-UChO-02-06-含氮多环结构是一类重要的生物.md,0.115,738
质心UChO,题-UChO-02-07-2021年美国芝加哥大学的M.md,0.074,339
质心UChO,题-UChO-02-07-是一种经典的Lewis酸与其.md,0.066,343
质心UChO,题-UChO-02-08-杂萜类化合物是一类重要的天然.md,0.059,472
质心UChO,题-UChO-17-UChO-08-天然产物Vinigrol具有.md,0.013,163
