section,name,n_sec,sec_ok,h1,learn,toc,ex_head,n_img,limited,solo,cap_ok,n_cap,cap_outside,broken,h4,h4_bad,adj_a,adj_b,head_adj,head_lines,has_sp,leak,sp_img,fm_img,fk,b600,sp_tab
1-化学基础知识,化学计量与计算规范,9,True,0,0,0,1,0,0,0,True,0,,,0,0,0,17,0,,True,0,0,0,25,0,False
1-化学基础知识,方程式书写专项,9,True,0,0,0,1,0,0,0,True,0,,,0,0,0,28,0,,True,0,0,0,25,0,False
1-化学基础知识,离子反应,9,True,0,0,0,1,0,0,0,True,0,,,0,0,0,36,0,,True,0,0,0,25,0,False
2-结构化学,元素周期表与周期律,5,True,0,0,0,1,5,5,0,True,5,,,0,0,0,62,0,,True,0,5,5,25,0,False
2-结构化学,分子结构基础,10,True,0,0,0,1,25,25,0,True,25,,,0,0,0,91,0,,True,0,25,25,25,0,False
2-结构化学,分子结构补充,10,True,0,0,0,1,20,20,0,True,20,,,0,0,0,131,0,,True,0,20,20,25,0,False
2-结构化学,原子结构,5,True,0,0,0,1,17,17,0,True,17,,,0,0,0,93,0,,True,0,17,17,25,0,False
2-结构化学,原子结构补充,8,True,0,0,0,1,0,0,0,True,0,,,0,0,0,1,0,,True,0,0,0,11,0,False
2-结构化学,晶体学与晶体结构,11,True,0,0,0,1,25,25,0,True,25,,,0,0,0,140,0,,True,0,25,25,25,0,False
2-结构化学,晶体结构深化,10,True,0,0,0,1,25,25,0,True,25,,,0,0,0,92,0,,True,0,25,25,25,0,False
2-结构化学,结构表征与波谱桥,9,True,0,0,0,1,25,25,0,True,25,,,0,0,0,168,0,,True,0,25,25,25,0,False
2-结构化学,超分子化学,9,True,0,0,0,1,25,25,0,True,25,,,0,0,0,124,0,,True,0,25,25,25,0,False
2-结构化学,配位光谱与对称性桥,10,True,0,0,0,1,25,25,0,True,25,,,0,0,0,167,0,,True,0,25,25,25,0,False
2-结构化学,配位化合物基础,11,True,0,0,0,1,25,25,0,True,25,,,0,0,0,167,0,,True,0,25,25,25,0,False
2-结构化学,配合物深化,11,True,0,0,0,1,25,25,0,True,25,,,0,0,0,79,0,,True,0,25,25,25,0,False
3-物理化学,化学动力学,9,True,0,0,0,1,16,16,0,True,5,,,44,0,11,88,0,,True,0,5,16,25,0,False
3-物理化学,化学动力学计算建模,8,True,0,0,0,1,18,18,0,True,8,,,0,0,0,35,0,,True,0,8,18,25,0,False
3-物理化学,化学平衡,7,True,0,0,0,1,2,2,0,True,2,,,0,0,1,9,0,,True,0,1,2,23,0,False
3-物理化学,气体基础,8,True,0,0,0,1,3,3,0,True,3,,,50,0,7,13,0,,True,0,3,3,25,0,False
3-物理化学,沉淀溶解平衡,8,True,0,0,0,1,2,2,0,True,2,,,0,0,1,10,0,,True,0,2,2,25,0,False
3-物理化学,溶液与相图,9,True,0,0,0,1,2,2,0,True,2,,,32,0,4,76,0,,True,0,2,2,25,0,False
3-物理化学,热力学初步,8,True,0,0,0,1,9,9,0,True,9,,,5,0,1,12,0,,True,0,9,9,25,0,False
3-物理化学,物化综合计算,8,True,0,0,0,1,6,6,0,True,5,,,0,0,0,47,0,,True,0,5,6,25,0,False
3-物理化学,电化学基础,12,True,0,0,0,1,14,14,0,True,14,,,15,0,0,14,0,,True,0,13,14,25,0,False
3-物理化学,统计热力学与Maxwell关系,10,True,0,0,0,1,6,6,0,True,5,,,0,0,0,15,0,,True,0,6,6,11,0,False
3-物理化学,胶体与表面物理化学,8,True,0,0,0,1,8,8,0,True,8,,,0,0,0,35,0,,True,0,8,8,8,0,False
3-物理化学,酸碱理论,9,True,0,0,0,1,6,6,0,True,6,,,30,0,3,79,0,,True,0,6,6,25,0,False
4-分析化学,分光光度法,7,True,0,0,0,1,5,5,0,True,5,,,0,0,0,8,0,,True,0,5,5,25,0,False
4-分析化学,容量分析与酸碱滴定,9,True,0,0,0,1,5,5,0,True,5,,,0,0,0,24,0,,True,0,5,5,25,0,False
4-分析化学,有效数字与误差分析,4,True,0,0,0,1,5,5,0,True,5,,,0,0,0,119,0,,True,0,5,5,25,0,False
4-分析化学,氧化还原滴定与沉淀滴定,9,True,0,0,0,1,8,8,0,True,8,,,0,0,0,43,0,,True,0,8,8,25,0,False
4-分析化学,络合滴定与重量分析,8,True,0,0,0,1,8,8,0,True,8,,,0,0,0,25,0,,True,0,8,8,25,0,False
5-无机化学,元素化学深度,8,True,0,0,0,1,9,9,0,True,9,,,0,0,0,0,0,,True,0,9,9,25,0,True
5-无机化学,元素推断综合训练,8,True,0,0,0,1,4,4,0,True,4,,,0,0,0,0,0,,True,0,4,4,25,0,False
5-无机化学,氢与卤素,10,True,0,0,0,1,7,7,0,True,7,,,0,0,0,0,0,,True,0,7,7,25,0,True
5-无机化学,氧族与氮族元素,8,True,0,0,0,1,18,18,0,True,18,,,0,0,0,0,0,,True,0,18,18,25,0,True
5-无机化学,碱金属碱土金属与稀有气体,9,True,0,0,0,1,22,22,0,True,22,,,0,0,0,0,0,,True,0,22,22,25,0,True
5-无机化学,碳族与硼族元素,8,True,0,0,0,1,19,19,0,True,19,,,0,0,0,0,0,,True,0,19,19,25,0,True
5-无机化学,钛钒铬锰,7,True,0,0,0,1,4,4,0,True,4,,,0,0,0,0,0,,True,0,4,4,25,0,True
5-无机化学,铁钴镍铜锌,8,True,0,0,0,1,3,3,0,True,3,,,0,0,0,0,0,,True,0,3,3,25,0,True
5-无机化学,银金汞钼钨,8,True,0,0,0,1,12,12,0,True,12,,,3,0,0,0,0,,True,0,12,12,25,0,True
