机构,卷基名,题面文件,答案文件,行数,图引用,题面数,答案数
2ChO,2026年中学生化学春季研讨会,—,2026年中学生化学春季研讨会试题解析.md,1968,130,0,1
2ChO,2026年中学生化学春季研讨会补充说明,—,2026年中学生化学春季研讨会试题解析补充说明.md,99,7,0,1
2ChO,README,README.md,—,40,0,1,0
2ChO,第1届2ChO化学奥林匹克联考,第1届2ChO化学奥林匹克联考试题.md,第1届2ChO化学奥林匹克联考试题解析.md,777,34,1,1
2ChO,第1届2ChO化学奥林匹克联考、、说明与评分细则,—,第1届2ChO化学奥林匹克联考试题、答案、说明与评分细则.md,287,19,0,1
2ChO,第2届2ChO化学奥林匹克联考,第2届2ChO化学奥林匹克联考试题.md,—,205,15,1,0
2ChO,第2届2ChO化学奥林匹克联考、、说明与评分细则,—,第2届2ChO化学奥林匹克联考试题、答案、说明与评分细则.md,311,23,0,1
2ChO,第37届中国化学奥林匹克初赛-最终版-2ChO化学团队制作,—,第37届中国化学奥林匹克初赛试题解析_最终版_2ChO化学团队制作.md,1398,53,0,1
2ChO,第37届中国化学奥林匹克初赛第7题补充说明-最终版-2ChO化学团队制作,第37届中国化学奥林匹克初赛第7题补充说明_最终版_2ChO化学团队制作.md,—,325,2,1,0
2ChO,第38届中国化学奥林匹克初赛-最终版-2ChO化学团队制作,—,第38届中国化学奥林匹克初赛试题解析_最终版_2ChO化学团队制作.md,948,57,0,1
2ChO,第39届中国化学奥林匹克初赛-2ChO化学团队制作,—,第39届中国化学奥林匹克初赛试题解析_2ChO化学团队制作.md,2325,149,0,1
2ChO,第3届2ChO化学奥林匹克联考,第3届2ChO化学奥林匹克联考试题.md,第3届2ChO化学奥林匹克联考试题解析.md,1310,97,1,1
2ChO,第3届2ChO化学奥林匹克联考、、说明与评分细则,—,第3届2ChO化学奥林匹克联考试题、答案、说明与评分细则.md,451,32,0,1
2ChO,第4届2ChO化学奥林匹克联考,第4届2ChO化学奥林匹克联考试题.md,第4届2ChO化学奥林匹克联考试题解析.md,1796,100,1,1
2ChO,第4届2ChO化学奥林匹克联考、、说明与评分细则,—,第4届2ChO化学奥林匹克联考试题、答案、说明与评分细则.md,540,35,0,1
2ChO,第5届2ChO化学奥林匹克联考,第5届2ChO化学奥林匹克联考试题.md,—,577,57,1,0
2ChO,第5届2ChO化学奥林匹克联考、、说明与评分细则-20251124版初稿,—,第5届2ChO化学奥林匹克联考试题、答案、说明与评分细则_20251124版初稿.md,672,61,0,1
2ChO,第6届2ChO化学奥林匹克联考,第6届2ChO化学奥林匹克联考试题.md,—,452,38,1,0
2ChO,第6届2ChO化学奥林匹克联考、、说明与评分细则-20260524版,—,第6届2ChO化学奥林匹克联考试题、答案、说明与评分细则_20260524版.md,556,44,0,1
XeChem,PDF合并-1-199,（已压缩）PDF合并_1-199.md,—,6037,428,1,0
XeChem,PDF合并-200-399,（已压缩）PDF合并_200-399.md,—,5805,417,1,0
XeChem,PDF合并-400-496,PDF合并_400-496.md,—,2412,240,1,0
XeChem,README,README.md,—,40,0,1,0
XeChem,T1,T1.md,—,71,11,1,0
XeChem,T1.1,T1.1.md,—,37,6,1,0
XeChem,Xechem有机,—,Xechem有机答案.md,442,84,0,1
XeChem,Xechem模拟6,Xechem模拟6.md,Xechem模拟6答案.md,580,72,1,1
XeChem,Xechem模拟7,Xechem模拟7.md,Xechem模拟7答案.md,532,78,1,1
XeChem,Xechem模拟8,Xechem模拟8.md,—,331,18,1,0
XeChem,Xechem模拟9（有机）,Xechem模拟9（有机）.md,—,373,54,1,0
XeChem,Xechem模拟一,Xechem模拟一.md,Xechem模拟一答案.md,809,78,1,1
XeChem,Xechem模拟三（晶体）,Xechem模拟三（晶体）.md,Xechem模拟三（晶体）答案.md,712,39,1,1
XeChem,Xechem模拟二,Xechem模拟二.md,Xechem模拟二答案.md,566,65,1,1
XeChem,Xechem模拟五,Xechem模拟五.md,Xechem模拟五答案.md,573,41,1,1
XeChem,Xechem模拟四,Xechem模拟四.md,Xechem模拟四答案.md,471,33,1,1
XeChem,初赛模拟8-202603012138-22493,—,初赛模拟8讲评_202603012138_22493.md,784,87,0,1
XeChem,第40届XeChem初赛模拟（十一）,第40届XeChem初赛模拟试题（十一）.md,第40届XeChem初赛模拟试题（十一）答案.md,842,79,1,1
XeChem,第40届XeChem初赛模拟（十）,第40届XeChem初赛模拟试题（十）.md,第40届XeChem初赛模拟试题（十）答案.md,750,56,1,1
chemy,README,README.md,—,45,0,1,0
chemy,cm化学-初赛模拟3+3,—,cm化学试卷-初赛模拟试题3+答案3.md,1072,111,0,1
chemy,化学-初赛模拟1+,—,化学试卷-初赛模拟试题1+答案.md,1062,94,0,1
chemy,化学-初赛模拟4+,—,化学试卷-初赛模拟试题4+答案.md,643,62,0,1
chemy,新-2026年暑假Chemy刷题（15套）-1-199,新-2026年暑假Chemy刷题（15套）_1-199.md,—,7471,583,1,0
chemy,新-2026年暑假Chemy刷题（15套）-200-391,新-2026年暑假Chemy刷题（15套）_200-391.md,—,6499,607,1,0
chemy,暑假班与勘误,—,暑假班试卷与答案勘误.md,302,10,0,1
chemy,第40届Chemy化学奥林匹克初赛模拟2+,—,第40届Chemy化学奥林匹克初赛模拟试题2+答案.md,1003,76,0,1
chemy,第40届chemy初赛无机模拟19,第40届chemy初赛无机模拟19试题.md,第40届chemy初赛无机模拟19答案.md,732,47,1,1
chemy,第40届chemy初赛有机模拟20,第40届chemy初赛有机模拟20试题.md,第40届chemy初赛有机模拟20答案.md,788,133,1,1
chemy,第40届chemy初赛有机模拟21,第40届chemy初赛有机模拟21试题.md,第40届chemy初赛有机模拟21答案.md,1075,104,1,1
chemy,第40届chemy初赛有机模拟22,第40届chemy初赛有机模拟22试题.md,第40届chemy初赛有机模拟22答案.md,1011,69,1,1
chemy,第40届chemy初赛模拟10,第40届chemy初赛模拟10试卷.md,第40届chemy初赛模拟10答案.md,959,91,1,1
chemy,第40届chemy初赛模拟11,第40届chemy初赛模拟11试卷.md,第40届chemy初赛模拟11答案.md,782,52,1,1
chemy,第40届chemy初赛模拟12,第40届chemy初赛模拟12试卷.md,第40届chemy初赛模拟12答案.md,890,65,1,1
chemy,第40届chemy初赛模拟13,第40届chemy初赛模拟13试题.md,第40届chemy初赛模拟13答案.md,1068,84,1,1
chemy,第40届chemy初赛模拟14,第40届chemy初赛模拟14试卷.md,第40届chemy初赛模拟14答案.md,1111,85,1,1
chemy,第40届chemy初赛模拟15,第40届chemy初赛模拟15试题.md,第40届chemy初赛模拟15答案.md,1140,68,1,1
chemy,第40届chemy初赛模拟16,第40届chemy初赛模拟16试题.md,第40届chemy初赛模拟16答案.md,876,74,1,1
chemy,第40届chemy初赛模拟17,第40届chemy初赛模拟17试题.md,第40届chemy初赛模拟17答案.md,844,81,1,1
chemy,第40届chemy初赛模拟18,第40届chemy初赛模拟18试题.md,第40届chemy初赛模拟18答案.md,1223,97,1,1
chemy,第41届Chemy联赛,—,第41届Chemy联赛试题答案.md,591,44,0,1
chemy,第41届chemy联赛,第41届chemy联赛.md,—,349,35,1,0
chemy,第42届Chemy联赛决赛,—,第42届Chemy联赛决赛试题答案.md,596,55,0,1
chemy,第42届chemy联赛(决赛),第42届chemy联赛(决赛).md,—,310,23,1,0
chemy,第三十九届Chemy化学奥林匹克竞赛联赛5,第三十九届Chemy化学奥林匹克竞赛联赛试题5.md,第三十九届Chemy化学奥林匹克竞赛联赛试题答案5与评分标准.md,837,48,1,1
一式,README,README.md,—,32,0,1,0
一式,一式01,一式01.md,一式01答案.md,826,87,1,1
一式,一式02,一式02.md,一式02答案.md,760,70,1,1
一式,一式03,一式03.md,一式03答案.md,725,66,1,1
一式,一式04,一式04.md,一式04答案.md,767,88,1,1
一式,一式05,一式05.md,一式05答案.md,704,73,1,1
一式,一式06,一式06.md,一式06答案.md,946,98,1,1
一式,一式07,一式07.md,一式07答案.md,802,74,1,1
一式,一式08,一式08.md,一式08答案.md,779,70,1,1
一式,一式09,一式09.md,一式09答案.md,615,56,1,1
一式,一式10,一式10.md,一式10答案.md,919,80,1,1
伽马,12.7号作业,—,12.7号作业答案.md,304,38,0,1
伽马,2025.11-培尖线上班L3课后题,—,2025.11-培尖线上班L3课后题答案.md,133,7,0,1
伽马,2025.11-培尖线上班L4课后题,—,2025.11-培尖线上班L4课后题答案.md,117,0,0,1
伽马,2026年伽马五一班模拟3,—,2026年伽马五一班模拟试卷3讲评.md,768,86,0,1
伽马,README,README.md,—,62,0,1,0
伽马,gamma晶体结构习题,gamma晶体结构习题.md,—,435,22,1,0
伽马,五一伽马杭州1,五一伽马杭州1.md,五一伽马杭州答案1.md,1063,103,1,1
伽马,五一伽马杭州2,五一伽马杭州2.md,五一伽马杭州答案2.md,794,117,1,1
伽马,五一伽马杭州3,五一伽马杭州3.md,五一伽马杭州答案3.md,599,71,1,1
伽马,五一伽马杭州3-1,—,五一伽马杭州答案3-1.md,381,48,0,1
伽马,五一伽马杭州4,五一伽马杭州4.md,五一伽马杭州答案4.md,1047,112,1,1
伽马,五一伽马杭州5,五一伽马杭州5.md,五一伽马杭州答案5.md,716,73,1,1
伽马,五一伽马杭州6,五一伽马杭州6.md,五一伽马杭州答案6.md,1094,89,1,1
伽马,亲电加成-课后题,亲电加成__课后题.md,亲电加成课后题答案.md,66,10,1,1
伽马,伽马化学2026年五一模拟1-讲稿,伽马化学2026年五一模拟1-讲稿.md,—,842,132,1,0
伽马,伽马化学2026年五一模拟2-讲稿,伽马化学2026年五一模拟2-讲稿.md,—,417,54,1,0
伽马,伽马化学2026年五一模拟4-讲稿,伽马化学2026年五一模拟4-讲稿.md,—,444,59,1,0
伽马,伽马化学2026年五一模拟5-讲稿(1),伽马化学2026年五一模拟5 - 讲稿(1).md,—,266,23,1,0
伽马,伽马化学2026年五一模拟5-讲稿1,伽马化学2026年五一模拟5-讲稿1.md,—,408,46,1,0
伽马,伽马化学2026年五一模拟6-讲稿,伽马化学2026年五一模拟6-讲稿.md,—,446,49,1,0
伽马,伽马化学2026年暑期模拟1,伽马化学2026年暑期模拟1.md,伽马化学2026年暑期模拟1答案.md,787,61,1,1
伽马,伽马化学2026年暑期模拟10,伽马化学2026年暑期模拟10.md,伽马化学2026年暑期模拟10答案.md,420,68,1,1
伽马,伽马化学2026年暑期模拟2,伽马化学2026年暑期模拟2.md,伽马化学2026年暑期模拟2答案.md,858,69,1,1
伽马,伽马化学2026年暑期模拟3,伽马化学2026年暑期模拟3.md,伽马化学2026年暑期模拟3答案.md,671,48,1,1
伽马,伽马化学2026年暑期模拟4,伽马化学2026年暑期模拟4.md,伽马化学2026年暑期模拟4答案.md,819,68,1,1
伽马,伽马化学2026年暑期模拟5,伽马化学2026年暑期模拟5.md,伽马化学2026年暑期模拟5答案.md,431,39,1,1
伽马,伽马化学2026年暑期模拟6,伽马化学2026年暑期模拟6.md,伽马化学2026年暑期模拟6答案.md,602,56,1,1
伽马,伽马化学2026年暑期模拟7,伽马化学2026年暑期模拟7.md,伽马化学2026年暑期模拟7答案.md,594,38,1,1
伽马,伽马化学2026年暑期模拟8,伽马化学2026年暑期模拟8.md,—,234,17,1,0
伽马,伽马化学2026年暑期模拟9,伽马化学2026年暑期模拟9.md,伽马化学2026年暑期模拟9答案.md,692,79,1,1
伽马,作业(1),作业(1).md,—,249,21,1,0
伽马,作业1,作业1.md,—,292,38,1,0
伽马,作业2,—,作业2及答案.md,357,57,0,1
伽马,无机化学一-课后习题11.9,无机化学一_课后习题11.9.md,—,203,3,1,0
伽马,晶体题,—,晶体题答案.md,198,8,0,1
伽马,有机作业L6,有机作业L6.md,—,136,17,1,0
伽马,有机化学一-课后习题Ans11.9,有机化学一_课后习题Ans11.9.md,—,123,12,1,0
伽马,第二周,—,第二周答案.md,43,0,0,1
伽马,第四周,—,第四周答案.md,159,8,0,1
伽马,结构专题进阶2课后作业,结构专题进阶2课后作业.md,结构专题进阶2课后作业答案.md,190,14,1,1
伽马,配合物结构习题2025.12.21,配合物结构习题2025.12.21.md,—,105,2,1,0
伽马,配合物结构习题版,—,配合物结构习题答案版.md,198,9,0,1
化英社,README,README.md,—,86,0,1,0
化英社,初赛模拟7,初赛模拟7试卷(已优化).md; 初赛模拟7试卷.md,初赛模拟7答案(已优化).md; 初赛模拟7答案.md,1803,152,2,2
化英社,初赛模拟7已优化,初赛模拟7试卷已优化.md,初赛模拟7答案已优化.md,1163,80,1,1
化英社,初赛模拟9,—,初赛模拟9答案.md; 初赛模拟9答案（清晰版）.md,1123,97,0,2
化英社,化英社2026第40届决赛物化专题2,化英社2026第40届决赛物化专题2试卷（清晰版）.md,—,536,11,1,0
化英社,化英社寒假初赛模拟-1,化英社寒假初赛模拟 1.md,—,749,77,1,0
化英社,化英社寒假初赛模拟-2,化英社寒假初赛模拟 2.md,—,592,70,1,0
化英社,化英社寒假初赛模拟-3,化英社寒假初赛模拟 3.md,—,944,86,1,0
化英社,化英社年后国初模拟1,化英社年后国初模拟1.md,—,777,66,1,0
化英社,化英社年后国初模拟2,化英社年后国初模拟2.md,—,636,61,1,0
化英社,化英社年后国初模拟3,化英社年后国初模拟3.md,—,754,69,1,0
化英社,施朱鸣-计算专题,—,施朱鸣-计算专题-讲评.md,866,31,0,1
化英社,春季-有机专题1,春季-有机专题1试卷(已优化).md; 春季-有机专题1试卷.md,—,827,121,2,0
化英社,春季-有机专题1已优化,春季-有机专题1试卷已优化.md,—,474,79,1,0
化英社,春季模拟9,春季模拟试题9试题.md,—,259,11,1,0
化英社,春季模拟9-清晰版,春季模拟试题9试题-清晰版.md,—,250,15,1,0
化英社,第40届决赛模拟1,第40届决赛模拟1（清晰版）.md,第40届决赛模拟1答案(已优化).md; 第40届决赛模拟1答案.md,1478,147,1,2
化英社,第40届决赛模拟1已优化,—,第40届决赛模拟1答案已优化.md,678,66,0,1
化英社,第40届决赛模拟2,—,第40届决赛模拟试题2答案（清晰版）.md,703,70,0,1
化英社,第40届初赛模拟10,第40届初赛模拟10（清晰版）.md,第40届初赛模拟试题10参考答案（清晰版）.md,864,64,1,1
化英社,第40届初赛模拟11,第40届初赛模拟11（清晰版）.md,—,357,27,1,0
化英社,第40届初赛模拟11-清晰版,—,第40届初赛模拟试题11答案-清晰版.md,555,50,0,1
化英社,第40届化英社化学奥林匹克(初赛)夏季初赛模拟12-1,第40届化英社化学奥林匹克(初赛)夏季初赛模拟12_1.md,第40届化英社化学奥林匹克初赛夏季初赛模拟12参考答案_1.md,675,64,1,1
化英社,第40届化英社化学奥林匹克决赛夏季模拟1,第40届化英社化学奥林匹克决赛夏季模拟试题1.md,—,374,11,1,0
化英社,第40届化英社化学奥林匹克决赛夏季模拟2,第40届化英社化学奥林匹克决赛夏季模拟试题2.md,第40届化英社化学奥林匹克决赛夏季模拟试题2参考答案.md,1378,126,1,1
化英社,第40届化英社化学奥林匹克决赛模拟3,—,第40届化英社化学奥林匹克决赛模拟试题3参考答案（清晰版）.md,650,50,0,1
化英社,第40届化英社化学奥林匹克初赛夏季初赛模拟11,—,第40届化英社化学奥林匹克初赛夏季初赛模拟11参考答案.md,633,57,0,1
化英社,第40届化英社化学奥林匹克初赛夏季初赛模拟13-1,—,第40届化英社化学奥林匹克初赛夏季初赛模拟13参考答案_1.md,501,41,0,1
化英社,第40届化英社化学奥林匹克初赛夏季初赛模拟8,第40届化英社化学奥林匹克初赛夏季初赛模拟8.md,第40届化英社化学奥林匹克初赛夏季初赛模拟8参考答案.md,1048,96,1,1
化英社,第40届化英社化学奥林匹克初赛夏季初赛模拟9,第40届化英社化学奥林匹克初赛夏季初赛模拟9.md,第40届化英社化学奥林匹克初赛夏季初赛模拟9参考答案.md,1135,77,1,1
化英社,第40届化英社化学奥林匹克初赛夏季无机专题2,—,第40届化英社化学奥林匹克初赛夏季无机专题2参考答案.md,666,24,0,1
化英社,第40届化英社化学奥林匹克初赛夏季有机专题1,—,第40届化英社化学奥林匹克初赛夏季有机专题1参考答案.md,541,102,0,1
化英社,第40届化英社化学奥林匹克初赛夏季模拟1,—,第40届化英社化学奥林匹克初赛夏季模拟试题1参考答案.md,429,39,0,1
化英社,第40届化英社化学奥林匹克初赛夏季模拟3,—,第40届化英社化学奥林匹克初赛夏季模拟试题3参考答案.md,581,49,0,1
化英社,第40届化英社化学奥林匹克初赛夏季模拟4,第40届化英社化学奥林匹克初赛夏季模拟试题4.md,—,374,35,1,0
化英社,第40届化英社化学奥林匹克初赛夏季模拟5,第40届化英社化学奥林匹克初赛夏季模拟试题5.md,第40届化英社化学奥林匹克（初赛）夏季初赛模拟5参考答案.md,876,56,1,1
化英社,第40届化英社化学奥林匹克初赛夏季模拟6,第40届化英社化学奥林匹克初赛夏季模拟试题6.md,第40届化英社化学奥林匹克初赛夏季模拟试题6参考答案.md,744,52,1,1
化英社,第40届化英社化学奥林匹克初赛夏季结构专题,—,第40届化英社化学奥林匹克初赛夏季结构专题参考答案.md,525,45,0,1
化英社,第40届化英社化学奥林匹克初赛模拟15,第40届化英社化学奥林匹克初赛模拟试题15.md,—,391,27,1,0
化英社,第40届化英社化学奥林匹克初赛计算与实验,第40届化英社化学奥林匹克初赛计算与实验.md,—,438,17,1,0
化英社,第40届化英社化学奥林匹克竞赛（初赛）夏季有机专题2,—,第40届化英社化学奥林匹克竞赛（初赛）夏季有机专题2参考答案.md,444,69,0,1
化英社,第40届化英社化学奥林匹克（决赛）模拟3,第40届化英社化学奥林匹克（决赛）模拟试题3.md,—,351,26,1,0
化英社,第40届化英社化学奥林匹克（决赛）模拟3（清晰）,第40届化英社化学奥林匹克（决赛）模拟试题3（清晰）.md,—,351,26,1,0
化英社,第40届化英社化学奥林匹克（初赛）夏季初赛模拟10,第40届化英社化学奥林匹克（初赛）夏季初赛模拟10.md,第40届化英社化学奥林匹克（初赛）夏季初赛模拟10参考答案.md,947,98,1,1
化英社,第40届化英社化学奥林匹克（初赛）夏季初赛模拟13,第40届化英社化学奥林匹克（初赛）夏季初赛模拟13.md,—,306,29,1,0
化英社,第40届化英社化学奥林匹克（初赛）夏季初赛模拟2,第40届化英社化学奥林匹克（初赛）夏季初赛模拟2.md,第40届化英社化学奥林匹克初赛夏季模拟试题2参考答案.md,1014,92,1,1
化英社,第40届化英社化学奥林匹克（初赛）夏季初赛模拟7,第40届化英社化学奥林匹克（初赛）夏季初赛模拟7.md,第40届化英社化学奥林匹克初赛夏季初赛模拟7参考答案.md,816,69,1,1
化英社,第40届化英社化学奥林匹克（初赛）夏季无机专题1,—,第40届化英社化学奥林匹克（初赛）夏季无机专题1参考答案.md,500,39,0,1
化英社,第40届化英社化学奥林匹克（初赛）夏季模拟1,第40届化英社化学奥林匹克（初赛）夏季模拟试题1.md,第40届化英社化学奥林匹克（决赛）夏季模拟试题1参考答案.md,972,61,1,1
化英社,第40届化英社化学奥林匹克（初赛）夏季模拟11,第40届化英社化学奥林匹克（初赛）夏季模拟试题11.md,—,376,36,1,0
化英社,第40届化英社化学奥林匹克（初赛）夏季模拟14,—,第40届化英社化学奥林匹克（初赛）夏季模拟14参考答案.md,622,59,0,1
化英社,第40届化英社化学奥林匹克（初赛）夏季模拟3,第40届化英社化学奥林匹克（初赛）夏季模拟试题3.md,—,328,20,1,0
化英社,第40届化英社化学奥林匹克（初赛）夏季模拟4,—,第40届化英社化学奥林匹克（初赛）夏季模拟试题4参考答案.md,582,61,0,1
化英社,第40届化英社化学奥林匹克（初赛）春季联考1,第40届化英社化学奥林匹克（初赛）春季联考1.md,—,287,21,1,0
化英社,第40届化英社化学奥林匹克（初赛）春季联考1-(1),—,第40届化英社化学奥林匹克（初赛）春季联考1 答案(1).md,333,40,0,1
化英社,第40届化英社化学奥林匹克（初赛）春季联考11,—,第40届化英社化学奥林匹克（初赛）春季联考1答案1.md,474,45,0,1
化英社,第40届化英社化学奥林匹克（初赛）春季联考2,第40届化英社化学奥林匹克（初赛）春季联考2.md,第40届化英社化学奥林匹克（初赛）春季联考2答案.md,709,82,1,1
化英社,第40届化英社化学奥林匹克（初赛）春季联考3,第40届化英社化学奥林匹克（初赛）春季联考3试卷.md,第40届化英社化学奥林匹克（初赛）春季联考3答案.md,950,73,1,1
化英社,第40届化英社化学奥林匹克（初赛）春季联考4,第40届化英社化学奥林匹克（初赛）春季联考4试卷.md,第40届化英社化学奥林匹克（初赛）春季联考4参考答案.md,599,75,1,1
化英社,第40届化英社化学奥林匹克（初赛）春季联考5,第40届化英社化学奥林匹克（初赛）春季联考5.md,第40届化英社化学奥林匹克（初赛）春季联考5答案.md,788,62,1,1
化英社,第40届化英社化学奥林匹克（初赛）春季联考6-final,第40届化英社化学奥林匹克（初赛）春季联考6-final.md,第40届化英社化学奥林匹克（初赛）春季联考6答案-final.md,840,67,1,1
化英社,第40届化英社化学奥林匹克（初赛）模拟13（高清版）,第40届化英社化学奥林匹克（初赛）模拟试题13（高清版）.md,—,317,31,1,0
化英社,第40届化英社化学奥林匹克（初赛）模拟14,第40届化英社化学奥林匹克（初赛）模拟试题14.md,—,456,31,1,0
化英社,第40届化英社化学奥林匹克（初赛）模拟15,—,第40届化英社化学奥林匹克（初赛）模拟试题15参考答案.md,591,40,0,1
化英社,第40届化英社化学奥林匹克（初赛）计算与实验,—,第40届化英社化学奥林匹克（初赛）计算与实验参考答案.md,734,15,0,1
化英社,第40届化英社奥林匹克（决赛）模拟2（清晰）,第40届化英社奥林匹克（决赛）模拟试题2试卷（清晰）.md,—,386,34,1,0
化英社,第40届化英社奥林匹克（初赛）模拟13（清晰）,—,第40届化英社奥林匹克（初赛）模拟试题13答案（清晰）.md,566,50,0,1
北京夏令营,README,README.md,—,33,0,1,0
北京夏令营,北京夏令营-无机巩固练习一-1785409364,—,北京夏令营-无机巩固练习一-答案1785409364.md,257,21,0,1
北京夏令营,北京夏令营-无机巩固练习一1785409334,北京夏令营-无机巩固练习一1785409334.md,—,158,4,1,0
北京夏令营,北京夏令营-无机巩固练习三1785602414,北京夏令营-无机巩固练习三1785602414.md,—,220,11,1,0
北京夏令营,北京夏令营-无机巩固练习二-1785491473,—,北京夏令营-无机巩固练习二-答案1785491473.md,548,25,0,1
北京夏令营,北京夏令营-无机巩固练习二1785491436,北京夏令营-无机巩固练习二1785491436.md,—,210,4,1,0
北京夏令营,北京夏令营-无机综合,北京夏令营-无机综合.md,北京夏令营-无机综合-答案.md,415,11,1,1
北京夏令营,北京夏令营-有机巩固练习一,北京夏令营-有机巩固练习一.md,北京夏令营-有机巩固练习一-答案.md,300,39,1,1
北京夏令营,北京夏令营-有机巩固练习三,北京夏令营-有机巩固练习三.md,北京夏令营-有机巩固练习三-答案.md,177,34,1,1
北京夏令营,北京夏令营-有机巩固练习二,北京夏令营-有机巩固练习二.md,北京夏令营-有机巩固练习二-答案.md,279,48,1,1
北京夏令营,北京夏令营-有机巩固练习四,北京夏令营-有机巩固练习四.md,北京夏令营-有机巩固练习四-答案.md,240,50,1,1
北京夏令营,北京夏令营-有机综合,北京夏令营-有机综合.md,北京夏令营-有机综合-答案.md,639,100,1,1
壹尖培优,20260228广州模拟测,20260228广州模拟测试题.md,—,262,11,1,0
壹尖培优,README,README.md,—,41,0,1,0
壹尖培优,无机专题卷1,无机专题卷1.md,无机专题卷1答案.md,523,17,1,1
壹尖培优,无机专题卷2,无机专题卷2.md,无机专题卷2答案.md,671,8,1,1
壹尖培优,模拟测1,模拟测试卷1.md,模拟测试卷1参考答案.md,638,87,1,1
壹尖培优,模拟测2,模拟测试卷2.md,模拟测试卷2答案.md,694,111,1,1
壹尖培优,模拟测3,模拟测试卷3.md,模拟测试卷3参考答案.md,669,105,1,1
壹尖培优,第40届中国化学奥林匹克（初赛）模拟1,第40届中国化学奥林匹克（初赛）模拟试题1.md,第40届中国化学奥林匹克（初赛）模拟试题1参考答案.md,291,19,1,1
壹尖培优,第40届中国化学奥林匹克（初赛）模拟10,第40届中国化学奥林匹克（初赛）模拟试题10.md,第40届中国化学奥林匹克（初赛）模拟试题10参考答案.md,234,13,1,1
壹尖培优,第40届中国化学奥林匹克（初赛）模拟11,第40届中国化学奥林匹克（初赛）模拟试题11.md,第40届中国化学奥林匹克（初赛）模拟试题11参考答案.md,229,12,1,1
壹尖培优,第40届中国化学奥林匹克（初赛）模拟12,第40届中国化学奥林匹克（初赛）模拟试题12.md,第40届中国化学奥林匹克（初赛）模拟试题12参考答案.md,346,32,1,1
壹尖培优,第40届中国化学奥林匹克（初赛）模拟13,第40届中国化学奥林匹克（初赛）模拟试题13.md,第40届中国化学奥林匹克（初赛）模拟试题13参考答案.md,290,18,1,1
壹尖培优,第40届中国化学奥林匹克（初赛）模拟2,第40届中国化学奥林匹克（初赛）模拟试题2.md,第40届中国化学奥林匹克（初赛）模拟试题2参考答案.md,250,21,1,1
壹尖培优,第40届中国化学奥林匹克（初赛）模拟3,第40届中国化学奥林匹克（初赛）模拟试题3.md,第40届中国化学奥林匹克（初赛）模拟试题3参考答案.md,346,21,1,1
壹尖培优,第40届中国化学奥林匹克（初赛）模拟4,第40届中国化学奥林匹克（初赛）模拟试题4.md,第40届中国化学奥林匹克（初赛）模拟试题4参考答案.md,247,14,1,1
壹尖培优,第40届中国化学奥林匹克（初赛）模拟5,第40届中国化学奥林匹克（初赛）模拟试题5.md,第40届中国化学奥林匹克（初赛）模拟试题5答案.md,283,19,1,1
壹尖培优,第40届中国化学奥林匹克（初赛）模拟6,第40届中国化学奥林匹克（初赛）模拟试题6.md,第40届中国化学奥林匹克（初赛）模拟试题6答案.md,251,16,1,1
壹尖培优,第40届中国化学奥林匹克（初赛）模拟7,第40届中国化学奥林匹克（初赛）模拟试题7.md,第40届中国化学奥林匹克（初赛）模拟试题7答案.md,228,10,1,1
壹尖培优,第40届中国化学奥林匹克（初赛）模拟8,第40届中国化学奥林匹克（初赛）模拟试题8.md,第40届中国化学奥林匹克（初赛）模拟试题8答案.md,206,22,1,1
壹尖培优,第40届中国化学奥林匹克（初赛）模拟9,第40届中国化学奥林匹克（初赛）模拟试题9.md,第40届中国化学奥林匹克（初赛）模拟试题9参考答案.md,250,7,1,1
方圆,2.10习题三,—,2.10习题三答案.md; 2.10习题三讲评.md,485,48,0,2
方圆,2.13二,—,2.13试卷二讲评.md,483,15,0,1
方圆,2.6习题一,—,2.6习题一答案.md; 2.6习题一解析.md,344,1,0,2
方圆,2.7习题二,—,2.7习题二答案.md,178,8,0,1
方圆,2.9一,—,2.9试卷一讲评.md,409,57,0,1
方圆,README,README.md,—,40,0,1,0
方圆,卷一,卷一.md,卷一答案.md,598,53,1,1
方圆,卷一-1,卷一-1.md,卷一答案-1.md,890,89,1,1
方圆,卷三,卷三.md,卷三答案.md,814,38,1,1
方圆,卷三-1,卷三-1.md,卷三答案-1.md,527,56,1,1
方圆,卷二,卷二.md,卷二答案.md,410,24,1,1
方圆,卷二-1,卷二-1.md,卷二答案-1.md,985,106,1,1
方圆,无机专题一,无机专题试卷一.md,答案--无机专题试卷一.md,351,30,1,1
方圆,无机专题二,无机专题试卷二.md,答案--无机专题试卷二.md,441,10,1,1
方圆,有机2.10日晚上习题课,有机2.10日晚上习题课.md,—,247,35,1,0
方圆,有机化学测1,有机化学测试题1.md,有机化学测试题1答案.md,474,74,1,1
方圆,有机化学测试2,—,有机化学测试2参考答案.md,354,46,0,1
方圆,有机化学讲解1,有机化学试卷讲解1.md,—,357,66,1,0
方圆,有机化学讲解2,有机化学试卷讲解2.md,—,197,25,1,0
汇智,2.5练习题,—,2.5练习题及答案.md,277,38,0,1
汇智,2.7晚-有机小练(2),—,2.7晚-有机小练答案(2).md,71,17,0,1
汇智,2.7杭州有机化学班第三天练习题,2.7杭州有机化学班第三天练习题.md,—,284,54,1,0
汇智,2026年寒假杭州有机化学班第五天练习题,—,2026年寒假杭州有机化学班第五天练习题及答案.md,133,10,0,1
汇智,2026年寒假杭州有机化学班练习5习题,—,2026年寒假杭州有机化学班练习5习题及答案.md,301,55,0,1
汇智,2026年寒假杭州有机化学班练习题4练习题,—,2026年寒假杭州有机化学班练习题4练习题及答案.md,133,27,0,1
汇智,260609-汇智起航2026年（暑假）全国化学初赛模拟5,260609-汇智起航2026年（暑假）全国化学初赛模拟试题5试题.md,—,339,17,1,0
汇智,README,README.md,—,76,0,1,0
汇智,副本(1),—,讲评 - 副本(1).md,285,26,0,1
汇智,副本1,—,讲评-副本1.md,524,52,0,1
汇智,卷1.,—,卷1讲评..md,874,74,0,1
汇智,卷2-.,—,卷2-讲评..md,461,19,0,1
汇智,卷3-.(1),—,卷3-讲评.(1).md,553,45,0,1
汇智,卷3-.1,—,卷3-讲评.1.md,786,61,0,1
汇智,改汇智起航2026年暑假（刷题班）全国化学初赛模拟卷6(4),改汇智起航2026年暑假（刷题班）全国化学初赛模拟卷6(4).md,—,420,43,1,0
汇智,改汇智起航2026年暑假（刷题班）全国化学初赛模拟卷64,改汇智起航2026年暑假（刷题班）全国化学初赛模拟卷64.md,—,731,52,1,0
汇智,改：汇智起航2026年暑假（刷题班）全国化学初赛模拟卷4-version2,—,改：汇智起航2026年暑假（刷题班）全国化学初赛模拟卷4答案-version2.md,749,68,0,1
汇智,有机化学专题初赛模拟卷1,—,有机化学专题初赛模拟卷1试题及答案.md,602,81,0,1
汇智,汇智起航2026年(五一期间)有机化学初赛模拟卷1(4),汇智起航2026年(五一期间)有机化学初赛模拟卷1(4).md,汇智起航2026年(五一期间)有机化学初赛模拟卷1答案(5).md,285,51,1,1
汇智,汇智起航2026年(五一期间)有机化学初赛模拟卷2(3),—,汇智起航2026年(五一期间)有机化学初赛模拟卷2答案(3).md,387,46,0,1
汇智,汇智起航2026年五一期间有机化学初赛模拟卷14,汇智起航2026年五一期间有机化学初赛模拟卷14.md,—,336,51,1,0
汇智,汇智起航2026年五一期间有机化学初赛模拟卷15,—,汇智起航2026年五一期间有机化学初赛模拟卷1答案5.md,55,9,0,1
汇智,汇智起航2026年五一期间有机化学初赛模拟卷2,汇智起航2026年五一期间有机化学初赛模拟卷2.md,—,796,83,1,0
汇智,汇智起航2026年五一期间有机化学初赛模拟卷23,—,汇智起航2026年五一期间有机化学初赛模拟卷2答案3.md,518,69,0,1
汇智,汇智起航2026年寒假有机化学专题初赛模拟卷2,—,汇智起航2026年寒假有机化学专题初赛模拟卷2及答案.md,1107,171,0,1
汇智,汇智起航2026年暑假（冲刺班）结构化学初赛模拟卷1-250610-sjh(2)(2)(1)(1)(1)(1)(1),—,汇智起航2026年暑假（冲刺班）结构化学初赛模拟卷1答案-250610-sjh(2)(2)(1)(1)(1)(1)(1).md,284,28,0,1
汇智,汇智起航2026年暑假（冲刺班）结构化学初赛模拟卷1-250610-sjh2211111,—,汇智起航2026年暑假（冲刺班）结构化学初赛模拟卷1答案-250610-sjh2211111.md,393,45,0,1
汇智,汇智起航2026年（寒假）有机化学初赛模拟卷2-260106-hth,—,汇智起航2026年（寒假）有机化学初赛模拟卷2答案-260106-hth.md,460,78,0,1
汇智,汇智起航2026年（暑假）无机化学初赛模拟1,汇智起航2026年（暑假）无机化学初赛模拟试题1.md,—,449,26,1,0
汇智,汇智起航五一初赛模拟1,汇智起航五一初赛模拟1试卷.md,汇智起航五一初赛模拟1答案.md,1054,70,1,1
汇智,汇智起航五一初赛模拟2,汇智起航五一初赛模拟2试卷.md,汇智起航五一初赛模拟2答案.md,540,21,1,1
汇智,汇智起航五一初赛模拟3,汇智起航五一初赛模拟3试卷.md,汇智起航五一初赛模拟3答案.md,488,47,1,1
汇智,汇智起航五一初赛模拟4,汇智起航五一初赛模拟4试卷.md,汇智起航五一初赛模拟4答案.md,618,22,1,1
汇智,汇智起航五一初赛模拟5,汇智起航五一初赛模拟5试卷.md,汇智起航五一初赛模拟5答案.md,1040,105,1,1
汇智,汇智起航五一初赛模拟6,汇智起航五一初赛模拟6试卷.md,汇智起航五一初赛模拟6答案.md,702,60,1,1
汇智,汇智起航五一初赛模拟7,汇智起航五一初赛模拟7试卷.md,汇智起航五一初赛模拟7答案.md,698,40,1,1
汇智,汇智起航五一初赛模拟8,汇智起航五一初赛模拟8试卷.md,汇智起航五一初赛模拟8答案.md,593,47,1,1
汇智,物化1(1),—,物化1解析手稿(1).md,88,6,0,1
汇智,物化11,—,物化1解析手稿1.md,446,5,0,1
汇智,练习1-(1),练习1 (1).md,—,110,8,1,0
汇智,练习5,练习5.md,—,66,9,1,0
汇智,长沙冲刺无机综合,长沙冲刺无机综合.md,—,724,16,1,0
汇智,长沙冲刺有机1,长沙冲刺有机1.md,—,792,146,1,0
汇智,长沙冲刺有机2,长沙冲刺有机2.md,—,942,192,1,0
汇智,长沙冲刺物化1,长沙冲刺物化1.md,—,1569,1,1,0
汇智,长沙冲刺物化2,长沙冲刺物化2.md,—,1003,1,1,0
汇智,长沙冲刺结构,长沙冲刺结构.md,—,573,34,1,0
汇智,长沙冲刺综合1,长沙冲刺综合1.md,—,1003,80,1,0
汇智,长沙冲刺综合2,长沙冲刺综合2.md,—,565,14,1,0
汇智,长沙冲刺综合3,长沙冲刺综合3.md,—,733,57,1,0
汇智,长沙冲刺综合4,长沙冲刺综合4.md,—,623,53,1,0
汇智,长沙冲刺综合5,长沙冲刺综合5.md,—,760,77,1,0
汇智,长沙冲刺综合6,长沙冲刺综合6.md,—,826,76,1,0
汇智,长沙冲刺综合7,长沙冲刺综合7.md,—,635,40,1,0
汇智,长沙化学刷初赛模拟1,长沙化学刷初赛模拟1.md,—,907,67,1,0
汇智,长沙化学刷初赛模拟10,长沙化学刷初赛模拟10.md,—,1192,62,1,0
汇智,长沙化学刷初赛模拟11,长沙化学刷初赛模拟11.md,—,1020,76,1,0
汇智,长沙化学刷初赛模拟12,长沙化学刷初赛模拟12.md,—,639,42,1,0
汇智,长沙化学刷初赛模拟2,长沙化学刷初赛模拟2.md,—,447,41,1,0
汇智,长沙化学刷初赛模拟3,长沙化学刷初赛模拟3.md,—,926,71,1,0
汇智,长沙化学刷初赛模拟4,长沙化学刷初赛模拟4.md,—,724,60,1,0
汇智,长沙化学刷初赛模拟5,长沙化学刷初赛模拟5.md,—,341,19,1,0
汇智,长沙化学刷初赛模拟6,长沙化学刷初赛模拟6.md,—,400,33,1,0
汇智,长沙化学刷初赛模拟7,长沙化学刷初赛模拟7.md,—,738,71,1,0
汇智,长沙化学刷初赛模拟8,长沙化学刷初赛模拟8.md,—,904,51,1,0
汇智,长沙化学刷初赛模拟9,长沙化学刷初赛模拟9.md,—,921,45,1,0
清北营,2026年清北营寒假班-1,2026年清北营寒假班-试卷1.md,2026年清北营寒假班-试卷1-参考答案.md,715,34,1,1
清北营,2026年清北营寒假班-2,2026年清北营寒假班-试卷2.md,2026年清北营寒假班-试卷2-参考答案.md,610,70,1,1
清北营,2026年清北营寒假班-3,2026年清北营寒假班-试卷3.md,2026年清北营寒假班-试卷3-参考答案.md,626,44,1,1
清北营,2026年清北营寒假班-4,2026年清北营寒假班-试卷4.md,2026年清北营寒假班-试卷4-参考答案.md,739,59,1,1
清北营,2026年清北营寒假班-5,2026年清北营寒假班-试卷5.md,2026年清北营寒假班-试卷5-参考答案.md,977,30,1,1
清北营,2026年清北营暑假高二班-1,2026年清北营暑假高二班-试卷1.md,2026年清北营暑假高二班-试卷1-参考答案.md,649,65,1,1
清北营,2026年清北营暑假高二班-10,2026年清北营暑假高二班-试卷10.md,2026年清北营暑假高二班-试卷10-参考答案.md,720,81,1,1
清北营,2026年清北营暑假高二班-11,2026年清北营暑假高二班-试卷11.md,2026年清北营暑假高二班-试卷11-参考答案.md,877,39,1,1
清北营,2026年清北营暑假高二班-13,2026年清北营暑假高二班-试卷13.md,2026年清北营暑假高二班-试卷13-参考答案.md,709,98,1,1
清北营,2026年清北营暑假高二班-16,2026年清北营暑假高二班-试卷16.md,2026年清北营暑假高二班-试卷16-参考答案.md,970,98,1,1
清北营,2026年清北营暑假高二班-17,2026年清北营暑假高二班-试卷17.md,2026年清北营暑假高二班-试卷17-参考答案.md,964,62,1,1
清北营,2026年清北营暑假高二班-2,2026年清北营暑假高二班-试卷2.md,2026年清北营暑假高二班-试卷2-参考答案.md,687,41,1,1
清北营,2026年清北营暑假高二班-3,2026年清北营暑假高二班-试卷3.md,2026年清北营暑假高二班-试卷3-参考答案.md,699,48,1,1
清北营,2026年清北营暑假高二班-4,2026年清北营暑假高二班-试卷4.md,2026年清北营暑假高二班-试卷4-参考答案.md,683,55,1,1
清北营,2026年清北营暑假高二班-5,2026年清北营暑假高二班-试卷5.md,2026年清北营暑假高二班-试卷5-参考答案.md,679,51,1,1
清北营,2026年清北营暑假高二班-6,2026年清北营暑假高二班-试卷6.md,2026年清北营暑假高二班-试卷6-参考答案.md,610,61,1,1
清北营,2026年清北营暑假高二班-7-有机专题,2026年清北营暑假高二班-试卷7-有机专题.md,2026年清北营暑假高二班-试卷7-有机专题-参考答案.md,683,84,1,1
清北营,2026年清北营暑假高二班-8,2026年清北营暑假高二班-试卷8.md,2026年清北营暑假高二班-试卷8-参考答案.md,640,86,1,1
清北营,2026年清北营暑假高二班-9,2026年清北营暑假高二班-试卷9.md,2026年清北营暑假高二班-试卷9-参考答案.md,756,76,1,1
清北营,README,README.md,—,55,0,1,0
清北营,春季模拟1,春季模拟1.md,—,656,40,1,0
清北营,春季模拟10,春季模拟10.md,—,900,27,1,0
清北营,春季模拟11,春季模拟11.md,—,851,56,1,0
清北营,春季模拟12,春季模拟12.md,—,611,46,1,0
清北营,春季模拟2,春季模拟2.md,—,509,30,1,0
清北营,春季模拟3,春季模拟3.md,—,522,42,1,0
清北营,春季模拟4,春季模拟4.md,—,473,53,1,0
清北营,春季模拟5,春季模拟5.md,—,661,59,1,0
清北营,春季模拟6,春季模拟6.md,—,760,133,1,0
清北营,春季模拟7,春季模拟7.md,—,632,46,1,0
清北营,春季模拟8,春季模拟8.md,—,651,63,1,0
清北营,春季模拟9,春季模拟9.md,—,550,46,1,0
清北营,清北营2026年物化专题班1,清北营2026年物化专题班试卷1.md,清北营2026年物化专题班试卷1答案.md,678,19,1,1
清北营,清北营2026年物化专题班2,清北营2026年物化专题班试卷2.md,清北营2026年物化专题班试卷2答案.md,449,15,1,1
质心GChO,README,README.md,—,104,0,1,0
质心GChO,ZCHEM-GChO1,ZCHEM-GChO1试题.md,ZCHEM-GChO1参考答案与评分标准.md,487,26,1,1
质心GChO,ZCHEM-GChO10,ZCHEM-GChO10试题（线下营）.md,ZCHEM-GChO10解析手稿.md,537,30,1,1
质心GChO,ZCHEM-GChO11,ZCHEM-GChO11试题（线下营）.md,ZCHEM-GChO11解析手稿.md,593,27,1,1
质心GChO,ZCHEM-GChO12,ZCHEM-GChO12试题.md,ZCHEM-GChO12参考答案与评分标准.md,642,56,1,1
质心GChO,ZCHEM-GChO13,ZCHEM-GChO13试题.md,ZCHEM-GChO13解析手稿.md,844,73,1,1
质心GChO,ZCHEM-GChO14,ZCHEM-GChO14试题.md,ZCHEM-GChO14解析手稿.md,485,26,1,1
质心GChO,ZCHEM-GChO15,ZCHEM-GChO15试题（线下营）.md,ZCHEM-GChO15解析手稿.md,703,46,1,1
质心GChO,ZCHEM-GChO16,ZCHEM-GChO16试题（线下营）.md,ZCHEM-GChO16解析手稿.md,642,39,1,1
质心GChO,ZCHEM-GChO17,ZCHEM-GChO17试题（线下营）.md,ZCHEM-GChO17解析手稿.md,757,41,1,1
质心GChO,ZCHEM-GChO18,ZCHEM-GChO18试题（线下营）.md,ZCHEM-GChO18解析手稿.md,527,47,1,1
质心GChO,ZCHEM-GChO19,ZCHEM-GChO19试题（线下营）.md,ZCHEM-GChO19解析手稿.md,545,57,1,1
质心GChO,ZCHEM-GChO2,ZCHEM-GChO2试题.md,ZCHEM-GChO2解析手稿.md,747,69,1,1
质心GChO,ZCHEM-GChO20,ZCHEM-GChO20试题（线下营）.md,ZCHEM-GChO20解析手稿.md,655,50,1,1
质心GChO,ZCHEM-GChO21,ZCHEM-GChO21试题（线下营）.md,ZCHEM-GChO21解析手稿.md,922,101,1,1
质心GChO,ZCHEM-GChO22,ZCHEM-GChO22试题（线下营）.md,ZCHEM-GChO22解析手稿.md,646,22,1,1
质心GChO,ZCHEM-GChO23,ZCHEM-GChO23试题（线下营）.md,ZCHEM-GChO23解析手稿.md,818,40,1,1
质心GChO,ZCHEM-GChO24,ZCHEM-GChO24试题（线下营）.md,ZCHEM-GChO24解析手稿.md,678,27,1,1
质心GChO,ZCHEM-GChO25,ZCHEM-GChO25试题（线下营）.md,ZCHEM-GChO25解析手稿.md,658,37,1,1
质心GChO,ZCHEM-GChO26,ZCHEM-GChO26试题（线下营）.md,ZCHEM-GChO26解析手稿.md,648,26,1,1
质心GChO,ZCHEM-GChO27,ZCHEM-GChO27试题.md,ZCHEM-GChO27参考答案与评分标准.md,438,29,1,1
质心GChO,ZCHEM-GChO28,ZCHEM-GChO28试题.md,ZCHEM-GChO28参考答案与评分标准.md,857,94,1,1
质心GChO,ZCHEM-GChO29,ZCHEM-GChO29试题.md,ZCHEM-GChO29解析手稿.md,685,63,1,1
质心GChO,ZCHEM-GChO3,ZCHEM-GChO3试题.md,ZCHEM-GChO3参考答案与评分标准.md,509,20,1,1
质心GChO,ZCHEM-GChO30,ZCHEM-GChO30试题.md,ZCHEM-GChO30参考答案与评分标准.md,847,81,1,1
质心GChO,ZCHEM-GChO31,ZCHEM-GChO31试题.md,ZCHEM-GChO31参考答案与评分标准.md,644,39,1,1
质心GChO,ZCHEM-GChO32,ZCHEM-GChO32试题.md,ZCHEM-GChO32参考答案与评分标准.md,623,40,1,1
质心GChO,ZCHEM-GChO33,ZCHEM-GChO33试题.md,ZCHEM-GChO33解析手稿.md,852,73,1,1
质心GChO,ZCHEM-GChO34,ZCHEM-GChO34试题.md,ZCHEM-GChO34解析手稿.md,454,24,1,1
质心GChO,ZCHEM-GChO35,ZCHEM-GChO35试题.md,ZCHEM-GChO35解析手稿.md,881,81,1,1
质心GChO,ZCHEM-GChO36,ZCHEM-GChO36试题.md,ZCHEM-GChO36解析手稿.md,710,75,1,1
质心GChO,ZCHEM-GChO37,ZCHEM-GChO37试题.md,ZCHEM-GChO37解析手稿.md,679,63,1,1
质心GChO,ZCHEM-GChO38,ZCHEM-GChO38试题.md,ZCHEM-GChO38解析手稿.md,612,43,1,1
质心GChO,ZCHEM-GChO39,ZCHEM-GChO39试题.md,ZCHEM-GChO39解析手稿.md,769,63,1,1
质心GChO,ZCHEM-GChO4,ZCHEM-GChO4试题.md,ZCHEM-GChO4解析手稿.md,650,37,1,1
质心GChO,ZCHEM-GChO40,ZCHEM-GChO40试题.md,ZCHEM-GChO40解析手稿.md,795,50,1,1
质心GChO,ZCHEM-GChO41,ZCHEM-GChO41试题.md,ZCHEM-GChO41参考答案与评分标准.md,515,43,1,1
质心GChO,ZCHEM-GChO42,ZCHEM-GChO42试题.md,ZCHEM-GChO42参考答案与评分标准.md,549,34,1,1
质心GChO,ZCHEM-GChO43,ZCHEM-GChO43试题（线下营）.md,ZCHEM-GChO43解析手稿.md,658,57,1,1
质心GChO,ZCHEM-GChO44,ZCHEM-GChO44试题（线下营）.md,ZCHEM-GChO44解析手稿.md,677,46,1,1
质心GChO,ZCHEM-GChO45,ZCHEM-GChO45试题.md,ZCHEM-GChO45解析手稿.md,610,42,1,1
质心GChO,ZCHEM-GChO46,ZCHEM-GChO46试题.md,ZCHEM-GChO46解析手稿.md,1695,30,1,1
质心GChO,ZCHEM-GChO47,ZCHEM-GChO47试题.md,ZCHEM-GChO47参考答案与评分标准.md,560,72,1,1
质心GChO,ZCHEM-GChO48,ZCHEM-GChO48试题.md,ZCHEM-GChO48参考答案与评分标准.md,418,39,1,1
质心GChO,ZCHEM-GChO49,ZCHEM-GChO49试题.md,ZCHEM-GChO49解析手稿.md,666,76,1,1
质心GChO,ZCHEM-GChO50,ZCHEM-GChO50试题.md,ZCHEM-GChO50参考答案与评分标准.md,778,48,1,1
质心GChO,ZCHEM-GChO51,ZCHEM-GChO51试题.md,ZCHEM-GChO51参考答案和评分标准.md,645,55,1,1
质心GChO,ZCHEM-GChO52,ZCHEM-GChO52试题.md,ZCHEM-GChO52参考答案与评分标准.md,569,47,1,1
质心GChO,ZCHEM-GChO53,ZCHEM-GChO53试题.md,ZCHEM-GChO53参考答案与评分标准.md,605,76,1,1
质心GChO,ZCHEM-GChO54,ZCHEM-GChO54试题.md,ZCHEM-GChO54解析手稿.md,594,40,1,1
质心GChO,ZCHEM-GChO55,ZCHEM-GChO55试题.md,ZCHEM-GChO55解析手稿.md,528,28,1,1
质心GChO,ZCHEM-GChO56,ZCHEM-GChO56试题.md,ZCHEM-GChO56解析手稿.md,903,30,1,1
质心GChO,ZCHEM-GChO57,ZCHEM-GChO57试题.md,ZCHEM-GChO57解析手稿.md,836,35,1,1
质心GChO,ZCHEM-GChO58,ZCHEM-GChO58试题.md,ZCHEM-GChO58解析手稿.md,549,22,1,1
质心GChO,ZCHEM-GChO59,ZCHEM-GChO59试题.md,ZCHEM-GChO59解析手稿.md,784,66,1,1
质心GChO,ZCHEM-GChO6,ZCHEM-GChO6试题（线下营）.md,ZCHEM-GChO6解析手稿.md,5279,334,1,1
质心GChO,ZCHEM-GChO60,ZCHEM-GChO60试题.md,ZCHEM-GChO60参考答案和评分标准.md,731,70,1,1
质心GChO,ZCHEM-GChO61,ZCHEM-GChO61试题.md,ZCHEM-GChO61参考答案和评分标准.md,823,75,1,1
质心GChO,ZCHEM-GChO62,ZCHEM-GChO62试题.md,ZCHEM-GChO62参考答案与评分标准.md,671,52,1,1
质心GChO,ZCHEM-GChO63,ZCHEM-GChO63试题.md,ZCHEM-GChO63解析手稿.md,593,39,1,1
质心GChO,ZCHEM-GChO64,ZCHEM-GChO64试题.md,ZCHEM-GChO64解析手稿.md,794,51,1,1
质心GChO,ZCHEM-GChO65,ZCHEM-GChO65试题.md,ZCHEM-GChO65解析手稿.md,387,18,1,1
质心GChO,ZCHEM-GChO66,ZCHEM-GChO66试题.md,ZCHEM-GChO66解析手稿.md,547,36,1,1
质心GChO,ZCHEM-GChO67,ZCHEM-GChO67试题.md,ZCHEM-GChO67参考答案与评分标准.md,1111,90,1,1
质心GChO,ZCHEM-GChO68,ZCHEM-GChO68试题.md,ZCHEM-GChO68解析手稿.md,573,38,1,1
质心GChO,ZCHEM-GChO69,ZCHEM-GChO69试题.md,ZCHEM-GChO69解析手稿.md,568,57,1,1
质心GChO,ZCHEM-GChO7,ZCHEM-GChO7试题（线下营）.md,ZCHEM-GChO7解析手稿.md,705,67,1,1
质心GChO,ZCHEM-GChO70,ZCHEM-GChO70试题.md,ZCHEM-GChO70解析手稿.md,733,81,1,1
质心GChO,ZCHEM-GChO71,ZCHEM-GChO71试题.md,ZCHEM-GChO71解析手稿.md,652,48,1,1
质心GChO,ZCHEM-GChO72,ZCHEM-GChO72试题.md,ZCHEM-GChO72解析手稿.md,541,46,1,1
质心GChO,ZCHEM-GChO73,ZCHEM-GChO73试题.md,ZCHEM-GChO73参考答案与评分标准.md,968,75,1,1
质心GChO,ZCHEM-GChO74,ZCHEM-GChO74试题.md,ZCHEM-GChO74参考答案与评分标准.md,857,45,1,1
质心GChO,ZCHEM-GChO75,ZCHEM-GChO75试题.md,ZCHEM-GChO75参考答案与评分标准.md,1007,58,1,1
质心GChO,ZCHEM-GChO76,ZCHEM-GChO76试题.md,ZCHEM-GChO76解析手稿.md,668,44,1,1
质心GChO,ZCHEM-GChO77,ZCHEM-GChO77试题.md,ZCHEM-GChO77解析手稿.md,761,72,1,1
质心GChO,ZCHEM-GChO78,ZCHEM-GChO78试题.md,ZCHEM-GChO78解析手稿.md,648,62,1,1
质心GChO,ZCHEM-GChO79,ZCHEM-GChO79试题.md,ZCHEM-GChO79解析手稿.md,590,41,1,1
质心GChO,ZCHEM-GChO8,ZCHEM-GChO8试题.md,ZCHEM-GChO8参考答案与评分标准.md,684,30,1,1
质心GChO,ZCHEM-GChO80,ZCHEM-GChO80试题.md,ZCHEM-GChO80参考答案与评分标准.md,998,101,1,1
质心GChO,ZCHEM-GChO81,ZCHEM-GChO81试题.md,ZCHEM-GChO81参考答案与评分标准.md,799,61,1,1
质心GChO,ZCHEM-GChO82,ZCHEM-GChO82试题.md,ZCHEM-GChO82参考答案与评分标准.md,714,26,1,1
质心GChO,ZCHEM-GChO83,ZCHEM-GChO83试题.md,ZCHEM-GChO83参考答案与评分标准.md,835,56,1,1
质心GChO,ZCHEM-GChO9,ZCHEM-GChO9试题.md,ZCHEM-GChO9解析手稿.md,915,64,1,1
质心GChO,国初模拟汇编,国初模拟汇编.md,—,7658,483,1,0
质心UChO,10thZCHEM-UChO,10thZCHEM-UChO.md,—,440,17,1,0
质心UChO,1stZCHEM-UChO,1stZCHEM-UChO.md,1stZCHEM-UChO答案.md,801,24,1,1
质心UChO,2ndZCHEM-UChO,2ndZCHEM-UChO.md,2ndZCHEM-UChO答案.md,842,28,1,1
质心UChO,3rdZCHEM-UChO-Tour1,3rdZCHEM-UChO-Tour1.md,3rdZCHEM-UChO-Tour1答案.md,489,28,1,1
质心UChO,3rdZCHEM-UChO-Tour2,3rdZCHEM-UChO-Tour2.md,3rdZCHEM-UChO-Tour2答案.md,737,73,1,1
质心UChO,4thZCHEM-UChO,—,4thZCHEM-UChO答案.md,835,51,0,1
质心UChO,4thZCHEM-UChO-Tour1,4thZCHEM-UChO-Tour1.md,—,208,5,1,0
质心UChO,4thZCHEM-UChO-Tour2,4thZCHEM-UChO-Tour2.md,—,159,7,1,0
质心UChO,5thZCHEM-UChO,—,5thZCHEM-UChO答案.md,1105,57,0,1
质心UChO,5thZCHEM-UChO-Tour1,5thZCHEM-UChO-Tour1.md,—,162,6,1,0
质心UChO,5thZCHEM-UChO-Tour2,5thZCHEM-UChO-Tour2.md,—,179,12,1,0
质心UChO,6thZCHEM-UChO-Tour1,6thZCHEM-UChO-Tour1.md,6thZCHEM-UChO-Tour1答案.md,657,51,1,1
质心UChO,6thZCHEM-UChO-Tour2,6thZCHEM-UChO-Tour2.md,6thZCHEM-UChO-Tour2答案.md,627,48,1,1
质心UChO,7thZCHEM-UChO-Tour1,7thZCHEM-UChO-Tour1.md,7thZCHEM-UChO-Tour1答案.md,762,56,1,1
质心UChO,7thZCHEM-UChO-Tour2,7thZCHEM-UChO-Tour2.md,7thZCHEM-UChO-Tour2答案.md,677,30,1,1
质心UChO,8thZCHEM-UChO-Tour1,8thZCHEM-UChO-Tour1.md,8thZCHEM-UChO-Tour1答案.md,779,51,1,1
质心UChO,8thZCHEM-UChO-Tour2,8thZCHEM-UChO-Tour2.md,8thZCHEM-UChO-Tour2答案.md,775,63,1,1
质心UChO,9thZCHEM-UChO-Tour1,9thZCHEM-UChO-Tour1.md,9thZCHEM-UChO-Tour1答案.md,868,58,1,1
质心UChO,9thZCHEM-UChO-Tour2,9thZCHEM-UChO-Tour2.md,9thZCHEM-UChO-Tour2答案.md,834,51,1,1
质心UChO,README,README.md,—,41,0,1,0
