原相对路径,所属轨,模块,大小Byte,原修改时间,判定,处置
2-结构化学/_元素周期表与周期律-超级充实版（自学完整）.14428-48104.tmp.md,母版,2-结构化学,82366,2026-09-29 11:13,旧口径中间态（源文件与产物均齐备）,备份后删除
2-结构化学/_元素周期表与周期律-超级充实版（自学完整）.31972-27800.tmp.md,母版,2-结构化学,82366,2026-09-29 11:10,旧口径中间态（源文件与产物均齐备）,备份后删除
2-结构化学/_元素周期表与周期律-超级充实版（自学完整）.8664-14768.tmp.md,母版,2-结构化学,82596,2026-09-29 10:19,旧口径中间态（源文件与产物均齐备）,备份后删除
2-结构化学/_分子结构基础-超级充实版（自学完整）.17244-22704.tmp.md,母版,2-结构化学,134513,2026-09-29 11:13,旧口径中间态（源文件与产物均齐备）,备份后删除
2-结构化学/_分子结构基础-超级充实版（自学完整）.25476-10756.tmp.md,母版,2-结构化学,133738,2026-09-29 10:19,旧口径中间态（源文件与产物均齐备）,备份后删除
2-结构化学/_分子结构基础-超级充实版（自学完整）.45104-18956.tmp.md,母版,2-结构化学,134513,2026-09-29 11:10,旧口径中间态（源文件与产物均齐备）,备份后删除
2-结构化学/_分子结构补充-超级充实版（自学完整）.35892-8104.tmp.md,母版,2-结构化学,124145,2026-09-29 11:13,旧口径中间态（源文件与产物均齐备）,备份后删除
2-结构化学/_分子结构补充-超级充实版（自学完整）.4044-25208.tmp.md,母版,2-结构化学,124145,2026-09-29 11:10,旧口径中间态（源文件与产物均齐备）,备份后删除
2-结构化学/_分子结构补充-超级充实版（自学完整）.46356-9680.tmp.md,母版,2-结构化学,123500,2026-09-29 10:19,旧口径中间态（源文件与产物均齐备）,备份后删除
2-结构化学/_原子结构-超级充实版（自学完整）.25468-37924.tmp.md,母版,2-结构化学,95743,2026-09-29 11:10,旧口径中间态（源文件与产物均齐备）,备份后删除
2-结构化学/_原子结构-超级充实版（自学完整）.40880-42740.tmp.md,母版,2-结构化学,94995,2026-09-29 10:20,旧口径中间态（源文件与产物均齐备）,备份后删除
2-结构化学/_原子结构-超级充实版（自学完整）.43352-20224.tmp.md,母版,2-结构化学,95743,2026-09-29 11:13,旧口径中间态（源文件与产物均齐备）,备份后删除
2-结构化学/_原子结构补充-超级充实版（自学完整）.36876-45692.tmp.md,母版,2-结构化学,20612,2026-09-29 11:24,旧口径中间态（源文件与产物均齐备）,备份后删除
2-结构化学/_晶体学与晶体结构-超级充实版（自学完整）.25184-1992.tmp.md,母版,2-结构化学,138656,2026-09-29 11:13,旧口径中间态（源文件与产物均齐备）,备份后删除
2-结构化学/_晶体学与晶体结构-超级充实版（自学完整）.38252-10124.tmp.md,母版,2-结构化学,138656,2026-09-29 11:11,旧口径中间态（源文件与产物均齐备）,备份后删除
2-结构化学/_晶体学与晶体结构-超级充实版（自学完整）.39376-30372.tmp.md,母版,2-结构化学,137970,2026-09-29 10:20,旧口径中间态（源文件与产物均齐备）,备份后删除
2-结构化学/_晶体学与晶体结构-超级充实版（自学完整）.46560-37512.tmp.md,母版,2-结构化学,132477,2026-09-29 12:47,旧口径中间态（源文件与产物均齐备）,备份后删除
2-结构化学/_晶体结构深化-超级充实版（自学完整）.25508-34424.tmp.md,母版,2-结构化学,87668,2026-09-29 11:13,旧口径中间态（源文件与产物均齐备）,备份后删除
2-结构化学/_晶体结构深化-超级充实版（自学完整）.33448-46652.tmp.md,母版,2-结构化学,87851,2026-09-29 10:20,旧口径中间态（源文件与产物均齐备）,备份后删除
2-结构化学/_晶体结构深化-超级充实版（自学完整）.37692-45820.tmp.md,母版,2-结构化学,87668,2026-09-29 11:11,旧口径中间态（源文件与产物均齐备）,备份后删除
2-结构化学/_结构表征与波谱桥-超级充实版（自学完整）.46436-33472.tmp.md,母版,2-结构化学,141942,2026-09-29 10:10,旧口径中间态（源文件与产物均齐备）,备份后删除
2-结构化学/_超分子化学-超级充实版（自学完整）.19848-41900.tmp.md,母版,2-结构化学,121590,2026-09-29 11:11,旧口径中间态（源文件与产物均齐备）,备份后删除
2-结构化学/_超分子化学-超级充实版（自学完整）.20660-46768.tmp.md,母版,2-结构化学,120781,2026-09-29 10:20,旧口径中间态（源文件与产物均齐备）,备份后删除
2-结构化学/_超分子化学-超级充实版（自学完整）.35672-41328.tmp.md,母版,2-结构化学,121590,2026-09-29 11:14,旧口径中间态（源文件与产物均齐备）,备份后删除
2-结构化学/_配位光谱与对称性桥-超级充实版（自学完整）.16496-16688.tmp.md,母版,2-结构化学,173915,2026-09-29 11:11,旧口径中间态（源文件与产物均齐备）,备份后删除
2-结构化学/_配位光谱与对称性桥-超级充实版（自学完整）.46132-15328.tmp.md,母版,2-结构化学,173915,2026-09-29 11:14,旧口径中间态（源文件与产物均齐备）,备份后删除
2-结构化学/_配位光谱与对称性桥-超级充实版（自学完整）.7884-3260.tmp.md,母版,2-结构化学,175691,2026-09-29 10:20,旧口径中间态（源文件与产物均齐备）,备份后删除
2-结构化学/_配位化合物基础-超级充实版（自学完整）.20872-27844.tmp.md,母版,2-结构化学,97264,2026-09-29 11:13,旧口径中间态（源文件与产物均齐备）,备份后删除
2-结构化学/_配位化合物基础-超级充实版（自学完整）.30428-43188.tmp.md,母版,2-结构化学,98052,2026-09-29 10:21,旧口径中间态（源文件与产物均齐备）,备份后删除
2-结构化学/_配位化合物基础-超级充实版（自学完整）.43896-41224.tmp.md,母版,2-结构化学,97264,2026-09-29 11:11,旧口径中间态（源文件与产物均齐备）,备份后删除
2-结构化学/_配合物深化-超级充实版（自学完整）.14924-16728.tmp.md,母版,2-结构化学,144484,2026-09-29 10:21,旧口径中间态（源文件与产物均齐备）,备份后删除
2-结构化学/_配合物深化-超级充实版（自学完整）.45552-46180.tmp.md,母版,2-结构化学,143539,2026-09-29 11:13,旧口径中间态（源文件与产物均齐备）,备份后删除
2-结构化学/_配合物深化-超级充实版（自学完整）.4720-40592.tmp.md,母版,2-结构化学,143539,2026-09-29 11:11,旧口径中间态（源文件与产物均齐备）,备份后删除
学生专用版/1-化学基础知识/_化学计量与计算规范-超级充实版（学生专用版）.34960-16596.tmp.md,学生专用版,1-化学基础知识,51311,2026-09-29 13:01,旧口径中间态（源文件与产物均齐备）,备份后删除
学生专用版/1-化学基础知识/_方程式书写专项-超级充实版（学生专用版）.41204-5180.tmp.docx,学生专用版,1-化学基础知识,44770,2026-09-29 12:49,旧口径中间态（源文件与产物均齐备）,备份后删除
学生专用版/1-化学基础知识/_方程式书写专项-超级充实版（学生专用版）.41204-5180.tmp.md,学生专用版,1-化学基础知识,45319,2026-09-29 12:49,旧口径中间态（源文件与产物均齐备）,备份后删除
学生专用版/1-化学基础知识/_方程式书写专项-超级充实版（学生专用版）.47752-4192.tmp.docx,学生专用版,1-化学基础知识,44769,2026-09-29 13:01,旧口径中间态（源文件与产物均齐备）,备份后删除
学生专用版/1-化学基础知识/_方程式书写专项-超级充实版（学生专用版）.47752-4192.tmp.md,学生专用版,1-化学基础知识,45319,2026-09-29 13:01,旧口径中间态（源文件与产物均齐备）,备份后删除
学生专用版/1-化学基础知识/_离子反应-超级充实版（学生专用版）.28236-45700.tmp.md,学生专用版,1-化学基础知识,48646,2026-09-29 12:50,旧口径中间态（源文件与产物均齐备）,备份后删除
学生专用版/1-化学基础知识/_离子反应-超级充实版（学生专用版）.32500-40060.tmp.md,学生专用版,1-化学基础知识,48646,2026-09-29 13:01,旧口径中间态（源文件与产物均齐备）,备份后删除
学生专用版/2-结构化学/_元素周期表与周期律-超级充实版（学生专用版）.30208-22216.tmp.md,学生专用版,2-结构化学,43453,2026-09-29 11:10,旧口径中间态（源文件与产物均齐备）,备份后删除
学生专用版/2-结构化学/_元素周期表与周期律-超级充实版（学生专用版）.33000-39404.tmp.md,学生专用版,2-结构化学,43598,2026-09-29 10:19,旧口径中间态（源文件与产物均齐备）,备份后删除
学生专用版/2-结构化学/_元素周期表与周期律-超级充实版（学生专用版）.33040-45832.tmp.md,学生专用版,2-结构化学,39297,2026-09-29 13:01,旧口径中间态（源文件与产物均齐备）,备份后删除
学生专用版/2-结构化学/_元素周期表与周期律-超级充实版（学生专用版）.44564-13008.tmp.md,学生专用版,2-结构化学,39297,2026-09-29 12:50,旧口径中间态（源文件与产物均齐备）,备份后删除
学生专用版/2-结构化学/_元素周期表与周期律-超级充实版（学生专用版）.47188-43364.tmp.md,学生专用版,2-结构化学,43453,2026-09-29 11:13,旧口径中间态（源文件与产物均齐备）,备份后删除
学生专用版/2-结构化学/_分子结构基础-超级充实版（学生专用版）.28768-28752.tmp.md,学生专用版,2-结构化学,78484,2026-09-29 10:19,旧口径中间态（源文件与产物均齐备）,备份后删除
学生专用版/2-结构化学/_分子结构基础-超级充实版（学生专用版）.35196-46304.tmp.md,学生专用版,2-结构化学,79344,2026-09-29 11:13,旧口径中间态（源文件与产物均齐备）,备份后删除
学生专用版/2-结构化学/_分子结构基础-超级充实版（学生专用版）.42144-28884.tmp.md,学生专用版,2-结构化学,71899,2026-09-29 12:50,旧口径中间态（源文件与产物均齐备）,备份后删除
学生专用版/2-结构化学/_分子结构基础-超级充实版（学生专用版）.43156-17852.tmp.md,学生专用版,2-结构化学,71899,2026-09-29 13:01,旧口径中间态（源文件与产物均齐备）,备份后删除
学生专用版/2-结构化学/_分子结构基础-超级充实版（学生专用版）.46472-21420.tmp.md,学生专用版,2-结构化学,79344,2026-09-29 11:10,旧口径中间态（源文件与产物均齐备）,备份后删除
学生专用版/2-结构化学/_分子结构补充-超级充实版（学生专用版）.19532-33092.tmp.md,学生专用版,2-结构化学,46411,2026-09-29 12:50,旧口径中间态（源文件与产物均齐备）,备份后删除
学生专用版/2-结构化学/_分子结构补充-超级充实版（学生专用版）.1992-30156.tmp.md,学生专用版,2-结构化学,46411,2026-09-29 13:00,旧口径中间态（源文件与产物均齐备）,备份后删除
学生专用版/2-结构化学/_分子结构补充-超级充实版（学生专用版）.30792-30524.tmp.md,学生专用版,2-结构化学,54369,2026-09-29 11:13,旧口径中间态（源文件与产物均齐备）,备份后删除
学生专用版/2-结构化学/_分子结构补充-超级充实版（学生专用版）.41652-38696.tmp.md,学生专用版,2-结构化学,46411,2026-09-29 13:02,旧口径中间态（源文件与产物均齐备）,备份后删除
学生专用版/2-结构化学/_分子结构补充-超级充实版（学生专用版）.46936-22648.tmp.md,学生专用版,2-结构化学,53639,2026-09-29 10:19,旧口径中间态（源文件与产物均齐备）,备份后删除
学生专用版/2-结构化学/_分子结构补充-超级充实版（学生专用版）.6440-22056.tmp.md,学生专用版,2-结构化学,54369,2026-09-29 11:11,旧口径中间态（源文件与产物均齐备）,备份后删除
学生专用版/2-结构化学/_原子结构-超级充实版（学生专用版）.10228-45732.tmp.md,学生专用版,2-结构化学,55721,2026-09-29 11:13,旧口径中间态（源文件与产物均齐备）,备份后删除
学生专用版/2-结构化学/_原子结构-超级充实版（学生专用版）.12632-16608.tmp.md,学生专用版,2-结构化学,45987,2026-09-29 12:50,旧口径中间态（源文件与产物均齐备）,备份后删除
学生专用版/2-结构化学/_原子结构-超级充实版（学生专用版）.18444-43536.tmp.md,学生专用版,2-结构化学,45987,2026-09-29 13:02,旧口径中间态（源文件与产物均齐备）,备份后删除
学生专用版/2-结构化学/_原子结构-超级充实版（学生专用版）.18772-32636.tmp.md,学生专用版,2-结构化学,54907,2026-09-29 10:20,旧口径中间态（源文件与产物均齐备）,备份后删除
学生专用版/2-结构化学/_原子结构-超级充实版（学生专用版）.45916-19264.tmp.md,学生专用版,2-结构化学,55721,2026-09-29 11:10,旧口径中间态（源文件与产物均齐备）,备份后删除
学生专用版/2-结构化学/_原子结构补充-超级充实版（学生专用版）.10080-40508.tmp.docx,学生专用版,2-结构化学,26290,2026-09-29 13:02,旧口径中间态（源文件与产物均齐备）,备份后删除
学生专用版/2-结构化学/_原子结构补充-超级充实版（学生专用版）.10080-40508.tmp.md,学生专用版,2-结构化学,15856,2026-09-29 13:02,旧口径中间态（源文件与产物均齐备）,备份后删除
学生专用版/2-结构化学/_原子结构补充-超级充实版（学生专用版）.12832-18264.tmp.docx,学生专用版,2-结构化学,26291,2026-09-29 12:50,旧口径中间态（源文件与产物均齐备）,备份后删除
学生专用版/2-结构化学/_原子结构补充-超级充实版（学生专用版）.12832-18264.tmp.md,学生专用版,2-结构化学,15856,2026-09-29 12:50,旧口径中间态（源文件与产物均齐备）,备份后删除
学生专用版/2-结构化学/_原子结构补充-超级充实版（学生专用版）.33488-3464.tmp.md,学生专用版,2-结构化学,16913,2026-09-29 11:24,旧口径中间态（源文件与产物均齐备）,备份后删除
学生专用版/2-结构化学/_晶体学与晶体结构-超级充实版（学生专用版）.15148-37736.tmp.md,学生专用版,2-结构化学,73312,2026-09-29 12:50,旧口径中间态（源文件与产物均齐备）,备份后删除
学生专用版/2-结构化学/_晶体学与晶体结构-超级充实版（学生专用版）.21848-27652.tmp.md,学生专用版,2-结构化学,78782,2026-09-29 10:20,旧口径中间态（源文件与产物均齐备）,备份后删除
学生专用版/2-结构化学/_晶体学与晶体结构-超级充实版（学生专用版）.24548-16488.tmp.md,学生专用版,2-结构化学,79553,2026-09-29 11:13,旧口径中间态（源文件与产物均齐备）,备份后删除
学生专用版/2-结构化学/_晶体学与晶体结构-超级充实版（学生专用版）.38028-21836.tmp.md,学生专用版,2-结构化学,73312,2026-09-29 13:02,旧口径中间态（源文件与产物均齐备）,备份后删除
学生专用版/2-结构化学/_晶体学与晶体结构-超级充实版（学生专用版）.45984-15512.tmp.md,学生专用版,2-结构化学,79553,2026-09-29 11:11,旧口径中间态（源文件与产物均齐备）,备份后删除
学生专用版/2-结构化学/_晶体结构深化-超级充实版（学生专用版）.28356-20016.tmp.md,学生专用版,2-结构化学,39373,2026-09-29 12:50,旧口径中间态（源文件与产物均齐备）,备份后删除
学生专用版/2-结构化学/_晶体结构深化-超级充实版（学生专用版）.33320-10408.tmp.md,学生专用版,2-结构化学,39373,2026-09-29 13:02,旧口径中间态（源文件与产物均齐备）,备份后删除
学生专用版/2-结构化学/_晶体结构深化-超级充实版（学生专用版）.39384-42408.tmp.md,学生专用版,2-结构化学,43537,2026-09-29 10:20,旧口径中间态（源文件与产物均齐备）,备份后删除
学生专用版/2-结构化学/_晶体结构深化-超级充实版（学生专用版）.46832-22420.tmp.md,学生专用版,2-结构化学,44222,2026-09-29 11:11,旧口径中间态（源文件与产物均齐备）,备份后删除
学生专用版/2-结构化学/_晶体结构深化-超级充实版（学生专用版）.7200-16684.tmp.md,学生专用版,2-结构化学,44222,2026-09-29 11:13,旧口径中间态（源文件与产物均齐备）,备份后删除
学生专用版/2-结构化学/_结构表征与波谱桥-超级充实版（学生专用版）.16092-44256.tmp.md,学生专用版,2-结构化学,82749,2026-09-29 10:10,旧口径中间态（源文件与产物均齐备）,备份后删除
学生专用版/2-结构化学/_结构表征与波谱桥-超级充实版（学生专用版）.21092-36476.tmp.docx,学生专用版,2-结构化学,648992,2026-09-29 13:02,旧口径中间态（源文件与产物均齐备）,备份后删除
学生专用版/2-结构化学/_结构表征与波谱桥-超级充实版（学生专用版）.21092-36476.tmp.md,学生专用版,2-结构化学,75888,2026-09-29 13:02,旧口径中间态（源文件与产物均齐备）,备份后删除
学生专用版/2-结构化学/_结构表征与波谱桥-超级充实版（学生专用版）.35948-43616.tmp.docx,学生专用版,2-结构化学,648992,2026-09-29 12:50,旧口径中间态（源文件与产物均齐备）,备份后删除
学生专用版/2-结构化学/_结构表征与波谱桥-超级充实版（学生专用版）.35948-43616.tmp.md,学生专用版,2-结构化学,75888,2026-09-29 12:50,旧口径中间态（源文件与产物均齐备）,备份后删除
学生专用版/2-结构化学/_超分子化学-超级充实版（学生专用版）.24048-17568.tmp.md,学生专用版,2-结构化学,80290,2026-09-29 12:51,旧口径中间态（源文件与产物均齐备）,备份后删除
学生专用版/2-结构化学/_超分子化学-超级充实版（学生专用版）.29404-17176.tmp.md,学生专用版,2-结构化学,80290,2026-09-29 13:02,旧口径中间态（源文件与产物均齐备）,备份后删除
学生专用版/2-结构化学/_超分子化学-超级充实版（学生专用版）.33640-19376.tmp.md,学生专用版,2-结构化学,87669,2026-09-29 11:14,旧口径中间态（源文件与产物均齐备）,备份后删除
学生专用版/2-结构化学/_超分子化学-超级充实版（学生专用版）.42364-25836.tmp.md,学生专用版,2-结构化学,87669,2026-09-29 11:11,旧口径中间态（源文件与产物均齐备）,备份后删除
学生专用版/2-结构化学/_超分子化学-超级充实版（学生专用版）.45204-7116.tmp.md,学生专用版,2-结构化学,87064,2026-09-29 10:20,旧口径中间态（源文件与产物均齐备）,备份后删除
学生专用版/2-结构化学/_配位光谱与对称性桥-超级充实版（学生专用版）.26432-43380.tmp.md,学生专用版,2-结构化学,93705,2026-09-29 10:21,旧口径中间态（源文件与产物均齐备）,备份后删除
学生专用版/2-结构化学/_配位光谱与对称性桥-超级充实版（学生专用版）.37576-17464.tmp.md,学生专用版,2-结构化学,83893,2026-09-29 13:02,旧口径中间态（源文件与产物均齐备）,备份后删除
学生专用版/2-结构化学/_配位光谱与对称性桥-超级充实版（学生专用版）.4260-36644.tmp.md,学生专用版,2-结构化学,83893,2026-09-29 12:51,旧口径中间态（源文件与产物均齐备）,备份后删除
学生专用版/2-结构化学/_配位光谱与对称性桥-超级充实版（学生专用版）.42904-28652.tmp.md,学生专用版,2-结构化学,91967,2026-09-29 11:14,旧口径中间态（源文件与产物均齐备）,备份后删除
学生专用版/2-结构化学/_配位光谱与对称性桥-超级充实版（学生专用版）.46236-41124.tmp.md,学生专用版,2-结构化学,91967,2026-09-29 11:11,旧口径中间态（源文件与产物均齐备）,备份后删除
学生专用版/2-结构化学/_配位化合物基础-超级充实版（学生专用版）.28384-12876.tmp.md,学生专用版,2-结构化学,53603,2026-09-29 10:21,旧口径中间态（源文件与产物均齐备）,备份后删除
学生专用版/2-结构化学/_配位化合物基础-超级充实版（学生专用版）.29452-18760.tmp.md,学生专用版,2-结构化学,54315,2026-09-29 11:11,旧口径中间态（源文件与产物均齐备）,备份后删除
学生专用版/2-结构化学/_配位化合物基础-超级充实版（学生专用版）.38728-37460.tmp.md,学生专用版,2-结构化学,49536,2026-09-29 12:51,旧口径中间态（源文件与产物均齐备）,备份后删除
学生专用版/2-结构化学/_配位化合物基础-超级充实版（学生专用版）.47024-25960.tmp.md,学生专用版,2-结构化学,49536,2026-09-29 13:03,旧口径中间态（源文件与产物均齐备）,备份后删除
学生专用版/2-结构化学/_配位化合物基础-超级充实版（学生专用版）.6908-26524.tmp.md,学生专用版,2-结构化学,54315,2026-09-29 11:13,旧口径中间态（源文件与产物均齐备）,备份后删除
学生专用版/2-结构化学/_配合物深化-超级充实版（学生专用版）.12788-20872.tmp.md,学生专用版,2-结构化学,70104,2026-09-29 13:03,旧口径中间态（源文件与产物均齐备）,备份后删除
学生专用版/2-结构化学/_配合物深化-超级充实版（学生专用版）.25228-28012.tmp.md,学生专用版,2-结构化学,76524,2026-09-29 10:21,旧口径中间态（源文件与产物均齐备）,备份后删除
学生专用版/2-结构化学/_配合物深化-超级充实版（学生专用版）.31764-45448.tmp.md,学生专用版,2-结构化学,70104,2026-09-29 12:51,旧口径中间态（源文件与产物均齐备）,备份后删除
学生专用版/2-结构化学/_配合物深化-超级充实版（学生专用版）.45904-39080.tmp.md,学生专用版,2-结构化学,76512,2026-09-29 11:14,旧口径中间态（源文件与产物均齐备）,备份后删除
学生专用版/2-结构化学/_配合物深化-超级充实版（学生专用版）.5336-46896.tmp.md,学生专用版,2-结构化学,76512,2026-09-29 11:11,旧口径中间态（源文件与产物均齐备）,备份后删除
学生专用版/3-物理化学/_化学动力学-超级充实版（学生专用版）.30400-14196.tmp.md,学生专用版,3-物理化学,79329,2026-09-29 12:51,旧口径中间态（源文件与产物均齐备）,备份后删除
学生专用版/3-物理化学/_化学动力学-超级充实版（学生专用版）.41964-30260.tmp.md,学生专用版,3-物理化学,79329,2026-09-29 13:03,旧口径中间态（源文件与产物均齐备）,备份后删除
学生专用版/3-物理化学/_化学动力学计算建模-超级充实版（学生专用版）.13464-21220.tmp.md,学生专用版,3-物理化学,39713,2026-09-29 12:51,旧口径中间态（源文件与产物均齐备）,备份后删除
学生专用版/3-物理化学/_化学动力学计算建模-超级充实版（学生专用版）.38524-16760.tmp.md,学生专用版,3-物理化学,39713,2026-09-29 13:03,旧口径中间态（源文件与产物均齐备）,备份后删除
学生专用版/3-物理化学/_化学平衡-超级充实版（学生专用版）.15604-5340.tmp.md,学生专用版,3-物理化学,39301,2026-09-29 13:03,旧口径中间态（源文件与产物均齐备）,备份后删除
学生专用版/3-物理化学/_化学平衡-超级充实版（学生专用版）.22484-43484.tmp.md,学生专用版,3-物理化学,39301,2026-09-29 12:51,旧口径中间态（源文件与产物均齐备）,备份后删除
学生专用版/3-物理化学/_化学平衡-超级充实版（学生专用版）.35792-6432.tmp.md,学生专用版,3-物理化学,39301,2026-09-29 12:54,旧口径中间态（源文件与产物均齐备）,备份后删除
学生专用版/3-物理化学/_气体基础-超级充实版（学生专用版）.30044-3460.tmp.docx,学生专用版,3-物理化学,68657,2026-09-29 12:51,旧口径中间态（源文件与产物均齐备）,备份后删除
学生专用版/3-物理化学/_气体基础-超级充实版（学生专用版）.30044-3460.tmp.md,学生专用版,3-物理化学,27111,2026-09-29 12:51,旧口径中间态（源文件与产物均齐备）,备份后删除
学生专用版/3-物理化学/_气体基础-超级充实版（学生专用版）.7432-43844.tmp.docx,学生专用版,3-物理化学,68656,2026-09-29 13:03,旧口径中间态（源文件与产物均齐备）,备份后删除
学生专用版/3-物理化学/_气体基础-超级充实版（学生专用版）.7432-43844.tmp.md,学生专用版,3-物理化学,27111,2026-09-29 13:03,旧口径中间态（源文件与产物均齐备）,备份后删除
学生专用版/3-物理化学/_沉淀溶解平衡-超级充实版（学生专用版）.21816-20636.tmp.md,学生专用版,3-物理化学,31976,2026-09-29 13:03,旧口径中间态（源文件与产物均齐备）,备份后删除
学生专用版/3-物理化学/_沉淀溶解平衡-超级充实版（学生专用版）.43936-38132.tmp.md,学生专用版,3-物理化学,31976,2026-09-29 12:51,旧口径中间态（源文件与产物均齐备）,备份后删除
学生专用版/3-物理化学/_溶液与相图-超级充实版（学生专用版）.2720-42004.tmp.md,学生专用版,3-物理化学,60776,2026-09-29 13:03,旧口径中间态（源文件与产物均齐备）,备份后删除
学生专用版/3-物理化学/_溶液与相图-超级充实版（学生专用版）.41936-31388.tmp.md,学生专用版,3-物理化学,60776,2026-09-29 12:51,旧口径中间态（源文件与产物均齐备）,备份后删除
学生专用版/3-物理化学/_热力学初步-超级充实版（学生专用版）.18616-19836.tmp.md,学生专用版,3-物理化学,39986,2026-09-29 12:52,旧口径中间态（源文件与产物均齐备）,备份后删除
学生专用版/3-物理化学/_热力学初步-超级充实版（学生专用版）.45288-37832.tmp.md,学生专用版,3-物理化学,39986,2026-09-29 13:03,旧口径中间态（源文件与产物均齐备）,备份后删除
学生专用版/3-物理化学/_物化综合计算-超级充实版（学生专用版）.15576-38792.tmp.md,学生专用版,3-物理化学,75281,2026-09-29 12:52,旧口径中间态（源文件与产物均齐备）,备份后删除
学生专用版/3-物理化学/_物化综合计算-超级充实版（学生专用版）.23716-39168.tmp.md,学生专用版,3-物理化学,75281,2026-09-29 13:04,旧口径中间态（源文件与产物均齐备）,备份后删除
学生专用版/3-物理化学/_电化学基础-超级充实版（学生专用版）.21424-45908.tmp.docx,学生专用版,3-物理化学,247768,2026-09-29 12:52,旧口径中间态（源文件与产物均齐备）,备份后删除
学生专用版/3-物理化学/_电化学基础-超级充实版（学生专用版）.21424-45908.tmp.md,学生专用版,3-物理化学,57210,2026-09-29 12:52,旧口径中间态（源文件与产物均齐备）,备份后删除
学生专用版/3-物理化学/_电化学基础-超级充实版（学生专用版）.45276-41752.tmp.docx,学生专用版,3-物理化学,247768,2026-09-29 13:04,旧口径中间态（源文件与产物均齐备）,备份后删除
学生专用版/3-物理化学/_电化学基础-超级充实版（学生专用版）.45276-41752.tmp.md,学生专用版,3-物理化学,57210,2026-09-29 13:04,旧口径中间态（源文件与产物均齐备）,备份后删除
学生专用版/3-物理化学/_统计热力学与Maxwell关系-超级充实版（学生专用版）.17152-45060.tmp.docx,学生专用版,3-物理化学,148842,2026-09-29 13:04,旧口径中间态（源文件与产物均齐备）,备份后删除
学生专用版/3-物理化学/_统计热力学与Maxwell关系-超级充实版（学生专用版）.17152-45060.tmp.md,学生专用版,3-物理化学,57514,2026-09-29 13:04,旧口径中间态（源文件与产物均齐备）,备份后删除
学生专用版/3-物理化学/_统计热力学与Maxwell关系-超级充实版（学生专用版）.39864-12964.tmp.docx,学生专用版,3-物理化学,148843,2026-09-29 12:52,旧口径中间态（源文件与产物均齐备）,备份后删除
学生专用版/3-物理化学/_统计热力学与Maxwell关系-超级充实版（学生专用版）.39864-12964.tmp.md,学生专用版,3-物理化学,57514,2026-09-29 12:52,旧口径中间态（源文件与产物均齐备）,备份后删除
学生专用版/3-物理化学/_胶体与表面物理化学-超级充实版（学生专用版）.19508-41908.tmp.md,学生专用版,3-物理化学,62129,2026-09-29 12:52,旧口径中间态（源文件与产物均齐备）,备份后删除
学生专用版/3-物理化学/_胶体与表面物理化学-超级充实版（学生专用版）.36608-2036.tmp.md,学生专用版,3-物理化学,62129,2026-09-29 13:04,旧口径中间态（源文件与产物均齐备）,备份后删除
学生专用版/3-物理化学/_酸碱理论-超级充实版（学生专用版）.11468-43260.tmp.docx,学生专用版,3-物理化学,155760,2026-09-29 13:04,旧口径中间态（源文件与产物均齐备）,备份后删除
学生专用版/3-物理化学/_酸碱理论-超级充实版（学生专用版）.11468-43260.tmp.md,学生专用版,3-物理化学,70133,2026-09-29 13:04,旧口径中间态（源文件与产物均齐备）,备份后删除
学生专用版/3-物理化学/_酸碱理论-超级充实版（学生专用版）.6548-19384.tmp.docx,学生专用版,3-物理化学,155760,2026-09-29 12:52,旧口径中间态（源文件与产物均齐备）,备份后删除
学生专用版/3-物理化学/_酸碱理论-超级充实版（学生专用版）.6548-19384.tmp.md,学生专用版,3-物理化学,70133,2026-09-29 12:52,旧口径中间态（源文件与产物均齐备）,备份后删除
学生专用版/4-分析化学/_分光光度法-超级充实版（学生专用版）.14728-34692.tmp.md,学生专用版,4-分析化学,43899,2026-09-29 13:04,旧口径中间态（源文件与产物均齐备）,备份后删除
学生专用版/4-分析化学/_分光光度法-超级充实版（学生专用版）.5960-41940.tmp.md,学生专用版,4-分析化学,43899,2026-09-29 12:52,旧口径中间态（源文件与产物均齐备）,备份后删除
学生专用版/4-分析化学/_容量分析与酸碱滴定-超级充实版（学生专用版）.33624-45048.tmp.md,学生专用版,4-分析化学,76835,2026-09-28 19:42,旧口径中间态（源文件与产物均齐备）,备份后删除
学生专用版/4-分析化学/_容量分析与酸碱滴定-超级充实版（学生专用版）.38272-18924.tmp.docx,学生专用版,4-分析化学,233833,2026-09-29 12:52,旧口径中间态（源文件与产物均齐备）,备份后删除
学生专用版/4-分析化学/_容量分析与酸碱滴定-超级充实版（学生专用版）.38272-18924.tmp.md,学生专用版,4-分析化学,56131,2026-09-29 12:52,旧口径中间态（源文件与产物均齐备）,备份后删除
学生专用版/4-分析化学/_容量分析与酸碱滴定-超级充实版（学生专用版）.9104-33320.tmp.docx,学生专用版,4-分析化学,233833,2026-09-29 13:04,旧口径中间态（源文件与产物均齐备）,备份后删除
学生专用版/4-分析化学/_容量分析与酸碱滴定-超级充实版（学生专用版）.9104-33320.tmp.md,学生专用版,4-分析化学,56131,2026-09-29 13:04,旧口径中间态（源文件与产物均齐备）,备份后删除
学生专用版/4-分析化学/_有效数字与误差分析-超级充实版（学生专用版）.24376-29712.tmp.md,学生专用版,4-分析化学,27715,2026-09-29 13:04,旧口径中间态（源文件与产物均齐备）,备份后删除
学生专用版/4-分析化学/_有效数字与误差分析-超级充实版（学生专用版）.38832-22504.tmp.md,学生专用版,4-分析化学,27715,2026-09-29 12:53,旧口径中间态（源文件与产物均齐备）,备份后删除
学生专用版/4-分析化学/_氧化还原滴定与沉淀滴定-超级充实版（学生专用版）.21424-14148.tmp.docx,学生专用版,4-分析化学,178170,2026-09-29 12:53,旧口径中间态（源文件与产物均齐备）,备份后删除
学生专用版/4-分析化学/_氧化还原滴定与沉淀滴定-超级充实版（学生专用版）.21424-14148.tmp.md,学生专用版,4-分析化学,91019,2026-09-29 12:53,旧口径中间态（源文件与产物均齐备）,备份后删除
学生专用版/4-分析化学/_氧化还原滴定与沉淀滴定-超级充实版（学生专用版）.42512-17964.tmp.docx,学生专用版,4-分析化学,178171,2026-09-29 13:05,旧口径中间态（源文件与产物均齐备）,备份后删除
学生专用版/4-分析化学/_氧化还原滴定与沉淀滴定-超级充实版（学生专用版）.42512-17964.tmp.md,学生专用版,4-分析化学,91019,2026-09-29 13:05,旧口径中间态（源文件与产物均齐备）,备份后删除
学生专用版/4-分析化学/_络合滴定与重量分析-超级充实版（学生专用版）.15984-44916.tmp.md,学生专用版,4-分析化学,98566,2026-09-29 12:53,旧口径中间态（源文件与产物均齐备）,备份后删除
学生专用版/4-分析化学/_络合滴定与重量分析-超级充实版（学生专用版）.21212-25796.tmp.md,学生专用版,4-分析化学,98566,2026-09-29 13:05,旧口径中间态（源文件与产物均齐备）,备份后删除
学生专用版/5-无机化学/_元素化学深度-超级充实版（学生专用版）.15980-44528.tmp.md,学生专用版,5-无机化学,33393,2026-09-29 12:53,旧口径中间态（源文件与产物均齐备）,备份后删除
学生专用版/5-无机化学/_元素化学深度-超级充实版（学生专用版）.2412-34692.tmp.md,学生专用版,5-无机化学,33393,2026-09-29 13:05,旧口径中间态（源文件与产物均齐备）,备份后删除
学生专用版/5-无机化学/_元素推断综合训练-超级充实版（学生专用版）.23344-10964.tmp.md,学生专用版,5-无机化学,31963,2026-09-29 12:53,旧口径中间态（源文件与产物均齐备）,备份后删除
学生专用版/5-无机化学/_元素推断综合训练-超级充实版（学生专用版）.28520-8096.tmp.md,学生专用版,5-无机化学,31963,2026-09-29 13:05,旧口径中间态（源文件与产物均齐备）,备份后删除
学生专用版/5-无机化学/_氢与卤素-超级充实版（学生专用版）.43052-10124.tmp.md,学生专用版,5-无机化学,60886,2026-09-29 13:05,旧口径中间态（源文件与产物均齐备）,备份后删除
学生专用版/5-无机化学/_氢与卤素-超级充实版（学生专用版）.5228-39836.tmp.md,学生专用版,5-无机化学,60886,2026-09-29 12:53,旧口径中间态（源文件与产物均齐备）,备份后删除
学生专用版/5-无机化学/_氧族与氮族元素-超级充实版（学生专用版）.22984-16656.tmp.md,学生专用版,5-无机化学,62233,2026-09-29 13:05,旧口径中间态（源文件与产物均齐备）,备份后删除
学生专用版/5-无机化学/_氧族与氮族元素-超级充实版（学生专用版）.46668-35748.tmp.md,学生专用版,5-无机化学,62233,2026-09-29 12:53,旧口径中间态（源文件与产物均齐备）,备份后删除
学生专用版/5-无机化学/_碱金属碱土金属与稀有气体-超级充实版（学生专用版）.2344-39896.tmp.md,学生专用版,5-无机化学,75736,2026-09-29 13:05,旧口径中间态（源文件与产物均齐备）,备份后删除
学生专用版/5-无机化学/_碱金属碱土金属与稀有气体-超级充实版（学生专用版）.43076-43824.tmp.md,学生专用版,5-无机化学,75736,2026-09-29 12:53,旧口径中间态（源文件与产物均齐备）,备份后删除
学生专用版/5-无机化学/_碳族与硼族元素-超级充实版（学生专用版）.20676-47252.tmp.md,学生专用版,5-无机化学,56812,2026-09-29 12:53,旧口径中间态（源文件与产物均齐备）,备份后删除
学生专用版/5-无机化学/_碳族与硼族元素-超级充实版（学生专用版）.21108-23484.tmp.md,学生专用版,5-无机化学,56812,2026-09-29 13:05,旧口径中间态（源文件与产物均齐备）,备份后删除
学生专用版/5-无机化学/_钛钒铬锰-超级充实版（学生专用版）.17312-47272.tmp.docx,学生专用版,5-无机化学,749432,2026-09-29 13:01,旧口径中间态（源文件与产物均齐备）,备份后删除
学生专用版/5-无机化学/_钛钒铬锰-超级充实版（学生专用版）.17312-47272.tmp.md,学生专用版,5-无机化学,46516,2026-09-29 13:01,旧口径中间态（源文件与产物均齐备）,备份后删除
学生专用版/5-无机化学/_钛钒铬锰-超级充实版（学生专用版）.33304-8384.tmp.docx,学生专用版,5-无机化学,749433,2026-09-29 12:53,旧口径中间态（源文件与产物均齐备）,备份后删除
学生专用版/5-无机化学/_钛钒铬锰-超级充实版（学生专用版）.33304-8384.tmp.md,学生专用版,5-无机化学,46516,2026-09-29 12:53,旧口径中间态（源文件与产物均齐备）,备份后删除
学生专用版/5-无机化学/_钛钒铬锰-超级充实版（学生专用版）.37420-43112.tmp.docx,学生专用版,5-无机化学,749433,2026-09-29 13:05,旧口径中间态（源文件与产物均齐备）,备份后删除
学生专用版/5-无机化学/_钛钒铬锰-超级充实版（学生专用版）.37420-43112.tmp.md,学生专用版,5-无机化学,46516,2026-09-29 13:05,旧口径中间态（源文件与产物均齐备）,备份后删除
学生专用版/5-无机化学/_铁钴镍铜锌-超级充实版（学生专用版）.44200-45596.tmp.md,学生专用版,5-无机化学,35983,2026-09-29 12:53,旧口径中间态（源文件与产物均齐备）,备份后删除
学生专用版/5-无机化学/_铁钴镍铜锌-超级充实版（学生专用版）.46132-20292.tmp.md,学生专用版,5-无机化学,35983,2026-09-29 13:06,旧口径中间态（源文件与产物均齐备）,备份后删除
学生专用版/5-无机化学/_银金汞钼钨-超级充实版（学生专用版）.18912-428.tmp.md,学生专用版,5-无机化学,30497,2026-09-29 12:54,旧口径中间态（源文件与产物均齐备）,备份后删除
学生专用版/5-无机化学/_银金汞钼钨-超级充实版（学生专用版）.36908-9240.tmp.md,学生专用版,5-无机化学,30497,2026-09-29 13:06,旧口径中间态（源文件与产物均齐备）,备份后删除
