机构,源文件,状态,匹配,产物,路径
2025-2026年伽马化学专题进阶线上班,12.7号作业答案.pdf,已OCR,精确,2026题目/12.7号作业答案.md,06-外部资料导入\OCR\01-题目\2025-2026年伽马化学专题进阶线上班\12.7号线上回放\12.7号作业答案.pdf
2025-2026年伽马化学专题进阶线上班,第二周答案.pdf,已OCR,精确,2026题目/第二周答案.md,06-外部资料导入\OCR\01-题目\2025-2026年伽马化学专题进阶线上班\2026年3.15号线上回放\第二周答案.pdf
2025-2026年伽马化学专题进阶线上班,第四周答案.pdf,已OCR,精确,2026题目/第四周答案.md,06-外部资料导入\OCR\01-题目\2025-2026年伽马化学专题进阶线上班\2026年3.29号线上回放\第四周答案.pdf
2026一式暑期刷题班及数据,一式01.pdf,已OCR,精确,2026题目9/一式01.md,06-外部资料导入\OCR\01-题目\2026一式暑期刷题班及数据\一式01\一式01.pdf
2026一式暑期刷题班及数据,一式01答案.pdf,已OCR,精确,2026题目9/一式01答案.md,06-外部资料导入\OCR\01-题目\2026一式暑期刷题班及数据\一式01\一式01答案.pdf
2026一式暑期刷题班及数据,一式02.pdf,已OCR,精确,2026题目9/一式02.md,06-外部资料导入\OCR\01-题目\2026一式暑期刷题班及数据\一式02\一式02.pdf
2026一式暑期刷题班及数据,一式02答案.pdf,已OCR,精确,2026题目9/一式02答案.md,06-外部资料导入\OCR\01-题目\2026一式暑期刷题班及数据\一式02\一式02答案.pdf
2026一式暑期刷题班及数据,一式03.pdf,已OCR,精确,2026题目9/一式03.md,06-外部资料导入\OCR\01-题目\2026一式暑期刷题班及数据\一式03\一式03.pdf
2026一式暑期刷题班及数据,一式03答案.pdf,已OCR,精确,2026题目9/一式03答案.md,06-外部资料导入\OCR\01-题目\2026一式暑期刷题班及数据\一式03\一式03答案.pdf
2026一式暑期刷题班及数据,一式04.pdf,已OCR,精确,2026题目9/一式04.md,06-外部资料导入\OCR\01-题目\2026一式暑期刷题班及数据\一式04\一式04.pdf
2026一式暑期刷题班及数据,一式04答案.pdf,已OCR,精确,2026题目9/一式04答案.md,06-外部资料导入\OCR\01-题目\2026一式暑期刷题班及数据\一式04\一式04答案.pdf
2026一式暑期刷题班及数据,一式05.pdf,已OCR,精确,2026题目9/一式05.md,06-外部资料导入\OCR\01-题目\2026一式暑期刷题班及数据\一式05\一式05.pdf
2026一式暑期刷题班及数据,一式05答案.pdf,已OCR,精确,2026题目10/一式05答案.md,06-外部资料导入\OCR\01-题目\2026一式暑期刷题班及数据\一式05\一式05答案.pdf
2026一式暑期刷题班及数据,一式06.pdf,已OCR,精确,2026题目9/一式06.md,06-外部资料导入\OCR\01-题目\2026一式暑期刷题班及数据\一式06\一式06.pdf
2026一式暑期刷题班及数据,一式06答案.pdf,已OCR,精确,2026题目10/一式06答案.md,06-外部资料导入\OCR\01-题目\2026一式暑期刷题班及数据\一式06\一式06答案.pdf
2026一式暑期刷题班及数据,一式07.pdf,已OCR,精确,2026题目9/一式07.md,06-外部资料导入\OCR\01-题目\2026一式暑期刷题班及数据\一式07\一式07.pdf
2026一式暑期刷题班及数据,一式07答案.pdf,已OCR,精确,2026题目10/一式07答案.md,06-外部资料导入\OCR\01-题目\2026一式暑期刷题班及数据\一式07\一式07答案.pdf
2026一式暑期刷题班及数据,一式08.pdf,已OCR,精确,2026题目9/一式08.md,06-外部资料导入\OCR\01-题目\2026一式暑期刷题班及数据\一式08\一式08.pdf
2026一式暑期刷题班及数据,一式08答案.pdf,已OCR,精确,2026题目10/一式08答案.md,06-外部资料导入\OCR\01-题目\2026一式暑期刷题班及数据\一式08\一式08答案.pdf
2026一式暑期刷题班及数据,一式09.pdf,已OCR,精确,2026题目9/一式09.md,06-外部资料导入\OCR\01-题目\2026一式暑期刷题班及数据\一式09\一式09.pdf
2026一式暑期刷题班及数据,一式09答案.pdf,已OCR,精确,2026题目10/一式09答案.md,06-外部资料导入\OCR\01-题目\2026一式暑期刷题班及数据\一式09\一式09答案.pdf
2026一式暑期刷题班及数据,一式10.pdf,已OCR,精确,2026题目9/一式10.md,06-外部资料导入\OCR\01-题目\2026一式暑期刷题班及数据\一式10\一式10.pdf
2026一式暑期刷题班及数据,一式10答案.pdf,已OCR,精确,2026题目10/一式10答案.md,06-外部资料导入\OCR\01-题目\2026一式暑期刷题班及数据\一式10\一式10答案.pdf
2026伽马寒假线上班,2025.11-培尖线上班L4课后题答案.pdf,已OCR,精确,2026题目/2025.11-培尖线上班L4课后题答案.md,06-外部资料导入\OCR\01-题目\2026伽马寒假线上班\无机\11.30\2025.11-培尖线上班L4课后题答案.pdf
2026伽马寒假线上班,无机化学一_课后习题11.9.pdf,已OCR,精确,2026题目/无机化学一_课后习题11.9.md,06-外部资料导入\OCR\01-题目\2026伽马寒假线上班\无机\11.9\无机化学一_课后习题11.9.pdf
2026伽马寒假线上班,结构专题进阶2 课后作业.pdf,已OCR,归一化,2026题目/结构专题进阶2课后作业.md,06-外部资料导入\OCR\01-题目\2026伽马寒假线上班\无机\12.14无机\结构专题进阶2 课后作业.pdf
2026伽马寒假线上班,配合物结构习题 2025.12.21.pdf,已OCR,归一化,2026题目/配合物结构习题2025.12.21.md,06-外部资料导入\OCR\01-题目\2026伽马寒假线上班\无机\12.21无机\配合物结构习题 2025.12.21.pdf
2026伽马寒假线上班,配合物结构习题 答案版.pdf,已OCR,归一化,2026题目/配合物结构习题答案版.md,06-外部资料导入\OCR\01-题目\2026伽马寒假线上班\无机\12.21无机\配合物结构习题 答案版.pdf
2026伽马寒假线上班,gamma晶体结构习题.pdf,已OCR,精确,2026题目/gamma晶体结构习题.md,06-外部资料导入\OCR\01-题目\2026伽马寒假线上班\无机\2026年1.18无机\gamma晶体结构习题.pdf
2026伽马寒假线上班,晶体题答案.pdf,已OCR,精确,2026题目/晶体题答案.md,06-外部资料导入\OCR\01-题目\2026伽马寒假线上班\无机\2026年1.4无机\晶体题答案.pdf
2026伽马寒假线上班,2025.11-培尖线上班L3课后题答案.pdf,已OCR,精确,2026题目/2025.11-培尖线上班L3课后题答案.md,06-外部资料导入\OCR\01-题目\2026伽马寒假线上班\有机\11.23\2025.11-培尖线上班L3课后题答案.pdf
2026伽马寒假线上班,亲电加成__课后题.pdf,已OCR,精确,2026题目/亲电加成__课后题.md,06-外部资料导入\OCR\01-题目\2026伽马寒假线上班\有机\11.30\亲电加成__课后题.pdf
2026伽马寒假线上班,亲电加成课后题答案.pdf,已OCR,精确,2026题目/亲电加成课后题答案.md,06-外部资料导入\OCR\01-题目\2026伽马寒假线上班\有机\11.30\亲电加成课后题答案.pdf
2026伽马寒假线上班,有机化学一_课后习题Ans11.9.pdf,已OCR,精确,2026题目/有机化学一_课后习题Ans11.9.md,06-外部资料导入\OCR\01-题目\2026伽马寒假线上班\有机\11.9\有机化学一_课后习题Ans11.9.pdf
2026伽马寒假线上班,有机作业L6.pdf,已OCR,精确,2026题目/有机作业L6.md,06-外部资料导入\OCR\01-题目\2026伽马寒假线上班\有机\12.14有机\有机作业L6.pdf
2026伽马寒假线上班,结构专题进阶2 课后作业答案.pdf,已OCR,归一化,2026题目/结构专题进阶2课后作业答案.md,06-外部资料导入\OCR\01-题目\2026伽马寒假线上班\有机\12.14有机\结构专题进阶2 课后作业答案.pdf
2026伽马寒假线上班,作业2及答案.pdf,已OCR,精确,2026题目/作业2及答案.md,06-外部资料导入\OCR\01-题目\2026伽马寒假线上班\有机\12.21有机\作业2及答案.pdf
2026伽马寒假线上班,作业(1).pdf,未OCR,—,,06-外部资料导入\OCR\01-题目\2026伽马寒假线上班\有机\12.7\作业(1).pdf
2026伽马暑假刷题班,伽马化学2026年暑期模拟1.pdf,已OCR,精确,2026题目2/伽马化学2026年暑期模拟1.md,06-外部资料导入\OCR\01-题目\2026伽马暑假刷题班\伽马化学2026年暑期模拟1.pdf
2026伽马暑假刷题班,伽马化学2026年暑期模拟10.pdf,已OCR,精确,2026题目2/伽马化学2026年暑期模拟10.md,06-外部资料导入\OCR\01-题目\2026伽马暑假刷题班\伽马化学2026年暑期模拟10.pdf
2026伽马暑假刷题班,伽马化学2026年暑期模拟10答案.pdf,已OCR,精确,2026题目2/伽马化学2026年暑期模拟10答案.md,06-外部资料导入\OCR\01-题目\2026伽马暑假刷题班\伽马化学2026年暑期模拟10答案.pdf
2026伽马暑假刷题班,伽马化学2026年暑期模拟1答案.pdf,已OCR,精确,2026题目2/伽马化学2026年暑期模拟1答案.md,06-外部资料导入\OCR\01-题目\2026伽马暑假刷题班\伽马化学2026年暑期模拟1答案.pdf
2026伽马暑假刷题班,伽马化学2026年暑期模拟2.pdf,已OCR,精确,2026题目2/伽马化学2026年暑期模拟2.md,06-外部资料导入\OCR\01-题目\2026伽马暑假刷题班\伽马化学2026年暑期模拟2.pdf
2026伽马暑假刷题班,伽马化学2026年暑期模拟2答案.pdf,已OCR,精确,2026题目2/伽马化学2026年暑期模拟2答案.md,06-外部资料导入\OCR\01-题目\2026伽马暑假刷题班\伽马化学2026年暑期模拟2答案.pdf
2026伽马暑假刷题班,伽马化学2026年暑期模拟3.pdf,已OCR,精确,2026题目2/伽马化学2026年暑期模拟3.md,06-外部资料导入\OCR\01-题目\2026伽马暑假刷题班\伽马化学2026年暑期模拟3.pdf
2026伽马暑假刷题班,伽马化学2026年暑期模拟3答案.pdf,已OCR,精确,2026题目2/伽马化学2026年暑期模拟3答案.md,06-外部资料导入\OCR\01-题目\2026伽马暑假刷题班\伽马化学2026年暑期模拟3答案.pdf
2026伽马暑假刷题班,伽马化学2026年暑期模拟4.pdf,已OCR,精确,2026题目2/伽马化学2026年暑期模拟4.md,06-外部资料导入\OCR\01-题目\2026伽马暑假刷题班\伽马化学2026年暑期模拟4.pdf
2026伽马暑假刷题班,伽马化学2026年暑期模拟4答案.pdf,已OCR,精确,2026题目2/伽马化学2026年暑期模拟4答案.md,06-外部资料导入\OCR\01-题目\2026伽马暑假刷题班\伽马化学2026年暑期模拟4答案.pdf
2026伽马暑假刷题班,伽马化学2026年暑期模拟5.pdf,已OCR,精确,2026题目2/伽马化学2026年暑期模拟5.md,06-外部资料导入\OCR\01-题目\2026伽马暑假刷题班\伽马化学2026年暑期模拟5.pdf
2026伽马暑假刷题班,伽马化学2026年暑期模拟5答案.pdf,已OCR,精确,2026题目2/伽马化学2026年暑期模拟5答案.md,06-外部资料导入\OCR\01-题目\2026伽马暑假刷题班\伽马化学2026年暑期模拟5答案.pdf
2026伽马暑假刷题班,伽马化学2026年暑期模拟6.pdf,已OCR,精确,2026题目2/伽马化学2026年暑期模拟6.md,06-外部资料导入\OCR\01-题目\2026伽马暑假刷题班\伽马化学2026年暑期模拟6.pdf
2026伽马暑假刷题班,伽马化学2026年暑期模拟6答案.pdf,已OCR,精确,2026题目2/伽马化学2026年暑期模拟6答案.md,06-外部资料导入\OCR\01-题目\2026伽马暑假刷题班\伽马化学2026年暑期模拟6答案.pdf
2026伽马暑假刷题班,伽马化学2026年暑期模拟7.pdf,已OCR,精确,2026题目2/伽马化学2026年暑期模拟7.md,06-外部资料导入\OCR\01-题目\2026伽马暑假刷题班\伽马化学2026年暑期模拟7.pdf
2026伽马暑假刷题班,伽马化学2026年暑期模拟7答案.pdf,已OCR,精确,2026题目2/伽马化学2026年暑期模拟7答案.md,06-外部资料导入\OCR\01-题目\2026伽马暑假刷题班\伽马化学2026年暑期模拟7答案.pdf
2026伽马暑假刷题班,伽马化学2026年暑期模拟8.pdf,已OCR,精确,2026题目2/伽马化学2026年暑期模拟8.md,06-外部资料导入\OCR\01-题目\2026伽马暑假刷题班\伽马化学2026年暑期模拟8.pdf
2026伽马暑假刷题班,伽马化学2026年暑期模拟9.pdf,已OCR,精确,2026题目2/伽马化学2026年暑期模拟9.md,06-外部资料导入\OCR\01-题目\2026伽马暑假刷题班\伽马化学2026年暑期模拟9.pdf
2026伽马暑假刷题班,伽马化学2026年暑期模拟9答案.pdf,已OCR,精确,2026题目2/伽马化学2026年暑期模拟9答案.md,06-外部资料导入\OCR\01-题目\2026伽马暑假刷题班\伽马化学2026年暑期模拟9答案.pdf
2026北斗有机北京班,北京夏令营-有机巩固练习一-答案.pdf,已OCR,精确,2026题目/北京夏令营-有机巩固练习一-答案.md,06-外部资料导入\OCR\01-题目\2026北斗有机北京班\北京夏令营-有机巩固练习一-答案.pdf
2026北斗有机北京班,北京夏令营-有机巩固练习一.pdf,已OCR,精确,2026题目/北京夏令营-有机巩固练习一.md,06-外部资料导入\OCR\01-题目\2026北斗有机北京班\北京夏令营-有机巩固练习一.pdf
2026北斗有机北京班,北京夏令营-有机巩固练习三-答案.pdf,已OCR,精确,2026题目/北京夏令营-有机巩固练习三-答案.md,06-外部资料导入\OCR\01-题目\2026北斗有机北京班\北京夏令营-有机巩固练习三-答案.pdf
2026北斗有机北京班,北京夏令营-有机巩固练习三.pdf,已OCR,精确,2026题目/北京夏令营-有机巩固练习三.md,06-外部资料导入\OCR\01-题目\2026北斗有机北京班\北京夏令营-有机巩固练习三.pdf
2026北斗有机北京班,北京夏令营-有机巩固练习二-答案.pdf,已OCR,精确,2026题目/北京夏令营-有机巩固练习二-答案.md,06-外部资料导入\OCR\01-题目\2026北斗有机北京班\北京夏令营-有机巩固练习二-答案.pdf
2026北斗有机北京班,北京夏令营-有机巩固练习二.pdf,已OCR,精确,2026题目/北京夏令营-有机巩固练习二.md,06-外部资料导入\OCR\01-题目\2026北斗有机北京班\北京夏令营-有机巩固练习二.pdf
2026北斗有机北京班,北京夏令营-有机巩固练习四-答案.pdf,已OCR,精确,2026题目/北京夏令营-有机巩固练习四-答案.md,06-外部资料导入\OCR\01-题目\2026北斗有机北京班\北京夏令营-有机巩固练习四-答案.pdf
2026北斗有机北京班,北京夏令营-有机巩固练习四.pdf,已OCR,精确,2026题目/北京夏令营-有机巩固练习四.md,06-外部资料导入\OCR\01-题目\2026北斗有机北京班\北京夏令营-有机巩固练习四.pdf
2026北斗有机北京班,北京夏令营-有机综合-答案.pdf,已OCR,精确,2026题目/北京夏令营-有机综合-答案.md,06-外部资料导入\OCR\01-题目\2026北斗有机北京班\北京夏令营-有机综合-答案.pdf
2026北斗有机北京班,北京夏令营-有机综合.pdf,已OCR,精确,2026题目/北京夏令营-有机综合.md,06-外部资料导入\OCR\01-题目\2026北斗有机北京班\北京夏令营-有机综合.pdf
2026年8月汇智长沙夏令营刷题班,长沙化学刷初赛模拟1.pdf,已OCR,精确,2026题目2/长沙化学刷初赛模拟1.md,06-外部资料导入\OCR\01-题目\2026年8月汇智长沙夏令营刷题班\2026暑假长沙化学刷题试题\长沙化学刷初赛模拟1.pdf
2026年8月汇智长沙夏令营刷题班,长沙化学刷初赛模拟10.pdf,已OCR,精确,2026题目2/长沙化学刷初赛模拟10.md,06-外部资料导入\OCR\01-题目\2026年8月汇智长沙夏令营刷题班\2026暑假长沙化学刷题试题\长沙化学刷初赛模拟10.pdf
2026年8月汇智长沙夏令营刷题班,长沙化学刷初赛模拟11.pdf,已OCR,精确,2026题目2/长沙化学刷初赛模拟11.md,06-外部资料导入\OCR\01-题目\2026年8月汇智长沙夏令营刷题班\2026暑假长沙化学刷题试题\长沙化学刷初赛模拟11.pdf
2026年8月汇智长沙夏令营刷题班,长沙化学刷初赛模拟12.pdf,已OCR,精确,2026题目2/长沙化学刷初赛模拟12.md,06-外部资料导入\OCR\01-题目\2026年8月汇智长沙夏令营刷题班\2026暑假长沙化学刷题试题\长沙化学刷初赛模拟12.pdf
2026年8月汇智长沙夏令营刷题班,长沙化学刷初赛模拟2.pdf,已OCR,精确,2026题目2/长沙化学刷初赛模拟2.md,06-外部资料导入\OCR\01-题目\2026年8月汇智长沙夏令营刷题班\2026暑假长沙化学刷题试题\长沙化学刷初赛模拟2.pdf
2026年8月汇智长沙夏令营刷题班,长沙化学刷初赛模拟3.pdf,已OCR,精确,2026题目2/长沙化学刷初赛模拟3.md,06-外部资料导入\OCR\01-题目\2026年8月汇智长沙夏令营刷题班\2026暑假长沙化学刷题试题\长沙化学刷初赛模拟3.pdf
2026年8月汇智长沙夏令营刷题班,长沙化学刷初赛模拟4.pdf,已OCR,精确,2026题目2/长沙化学刷初赛模拟4.md,06-外部资料导入\OCR\01-题目\2026年8月汇智长沙夏令营刷题班\2026暑假长沙化学刷题试题\长沙化学刷初赛模拟4.pdf
2026年8月汇智长沙夏令营刷题班,长沙化学刷初赛模拟5.pdf,已OCR,精确,2026题目2/长沙化学刷初赛模拟5.md,06-外部资料导入\OCR\01-题目\2026年8月汇智长沙夏令营刷题班\2026暑假长沙化学刷题试题\长沙化学刷初赛模拟5.pdf
2026年8月汇智长沙夏令营刷题班,长沙化学刷初赛模拟6.pdf,已OCR,精确,2026题目2/长沙化学刷初赛模拟6.md,06-外部资料导入\OCR\01-题目\2026年8月汇智长沙夏令营刷题班\2026暑假长沙化学刷题试题\长沙化学刷初赛模拟6.pdf
2026年8月汇智长沙夏令营刷题班,长沙化学刷初赛模拟7.pdf,已OCR,精确,2026题目2/长沙化学刷初赛模拟7.md,06-外部资料导入\OCR\01-题目\2026年8月汇智长沙夏令营刷题班\2026暑假长沙化学刷题试题\长沙化学刷初赛模拟7.pdf
2026年8月汇智长沙夏令营刷题班,长沙化学刷初赛模拟8.pdf,已OCR,精确,2026题目2/长沙化学刷初赛模拟8.md,06-外部资料导入\OCR\01-题目\2026年8月汇智长沙夏令营刷题班\2026暑假长沙化学刷题试题\长沙化学刷初赛模拟8.pdf
2026年8月汇智长沙夏令营刷题班,长沙化学刷初赛模拟9.pdf,已OCR,精确,2026题目2/长沙化学刷初赛模拟9.md,06-外部资料导入\OCR\01-题目\2026年8月汇智长沙夏令营刷题班\2026暑假长沙化学刷题试题\长沙化学刷初赛模拟9.pdf
2026年8月汇智长沙夏令营刷题班,260609-汇智起航2026年（暑假）全国化学初赛模拟试题5试题.pdf,已OCR,精确,2026题目2/260609-汇智起航2026年（暑假）全国化学初赛模拟试题5试题.md,06-外部资料导入\OCR\01-题目\2026年8月汇智长沙夏令营刷题班\答题卡\答题卡\260609-汇智起航2026年（暑假）全国化学初赛模拟试题5试题.pdf
2026年chemy夏令营,新-2026年暑假Chemy刷题（15套）_1-199.pdf,已OCR,精确(强制),2026题目12/新-2026年暑假Chemy刷题（15套）_1-199.md,06-外部资料导入\OCR\01-题目\2026年chemy夏令营\新-2026年暑假Chemy刷题（15套）\新-2026年暑假Chemy刷题（15套）_1-199.pdf
2026年chemy夏令营,新-2026年暑假Chemy刷题（15套）_200-391.pdf,已OCR,精确(强制),2026题目12/新-2026年暑假Chemy刷题（15套）_200-391.md,06-外部资料导入\OCR\01-题目\2026年chemy夏令营\新-2026年暑假Chemy刷题（15套）\新-2026年暑假Chemy刷题（15套）_200-391.pdf
2026年chemy夏令营,暑假班试卷与答案勘误.pdf,已OCR,精确,2026题目8/暑假班试卷与答案勘误.md,06-外部资料导入\OCR\01-题目\2026年chemy夏令营\第40届chemy夏季班\暑假班试卷与答案勘误.pdf
2026年chemy夏令营,第40届chemy初赛无机模拟19答案.pdf,已OCR,精确,2026题目7/第40届chemy初赛无机模拟19答案.md,06-外部资料导入\OCR\01-题目\2026年chemy夏令营\第40届chemy夏季班\第40届chemy初赛无机模拟19\第40届chemy初赛无机模拟19答案.pdf
2026年chemy夏令营,第40届chemy初赛无机模拟19试题.pdf,已OCR,精确,2026题目7/第40届chemy初赛无机模拟19试题.md,06-外部资料导入\OCR\01-题目\2026年chemy夏令营\第40届chemy夏季班\第40届chemy初赛无机模拟19\第40届chemy初赛无机模拟19试题.pdf
2026年chemy夏令营,第40届chemy初赛有机模拟20答案.pdf,已OCR,精确,2026题目7/第40届chemy初赛有机模拟20答案.md,06-外部资料导入\OCR\01-题目\2026年chemy夏令营\第40届chemy夏季班\第40届chemy初赛有机模拟20\第40届chemy初赛有机模拟20答案.pdf
2026年chemy夏令营,第40届chemy初赛有机模拟20试题.pdf,已OCR,精确,2026题目7/第40届chemy初赛有机模拟20试题.md,06-外部资料导入\OCR\01-题目\2026年chemy夏令营\第40届chemy夏季班\第40届chemy初赛有机模拟20\第40届chemy初赛有机模拟20试题.pdf
2026年chemy夏令营,第40届chemy初赛有机模拟21答案.pdf,已OCR,精确,2026题目7/第40届chemy初赛有机模拟21答案.md,06-外部资料导入\OCR\01-题目\2026年chemy夏令营\第40届chemy夏季班\第40届chemy初赛有机模拟21\第40届chemy初赛有机模拟21答案.pdf
2026年chemy夏令营,第40届chemy初赛有机模拟21试题.pdf,已OCR,精确,2026题目7/第40届chemy初赛有机模拟21试题.md,06-外部资料导入\OCR\01-题目\2026年chemy夏令营\第40届chemy夏季班\第40届chemy初赛有机模拟21\第40届chemy初赛有机模拟21试题.pdf
2026年chemy夏令营,第40届chemy初赛有机模拟22答案.pdf,已OCR,精确,2026题目8/第40届chemy初赛有机模拟22答案.md,06-外部资料导入\OCR\01-题目\2026年chemy夏令营\第40届chemy夏季班\第40届chemy初赛有机模拟22\第40届chemy初赛有机模拟22答案.pdf
2026年chemy夏令营,第40届chemy初赛有机模拟22试题.pdf,未OCR,—,,06-外部资料导入\OCR\01-题目\2026年chemy夏令营\第40届chemy夏季班\第40届chemy初赛有机模拟22\第40届chemy初赛有机模拟22试题.pdf
2026年chemy夏令营,第40届chemy初赛模拟10答案.pdf,已OCR,精确,2026题目7/第40届chemy初赛模拟10答案.md,06-外部资料导入\OCR\01-题目\2026年chemy夏令营\第40届chemy夏季班\第40届chemy初赛模拟10\第40届chemy初赛模拟10答案.pdf
2026年chemy夏令营,第40届chemy初赛模拟10试卷.pdf,已OCR,精确,2026题目7/第40届chemy初赛模拟10试卷.md,06-外部资料导入\OCR\01-题目\2026年chemy夏令营\第40届chemy夏季班\第40届chemy初赛模拟10\第40届chemy初赛模拟10试卷.pdf
2026年chemy夏令营,第40届chemy初赛模拟11答案.pdf,已OCR,精确,2026题目7/第40届chemy初赛模拟11答案.md,06-外部资料导入\OCR\01-题目\2026年chemy夏令营\第40届chemy夏季班\第40届chemy初赛模拟11\第40届chemy初赛模拟11答案.pdf
2026年chemy夏令营,第40届chemy初赛模拟11试卷.pdf,已OCR,精确,2026题目7/第40届chemy初赛模拟11试卷.md,06-外部资料导入\OCR\01-题目\2026年chemy夏令营\第40届chemy夏季班\第40届chemy初赛模拟11\第40届chemy初赛模拟11试卷.pdf
2026年chemy夏令营,第40届chemy初赛模拟12答案.pdf,已OCR,精确,2026题目7/第40届chemy初赛模拟12答案.md,06-外部资料导入\OCR\01-题目\2026年chemy夏令营\第40届chemy夏季班\第40届chemy初赛模拟12\第40届chemy初赛模拟12答案.pdf
2026年chemy夏令营,第40届chemy初赛模拟12试卷.pdf,已OCR,精确,2026题目7/第40届chemy初赛模拟12试卷.md,06-外部资料导入\OCR\01-题目\2026年chemy夏令营\第40届chemy夏季班\第40届chemy初赛模拟12\第40届chemy初赛模拟12试卷.pdf
2026年chemy夏令营,第40届chemy初赛模拟13答案.pdf,已OCR,精确,2026题目7/第40届chemy初赛模拟13答案.md,06-外部资料导入\OCR\01-题目\2026年chemy夏令营\第40届chemy夏季班\第40届chemy初赛模拟13\第40届chemy初赛模拟13答案.pdf
2026年chemy夏令营,第40届chemy初赛模拟13试题.pdf,已OCR,精确,2026题目7/第40届chemy初赛模拟13试题.md,06-外部资料导入\OCR\01-题目\2026年chemy夏令营\第40届chemy夏季班\第40届chemy初赛模拟13\第40届chemy初赛模拟13试题.pdf
2026年chemy夏令营,第40届chemy初赛模拟14答案.pdf,已OCR,精确,2026题目7/第40届chemy初赛模拟14答案.md,06-外部资料导入\OCR\01-题目\2026年chemy夏令营\第40届chemy夏季班\第40届chemy初赛模拟14\第40届chemy初赛模拟14答案.pdf
2026年chemy夏令营,第40届chemy初赛模拟14试卷.pdf,已OCR,精确,2026题目7/第40届chemy初赛模拟14试卷.md,06-外部资料导入\OCR\01-题目\2026年chemy夏令营\第40届chemy夏季班\第40届chemy初赛模拟14\第40届chemy初赛模拟14试卷.pdf
2026年chemy夏令营,第40届chemy初赛模拟15答案.pdf,已OCR,精确,2026题目7/第40届chemy初赛模拟15答案.md,06-外部资料导入\OCR\01-题目\2026年chemy夏令营\第40届chemy夏季班\第40届chemy初赛模拟15\第40届chemy初赛模拟15答案.pdf
2026年chemy夏令营,第40届chemy初赛模拟15试题.pdf,已OCR,精确,2026题目7/第40届chemy初赛模拟15试题.md,06-外部资料导入\OCR\01-题目\2026年chemy夏令营\第40届chemy夏季班\第40届chemy初赛模拟15\第40届chemy初赛模拟15试题.pdf
2026年chemy夏令营,第40届chemy初赛模拟16答案.pdf,已OCR,精确,2026题目7/第40届chemy初赛模拟16答案.md,06-外部资料导入\OCR\01-题目\2026年chemy夏令营\第40届chemy夏季班\第40届chemy初赛模拟16\第40届chemy初赛模拟16答案.pdf
2026年chemy夏令营,第40届chemy初赛模拟16试题.pdf,已OCR,精确,2026题目7/第40届chemy初赛模拟16试题.md,06-外部资料导入\OCR\01-题目\2026年chemy夏令营\第40届chemy夏季班\第40届chemy初赛模拟16\第40届chemy初赛模拟16试题.pdf
2026年chemy夏令营,第40届chemy初赛模拟17答案.pdf,已OCR,精确,2026题目8/第40届chemy初赛模拟17答案.md,06-外部资料导入\OCR\01-题目\2026年chemy夏令营\第40届chemy夏季班\第40届chemy初赛模拟17\第40届chemy初赛模拟17答案.pdf
2026年chemy夏令营,第40届chemy初赛模拟17试题.pdf,已OCR,精确,2026题目7/第40届chemy初赛模拟17试题.md,06-外部资料导入\OCR\01-题目\2026年chemy夏令营\第40届chemy夏季班\第40届chemy初赛模拟17\第40届chemy初赛模拟17试题.pdf
2026年chemy夏令营,第40届chemy初赛模拟18答案.pdf,已OCR,精确,2026题目7/第40届chemy初赛模拟18答案.md,06-外部资料导入\OCR\01-题目\2026年chemy夏令营\第40届chemy夏季班\第40届chemy初赛模拟18\第40届chemy初赛模拟18答案.pdf
2026年chemy夏令营,第40届chemy初赛模拟18试题.pdf,已OCR,精确,2026题目7/第40届chemy初赛模拟18试题.md,06-外部资料导入\OCR\01-题目\2026年chemy夏令营\第40届chemy夏季班\第40届chemy初赛模拟18\第40届chemy初赛模拟18试题.pdf
2026年chemy夏令营,第41届Chemy联赛试题答案.pdf,未OCR,—,,06-外部资料导入\OCR\01-题目\2026年chemy夏令营\第40届chemy夏季班\第41届chemy联赛\第41届Chemy联赛试题答案.pdf
2026年chemy夏令营,第41届chemy联赛.pdf,已OCR,精确,2026题目7/第41届chemy联赛.md,06-外部资料导入\OCR\01-题目\2026年chemy夏令营\第40届chemy夏季班\第41届chemy联赛\第41届chemy联赛.pdf
2026年chemy夏令营,第42届Chemy联赛(决赛)试题答案.pdf,已OCR,归一化,2026题目8/第42届Chemy联赛决赛试题答案.md,06-外部资料导入\OCR\01-题目\2026年chemy夏令营\第40届chemy夏季班\第42届chemy联赛(决赛)\第42届Chemy联赛(决赛)试题答案.pdf
2026年chemy夏令营,第42届chemy联赛(决赛).pdf,未OCR,—,,06-外部资料导入\OCR\01-题目\2026年chemy夏令营\第40届chemy夏季班\第42届chemy联赛(决赛)\第42届chemy联赛(决赛).pdf
2026年chemy寒假班,cm化学试卷-初赛模拟试题3+答案3.pdf,已OCR,精确,2026题目7/cm化学试卷-初赛模拟试题3+答案3.md,06-外部资料导入\OCR\01-题目\2026年chemy寒假班\cm化学试卷-初赛模拟试题3+答案3.pdf
2026年chemy寒假班,化学试卷-初赛模拟试题1+答案.pdf,已OCR,精确,2026题目7/化学试卷-初赛模拟试题1+答案.md,06-外部资料导入\OCR\01-题目\2026年chemy寒假班\化学试卷-初赛模拟试题1+答案.pdf
2026年chemy寒假班,化学试卷-初赛模拟试题4+答案.pdf,已OCR,精确,2026题目7/化学试卷-初赛模拟试题4+答案.md,06-外部资料导入\OCR\01-题目\2026年chemy寒假班\化学试卷-初赛模拟试题4+答案.pdf
2026年chemy寒假班,第40届Chemy化学奥林匹克(初赛)模拟试题2+答案.pdf,已OCR,归一化,2026题目7/第40届Chemy化学奥林匹克初赛模拟试题2+答案.md,06-外部资料导入\OCR\01-题目\2026年chemy寒假班\第40届Chemy化学奥林匹克(初赛)模拟试题2+答案.pdf
2026年chemy寒假班,第三十九届Chemy化学奥林匹克竞赛联赛试题5.pdf,已OCR,精确,2026题目7/第三十九届Chemy化学奥林匹克竞赛联赛试题5.md,06-外部资料导入\OCR\01-题目\2026年chemy寒假班\第三十九届Chemy化学奥林匹克竞赛联赛试题5.pdf
2026年chemy寒假班,第三十九届Chemy化学奥林匹克竞赛联赛试题答案5与评分标准.pdf,已OCR,精确,2026题目7/第三十九届Chemy化学奥林匹克竞赛联赛试题答案5与评分标准.md,06-外部资料导入\OCR\01-题目\2026年chemy寒假班\第三十九届Chemy化学奥林匹克竞赛联赛试题答案5与评分标准.pdf
2026年XeChem6月线上班,T1.1.pdf,已OCR,精确,2026题目8/T1.1.md,06-外部资料导入\OCR\01-题目\2026年XeChem6月线上班\Xe6月网课资料\T1.1.pdf
2026年XeChem6月线上班,T1.pdf,已OCR,精确,2026题目8/T1.md,06-外部资料导入\OCR\01-题目\2026年XeChem6月线上班\Xe6月网课资料\T1.pdf
2026年XeChem6月线上班,第40届XeChem初赛模拟试题（十一）.pdf,已OCR,精确,2026题目8/第40届XeChem初赛模拟试题（十一）.md,06-外部资料导入\OCR\01-题目\2026年XeChem6月线上班\Xe6月网课资料\模拟试题\第40届XeChem初赛模拟试题（十一）.pdf
2026年XeChem6月线上班,第40届XeChem初赛模拟试题（十一）答案.pdf,已OCR,精确,2026题目8/第40届XeChem初赛模拟试题（十一）答案.md,06-外部资料导入\OCR\01-题目\2026年XeChem6月线上班\Xe6月网课资料\模拟试题\第40届XeChem初赛模拟试题（十一）答案.pdf
2026年XeChem6月线上班,第40届XeChem初赛模拟试题（十）.pdf,已OCR,精确,2026题目8/第40届XeChem初赛模拟试题（十）.md,06-外部资料导入\OCR\01-题目\2026年XeChem6月线上班\Xe6月网课资料\模拟试题\第40届XeChem初赛模拟试题（十）.pdf
2026年XeChem6月线上班,第40届XeChem初赛模拟试题（十）答案.pdf,已OCR,精确,2026题目8/第40届XeChem初赛模拟试题（十）答案.md,06-外部资料导入\OCR\01-题目\2026年XeChem6月线上班\Xe6月网课资料\模拟试题\第40届XeChem初赛模拟试题（十）答案.pdf
2026年XEchem寒假班,Xechem有机答案.pdf,已OCR,精确,2026题目8/Xechem有机答案.md,06-外部资料导入\OCR\01-题目\2026年XEchem寒假班\Xechem有机答案.pdf
2026年XEchem寒假班,Xechem模拟6.pdf,已OCR,精确,2026题目8/Xechem模拟6.md,06-外部资料导入\OCR\01-题目\2026年XEchem寒假班\Xechem模拟6.pdf
2026年XEchem寒假班,Xechem模拟6答案.pdf,已OCR,精确,2026题目8/Xechem模拟6答案.md,06-外部资料导入\OCR\01-题目\2026年XEchem寒假班\Xechem模拟6答案.pdf
2026年XEchem寒假班,Xechem模拟7.pdf,已OCR,精确,2026题目8/Xechem模拟7.md,06-外部资料导入\OCR\01-题目\2026年XEchem寒假班\Xechem模拟7.pdf
2026年XEchem寒假班,Xechem模拟7答案.pdf,已OCR,精确,2026题目8/Xechem模拟7答案.md,06-外部资料导入\OCR\01-题目\2026年XEchem寒假班\Xechem模拟7答案.pdf
2026年XEchem寒假班,Xechem模拟8.pdf,已OCR,精确,2026题目8/Xechem模拟8.md,06-外部资料导入\OCR\01-题目\2026年XEchem寒假班\Xechem模拟8.pdf
2026年XEchem寒假班,Xechem模拟9（有机）.pdf,已OCR,精确,2026题目8/Xechem模拟9（有机）.md,06-外部资料导入\OCR\01-题目\2026年XEchem寒假班\Xechem模拟9（有机）.pdf
2026年XEchem寒假班,Xechem模拟一.pdf,已OCR,精确,2026题目8/Xechem模拟一.md,06-外部资料导入\OCR\01-题目\2026年XEchem寒假班\Xechem模拟一.pdf
2026年XEchem寒假班,Xechem模拟一答案.pdf,已OCR,精确,2026题目8/Xechem模拟一答案.md,06-外部资料导入\OCR\01-题目\2026年XEchem寒假班\Xechem模拟一答案.pdf
2026年XEchem寒假班,Xechem模拟三（晶体）.pdf,已OCR,精确,2026题目8/Xechem模拟三（晶体）.md,06-外部资料导入\OCR\01-题目\2026年XEchem寒假班\Xechem模拟三（晶体）.pdf
2026年XEchem寒假班,Xechem模拟三（晶体）答案.pdf,已OCR,精确,2026题目8/Xechem模拟三（晶体）答案.md,06-外部资料导入\OCR\01-题目\2026年XEchem寒假班\Xechem模拟三（晶体）答案.pdf
2026年XEchem寒假班,Xechem模拟二.pdf,已OCR,精确,2026题目8/Xechem模拟二.md,06-外部资料导入\OCR\01-题目\2026年XEchem寒假班\Xechem模拟二.pdf
2026年XEchem寒假班,Xechem模拟二答案.pdf,已OCR,精确,2026题目8/Xechem模拟二答案.md,06-外部资料导入\OCR\01-题目\2026年XEchem寒假班\Xechem模拟二答案.pdf
2026年XEchem寒假班,Xechem模拟五.pdf,已OCR,精确,2026题目8/Xechem模拟五.md,06-外部资料导入\OCR\01-题目\2026年XEchem寒假班\Xechem模拟五.pdf
2026年XEchem寒假班,Xechem模拟五答案.pdf,已OCR,精确,2026题目8/Xechem模拟五答案.md,06-外部资料导入\OCR\01-题目\2026年XEchem寒假班\Xechem模拟五答案.pdf
2026年XEchem寒假班,Xechem模拟四.pdf,已OCR,精确,2026题目8/Xechem模拟四.md,06-外部资料导入\OCR\01-题目\2026年XEchem寒假班\Xechem模拟四.pdf
2026年XEchem寒假班,Xechem模拟四答案.pdf,已OCR,精确,2026题目8/Xechem模拟四答案.md,06-外部资料导入\OCR\01-题目\2026年XEchem寒假班\Xechem模拟四答案.pdf
2026年XEchem寒假班,初赛模拟8讲评_202603012138_22493.pdf,已OCR,精确,2026题目8/初赛模拟8讲评_202603012138_22493.md,06-外部资料导入\OCR\01-题目\2026年XEchem寒假班\初赛模拟8讲评_202603012138_22493.pdf
2026年五一伽马初赛模拟杭州班,2026年伽马五一班模拟试卷3讲评.pdf,已OCR,精确,2026题目5/2026年伽马五一班模拟试卷3讲评.md,06-外部资料导入\OCR\01-题目\2026年五一伽马初赛模拟杭州班\讲义\2026年伽马五一班模拟试卷3讲评.pdf
2026年五一伽马初赛模拟杭州班,伽马化学2026年五一模拟1 - 讲稿.pdf,已OCR,归一化,2026题目5/伽马化学2026年五一模拟1-讲稿.md,06-外部资料导入\OCR\01-题目\2026年五一伽马初赛模拟杭州班\讲义\伽马化学2026年五一模拟1 - 讲稿.pdf
2026年五一伽马初赛模拟杭州班,伽马化学2026年五一模拟2 - 讲稿.pdf,已OCR,归一化,2026题目4/伽马化学2026年五一模拟2-讲稿.md,06-外部资料导入\OCR\01-题目\2026年五一伽马初赛模拟杭州班\讲义\伽马化学2026年五一模拟2 - 讲稿.pdf
2026年五一伽马初赛模拟杭州班,伽马化学2026年五一模拟4 - 讲稿.pdf,已OCR,归一化,2026题目4/伽马化学2026年五一模拟4-讲稿.md,06-外部资料导入\OCR\01-题目\2026年五一伽马初赛模拟杭州班\讲义\伽马化学2026年五一模拟4 - 讲稿.pdf
2026年五一伽马初赛模拟杭州班,伽马化学2026年五一模拟5 - 讲稿(1).pdf,未OCR,—,,06-外部资料导入\OCR\01-题目\2026年五一伽马初赛模拟杭州班\讲义\伽马化学2026年五一模拟5 - 讲稿(1).pdf
2026年五一伽马初赛模拟杭州班,伽马化学2026年五一模拟6 - 讲稿.pdf,已OCR,归一化,2026题目4/伽马化学2026年五一模拟6-讲稿.md,06-外部资料导入\OCR\01-题目\2026年五一伽马初赛模拟杭州班\讲义\伽马化学2026年五一模拟6 - 讲稿.pdf
2026年五一伽马初赛模拟杭州班,五一伽马杭州1.pdf,已OCR,精确,2026题目4/五一伽马杭州1.md,06-外部资料导入\OCR\01-题目\2026年五一伽马初赛模拟杭州班\试题➕答案\五一伽马杭州1.pdf
2026年五一伽马初赛模拟杭州班,五一伽马杭州2.pdf,已OCR,精确,2026题目4/五一伽马杭州2.md,06-外部资料导入\OCR\01-题目\2026年五一伽马初赛模拟杭州班\试题➕答案\五一伽马杭州2.pdf
2026年五一伽马初赛模拟杭州班,五一伽马杭州3.pdf,已OCR,精确,2026题目4/五一伽马杭州3.md,06-外部资料导入\OCR\01-题目\2026年五一伽马初赛模拟杭州班\试题➕答案\五一伽马杭州3.pdf
2026年五一伽马初赛模拟杭州班,五一伽马杭州4.pdf,已OCR,精确,2026题目5/五一伽马杭州4.md,06-外部资料导入\OCR\01-题目\2026年五一伽马初赛模拟杭州班\试题➕答案\五一伽马杭州4.pdf
2026年五一伽马初赛模拟杭州班,五一伽马杭州5.pdf,已OCR,精确,2026题目5/五一伽马杭州5.md,06-外部资料导入\OCR\01-题目\2026年五一伽马初赛模拟杭州班\试题➕答案\五一伽马杭州5.pdf
2026年五一伽马初赛模拟杭州班,五一伽马杭州6.pdf,已OCR,精确,2026题目5/五一伽马杭州6.md,06-外部资料导入\OCR\01-题目\2026年五一伽马初赛模拟杭州班\试题➕答案\五一伽马杭州6.pdf
2026年五一伽马初赛模拟杭州班,五一伽马杭州答案1.pdf,已OCR,精确,2026题目5/五一伽马杭州答案1.md,06-外部资料导入\OCR\01-题目\2026年五一伽马初赛模拟杭州班\试题➕答案\五一伽马杭州答案1.pdf
2026年五一伽马初赛模拟杭州班,五一伽马杭州答案2.pdf,已OCR,精确,2026题目5/五一伽马杭州答案2.md,06-外部资料导入\OCR\01-题目\2026年五一伽马初赛模拟杭州班\试题➕答案\五一伽马杭州答案2.pdf
2026年五一伽马初赛模拟杭州班,五一伽马杭州答案3.pdf,已OCR,精确,2026题目5/五一伽马杭州答案3.md,06-外部资料导入\OCR\01-题目\2026年五一伽马初赛模拟杭州班\试题➕答案\五一伽马杭州答案3.pdf
2026年五一伽马初赛模拟杭州班,五一伽马杭州答案4.pdf,已OCR,精确,2026题目5/五一伽马杭州答案4.md,06-外部资料导入\OCR\01-题目\2026年五一伽马初赛模拟杭州班\试题➕答案\五一伽马杭州答案4.pdf
2026年五一伽马初赛模拟杭州班,五一伽马杭州答案5.pdf,已OCR,精确,2026题目5/五一伽马杭州答案5.md,06-外部资料导入\OCR\01-题目\2026年五一伽马初赛模拟杭州班\试题➕答案\五一伽马杭州答案5.pdf
2026年五一伽马初赛模拟杭州班,五一伽马杭州答案6.pdf,已OCR,精确,2026题目5/五一伽马杭州答案6.md,06-外部资料导入\OCR\01-题目\2026年五一伽马初赛模拟杭州班\试题➕答案\五一伽马杭州答案6.pdf
2026年化英社4月春季班,第40届初赛模拟10（清晰版）.pdf,已OCR,精确,2026题目3/第40届初赛模拟10（清晰版）.md,06-外部资料导入\OCR\01-题目\2026年化英社4月春季班\2026化英社 春季班试卷\10\第40届初赛模拟10（清晰版）.pdf
2026年化英社4月春季班,第40届初赛模拟试题10参考答案（清晰版）.pdf,已OCR,精确,2026题目3/第40届初赛模拟试题10参考答案（清晰版）.md,06-外部资料导入\OCR\01-题目\2026年化英社4月春季班\2026化英社 春季班试卷\10\第40届初赛模拟试题10参考答案（清晰版）.pdf
2026年化英社4月春季班,第40届初赛模拟11（清晰版）.pdf,已OCR,精确,2026题目3/第40届初赛模拟11（清晰版）.md,06-外部资料导入\OCR\01-题目\2026年化英社4月春季班\2026化英社 春季班试卷\11\第40届初赛模拟11（清晰版）.pdf
2026年化英社4月春季班,第40届初赛模拟试题11答案-清晰版.pdf,已OCR,精确,2026题目3/第40届初赛模拟试题11答案-清晰版.md,06-外部资料导入\OCR\01-题目\2026年化英社4月春季班\2026化英社 春季班试卷\11\第40届初赛模拟试题11答案-清晰版.pdf
2026年化英社4月春季班,初赛模拟7答案(已优化).pdf,未OCR,—,,06-外部资料导入\OCR\01-题目\2026年化英社4月春季班\2026化英社 春季班试卷\7\初赛模拟7答案(已优化).pdf
2026年化英社4月春季班,初赛模拟7答案.pdf,已OCR,精确,2026题目3/初赛模拟7答案.md,06-外部资料导入\OCR\01-题目\2026年化英社4月春季班\2026化英社 春季班试卷\7\初赛模拟7答案.pdf
2026年化英社4月春季班,初赛模拟7试卷(已优化).pdf,未OCR,—,,06-外部资料导入\OCR\01-题目\2026年化英社4月春季班\2026化英社 春季班试卷\7\初赛模拟7试卷(已优化).pdf
2026年化英社4月春季班,初赛模拟7试卷.pdf,已OCR,精确,2026题目3/初赛模拟7试卷.md,06-外部资料导入\OCR\01-题目\2026年化英社4月春季班\2026化英社 春季班试卷\7\初赛模拟7试卷.pdf
2026年化英社4月春季班,初赛模拟9答案.pdf,已OCR,精确,2026题目3/初赛模拟9答案.md,06-外部资料导入\OCR\01-题目\2026年化英社4月春季班\2026化英社 春季班试卷\9\初赛模拟9答案.pdf
2026年化英社4月春季班,初赛模拟9答案（清晰版）.pdf,已OCR,精确,2026题目3/初赛模拟9答案（清晰版）.md,06-外部资料导入\OCR\01-题目\2026年化英社4月春季班\2026化英社 春季班试卷\9\初赛模拟9答案（清晰版）.pdf
2026年化英社4月春季班,春季模拟试题9试题-清晰版.pdf,已OCR,精确,2026题目3/春季模拟试题9试题-清晰版.md,06-外部资料导入\OCR\01-题目\2026年化英社4月春季班\2026化英社 春季班试卷\9\春季模拟试题9试题-清晰版.pdf
2026年化英社4月春季班,春季模拟试题9试题.pdf,已OCR,精确,2026题目3/春季模拟试题9试题.md,06-外部资料导入\OCR\01-题目\2026年化英社4月春季班\2026化英社 春季班试卷\9\春季模拟试题9试题.pdf
2026年化英社4月春季班,第40届决赛模拟1答案(已优化).pdf,未OCR,—,,06-外部资料导入\OCR\01-题目\2026年化英社4月春季班\2026化英社 春季班试卷\决赛模拟\第40届决赛模拟1答案(已优化).pdf
2026年化英社4月春季班,第40届决赛模拟1答案.pdf,已OCR,精确,2026题目3/第40届决赛模拟1答案.md,06-外部资料导入\OCR\01-题目\2026年化英社4月春季班\2026化英社 春季班试卷\决赛模拟\第40届决赛模拟1答案.pdf
2026年化英社4月春季班,第40届决赛模拟1（清晰版）.pdf,已OCR,精确,2026题目3/第40届决赛模拟1（清晰版）.md,06-外部资料导入\OCR\01-题目\2026年化英社4月春季班\2026化英社 春季班试卷\决赛模拟\第40届决赛模拟1（清晰版）.pdf
2026年化英社4月春季班,春季-有机专题1试卷(已优化).pdf,未OCR,—,,06-外部资料导入\OCR\01-题目\2026年化英社4月春季班\2026化英社 春季班试卷\有机\春季-有机专题1试卷(已优化).pdf
2026年化英社4月春季班,春季-有机专题1试卷.pdf,已OCR,精确,2026题目3/春季-有机专题1试卷.md,06-外部资料导入\OCR\01-题目\2026年化英社4月春季班\2026化英社 春季班试卷\有机\春季-有机专题1试卷.pdf
2026年化英社五一物化班,化英社2026第40届决赛物化专题2试卷（清晰版）.pdf,已OCR,精确,2026题目4/化英社2026第40届决赛物化专题2试卷（清晰版）.md,06-外部资料导入\OCR\01-题目\2026年化英社五一物化班\2026年化英社五一物化班\华英社 物化专题 2026五一期间\化英社2026第40届决赛物化专题2试卷（清晰版）.pdf
2026年化英社五一物化班,第40届决赛模拟试题2答案（清晰版）.pdf,已OCR,精确,2026题目4/第40届决赛模拟试题2答案（清晰版）.md,06-外部资料导入\OCR\01-题目\2026年化英社五一物化班\2026年化英社五一物化班\华英社 物化专题 2026五一期间\第40届决赛模拟试题2答案（清晰版）.pdf
2026年化英社五一物化班,第40届化英社化学奥林匹克(决赛)模拟试题3参考答案（清晰版）.pdf,已OCR,归一化,2026题目4/第40届化英社化学奥林匹克决赛模拟试题3参考答案（清晰版）.md,06-外部资料导入\OCR\01-题目\2026年化英社五一物化班\2026年化英社五一物化班\华英社 物化专题 2026五一期间\第40届化英社化学奥林匹克(决赛)模拟试题3参考答案（清晰版）.pdf
2026年化英社五一物化班,第40届化英社化学奥林匹克（决赛）模拟试题3.pdf,已OCR,精确,2026题目4/第40届化英社化学奥林匹克（决赛）模拟试题3.md,06-外部资料导入\OCR\01-题目\2026年化英社五一物化班\2026年化英社五一物化班\华英社 物化专题 2026五一期间\第40届化英社化学奥林匹克（决赛）模拟试题3.pdf
2026年化英社五一物化班,第40届化英社化学奥林匹克（决赛）模拟试题3（清晰）.pdf,已OCR,精确,2026题目4/第40届化英社化学奥林匹克（决赛）模拟试题3（清晰）.md,06-外部资料导入\OCR\01-题目\2026年化英社五一物化班\2026年化英社五一物化班\华英社 物化专题 2026五一期间\第40届化英社化学奥林匹克（决赛）模拟试题3（清晰）.pdf
2026年化英社五一物化班,第40届化英社化学奥林匹克（初赛）模拟试题13（高清版）.pdf,已OCR,精确,2026题目4/第40届化英社化学奥林匹克（初赛）模拟试题13（高清版）.md,06-外部资料导入\OCR\01-题目\2026年化英社五一物化班\2026年化英社五一物化班\华英社 物化专题 2026五一期间\第40届化英社化学奥林匹克（初赛）模拟试题13（高清版）.pdf
2026年化英社五一物化班,第40届化英社奥林匹克（决赛）模拟试题2 试卷（清晰）.pdf,已OCR,归一化,2026题目4/第40届化英社奥林匹克（决赛）模拟试题2试卷（清晰）.md,06-外部资料导入\OCR\01-题目\2026年化英社五一物化班\2026年化英社五一物化班\华英社 物化专题 2026五一期间\第40届化英社奥林匹克（决赛）模拟试题2 试卷（清晰）.pdf
2026年化英社五一物化班,第40届化英社奥林匹克（初赛）模拟试题13 答案（清晰）.pdf,已OCR,归一化,2026题目4/第40届化英社奥林匹克（初赛）模拟试题13答案（清晰）.md,06-外部资料导入\OCR\01-题目\2026年化英社五一物化班\2026年化英社五一物化班\华英社 物化专题 2026五一期间\第40届化英社奥林匹克（初赛）模拟试题13 答案（清晰）.pdf
2026年化英社寒假年前班,化英社寒假初赛模拟 1.pdf,未OCR,—,,06-外部资料导入\OCR\01-题目\2026年化英社寒假年前班\化英社寒假初赛模拟 1.pdf
2026年化英社寒假年前班,化英社寒假初赛模拟 2.pdf,未OCR,—,,06-外部资料导入\OCR\01-题目\2026年化英社寒假年前班\化英社寒假初赛模拟 2.pdf
2026年化英社寒假年前班,化英社寒假初赛模拟 3.pdf,未OCR,—,,06-外部资料导入\OCR\01-题目\2026年化英社寒假年前班\化英社寒假初赛模拟 3.pdf
2026年化英社年后寒假班,化英社年后国初模拟 1.pdf,已OCR,归一化,2026题目4/化英社年后国初模拟1.md,06-外部资料导入\OCR\01-题目\2026年化英社年后寒假班\化英社年后国初模拟 1.pdf
2026年化英社年后寒假班,化英社年后国初模拟 2.pdf,已OCR,归一化,2026题目4/化英社年后国初模拟2.md,06-外部资料导入\OCR\01-题目\2026年化英社年后寒假班\化英社年后国初模拟 2.pdf
2026年化英社年后寒假班,化英社年后国初模拟 3.pdf,已OCR,归一化,2026题目4/化英社年后国初模拟3.md,06-外部资料导入\OCR\01-题目\2026年化英社年后寒假班\化英社年后国初模拟 3.pdf
2026年化英社春季联考线上班,第40届化英社化学奥林匹克（初赛）春季联考1 答案(1).pdf,未OCR,—,,06-外部资料导入\OCR\01-题目\2026年化英社春季联考线上班\化英社春季联考1\第40届化英社化学奥林匹克（初赛）春季联考1 答案(1).pdf
2026年化英社春季联考线上班,第40届化英社化学奥林匹克（初赛）春季联考1.pdf,已OCR,精确,2026题目3/第40届化英社化学奥林匹克（初赛）春季联考1.md,06-外部资料导入\OCR\01-题目\2026年化英社春季联考线上班\化英社春季联考1\第40届化英社化学奥林匹克（初赛）春季联考1.pdf
2026年化英社春季联考线上班,第40届化英社化学奥林匹克（初赛）春季联考2 答案.pdf,已OCR,归一化,2026题目3/第40届化英社化学奥林匹克（初赛）春季联考2答案.md,06-外部资料导入\OCR\01-题目\2026年化英社春季联考线上班\化英社春季联考2\第40届化英社化学奥林匹克（初赛）春季联考2 答案.pdf
2026年化英社春季联考线上班,第40届化英社化学奥林匹克（初赛）春季联考2.pdf,已OCR,精确,2026题目3/第40届化英社化学奥林匹克（初赛）春季联考2.md,06-外部资料导入\OCR\01-题目\2026年化英社春季联考线上班\化英社春季联考2\第40届化英社化学奥林匹克（初赛）春季联考2.pdf
2026年化英社春季联考线上班,第40届化英社化学奥林匹克（初赛）春季联考3答案.pdf,已OCR,精确,2026题目3/第40届化英社化学奥林匹克（初赛）春季联考3答案.md,06-外部资料导入\OCR\01-题目\2026年化英社春季联考线上班\化英社春季联考3\第40届化英社化学奥林匹克（初赛）春季联考3答案.pdf
2026年化英社春季联考线上班,第40届化英社化学奥林匹克（初赛）春季联考3试卷.pdf,已OCR,精确,2026题目3/第40届化英社化学奥林匹克（初赛）春季联考3试卷.md,06-外部资料导入\OCR\01-题目\2026年化英社春季联考线上班\化英社春季联考3\第40届化英社化学奥林匹克（初赛）春季联考3试卷.pdf
2026年化英社春季联考线上班,第40届化英社化学奥林匹克（初赛）春季联考4参考答案.pdf,已OCR,精确,2026题目3/第40届化英社化学奥林匹克（初赛）春季联考4参考答案.md,06-外部资料导入\OCR\01-题目\2026年化英社春季联考线上班\化英社春季联考4\第40届化英社化学奥林匹克（初赛）春季联考4参考答案.pdf
2026年化英社春季联考线上班,第40届化英社化学奥林匹克（初赛）春季联考4试卷.pdf,已OCR,精确,2026题目3/第40届化英社化学奥林匹克（初赛）春季联考4试卷.md,06-外部资料导入\OCR\01-题目\2026年化英社春季联考线上班\化英社春季联考4\第40届化英社化学奥林匹克（初赛）春季联考4试卷.pdf
2026年化英社春季联考线上班,第40届化英社化学奥林匹克（初赛）春季联考5 答案.pdf,已OCR,归一化,2026题目3/第40届化英社化学奥林匹克（初赛）春季联考5答案.md,06-外部资料导入\OCR\01-题目\2026年化英社春季联考线上班\化英社春季联考5\第40届化英社化学奥林匹克（初赛）春季联考5 答案.pdf
2026年化英社春季联考线上班,第40届化英社化学奥林匹克（初赛）春季联考5.pdf,已OCR,精确,2026题目3/第40届化英社化学奥林匹克（初赛）春季联考5.md,06-外部资料导入\OCR\01-题目\2026年化英社春季联考线上班\化英社春季联考5\第40届化英社化学奥林匹克（初赛）春季联考5.pdf
2026年化英社春季联考线上班,第40届化英社化学奥林匹克（初赛）春季联考6 答案-final.pdf,已OCR,归一化,2026题目3/第40届化英社化学奥林匹克（初赛）春季联考6答案-final.md,06-外部资料导入\OCR\01-题目\2026年化英社春季联考线上班\化英社春季联考6\第40届化英社化学奥林匹克（初赛）春季联考6 答案-final.pdf
2026年化英社春季联考线上班,第40届化英社化学奥林匹克（初赛）春季联考6-final.pdf,已OCR,精确,2026题目3/第40届化英社化学奥林匹克（初赛）春季联考6-final.md,06-外部资料导入\OCR\01-题目\2026年化英社春季联考线上班\化英社春季联考6\第40届化英社化学奥林匹克（初赛）春季联考6-final.pdf
2026年壹尖五一有机密训班,模拟测试卷1.pdf,已OCR,精确,2026题目6/模拟测试卷1.md,06-外部资料导入\OCR\01-题目\2026年壹尖五一有机密训班\五一有机密训测试卷-3套\模拟测试卷1.pdf
2026年壹尖五一有机密训班,模拟测试卷1参考答案.pdf,已OCR,精确,2026题目7/模拟测试卷1参考答案.md,06-外部资料导入\OCR\01-题目\2026年壹尖五一有机密训班\五一有机密训测试卷-3套\模拟测试卷1参考答案.pdf
2026年壹尖五一有机密训班,模拟测试卷2.pdf,已OCR,精确,2026题目7/模拟测试卷2.md,06-外部资料导入\OCR\01-题目\2026年壹尖五一有机密训班\五一有机密训测试卷-3套\模拟测试卷2.pdf
2026年壹尖五一有机密训班,模拟测试卷2答案.pdf,已OCR,精确,2026题目7/模拟测试卷2答案.md,06-外部资料导入\OCR\01-题目\2026年壹尖五一有机密训班\五一有机密训测试卷-3套\模拟测试卷2答案.pdf
2026年壹尖五一有机密训班,模拟测试卷3.pdf,已OCR,精确,2026题目7/模拟测试卷3.md,06-外部资料导入\OCR\01-题目\2026年壹尖五一有机密训班\五一有机密训测试卷-3套\模拟测试卷3.pdf
2026年壹尖五一有机密训班,模拟测试卷3参考答案.pdf,已OCR,精确,2026题目7/模拟测试卷3参考答案.md,06-外部资料导入\OCR\01-题目\2026年壹尖五一有机密训班\五一有机密训测试卷-3套\模拟测试卷3参考答案.pdf
2026年壹尖培优夏令营（国初高端冲刺营）,第 40 届中国化学奥林匹克（初赛）模拟试题1.pdf,已OCR,归一化,2026题目6/第40届中国化学奥林匹克（初赛）模拟试题1.md,06-外部资料导入\OCR\01-题目\2026年壹尖培优夏令营（国初高端冲刺营）\第40届中国化学奥林匹克（初赛）模拟试题和答题卡\第 40 届中国化学奥林匹克（初赛）模拟试题1.pdf
2026年壹尖培优夏令营（国初高端冲刺营）,第 40 届中国化学奥林匹克（初赛）模拟试题10.pdf,已OCR,归一化,2026题目6/第40届中国化学奥林匹克（初赛）模拟试题10.md,06-外部资料导入\OCR\01-题目\2026年壹尖培优夏令营（国初高端冲刺营）\第40届中国化学奥林匹克（初赛）模拟试题和答题卡\第 40 届中国化学奥林匹克（初赛）模拟试题10.pdf
2026年壹尖培优夏令营（国初高端冲刺营）,第 40 届中国化学奥林匹克（初赛）模拟试题11.pdf,已OCR,归一化,2026题目6/第40届中国化学奥林匹克（初赛）模拟试题11.md,06-外部资料导入\OCR\01-题目\2026年壹尖培优夏令营（国初高端冲刺营）\第40届中国化学奥林匹克（初赛）模拟试题和答题卡\第 40 届中国化学奥林匹克（初赛）模拟试题11.pdf
2026年壹尖培优夏令营（国初高端冲刺营）,第 40 届中国化学奥林匹克（初赛）模拟试题12.pdf,已OCR,归一化,2026题目6/第40届中国化学奥林匹克（初赛）模拟试题12.md,06-外部资料导入\OCR\01-题目\2026年壹尖培优夏令营（国初高端冲刺营）\第40届中国化学奥林匹克（初赛）模拟试题和答题卡\第 40 届中国化学奥林匹克（初赛）模拟试题12.pdf
2026年壹尖培优夏令营（国初高端冲刺营）,第 40 届中国化学奥林匹克（初赛）模拟试题13.pdf,已OCR,归一化,2026题目6/第40届中国化学奥林匹克（初赛）模拟试题13.md,06-外部资料导入\OCR\01-题目\2026年壹尖培优夏令营（国初高端冲刺营）\第40届中国化学奥林匹克（初赛）模拟试题和答题卡\第 40 届中国化学奥林匹克（初赛）模拟试题13.pdf
2026年壹尖培优夏令营（国初高端冲刺营）,第 40 届中国化学奥林匹克（初赛）模拟试题2.pdf,已OCR,归一化,2026题目6/第40届中国化学奥林匹克（初赛）模拟试题2.md,06-外部资料导入\OCR\01-题目\2026年壹尖培优夏令营（国初高端冲刺营）\第40届中国化学奥林匹克（初赛）模拟试题和答题卡\第 40 届中国化学奥林匹克（初赛）模拟试题2.pdf
2026年壹尖培优夏令营（国初高端冲刺营）,第 40 届中国化学奥林匹克（初赛）模拟试题4.pdf,已OCR,归一化,2026题目6/第40届中国化学奥林匹克（初赛）模拟试题4.md,06-外部资料导入\OCR\01-题目\2026年壹尖培优夏令营（国初高端冲刺营）\第40届中国化学奥林匹克（初赛）模拟试题和答题卡\第 40 届中国化学奥林匹克（初赛）模拟试题4.pdf
2026年壹尖培优夏令营（国初高端冲刺营）,第 40 届中国化学奥林匹克（初赛）模拟试题5.pdf,已OCR,归一化,2026题目6/第40届中国化学奥林匹克（初赛）模拟试题5.md,06-外部资料导入\OCR\01-题目\2026年壹尖培优夏令营（国初高端冲刺营）\第40届中国化学奥林匹克（初赛）模拟试题和答题卡\第 40 届中国化学奥林匹克（初赛）模拟试题5.pdf
2026年壹尖培优夏令营（国初高端冲刺营）,第 40 届中国化学奥林匹克（初赛）模拟试题6.pdf,已OCR,归一化,2026题目6/第40届中国化学奥林匹克（初赛）模拟试题6.md,06-外部资料导入\OCR\01-题目\2026年壹尖培优夏令营（国初高端冲刺营）\第40届中国化学奥林匹克（初赛）模拟试题和答题卡\第 40 届中国化学奥林匹克（初赛）模拟试题6.pdf
2026年壹尖培优夏令营（国初高端冲刺营）,第 40 届中国化学奥林匹克（初赛）模拟试题7.pdf,已OCR,归一化,2026题目6/第40届中国化学奥林匹克（初赛）模拟试题7.md,06-外部资料导入\OCR\01-题目\2026年壹尖培优夏令营（国初高端冲刺营）\第40届中国化学奥林匹克（初赛）模拟试题和答题卡\第 40 届中国化学奥林匹克（初赛）模拟试题7.pdf
2026年壹尖培优夏令营（国初高端冲刺营）,第 40 届中国化学奥林匹克（初赛）模拟试题8.pdf,已OCR,归一化,2026题目6/第40届中国化学奥林匹克（初赛）模拟试题8.md,06-外部资料导入\OCR\01-题目\2026年壹尖培优夏令营（国初高端冲刺营）\第40届中国化学奥林匹克（初赛）模拟试题和答题卡\第 40 届中国化学奥林匹克（初赛）模拟试题8.pdf
2026年壹尖培优夏令营（国初高端冲刺营）,第 40 届中国化学奥林匹克（初赛）模拟试题9.pdf,已OCR,归一化,2026题目6/第40届中国化学奥林匹克（初赛）模拟试题9.md,06-外部资料导入\OCR\01-题目\2026年壹尖培优夏令营（国初高端冲刺营）\第40届中国化学奥林匹克（初赛）模拟试题和答题卡\第 40 届中国化学奥林匹克（初赛）模拟试题9.pdf
2026年壹尖培优夏令营（国初高端冲刺营）,第 40届中国化学奥林匹克（初赛）模拟试题3.pdf,已OCR,归一化,2026题目6/第40届中国化学奥林匹克（初赛）模拟试题3.md,06-外部资料导入\OCR\01-题目\2026年壹尖培优夏令营（国初高端冲刺营）\第40届中国化学奥林匹克（初赛）模拟试题和答题卡\第 40届中国化学奥林匹克（初赛）模拟试题3.pdf
2026年壹尖培优夏令营（国初高端冲刺营）,第 40 届中国化学奥林匹克（初赛）模拟试题10参考答案.pdf,已OCR,归一化,2026题目6/第40届中国化学奥林匹克（初赛）模拟试题10参考答案.md,06-外部资料导入\OCR\01-题目\2026年壹尖培优夏令营（国初高端冲刺营）\第40届中国化学奥林匹克（初赛）模拟试题答案\第 40 届中国化学奥林匹克（初赛）模拟试题10参考答案.pdf
2026年壹尖培优夏令营（国初高端冲刺营）,第 40 届中国化学奥林匹克（初赛）模拟试题11参考答案.pdf,已OCR,归一化,2026题目6/第40届中国化学奥林匹克（初赛）模拟试题11参考答案.md,06-外部资料导入\OCR\01-题目\2026年壹尖培优夏令营（国初高端冲刺营）\第40届中国化学奥林匹克（初赛）模拟试题答案\第 40 届中国化学奥林匹克（初赛）模拟试题11参考答案.pdf
2026年壹尖培优夏令营（国初高端冲刺营）,第 40 届中国化学奥林匹克（初赛）模拟试题12参考答案.pdf,已OCR,归一化,2026题目6/第40届中国化学奥林匹克（初赛）模拟试题12参考答案.md,06-外部资料导入\OCR\01-题目\2026年壹尖培优夏令营（国初高端冲刺营）\第40届中国化学奥林匹克（初赛）模拟试题答案\第 40 届中国化学奥林匹克（初赛）模拟试题12参考答案.pdf
2026年壹尖培优夏令营（国初高端冲刺营）,第 40 届中国化学奥林匹克（初赛）模拟试题13参考答案.pdf,已OCR,归一化,2026题目6/第40届中国化学奥林匹克（初赛）模拟试题13参考答案.md,06-外部资料导入\OCR\01-题目\2026年壹尖培优夏令营（国初高端冲刺营）\第40届中国化学奥林匹克（初赛）模拟试题答案\第 40 届中国化学奥林匹克（初赛）模拟试题13参考答案.pdf
2026年壹尖培优夏令营（国初高端冲刺营）,第 40 届中国化学奥林匹克（初赛）模拟试题1参考答案.pdf,已OCR,归一化,2026题目6/第40届中国化学奥林匹克（初赛）模拟试题1参考答案.md,06-外部资料导入\OCR\01-题目\2026年壹尖培优夏令营（国初高端冲刺营）\第40届中国化学奥林匹克（初赛）模拟试题答案\第 40 届中国化学奥林匹克（初赛）模拟试题1参考答案.pdf
2026年壹尖培优夏令营（国初高端冲刺营）,第 40 届中国化学奥林匹克（初赛）模拟试题2参考答案.pdf,已OCR,归一化,2026题目6/第40届中国化学奥林匹克（初赛）模拟试题2参考答案.md,06-外部资料导入\OCR\01-题目\2026年壹尖培优夏令营（国初高端冲刺营）\第40届中国化学奥林匹克（初赛）模拟试题答案\第 40 届中国化学奥林匹克（初赛）模拟试题2参考答案.pdf
2026年壹尖培优夏令营（国初高端冲刺营）,第 40 届中国化学奥林匹克（初赛）模拟试题4参考答案.pdf,已OCR,归一化,2026题目6/第40届中国化学奥林匹克（初赛）模拟试题4参考答案.md,06-外部资料导入\OCR\01-题目\2026年壹尖培优夏令营（国初高端冲刺营）\第40届中国化学奥林匹克（初赛）模拟试题答案\第 40 届中国化学奥林匹克（初赛）模拟试题4参考答案.pdf
2026年壹尖培优夏令营（国初高端冲刺营）,第 40 届中国化学奥林匹克（初赛）模拟试题5答案.pdf,已OCR,归一化,2026题目6/第40届中国化学奥林匹克（初赛）模拟试题5答案.md,06-外部资料导入\OCR\01-题目\2026年壹尖培优夏令营（国初高端冲刺营）\第40届中国化学奥林匹克（初赛）模拟试题答案\第 40 届中国化学奥林匹克（初赛）模拟试题5答案.pdf
2026年壹尖培优夏令营（国初高端冲刺营）,第 40 届中国化学奥林匹克（初赛）模拟试题6答案.pdf,已OCR,归一化,2026题目6/第40届中国化学奥林匹克（初赛）模拟试题6答案.md,06-外部资料导入\OCR\01-题目\2026年壹尖培优夏令营（国初高端冲刺营）\第40届中国化学奥林匹克（初赛）模拟试题答案\第 40 届中国化学奥林匹克（初赛）模拟试题6答案.pdf
2026年壹尖培优夏令营（国初高端冲刺营）,第 40 届中国化学奥林匹克（初赛）模拟试题7答案.pdf,已OCR,归一化,2026题目6/第40届中国化学奥林匹克（初赛）模拟试题7答案.md,06-外部资料导入\OCR\01-题目\2026年壹尖培优夏令营（国初高端冲刺营）\第40届中国化学奥林匹克（初赛）模拟试题答案\第 40 届中国化学奥林匹克（初赛）模拟试题7答案.pdf
2026年壹尖培优夏令营（国初高端冲刺营）,第 40 届中国化学奥林匹克（初赛）模拟试题8答案.pdf,已OCR,归一化,2026题目6/第40届中国化学奥林匹克（初赛）模拟试题8答案.md,06-外部资料导入\OCR\01-题目\2026年壹尖培优夏令营（国初高端冲刺营）\第40届中国化学奥林匹克（初赛）模拟试题答案\第 40 届中国化学奥林匹克（初赛）模拟试题8答案.pdf
2026年壹尖培优夏令营（国初高端冲刺营）,第 40 届中国化学奥林匹克（初赛）模拟试题9参考答案.pdf,已OCR,归一化,2026题目6/第40届中国化学奥林匹克（初赛）模拟试题9参考答案.md,06-外部资料导入\OCR\01-题目\2026年壹尖培优夏令营（国初高端冲刺营）\第40届中国化学奥林匹克（初赛）模拟试题答案\第 40 届中国化学奥林匹克（初赛）模拟试题9参考答案.pdf
2026年壹尖培优夏令营（国初高端冲刺营）,第 40届中国化学奥林匹克（初赛）模拟试题3参考答案.pdf,已OCR,归一化,2026题目6/第40届中国化学奥林匹克（初赛）模拟试题3参考答案.md,06-外部资料导入\OCR\01-题目\2026年壹尖培优夏令营（国初高端冲刺营）\第40届中国化学奥林匹克（初赛）模拟试题答案\第 40届中国化学奥林匹克（初赛）模拟试题3参考答案.pdf
2026年壹尖广州寒假班,20260228广州模拟测试题.pdf,已OCR,精确,2026题目6/20260228广州模拟测试题.md,06-外部资料导入\OCR\01-题目\2026年壹尖广州寒假班\20260228广州模拟测试题.pdf
2026年壹尖广州寒假班,无机专题卷1.pdf,已OCR,精确,2026题目6/无机专题卷1.md,06-外部资料导入\OCR\01-题目\2026年壹尖广州寒假班\无机专题卷1.pdf
2026年壹尖广州寒假班,无机专题卷1答案.pdf,已OCR,精确,2026题目6/无机专题卷1答案.md,06-外部资料导入\OCR\01-题目\2026年壹尖广州寒假班\无机专题卷1答案.pdf
2026年壹尖广州寒假班,无机专题卷2.pdf,已OCR,精确,2026题目6/无机专题卷2.md,06-外部资料导入\OCR\01-题目\2026年壹尖广州寒假班\无机专题卷2.pdf
2026年壹尖广州寒假班,无机专题卷2答案.pdf,已OCR,精确,2026题目6/无机专题卷2答案.md,06-外部资料导入\OCR\01-题目\2026年壹尖广州寒假班\无机专题卷2答案.pdf
2026年夏令营汇智长沙班,卷1讲评..pdf,已OCR,精确,2026题目5/卷1讲评..md,06-外部资料导入\OCR\01-题目\2026年夏令营汇智长沙班\热力学等44项文件\卷1讲评..pdf
2026年夏令营汇智长沙班,卷2-讲评..pdf,已OCR,精确,2026题目5/卷2-讲评..md,06-外部资料导入\OCR\01-题目\2026年夏令营汇智长沙班\热力学等44项文件\卷2-讲评..pdf
2026年夏令营汇智长沙班,卷3-讲评.(1).pdf,未OCR,—,,06-外部资料导入\OCR\01-题目\2026年夏令营汇智长沙班\热力学等44项文件\卷3-讲评.(1).pdf
2026年夏令营汇智长沙班,改汇智起航2026年暑假（刷题班）全国化学初赛模拟卷6(4).pdf,未OCR,—,,06-外部资料导入\OCR\01-题目\2026年夏令营汇智长沙班\热力学等44项文件\改汇智起航2026年暑假（刷题班）全国化学初赛模拟卷6(4).pdf
2026年夏令营汇智长沙班,改：汇智起航2026年暑假（刷题班）全国化学初赛模拟卷4答案-version2.pdf,已OCR,精确,2026题目5/改：汇智起航2026年暑假（刷题班）全国化学初赛模拟卷4答案-version2.md,06-外部资料导入\OCR\01-题目\2026年夏令营汇智长沙班\热力学等44项文件\改：汇智起航2026年暑假（刷题班）全国化学初赛模拟卷4答案-version2.pdf
2026年夏令营汇智长沙班,汇智起航2026年暑假（冲刺班）结构化学初赛模拟卷1答案-250610-sjh(2)(2)(1)(1)(1)(1)(1).pdf,未OCR,—,,06-外部资料导入\OCR\01-题目\2026年夏令营汇智长沙班\热力学等44项文件\汇智起航2026年暑假（冲刺班）结构化学初赛模拟卷1答案-250610-sjh(2)(2)(1)(1)(1)(1)(1).pdf
2026年夏令营汇智长沙班,汇智起航2026年（暑假）无机化学初赛模拟试题1.pdf,已OCR,精确,2026题目5/汇智起航2026年（暑假）无机化学初赛模拟试题1.md,06-外部资料导入\OCR\01-题目\2026年夏令营汇智长沙班\热力学等44项文件\汇智起航2026年（暑假）无机化学初赛模拟试题1.pdf
2026年夏令营汇智长沙班,物化1解析手稿(1).pdf,未OCR,—,,06-外部资料导入\OCR\01-题目\2026年夏令营汇智长沙班\热力学等44项文件\物化1解析手稿(1).pdf
2026年夏令营汇智长沙班,讲评 - 副本(1).pdf,未OCR,—,,06-外部资料导入\OCR\01-题目\2026年夏令营汇智长沙班\热力学等44项文件\讲评 - 副本(1).pdf
2026年夏令营汇智长沙班,长沙冲刺无机综合.pdf,已OCR,精确,2026题目5/长沙冲刺无机综合.md,06-外部资料导入\OCR\01-题目\2026年夏令营汇智长沙班\长沙冲刺测试卷\长沙冲刺无机综合.pdf
2026年夏令营汇智长沙班,长沙冲刺有机1.pdf,已OCR,精确,2026题目5/长沙冲刺有机1.md,06-外部资料导入\OCR\01-题目\2026年夏令营汇智长沙班\长沙冲刺测试卷\长沙冲刺有机1.pdf
2026年夏令营汇智长沙班,长沙冲刺有机2.pdf,已OCR,精确,2026题目5/长沙冲刺有机2.md,06-外部资料导入\OCR\01-题目\2026年夏令营汇智长沙班\长沙冲刺测试卷\长沙冲刺有机2.pdf
2026年夏令营汇智长沙班,长沙冲刺物化1.pdf,已OCR,精确,2026题目5/长沙冲刺物化1.md,06-外部资料导入\OCR\01-题目\2026年夏令营汇智长沙班\长沙冲刺测试卷\长沙冲刺物化1.pdf
2026年夏令营汇智长沙班,长沙冲刺物化2.pdf,已OCR,精确,2026题目5/长沙冲刺物化2.md,06-外部资料导入\OCR\01-题目\2026年夏令营汇智长沙班\长沙冲刺测试卷\长沙冲刺物化2.pdf
2026年夏令营汇智长沙班,长沙冲刺结构.pdf,已OCR,精确,2026题目5/长沙冲刺结构.md,06-外部资料导入\OCR\01-题目\2026年夏令营汇智长沙班\长沙冲刺测试卷\长沙冲刺结构.pdf
2026年夏令营汇智长沙班,长沙冲刺综合1.pdf,已OCR,精确,2026题目5/长沙冲刺综合1.md,06-外部资料导入\OCR\01-题目\2026年夏令营汇智长沙班\长沙冲刺测试卷\长沙冲刺综合1.pdf
2026年夏令营汇智长沙班,长沙冲刺综合2.pdf,已OCR,精确,2026题目5/长沙冲刺综合2.md,06-外部资料导入\OCR\01-题目\2026年夏令营汇智长沙班\长沙冲刺测试卷\长沙冲刺综合2.pdf
2026年夏令营汇智长沙班,长沙冲刺综合3.pdf,已OCR,精确,2026题目5/长沙冲刺综合3.md,06-外部资料导入\OCR\01-题目\2026年夏令营汇智长沙班\长沙冲刺测试卷\长沙冲刺综合3.pdf
2026年夏令营汇智长沙班,长沙冲刺综合4.pdf,已OCR,精确,2026题目5/长沙冲刺综合4.md,06-外部资料导入\OCR\01-题目\2026年夏令营汇智长沙班\长沙冲刺测试卷\长沙冲刺综合4.pdf
2026年夏令营汇智长沙班,长沙冲刺综合5.pdf,已OCR,精确,2026题目5/长沙冲刺综合5.md,06-外部资料导入\OCR\01-题目\2026年夏令营汇智长沙班\长沙冲刺测试卷\长沙冲刺综合5.pdf
2026年夏令营汇智长沙班,长沙冲刺综合6.pdf,已OCR,精确,2026题目5/长沙冲刺综合6.md,06-外部资料导入\OCR\01-题目\2026年夏令营汇智长沙班\长沙冲刺测试卷\长沙冲刺综合6.pdf
2026年夏令营汇智长沙班,长沙冲刺综合7.pdf,已OCR,精确,2026题目5/长沙冲刺综合7.md,06-外部资料导入\OCR\01-题目\2026年夏令营汇智长沙班\长沙冲刺测试卷\长沙冲刺综合7.pdf
2026年方圆杭州寒假班,有机2.10日晚上习题课.pdf,已OCR,精确,2026题目2/有机2.10日晚上习题课.md,06-外部资料导入\OCR\01-题目\2026年方圆杭州寒假班\2026寒假有机专题资料合集\有机2.10日晚上习题课.pdf
2026年方圆杭州寒假班,有机化学试卷讲解1.pdf,已OCR,精确,2026题目2/有机化学试卷讲解1.md,06-外部资料导入\OCR\01-题目\2026年方圆杭州寒假班\2026寒假有机专题资料合集\有机化学试卷讲解1.pdf
2026年方圆杭州寒假班,有机化学试卷讲解2.pdf,已OCR,精确,2026题目2/有机化学试卷讲解2.md,06-外部资料导入\OCR\01-题目\2026年方圆杭州寒假班\2026寒假有机专题资料合集\有机化学试卷讲解2.pdf
2026年方圆杭州寒假班,有机化学测试题1 答案.pdf,已OCR,归一化,2026题目2/有机化学测试题1答案.md,06-外部资料导入\OCR\01-题目\2026年方圆杭州寒假班\2026寒假有机专题资料合集\试卷1\有机化学测试题1 答案.pdf
2026年方圆杭州寒假班,有机化学测试题1.pdf,已OCR,精确,2026题目2/有机化学测试题1.md,06-外部资料导入\OCR\01-题目\2026年方圆杭州寒假班\2026寒假有机专题资料合集\试卷1\有机化学测试题1.pdf
2026年方圆杭州寒假班,有机化学测试2参考答案.pdf,已OCR,精确,2026题目2/有机化学测试2参考答案.md,06-外部资料导入\OCR\01-题目\2026年方圆杭州寒假班\2026寒假有机专题资料合集\试卷2\有机化学测试2参考答案.pdf
2026年方圆杭州寒假班,2.10习题三答案.pdf,已OCR,精确,2026题目3/2.10习题三答案.md,06-外部资料导入\OCR\01-题目\2026年方圆杭州寒假班\方圆2026冬令营无机提高补充资料2.14\习题手稿\2.10习题三答案.pdf
2026年方圆杭州寒假班,2.10习题三讲评.pdf,已OCR,精确,2026题目3/2.10习题三讲评.md,06-外部资料导入\OCR\01-题目\2026年方圆杭州寒假班\方圆2026冬令营无机提高补充资料2.14\习题手稿\2.10习题三讲评.pdf
2026年方圆杭州寒假班,2.13试卷二讲评.pdf,已OCR,精确,2026题目3/2.13试卷二讲评.md,06-外部资料导入\OCR\01-题目\2026年方圆杭州寒假班\方圆2026冬令营无机提高补充资料2.14\习题手稿\2.13试卷二讲评.pdf
2026年方圆杭州寒假班,2.6习题一答案.pdf,已OCR,精确,2026题目2/2.6习题一答案.md,06-外部资料导入\OCR\01-题目\2026年方圆杭州寒假班\方圆2026冬令营无机提高补充资料2.14\习题手稿\2.6习题一答案.pdf
2026年方圆杭州寒假班,2.6习题一解析.pdf,已OCR,精确,2026题目2/2.6习题一解析.md,06-外部资料导入\OCR\01-题目\2026年方圆杭州寒假班\方圆2026冬令营无机提高补充资料2.14\习题手稿\2.6习题一解析.pdf
2026年方圆杭州寒假班,2.7习题二答案.pdf,已OCR,精确,2026题目2/2.7习题二答案.md,06-外部资料导入\OCR\01-题目\2026年方圆杭州寒假班\方圆2026冬令营无机提高补充资料2.14\习题手稿\2.7习题二答案.pdf
2026年方圆杭州寒假班,2.9试卷一讲评.pdf,已OCR,精确,2026题目2/2.9试卷一讲评.md,06-外部资料导入\OCR\01-题目\2026年方圆杭州寒假班\方圆2026冬令营无机提高补充资料2.14\习题手稿\2.9试卷一讲评.pdf
2026年方圆杭州寒假班,无机专题试卷一.pdf,已OCR,精确,2026题目2/无机专题试卷一.md,06-外部资料导入\OCR\01-题目\2026年方圆杭州寒假班\方圆2026冬令营无机提高补充资料2.14\试卷及答案\无机专题试卷一.pdf
2026年方圆杭州寒假班,无机专题试卷二.pdf,已OCR,精确,2026题目2/无机专题试卷二.md,06-外部资料导入\OCR\01-题目\2026年方圆杭州寒假班\方圆2026冬令营无机提高补充资料2.14\试卷及答案\无机专题试卷二.pdf
2026年方圆杭州寒假班,答案--无机专题试卷一.pdf,已OCR,精确,2026题目2/答案--无机专题试卷一.md,06-外部资料导入\OCR\01-题目\2026年方圆杭州寒假班\方圆2026冬令营无机提高补充资料2.14\试卷及答案\答案--无机专题试卷一.pdf
2026年方圆杭州寒假班,答案--无机专题试卷二.pdf,已OCR,精确,2026题目2/答案--无机专题试卷二.md,06-外部资料导入\OCR\01-题目\2026年方圆杭州寒假班\方圆2026冬令营无机提高补充资料2.14\试卷及答案\答案--无机专题试卷二.pdf
2026年汇智五一有机班,汇智起航2026年(五一期间)有机化学初赛模拟卷1(4).pdf,未OCR,—,,06-外部资料导入\OCR\01-题目\2026年汇智五一有机班\2026五一有机营-成都\汇智起航2026年(五一期间)有机化学初赛模拟卷1(4).pdf
2026年汇智五一有机班,汇智起航2026年(五一期间)有机化学初赛模拟卷1答案(5).pdf,未OCR,—,,06-外部资料导入\OCR\01-题目\2026年汇智五一有机班\2026五一有机营-成都\汇智起航2026年(五一期间)有机化学初赛模拟卷1答案(5).pdf
2026年汇智五一有机班,汇智起航2026年(五一期间)有机化学初赛模拟卷2.pdf,已OCR,归一化,2026题目4/汇智起航2026年五一期间有机化学初赛模拟卷2.md,06-外部资料导入\OCR\01-题目\2026年汇智五一有机班\2026五一有机营-成都\汇智起航2026年(五一期间)有机化学初赛模拟卷2.pdf
2026年汇智五一有机班,汇智起航2026年(五一期间)有机化学初赛模拟卷2答案(3).pdf,未OCR,—,,06-外部资料导入\OCR\01-题目\2026年汇智五一有机班\2026五一有机营-成都\汇智起航2026年(五一期间)有机化学初赛模拟卷2答案(3).pdf
2026年汇智杭州有机寒假班,2.5练习题及答案.pdf,已OCR,精确,2026题目4/2.5练习题及答案.md,06-外部资料导入\OCR\01-题目\2026年汇智杭州有机寒假班\杭州有机试题、练习题、手稿\2.5练习题及答案.pdf
2026年汇智杭州有机寒假班,2.7杭州有机化学班第三天练习题.pdf,已OCR,精确,2026题目4/2.7杭州有机化学班第三天练习题.md,06-外部资料导入\OCR\01-题目\2026年汇智杭州有机寒假班\杭州有机试题、练习题、手稿\2.7杭州有机化学班第三天练习题.pdf
2026年汇智杭州有机寒假班,2026年寒假杭州有机化学班第五天练习题及答案.pdf,已OCR,精确,2026题目4/2026年寒假杭州有机化学班第五天练习题及答案.md,06-外部资料导入\OCR\01-题目\2026年汇智杭州有机寒假班\杭州有机试题、练习题、手稿\2026年寒假杭州有机化学班第五天练习题及答案.pdf
2026年汇智杭州有机寒假班,2026年寒假杭州有机化学班练习5习题及答案.pdf,已OCR,精确,2026题目4/2026年寒假杭州有机化学班练习5习题及答案.md,06-外部资料导入\OCR\01-题目\2026年汇智杭州有机寒假班\杭州有机试题、练习题、手稿\2026年寒假杭州有机化学班练习5习题及答案.pdf
2026年汇智杭州有机寒假班,2026年寒假杭州有机化学班练习题4练习题及答案.pdf,已OCR,精确,2026题目4/2026年寒假杭州有机化学班练习题4练习题及答案.md,06-外部资料导入\OCR\01-题目\2026年汇智杭州有机寒假班\杭州有机试题、练习题、手稿\2026年寒假杭州有机化学班练习题4练习题及答案.pdf
2026年汇智杭州有机寒假班,有机化学专题初赛模拟卷1试题及答案.pdf,已OCR,精确,2026题目4/有机化学专题初赛模拟卷1试题及答案.md,06-外部资料导入\OCR\01-题目\2026年汇智杭州有机寒假班\杭州有机试题、练习题、手稿\有机化学专题初赛模拟卷1试题及答案.pdf
2026年汇智杭州有机寒假班,汇智起航2026年寒假有机化学专题初赛模拟卷2及答案.pdf,已OCR,精确,2026题目4/汇智起航2026年寒假有机化学专题初赛模拟卷2及答案.md,06-外部资料导入\OCR\01-题目\2026年汇智杭州有机寒假班\杭州有机试题、练习题、手稿\汇智起航2026年寒假有机化学专题初赛模拟卷2及答案.pdf
2026年汇智杭州有机寒假班,2.7晚-有机小练答案(2).pdf,未OCR,—,,06-外部资料导入\OCR\01-题目\2026年汇智杭州有机寒假班\杭州有机试题、练习题、手稿\手稿\2.7晚-有机小练答案(2).pdf
2026年汇智杭州有机寒假班,汇智起航2026年（寒假）有机化学初赛模拟卷2答案-260106-hth.pdf,未OCR,—,,06-外部资料导入\OCR\01-题目\2026年汇智杭州有机寒假班\杭州有机试题、练习题、手稿\手稿\汇智起航2026年（寒假）有机化学初赛模拟卷2答案-260106-hth.pdf
2026年汇智杭州有机寒假班,练习1 (1).pdf,未OCR,—,,06-外部资料导入\OCR\01-题目\2026年汇智杭州有机寒假班\杭州有机试题、练习题、手稿\手稿\练习1 (1).pdf
2026年汇智杭州有机寒假班,练习5.pdf,未OCR,—,,06-外部资料导入\OCR\01-题目\2026年汇智杭州有机寒假班\杭州有机试题、练习题、手稿\手稿\练习5.pdf
2026年清北营4月春季班,春季模拟1.pdf,已OCR,精确,2026题目4/春季模拟1.md,06-外部资料导入\OCR\01-题目\2026年清北营4月春季班\清北营 2026 春季研讨班\春季模拟1.pdf
2026年清北营4月春季班,春季模拟10.pdf,已OCR,精确,2026题目4/春季模拟10.md,06-外部资料导入\OCR\01-题目\2026年清北营4月春季班\清北营 2026 春季研讨班\春季模拟10.pdf
2026年清北营4月春季班,春季模拟11.pdf,已OCR,精确,2026题目4/春季模拟11.md,06-外部资料导入\OCR\01-题目\2026年清北营4月春季班\清北营 2026 春季研讨班\春季模拟11.pdf
2026年清北营4月春季班,春季模拟12.pdf,已OCR,精确,2026题目4/春季模拟12.md,06-外部资料导入\OCR\01-题目\2026年清北营4月春季班\清北营 2026 春季研讨班\春季模拟12.pdf
2026年清北营4月春季班,春季模拟2.pdf,已OCR,精确,2026题目4/春季模拟2.md,06-外部资料导入\OCR\01-题目\2026年清北营4月春季班\清北营 2026 春季研讨班\春季模拟2.pdf
2026年清北营4月春季班,春季模拟3.pdf,已OCR,精确,2026题目4/春季模拟3.md,06-外部资料导入\OCR\01-题目\2026年清北营4月春季班\清北营 2026 春季研讨班\春季模拟3.pdf
2026年清北营4月春季班,春季模拟4.pdf,已OCR,精确,2026题目4/春季模拟4.md,06-外部资料导入\OCR\01-题目\2026年清北营4月春季班\清北营 2026 春季研讨班\春季模拟4.pdf
2026年清北营4月春季班,春季模拟5.pdf,已OCR,精确,2026题目4/春季模拟5.md,06-外部资料导入\OCR\01-题目\2026年清北营4月春季班\清北营 2026 春季研讨班\春季模拟5.pdf
2026年清北营4月春季班,春季模拟6.pdf,已OCR,精确,2026题目4/春季模拟6.md,06-外部资料导入\OCR\01-题目\2026年清北营4月春季班\清北营 2026 春季研讨班\春季模拟6.pdf
2026年清北营4月春季班,春季模拟7.pdf,已OCR,精确,2026题目4/春季模拟7.md,06-外部资料导入\OCR\01-题目\2026年清北营4月春季班\清北营 2026 春季研讨班\春季模拟7.pdf
2026年清北营4月春季班,春季模拟8.pdf,已OCR,精确,2026题目4/春季模拟8.md,06-外部资料导入\OCR\01-题目\2026年清北营4月春季班\清北营 2026 春季研讨班\春季模拟8.pdf
2026年清北营4月春季班,春季模拟9.pdf,已OCR,精确,2026题目4/春季模拟9.md,06-外部资料导入\OCR\01-题目\2026年清北营4月春季班\清北营 2026 春季研讨班\春季模拟9.pdf
2026年清北营6月物化班,清北营2026年物化专题班(试卷2)答案.pdf,已OCR,归一化,2026题目4/清北营2026年物化专题班试卷2答案.md,06-外部资料导入\OCR\01-题目\2026年清北营6月物化班\清北营2026年物化专题班(试卷2)答案.pdf
2026年清北营6月物化班,清北营2026年物化专题班试卷1.pdf,已OCR,精确,2026题目4/清北营2026年物化专题班试卷1.md,06-外部资料导入\OCR\01-题目\2026年清北营6月物化班\清北营2026年物化专题班试卷1.pdf
2026年清北营6月物化班,清北营2026年物化专题班试卷1答案.pdf,已OCR,精确,2026题目4/清北营2026年物化专题班试卷1答案.md,06-外部资料导入\OCR\01-题目\2026年清北营6月物化班\清北营2026年物化专题班试卷1答案.pdf
2026年清北营6月物化班,清北营2026年物化专题班试卷2.pdf,已OCR,精确,2026题目4/清北营2026年物化专题班试卷2.md,06-外部资料导入\OCR\01-题目\2026年清北营6月物化班\清北营2026年物化专题班试卷2.pdf
2026年清北营寒假班,2026年清北营寒假班-试卷1-参考答案.pdf,已OCR,精确,2026题目4/2026年清北营寒假班-试卷1-参考答案.md,06-外部资料导入\OCR\01-题目\2026年清北营寒假班\2026年清北营寒假高二班试卷（未修订版）(1)\2026年清北营寒假班-试卷1-参考答案.pdf
2026年清北营寒假班,2026年清北营寒假班-试卷1.pdf,已OCR,精确,2026题目4/2026年清北营寒假班-试卷1.md,06-外部资料导入\OCR\01-题目\2026年清北营寒假班\2026年清北营寒假高二班试卷（未修订版）(1)\2026年清北营寒假班-试卷1.pdf
2026年清北营寒假班,2026年清北营寒假班-试卷2-参考答案.pdf,已OCR,精确,2026题目4/2026年清北营寒假班-试卷2-参考答案.md,06-外部资料导入\OCR\01-题目\2026年清北营寒假班\2026年清北营寒假高二班试卷（未修订版）(1)\2026年清北营寒假班-试卷2-参考答案.pdf
2026年清北营寒假班,2026年清北营寒假班-试卷2.pdf,已OCR,精确,2026题目4/2026年清北营寒假班-试卷2.md,06-外部资料导入\OCR\01-题目\2026年清北营寒假班\2026年清北营寒假高二班试卷（未修订版）(1)\2026年清北营寒假班-试卷2.pdf
2026年清北营寒假班,2026年清北营寒假班-试卷3-参考答案.pdf,已OCR,精确,2026题目4/2026年清北营寒假班-试卷3-参考答案.md,06-外部资料导入\OCR\01-题目\2026年清北营寒假班\2026年清北营寒假高二班试卷（未修订版）(1)\2026年清北营寒假班-试卷3-参考答案.pdf
2026年清北营寒假班,2026年清北营寒假班-试卷3.pdf,已OCR,精确,2026题目4/2026年清北营寒假班-试卷3.md,06-外部资料导入\OCR\01-题目\2026年清北营寒假班\2026年清北营寒假高二班试卷（未修订版）(1)\2026年清北营寒假班-试卷3.pdf
2026年清北营寒假班,2026年清北营寒假班-试卷4-参考答案.pdf,已OCR,精确,2026题目4/2026年清北营寒假班-试卷4-参考答案.md,06-外部资料导入\OCR\01-题目\2026年清北营寒假班\2026年清北营寒假高二班试卷（未修订版）(1)\2026年清北营寒假班-试卷4-参考答案.pdf
2026年清北营寒假班,2026年清北营寒假班-试卷4.pdf,已OCR,精确,2026题目4/2026年清北营寒假班-试卷4.md,06-外部资料导入\OCR\01-题目\2026年清北营寒假班\2026年清北营寒假高二班试卷（未修订版）(1)\2026年清北营寒假班-试卷4.pdf
2026年清北营寒假班,2026年清北营寒假班-试卷5-参考答案.pdf,已OCR,精确,2026题目4/2026年清北营寒假班-试卷5-参考答案.md,06-外部资料导入\OCR\01-题目\2026年清北营寒假班\2026年清北营寒假高二班试卷（未修订版）(1)\2026年清北营寒假班-试卷5-参考答案.pdf
2026年清北营寒假班,2026年清北营寒假班-试卷5.pdf,已OCR,精确,2026题目4/2026年清北营寒假班-试卷5.md,06-外部资料导入\OCR\01-题目\2026年清北营寒假班\2026年清北营寒假高二班试卷（未修订版）(1)\2026年清北营寒假班-试卷5.pdf
2026方圆暑期冲刺营,卷一.pdf,已OCR,精确,2026题目/卷一.md,06-外部资料导入\OCR\01-题目\2026方圆暑期冲刺营\方圆\卷一\卷一\卷一.pdf
2026方圆暑期冲刺营,卷一答案.pdf,已OCR,精确,2026题目/卷一答案.md,06-外部资料导入\OCR\01-题目\2026方圆暑期冲刺营\方圆\卷一\卷一\卷一答案.pdf
2026方圆暑期冲刺营,卷三.pdf,已OCR,精确,2026题目/卷三.md,06-外部资料导入\OCR\01-题目\2026方圆暑期冲刺营\方圆\卷三\卷三\卷三.pdf
2026方圆暑期冲刺营,卷三答案.pdf,已OCR,精确,2026题目/卷三答案.md,06-外部资料导入\OCR\01-题目\2026方圆暑期冲刺营\方圆\卷三\卷三\卷三答案.pdf
2026方圆暑期冲刺营,卷二.pdf,已OCR,精确,2026题目/卷二.md,06-外部资料导入\OCR\01-题目\2026方圆暑期冲刺营\方圆\卷二\卷二\卷二.pdf
2026方圆暑期冲刺营,卷二答案.pdf,已OCR,精确,2026题目/卷二答案.md,06-外部资料导入\OCR\01-题目\2026方圆暑期冲刺营\方圆\卷二\卷二\卷二答案.pdf
2026方圆暑期冲刺营,卷一 答案.pdf,已OCR,归一化,2026题目/卷一答案.md,06-外部资料导入\OCR\01-题目\2026方圆暑期冲刺营\方圆\试卷及答案电子版\卷一\卷一 答案.pdf
2026方圆暑期冲刺营,卷一.pdf,已OCR,精确,2026题目/卷一.md,06-外部资料导入\OCR\01-题目\2026方圆暑期冲刺营\方圆\试卷及答案电子版\卷一\卷一.pdf
2026方圆暑期冲刺营,卷三.pdf,已OCR,精确,2026题目/卷三.md,06-外部资料导入\OCR\01-题目\2026方圆暑期冲刺营\方圆\试卷及答案电子版\卷三\卷三.pdf
2026方圆暑期冲刺营,卷三答案.pdf,已OCR,精确,2026题目/卷三答案.md,06-外部资料导入\OCR\01-题目\2026方圆暑期冲刺营\方圆\试卷及答案电子版\卷三\卷三答案.pdf
2026方圆暑期冲刺营,卷二.pdf,已OCR,精确,2026题目/卷二.md,06-外部资料导入\OCR\01-题目\2026方圆暑期冲刺营\方圆\试卷及答案电子版\卷二\卷二.pdf
2026方圆暑期冲刺营,卷二答案.pdf,已OCR,精确,2026题目/卷二答案.md,06-外部资料导入\OCR\01-题目\2026方圆暑期冲刺营\方圆\试卷及答案电子版\卷二\卷二答案.pdf
2026暑假化英社解题技巧班,施朱鸣-计算专题-讲评.pdf,已OCR,精确,2026题目9/施朱鸣-计算专题-讲评.md,06-外部资料导入\OCR\01-题目\2026暑假化英社解题技巧班\施朱鸣-计算专题-讲评.pdf
2026暑假化英社解题技巧班,第40届化英社化学奥林匹克(初赛)模拟试题15.pdf,已OCR,归一化,2026题目9/第40届化英社化学奥林匹克初赛模拟试题15.md,06-外部资料导入\OCR\01-题目\2026暑假化英社解题技巧班\第40届化英社化学奥林匹克(初赛)模拟试题15.pdf
2026暑假化英社解题技巧班,第40届化英社化学奥林匹克(初赛)计算与实验.pdf,已OCR,归一化,2026题目9/第40届化英社化学奥林匹克初赛计算与实验.md,06-外部资料导入\OCR\01-题目\2026暑假化英社解题技巧班\第40届化英社化学奥林匹克(初赛)计算与实验.pdf
2026暑假化英社解题技巧班,第40届化英社化学奥林匹克（初赛）夏季模拟14参考答案.pdf,已OCR,精确,2026题目9/第40届化英社化学奥林匹克（初赛）夏季模拟14参考答案.md,06-外部资料导入\OCR\01-题目\2026暑假化英社解题技巧班\第40届化英社化学奥林匹克（初赛）夏季模拟14参考答案.pdf
2026暑假化英社解题技巧班,第40届化英社化学奥林匹克（初赛）模拟试题14.pdf,已OCR,精确,2026题目9/第40届化英社化学奥林匹克（初赛）模拟试题14.md,06-外部资料导入\OCR\01-题目\2026暑假化英社解题技巧班\第40届化英社化学奥林匹克（初赛）模拟试题14.pdf
2026暑假化英社解题技巧班,第40届化英社化学奥林匹克（初赛）模拟试题15参考答案.pdf,已OCR,精确,2026题目9/第40届化英社化学奥林匹克（初赛）模拟试题15参考答案.md,06-外部资料导入\OCR\01-题目\2026暑假化英社解题技巧班\第40届化英社化学奥林匹克（初赛）模拟试题15参考答案.pdf
2026暑假化英社解题技巧班,第40届化英社化学奥林匹克（初赛）计算与实验参考答案.pdf,已OCR,精确,2026题目9/第40届化英社化学奥林匹克（初赛）计算与实验参考答案.md,06-外部资料导入\OCR\01-题目\2026暑假化英社解题技巧班\第40届化英社化学奥林匹克（初赛）计算与实验参考答案.pdf
2026清北营夏令营,2026年清北营暑假高二班-试卷1-参考答案.pdf,已OCR,精确,2026题目8/2026年清北营暑假高二班-试卷1-参考答案.md,06-外部资料导入\OCR\01-题目\2026清北营夏令营\清北营高二试卷（前13套）\2026年清北营暑假高二班-试卷1-参考答案.pdf
2026清北营夏令营,2026年清北营暑假高二班-试卷1.pdf,已OCR,精确,2026题目8/2026年清北营暑假高二班-试卷1.md,06-外部资料导入\OCR\01-题目\2026清北营夏令营\清北营高二试卷（前13套）\2026年清北营暑假高二班-试卷1.pdf
2026清北营夏令营,2026年清北营暑假高二班-试卷10-参考答案.pdf,已OCR,精确,2026题目12/2026年清北营暑假高二班-试卷10-参考答案.md,06-外部资料导入\OCR\01-题目\2026清北营夏令营\清北营高二试卷（前13套）\2026年清北营暑假高二班-试卷10-参考答案.pdf
2026清北营夏令营,2026年清北营暑假高二班-试卷10.pdf,已OCR,精确,2026题目9/2026年清北营暑假高二班-试卷10.md,06-外部资料导入\OCR\01-题目\2026清北营夏令营\清北营高二试卷（前13套）\2026年清北营暑假高二班-试卷10.pdf
2026清北营夏令营,2026年清北营暑假高二班-试卷11-参考答案.pdf,已OCR,精确,2026题目9/2026年清北营暑假高二班-试卷11-参考答案.md,06-外部资料导入\OCR\01-题目\2026清北营夏令营\清北营高二试卷（前13套）\2026年清北营暑假高二班-试卷11-参考答案.pdf
2026清北营夏令营,2026年清北营暑假高二班-试卷11.pdf,已OCR,精确,2026题目9/2026年清北营暑假高二班-试卷11.md,06-外部资料导入\OCR\01-题目\2026清北营夏令营\清北营高二试卷（前13套）\2026年清北营暑假高二班-试卷11.pdf
2026清北营夏令营,2026年清北营暑假高二班-试卷13-参考答案.pdf,已OCR,精确,2026题目9/2026年清北营暑假高二班-试卷13-参考答案.md,06-外部资料导入\OCR\01-题目\2026清北营夏令营\清北营高二试卷（前13套）\2026年清北营暑假高二班-试卷13-参考答案.pdf
2026清北营夏令营,2026年清北营暑假高二班-试卷13.pdf,已OCR,精确,2026题目12/2026年清北营暑假高二班-试卷13.md,06-外部资料导入\OCR\01-题目\2026清北营夏令营\清北营高二试卷（前13套）\2026年清北营暑假高二班-试卷13.pdf
2026清北营夏令营,2026年清北营暑假高二班-试卷16-参考答案.pdf,已OCR,精确,2026题目9/2026年清北营暑假高二班-试卷16-参考答案.md,06-外部资料导入\OCR\01-题目\2026清北营夏令营\清北营高二试卷（前13套）\2026年清北营暑假高二班-试卷16-参考答案.pdf
2026清北营夏令营,2026年清北营暑假高二班-试卷16.pdf,已OCR,精确,2026题目9/2026年清北营暑假高二班-试卷16.md,06-外部资料导入\OCR\01-题目\2026清北营夏令营\清北营高二试卷（前13套）\2026年清北营暑假高二班-试卷16.pdf
2026清北营夏令营,2026年清北营暑假高二班-试卷17-参考答案.pdf,已OCR,精确,2026题目12/2026年清北营暑假高二班-试卷17-参考答案.md,06-外部资料导入\OCR\01-题目\2026清北营夏令营\清北营高二试卷（前13套）\2026年清北营暑假高二班-试卷17-参考答案.pdf
2026清北营夏令营,2026年清北营暑假高二班-试卷17.pdf,已OCR,精确,2026题目12/2026年清北营暑假高二班-试卷17.md,06-外部资料导入\OCR\01-题目\2026清北营夏令营\清北营高二试卷（前13套）\2026年清北营暑假高二班-试卷17.pdf
2026清北营夏令营,2026年清北营暑假高二班-试卷2-参考答案.pdf,已OCR,精确,2026题目8/2026年清北营暑假高二班-试卷2-参考答案.md,06-外部资料导入\OCR\01-题目\2026清北营夏令营\清北营高二试卷（前13套）\2026年清北营暑假高二班-试卷2-参考答案.pdf
2026清北营夏令营,2026年清北营暑假高二班-试卷2.pdf,已OCR,精确,2026题目8/2026年清北营暑假高二班-试卷2.md,06-外部资料导入\OCR\01-题目\2026清北营夏令营\清北营高二试卷（前13套）\2026年清北营暑假高二班-试卷2.pdf
2026清北营夏令营,2026年清北营暑假高二班-试卷3-参考答案.pdf,已OCR,精确,2026题目8/2026年清北营暑假高二班-试卷3-参考答案.md,06-外部资料导入\OCR\01-题目\2026清北营夏令营\清北营高二试卷（前13套）\2026年清北营暑假高二班-试卷3-参考答案.pdf
2026清北营夏令营,2026年清北营暑假高二班-试卷3.pdf,已OCR,精确,2026题目8/2026年清北营暑假高二班-试卷3.md,06-外部资料导入\OCR\01-题目\2026清北营夏令营\清北营高二试卷（前13套）\2026年清北营暑假高二班-试卷3.pdf
2026清北营夏令营,2026年清北营暑假高二班-试卷4-参考答案.pdf,已OCR,精确,2026题目8/2026年清北营暑假高二班-试卷4-参考答案.md,06-外部资料导入\OCR\01-题目\2026清北营夏令营\清北营高二试卷（前13套）\2026年清北营暑假高二班-试卷4-参考答案.pdf
2026清北营夏令营,2026年清北营暑假高二班-试卷4.pdf,已OCR,精确,2026题目8/2026年清北营暑假高二班-试卷4.md,06-外部资料导入\OCR\01-题目\2026清北营夏令营\清北营高二试卷（前13套）\2026年清北营暑假高二班-试卷4.pdf
2026清北营夏令营,2026年清北营暑假高二班-试卷5-参考答案.pdf,已OCR,精确,2026题目8/2026年清北营暑假高二班-试卷5-参考答案.md,06-外部资料导入\OCR\01-题目\2026清北营夏令营\清北营高二试卷（前13套）\2026年清北营暑假高二班-试卷5-参考答案.pdf
2026清北营夏令营,2026年清北营暑假高二班-试卷5.pdf,已OCR,精确,2026题目8/2026年清北营暑假高二班-试卷5.md,06-外部资料导入\OCR\01-题目\2026清北营夏令营\清北营高二试卷（前13套）\2026年清北营暑假高二班-试卷5.pdf
2026清北营夏令营,2026年清北营暑假高二班-试卷6-参考答案.pdf,已OCR,精确,2026题目8/2026年清北营暑假高二班-试卷6-参考答案.md,06-外部资料导入\OCR\01-题目\2026清北营夏令营\清北营高二试卷（前13套）\2026年清北营暑假高二班-试卷6-参考答案.pdf
2026清北营夏令营,2026年清北营暑假高二班-试卷6.pdf,已OCR,精确,2026题目8/2026年清北营暑假高二班-试卷6.md,06-外部资料导入\OCR\01-题目\2026清北营夏令营\清北营高二试卷（前13套）\2026年清北营暑假高二班-试卷6.pdf
2026清北营夏令营,2026年清北营暑假高二班-试卷7-有机专题-参考答案.pdf,已OCR,精确,2026题目8/2026年清北营暑假高二班-试卷7-有机专题-参考答案.md,06-外部资料导入\OCR\01-题目\2026清北营夏令营\清北营高二试卷（前13套）\2026年清北营暑假高二班-试卷7-有机专题-参考答案.pdf
2026清北营夏令营,2026年清北营暑假高二班-试卷7-有机专题.pdf,已OCR,精确,2026题目8/2026年清北营暑假高二班-试卷7-有机专题.md,06-外部资料导入\OCR\01-题目\2026清北营夏令营\清北营高二试卷（前13套）\2026年清北营暑假高二班-试卷7-有机专题.pdf
2026清北营夏令营,2026年清北营暑假高二班-试卷8-参考答案.pdf,已OCR,精确,2026题目12/2026年清北营暑假高二班-试卷8-参考答案.md,06-外部资料导入\OCR\01-题目\2026清北营夏令营\清北营高二试卷（前13套）\2026年清北营暑假高二班-试卷8-参考答案.pdf
2026清北营夏令营,2026年清北营暑假高二班-试卷8.pdf,已OCR,精确,2026题目8/2026年清北营暑假高二班-试卷8.md,06-外部资料导入\OCR\01-题目\2026清北营夏令营\清北营高二试卷（前13套）\2026年清北营暑假高二班-试卷8.pdf
2026清北营夏令营,2026年清北营暑假高二班-试卷9-参考答案.pdf,未OCR,—,,06-外部资料导入\OCR\01-题目\2026清北营夏令营\清北营高二试卷（前13套）\2026年清北营暑假高二班-试卷9-参考答案.pdf
2026清北营夏令营,2026年清北营暑假高二班-试卷9.pdf,已OCR,精确,2026题目8/2026年清北营暑假高二班-试卷9.md,06-外部资料导入\OCR\01-题目\2026清北营夏令营\清北营高二试卷（前13套）\2026年清北营暑假高二班-试卷9.pdf
2ChO资料汇总_20260525版(1),2026年中学生化学春季研讨会试题解析.pdf,已OCR,精确,2026题目/2026年中学生化学春季研讨会试题解析.md,06-外部资料导入\OCR\01-题目\2ChO资料汇总_20260525版(1)\2026年中学生化学春季研讨会试题解析\2026年中学生化学春季研讨会试题解析.pdf
2ChO资料汇总_20260525版(1),2026年中学生化学春季研讨会试题解析补充说明.pdf,已OCR,精确,2026题目/2026年中学生化学春季研讨会试题解析补充说明.md,06-外部资料导入\OCR\01-题目\2ChO资料汇总_20260525版(1)\2026年中学生化学春季研讨会试题解析\2026年中学生化学春季研讨会试题解析补充说明.pdf
2ChO资料汇总_20260525版(1),第1届2ChO化学奥林匹克联考试题.pdf,已OCR,精确,2026题目/第1届2ChO化学奥林匹克联考试题.md,06-外部资料导入\OCR\01-题目\2ChO资料汇总_20260525版(1)\第1届2ChO化学奥林匹克联考\第1届2ChO化学奥林匹克联考试题.pdf
2ChO资料汇总_20260525版(1),第1届2ChO化学奥林匹克联考试题、答案、说明与评分细则.pdf,已OCR,精确,2026题目/第1届2ChO化学奥林匹克联考试题、答案、说明与评分细则.md,06-外部资料导入\OCR\01-题目\2ChO资料汇总_20260525版(1)\第1届2ChO化学奥林匹克联考\第1届2ChO化学奥林匹克联考试题、答案、说明与评分细则.pdf
2ChO资料汇总_20260525版(1),第1届2ChO化学奥林匹克联考试题解析.pdf,已OCR,精确,2026题目/第1届2ChO化学奥林匹克联考试题解析.md,06-外部资料导入\OCR\01-题目\2ChO资料汇总_20260525版(1)\第1届2ChO化学奥林匹克联考\第1届2ChO化学奥林匹克联考试题解析.pdf
2ChO资料汇总_20260525版(1),第2届2ChO化学奥林匹克联考试题.pdf,已OCR,精确,2026题目/第2届2ChO化学奥林匹克联考试题.md,06-外部资料导入\OCR\01-题目\2ChO资料汇总_20260525版(1)\第2届2ChO化学奥林匹克联考\第2届2ChO化学奥林匹克联考试题.pdf
2ChO资料汇总_20260525版(1),第2届2ChO化学奥林匹克联考试题、答案、说明与评分细则.pdf,已OCR,精确,2026题目/第2届2ChO化学奥林匹克联考试题、答案、说明与评分细则.md,06-外部资料导入\OCR\01-题目\2ChO资料汇总_20260525版(1)\第2届2ChO化学奥林匹克联考\第2届2ChO化学奥林匹克联考试题、答案、说明与评分细则.pdf
2ChO资料汇总_20260525版(1),第37届中国化学奥林匹克(初赛)第7题补充说明_最终版_2ChO化学团队制作.pdf,已OCR,归一化,2026题目/第37届中国化学奥林匹克初赛第7题补充说明_最终版_2ChO化学团队制作.md,06-外部资料导入\OCR\01-题目\2ChO资料汇总_20260525版(1)\第37届中国化学奥林匹克(初赛)试题解析\第37届中国化学奥林匹克(初赛)第7题补充说明_最终版_2ChO化学团队制作.pdf
2ChO资料汇总_20260525版(1),第37届中国化学奥林匹克(初赛)试题解析_最终版_2ChO化学团队制作.pdf,已OCR,归一化,2026题目/第37届中国化学奥林匹克初赛试题解析_最终版_2ChO化学团队制作.md,06-外部资料导入\OCR\01-题目\2ChO资料汇总_20260525版(1)\第37届中国化学奥林匹克(初赛)试题解析\第37届中国化学奥林匹克(初赛)试题解析_最终版_2ChO化学团队制作.pdf
2ChO资料汇总_20260525版(1),第38届中国化学奥林匹克(初赛)试题解析_最终版_2ChO化学团队制作.pdf,已OCR,归一化,2026题目/第38届中国化学奥林匹克初赛试题解析_最终版_2ChO化学团队制作.md,06-外部资料导入\OCR\01-题目\2ChO资料汇总_20260525版(1)\第38届中国化学奥林匹克(初赛)试题解析\第38届中国化学奥林匹克(初赛)试题解析_最终版_2ChO化学团队制作.pdf
2ChO资料汇总_20260525版(1),第39届中国化学奥林匹克(初赛)试题解析_2ChO化学团队制作.pdf,已OCR,归一化,2026题目/第39届中国化学奥林匹克初赛试题解析_2ChO化学团队制作.md,06-外部资料导入\OCR\01-题目\2ChO资料汇总_20260525版(1)\第39届中国化学奥林匹克(初赛)试题解析\第39届中国化学奥林匹克(初赛)试题解析_2ChO化学团队制作.pdf
2ChO资料汇总_20260525版(1),第3届2ChO化学奥林匹克联考试题.pdf,已OCR,精确,2026题目/第3届2ChO化学奥林匹克联考试题.md,06-外部资料导入\OCR\01-题目\2ChO资料汇总_20260525版(1)\第3届2ChO化学奥林匹克联考\第3届2ChO化学奥林匹克联考试题.pdf
2ChO资料汇总_20260525版(1),第3届2ChO化学奥林匹克联考试题、答案、说明与评分细则.pdf,已OCR,精确,2026题目/第3届2ChO化学奥林匹克联考试题、答案、说明与评分细则.md,06-外部资料导入\OCR\01-题目\2ChO资料汇总_20260525版(1)\第3届2ChO化学奥林匹克联考\第3届2ChO化学奥林匹克联考试题、答案、说明与评分细则.pdf
2ChO资料汇总_20260525版(1),第3届2ChO化学奥林匹克联考试题解析.pdf,已OCR,精确,2026题目/第3届2ChO化学奥林匹克联考试题解析.md,06-外部资料导入\OCR\01-题目\2ChO资料汇总_20260525版(1)\第3届2ChO化学奥林匹克联考\第3届2ChO化学奥林匹克联考试题解析.pdf
2ChO资料汇总_20260525版(1),第4届2ChO化学奥林匹克联考试题.pdf,已OCR,精确,2026题目/第4届2ChO化学奥林匹克联考试题.md,06-外部资料导入\OCR\01-题目\2ChO资料汇总_20260525版(1)\第4届2ChO化学奥林匹克联考\第4届2ChO化学奥林匹克联考试题.pdf
2ChO资料汇总_20260525版(1),第4届2ChO化学奥林匹克联考试题、答案、说明与评分细则.pdf,已OCR,精确,2026题目/第4届2ChO化学奥林匹克联考试题、答案、说明与评分细则.md,06-外部资料导入\OCR\01-题目\2ChO资料汇总_20260525版(1)\第4届2ChO化学奥林匹克联考\第4届2ChO化学奥林匹克联考试题、答案、说明与评分细则.pdf
2ChO资料汇总_20260525版(1),第4届2ChO化学奥林匹克联考试题解析.pdf,已OCR,精确,2026题目/第4届2ChO化学奥林匹克联考试题解析.md,06-外部资料导入\OCR\01-题目\2ChO资料汇总_20260525版(1)\第4届2ChO化学奥林匹克联考\第4届2ChO化学奥林匹克联考试题解析.pdf
2ChO资料汇总_20260525版(1),第5届2ChO化学奥林匹克联考试题.pdf,已OCR,精确,2026题目/第5届2ChO化学奥林匹克联考试题.md,06-外部资料导入\OCR\01-题目\2ChO资料汇总_20260525版(1)\第5届2ChO化学奥林匹克联考\第5届2ChO化学奥林匹克联考试题.pdf
2ChO资料汇总_20260525版(1),第5届2ChO化学奥林匹克联考试题、答案、说明与评分细则_20251124版初稿.pdf,已OCR,精确,2026题目/第5届2ChO化学奥林匹克联考试题、答案、说明与评分细则_20251124版初稿.md,06-外部资料导入\OCR\01-题目\2ChO资料汇总_20260525版(1)\第5届2ChO化学奥林匹克联考\第5届2ChO化学奥林匹克联考试题、答案、说明与评分细则_20251124版初稿.pdf
2ChO资料汇总_20260525版(1),第6届2ChO化学奥林匹克联考试题.pdf,已OCR,精确,2026题目/第6届2ChO化学奥林匹克联考试题.md,06-外部资料导入\OCR\01-题目\2ChO资料汇总_20260525版(1)\第6届2ChO化学奥林匹克联考\第6届2ChO化学奥林匹克联考试题.pdf
2ChO资料汇总_20260525版(1),第6届2ChO化学奥林匹克联考试题、答案、说明与评分细则_20260524版.pdf,已OCR,精确,2026题目/第6届2ChO化学奥林匹克联考试题、答案、说明与评分细则_20260524版.md,06-外部资料导入\OCR\01-题目\2ChO资料汇总_20260525版(1)\第6届2ChO化学奥林匹克联考\第6届2ChO化学奥林匹克联考试题、答案、说明与评分细则_20260524版.pdf
化学-夏令营-北京,北京夏令营-无机巩固练习一-答案1785409364.pdf,已OCR,精确,2026题目10/北京夏令营-无机巩固练习一-答案1785409364.md,06-外部资料导入\OCR\01-题目\化学-夏令营-北京\北京夏令营-无机巩固练习一-答案1785409364.pdf
化学-夏令营-北京,北京夏令营-无机巩固练习一1785409334.pdf,已OCR,精确,2026题目10/北京夏令营-无机巩固练习一1785409334.md,06-外部资料导入\OCR\01-题目\化学-夏令营-北京\北京夏令营-无机巩固练习一1785409334.pdf
化学-夏令营-北京,北京夏令营-无机巩固练习三1785602414.pdf,已OCR,精确,2026题目10/北京夏令营-无机巩固练习三1785602414.md,06-外部资料导入\OCR\01-题目\化学-夏令营-北京\北京夏令营-无机巩固练习三1785602414.pdf
化学-夏令营-北京,北京夏令营-无机巩固练习二-答案1785491473.pdf,已OCR,精确,2026题目10/北京夏令营-无机巩固练习二-答案1785491473.md,06-外部资料导入\OCR\01-题目\化学-夏令营-北京\北京夏令营-无机巩固练习二-答案1785491473.pdf
化学-夏令营-北京,北京夏令营-无机巩固练习二1785491436.pdf,已OCR,精确,2026题目10/北京夏令营-无机巩固练习二1785491436.md,06-外部资料导入\OCR\01-题目\化学-夏令营-北京\北京夏令营-无机巩固练习二1785491436.pdf
化学-夏令营-北京,北京夏令营-无机综合-答案.pdf,已OCR,精确,2026题目11/北京夏令营-无机综合-答案.md,06-外部资料导入\OCR\01-题目\化学-夏令营-北京\北京夏令营-无机综合-答案.pdf
化学-夏令营-北京,北京夏令营-无机综合.pdf,已OCR,精确,2026题目11/北京夏令营-无机综合.md,06-外部资料导入\OCR\01-题目\化学-夏令营-北京\北京夏令营-无机综合.pdf
汇智起航（五一期间）刷题班8套,汇智起航五一初赛模拟1答案.pdf,已OCR,精确,2026题目11/汇智起航五一初赛模拟1答案.md,06-外部资料导入\OCR\01-题目\汇智起航（五一期间）刷题班8套\汇智起航五一初赛模拟1答案.pdf
汇智起航（五一期间）刷题班8套,汇智起航五一初赛模拟1试卷.pdf,已OCR,精确,2026题目11/汇智起航五一初赛模拟1试卷.md,06-外部资料导入\OCR\01-题目\汇智起航（五一期间）刷题班8套\汇智起航五一初赛模拟1试卷.pdf
汇智起航（五一期间）刷题班8套,汇智起航五一初赛模拟2答案.pdf,已OCR,精确,2026题目11/汇智起航五一初赛模拟2答案.md,06-外部资料导入\OCR\01-题目\汇智起航（五一期间）刷题班8套\汇智起航五一初赛模拟2答案.pdf
汇智起航（五一期间）刷题班8套,汇智起航五一初赛模拟2试卷.pdf,已OCR,精确,2026题目11/汇智起航五一初赛模拟2试卷.md,06-外部资料导入\OCR\01-题目\汇智起航（五一期间）刷题班8套\汇智起航五一初赛模拟2试卷.pdf
汇智起航（五一期间）刷题班8套,汇智起航五一初赛模拟3答案.pdf,已OCR,精确,2026题目11/汇智起航五一初赛模拟3答案.md,06-外部资料导入\OCR\01-题目\汇智起航（五一期间）刷题班8套\汇智起航五一初赛模拟3答案.pdf
汇智起航（五一期间）刷题班8套,汇智起航五一初赛模拟3试卷.pdf,已OCR,精确,2026题目11/汇智起航五一初赛模拟3试卷.md,06-外部资料导入\OCR\01-题目\汇智起航（五一期间）刷题班8套\汇智起航五一初赛模拟3试卷.pdf
汇智起航（五一期间）刷题班8套,汇智起航五一初赛模拟4答案.pdf,已OCR,精确,2026题目11/汇智起航五一初赛模拟4答案.md,06-外部资料导入\OCR\01-题目\汇智起航（五一期间）刷题班8套\汇智起航五一初赛模拟4答案.pdf
汇智起航（五一期间）刷题班8套,汇智起航五一初赛模拟4试卷.pdf,已OCR,精确,2026题目11/汇智起航五一初赛模拟4试卷.md,06-外部资料导入\OCR\01-题目\汇智起航（五一期间）刷题班8套\汇智起航五一初赛模拟4试卷.pdf
汇智起航（五一期间）刷题班8套,汇智起航五一初赛模拟5答案.pdf,已OCR,精确,2026题目11/汇智起航五一初赛模拟5答案.md,06-外部资料导入\OCR\01-题目\汇智起航（五一期间）刷题班8套\汇智起航五一初赛模拟5答案.pdf
汇智起航（五一期间）刷题班8套,汇智起航五一初赛模拟5试卷.pdf,已OCR,精确,2026题目11/汇智起航五一初赛模拟5试卷.md,06-外部资料导入\OCR\01-题目\汇智起航（五一期间）刷题班8套\汇智起航五一初赛模拟5试卷.pdf
汇智起航（五一期间）刷题班8套,汇智起航五一初赛模拟6答案.pdf,已OCR,精确,2026题目11/汇智起航五一初赛模拟6答案.md,06-外部资料导入\OCR\01-题目\汇智起航（五一期间）刷题班8套\汇智起航五一初赛模拟6答案.pdf
汇智起航（五一期间）刷题班8套,汇智起航五一初赛模拟6试卷.pdf,已OCR,精确,2026题目11/汇智起航五一初赛模拟6试卷.md,06-外部资料导入\OCR\01-题目\汇智起航（五一期间）刷题班8套\汇智起航五一初赛模拟6试卷.pdf
汇智起航（五一期间）刷题班8套,汇智起航五一初赛模拟7答案.pdf,已OCR,精确,2026题目11/汇智起航五一初赛模拟7答案.md,06-外部资料导入\OCR\01-题目\汇智起航（五一期间）刷题班8套\汇智起航五一初赛模拟7答案.pdf
汇智起航（五一期间）刷题班8套,汇智起航五一初赛模拟7试卷.pdf,已OCR,精确,2026题目11/汇智起航五一初赛模拟7试卷.md,06-外部资料导入\OCR\01-题目\汇智起航（五一期间）刷题班8套\汇智起航五一初赛模拟7试卷.pdf
汇智起航（五一期间）刷题班8套,汇智起航五一初赛模拟8答案.pdf,已OCR,精确,2026题目11/汇智起航五一初赛模拟8答案.md,06-外部资料导入\OCR\01-题目\汇智起航（五一期间）刷题班8套\汇智起航五一初赛模拟8答案.pdf
汇智起航（五一期间）刷题班8套,汇智起航五一初赛模拟8试卷.pdf,已OCR,精确,2026题目11/汇智起航五一初赛模拟8试卷.md,06-外部资料导入\OCR\01-题目\汇智起航（五一期间）刷题班8套\汇智起航五一初赛模拟8试卷.pdf
第40届XeChem初赛模拟试题（暑假杭州集训）,PDF合并_400-496.pdf,已OCR,精确(强制),2026题目10/PDF合并_400-496.md,06-外部资料导入\OCR\01-题目\第40届XeChem初赛模拟试题（暑假杭州集训）\第40届XeChem初赛模拟试题\PDF合并\PDF合并_400-496.pdf
第40届XeChem初赛模拟试题（暑假杭州集训）,（已压缩）PDF合并_1-199.pdf,已OCR,精确(强制),2026题目12/（已压缩）PDF合并_1-199.md,06-外部资料导入\OCR\01-题目\第40届XeChem初赛模拟试题（暑假杭州集训）\第40届XeChem初赛模拟试题\PDF合并\（已压缩）PDF合并_1-199.pdf
第40届XeChem初赛模拟试题（暑假杭州集训）,（已压缩）PDF合并_200-399.pdf,已OCR,精确(强制),2026题目12/（已压缩）PDF合并_200-399.md,06-外部资料导入\OCR\01-题目\第40届XeChem初赛模拟试题（暑假杭州集训）\第40届XeChem初赛模拟试题\PDF合并\（已压缩）PDF合并_200-399.pdf
第40届化英社化学奥林匹克（初赛）夏季,第40届化英社化学奥林匹克(决赛)夏季模拟试题1.pdf,已OCR,归一化,2026题目10/第40届化英社化学奥林匹克决赛夏季模拟试题1.md,06-外部资料导入\OCR\01-题目\第40届化英社化学奥林匹克（初赛）夏季\第40届化英社化学奥林匹克(决赛)夏季模拟试题1.pdf
第40届化英社化学奥林匹克（初赛）夏季,第40届化英社化学奥林匹克(决赛)夏季模拟试题2.pdf,已OCR,归一化,2026题目10/第40届化英社化学奥林匹克决赛夏季模拟试题2.md,06-外部资料导入\OCR\01-题目\第40届化英社化学奥林匹克（初赛）夏季\第40届化英社化学奥林匹克(决赛)夏季模拟试题2.pdf
第40届化英社化学奥林匹克（初赛）夏季,第40届化英社化学奥林匹克(决赛)夏季模拟试题2参考答案.pdf,已OCR,归一化,2026题目10/第40届化英社化学奥林匹克决赛夏季模拟试题2参考答案.md,06-外部资料导入\OCR\01-题目\第40届化英社化学奥林匹克（初赛）夏季\第40届化英社化学奥林匹克(决赛)夏季模拟试题2参考答案.pdf
第40届化英社化学奥林匹克（初赛）夏季,第40届化英社化学奥林匹克(初赛)夏季初赛模拟11参考答案.pdf,已OCR,归一化,2026题目10/第40届化英社化学奥林匹克初赛夏季初赛模拟11参考答案.md,06-外部资料导入\OCR\01-题目\第40届化英社化学奥林匹克（初赛）夏季\第40届化英社化学奥林匹克(初赛)夏季初赛模拟11参考答案.pdf
第40届化英社化学奥林匹克（初赛）夏季,第40届化英社化学奥林匹克(初赛)夏季初赛模拟12_1.pdf,未OCR,—,,06-外部资料导入\OCR\01-题目\第40届化英社化学奥林匹克（初赛）夏季\第40届化英社化学奥林匹克(初赛)夏季初赛模拟12_1.pdf
第40届化英社化学奥林匹克（初赛）夏季,第40届化英社化学奥林匹克(初赛)夏季初赛模拟12参考答案_1.pdf,已OCR,归一化,2026题目10/第40届化英社化学奥林匹克初赛夏季初赛模拟12参考答案_1.md,06-外部资料导入\OCR\01-题目\第40届化英社化学奥林匹克（初赛）夏季\第40届化英社化学奥林匹克(初赛)夏季初赛模拟12参考答案_1.pdf
第40届化英社化学奥林匹克（初赛）夏季,第40届化英社化学奥林匹克(初赛)夏季初赛模拟13参考答案_1.pdf,已OCR,归一化,2026题目10/第40届化英社化学奥林匹克初赛夏季初赛模拟13参考答案_1.md,06-外部资料导入\OCR\01-题目\第40届化英社化学奥林匹克（初赛）夏季\第40届化英社化学奥林匹克(初赛)夏季初赛模拟13参考答案_1.pdf
第40届化英社化学奥林匹克（初赛）夏季,第40届化英社化学奥林匹克(初赛)夏季初赛模拟7参考答案.pdf,已OCR,归一化,2026题目10/第40届化英社化学奥林匹克初赛夏季初赛模拟7参考答案.md,06-外部资料导入\OCR\01-题目\第40届化英社化学奥林匹克（初赛）夏季\第40届化英社化学奥林匹克(初赛)夏季初赛模拟7参考答案.pdf
第40届化英社化学奥林匹克（初赛）夏季,第40届化英社化学奥林匹克(初赛)夏季初赛模拟8.pdf,已OCR,归一化,2026题目10/第40届化英社化学奥林匹克初赛夏季初赛模拟8.md,06-外部资料导入\OCR\01-题目\第40届化英社化学奥林匹克（初赛）夏季\第40届化英社化学奥林匹克(初赛)夏季初赛模拟8.pdf
第40届化英社化学奥林匹克（初赛）夏季,第40届化英社化学奥林匹克(初赛)夏季初赛模拟8参考答案.pdf,已OCR,归一化,2026题目10/第40届化英社化学奥林匹克初赛夏季初赛模拟8参考答案.md,06-外部资料导入\OCR\01-题目\第40届化英社化学奥林匹克（初赛）夏季\第40届化英社化学奥林匹克(初赛)夏季初赛模拟8参考答案.pdf
第40届化英社化学奥林匹克（初赛）夏季,第40届化英社化学奥林匹克(初赛)夏季初赛模拟9.pdf,已OCR,归一化,2026题目10/第40届化英社化学奥林匹克初赛夏季初赛模拟9.md,06-外部资料导入\OCR\01-题目\第40届化英社化学奥林匹克（初赛）夏季\第40届化英社化学奥林匹克(初赛)夏季初赛模拟9.pdf
第40届化英社化学奥林匹克（初赛）夏季,第40届化英社化学奥林匹克(初赛)夏季初赛模拟9参考答案.pdf,已OCR,归一化,2026题目10/第40届化英社化学奥林匹克初赛夏季初赛模拟9参考答案.md,06-外部资料导入\OCR\01-题目\第40届化英社化学奥林匹克（初赛）夏季\第40届化英社化学奥林匹克(初赛)夏季初赛模拟9参考答案.pdf
第40届化英社化学奥林匹克（初赛）夏季,第40届化英社化学奥林匹克(初赛)夏季无机专题2参考答案.pdf,已OCR,归一化,2026题目10/第40届化英社化学奥林匹克初赛夏季无机专题2参考答案.md,06-外部资料导入\OCR\01-题目\第40届化英社化学奥林匹克（初赛）夏季\第40届化英社化学奥林匹克(初赛)夏季无机专题2参考答案.pdf
第40届化英社化学奥林匹克（初赛）夏季,第40届化英社化学奥林匹克(初赛)夏季有机专题1参考答案.pdf,已OCR,归一化,2026题目10/第40届化英社化学奥林匹克初赛夏季有机专题1参考答案.md,06-外部资料导入\OCR\01-题目\第40届化英社化学奥林匹克（初赛）夏季\第40届化英社化学奥林匹克(初赛)夏季有机专题1参考答案.pdf
第40届化英社化学奥林匹克（初赛）夏季,第40届化英社化学奥林匹克(初赛)夏季模拟试题1参考答案.pdf,已OCR,归一化,2026题目10/第40届化英社化学奥林匹克初赛夏季模拟试题1参考答案.md,06-外部资料导入\OCR\01-题目\第40届化英社化学奥林匹克（初赛）夏季\第40届化英社化学奥林匹克(初赛)夏季模拟试题1参考答案.pdf
第40届化英社化学奥林匹克（初赛）夏季,第40届化英社化学奥林匹克(初赛)夏季模拟试题2参考答案.pdf,已OCR,归一化,2026题目10/第40届化英社化学奥林匹克初赛夏季模拟试题2参考答案.md,06-外部资料导入\OCR\01-题目\第40届化英社化学奥林匹克（初赛）夏季\第40届化英社化学奥林匹克(初赛)夏季模拟试题2参考答案.pdf
第40届化英社化学奥林匹克（初赛）夏季,第40届化英社化学奥林匹克(初赛)夏季模拟试题3参考答案.pdf,已OCR,归一化,2026题目10/第40届化英社化学奥林匹克初赛夏季模拟试题3参考答案.md,06-外部资料导入\OCR\01-题目\第40届化英社化学奥林匹克（初赛）夏季\第40届化英社化学奥林匹克(初赛)夏季模拟试题3参考答案.pdf
第40届化英社化学奥林匹克（初赛）夏季,第40届化英社化学奥林匹克(初赛)夏季模拟试题4.pdf,已OCR,归一化,2026题目10/第40届化英社化学奥林匹克初赛夏季模拟试题4.md,06-外部资料导入\OCR\01-题目\第40届化英社化学奥林匹克（初赛）夏季\第40届化英社化学奥林匹克(初赛)夏季模拟试题4.pdf
第40届化英社化学奥林匹克（初赛）夏季,第40届化英社化学奥林匹克(初赛)夏季模拟试题5.pdf,已OCR,归一化,2026题目10/第40届化英社化学奥林匹克初赛夏季模拟试题5.md,06-外部资料导入\OCR\01-题目\第40届化英社化学奥林匹克（初赛）夏季\第40届化英社化学奥林匹克(初赛)夏季模拟试题5.pdf
第40届化英社化学奥林匹克（初赛）夏季,第40届化英社化学奥林匹克(初赛)夏季模拟试题6.pdf,已OCR,归一化,2026题目10/第40届化英社化学奥林匹克初赛夏季模拟试题6.md,06-外部资料导入\OCR\01-题目\第40届化英社化学奥林匹克（初赛）夏季\第40届化英社化学奥林匹克(初赛)夏季模拟试题6.pdf
第40届化英社化学奥林匹克（初赛）夏季,第40届化英社化学奥林匹克(初赛)夏季模拟试题6参考答案.pdf,已OCR,归一化,2026题目10/第40届化英社化学奥林匹克初赛夏季模拟试题6参考答案.md,06-外部资料导入\OCR\01-题目\第40届化英社化学奥林匹克（初赛）夏季\第40届化英社化学奥林匹克(初赛)夏季模拟试题6参考答案.pdf
第40届化英社化学奥林匹克（初赛）夏季,第40届化英社化学奥林匹克(初赛)夏季结构专题参考答案.pdf,已OCR,归一化,2026题目10/第40届化英社化学奥林匹克初赛夏季结构专题参考答案.md,06-外部资料导入\OCR\01-题目\第40届化英社化学奥林匹克（初赛）夏季\第40届化英社化学奥林匹克(初赛)夏季结构专题参考答案.pdf
第40届化英社化学奥林匹克（初赛）夏季,第40届化英社化学奥林匹克竞赛（初赛）夏季有机专题2参考答案.pdf,已OCR,精确,2026题目10/第40届化英社化学奥林匹克竞赛（初赛）夏季有机专题2参考答案.md,06-外部资料导入\OCR\01-题目\第40届化英社化学奥林匹克（初赛）夏季\第40届化英社化学奥林匹克竞赛（初赛）夏季有机专题2参考答案.pdf
第40届化英社化学奥林匹克（初赛）夏季,第40届化英社化学奥林匹克（决赛）夏季模拟试题1参考答案.pdf,已OCR,精确,2026题目10/第40届化英社化学奥林匹克（决赛）夏季模拟试题1参考答案.md,06-外部资料导入\OCR\01-题目\第40届化英社化学奥林匹克（初赛）夏季\第40届化英社化学奥林匹克（决赛）夏季模拟试题1参考答案.pdf
第40届化英社化学奥林匹克（初赛）夏季,第40届化英社化学奥林匹克（初赛）夏季初赛模拟10.pdf,已OCR,精确,2026题目10/第40届化英社化学奥林匹克（初赛）夏季初赛模拟10.md,06-外部资料导入\OCR\01-题目\第40届化英社化学奥林匹克（初赛）夏季\第40届化英社化学奥林匹克（初赛）夏季初赛模拟10.pdf
第40届化英社化学奥林匹克（初赛）夏季,第40届化英社化学奥林匹克（初赛）夏季初赛模拟10参考答案.pdf,已OCR,精确,2026题目10/第40届化英社化学奥林匹克（初赛）夏季初赛模拟10参考答案.md,06-外部资料导入\OCR\01-题目\第40届化英社化学奥林匹克（初赛）夏季\第40届化英社化学奥林匹克（初赛）夏季初赛模拟10参考答案.pdf
第40届化英社化学奥林匹克（初赛）夏季,第40届化英社化学奥林匹克（初赛）夏季初赛模拟13.pdf,已OCR,精确,2026题目10/第40届化英社化学奥林匹克（初赛）夏季初赛模拟13.md,06-外部资料导入\OCR\01-题目\第40届化英社化学奥林匹克（初赛）夏季\第40届化英社化学奥林匹克（初赛）夏季初赛模拟13.pdf
第40届化英社化学奥林匹克（初赛）夏季,第40届化英社化学奥林匹克（初赛）夏季初赛模拟2.pdf,已OCR,精确,2026题目10/第40届化英社化学奥林匹克（初赛）夏季初赛模拟2.md,06-外部资料导入\OCR\01-题目\第40届化英社化学奥林匹克（初赛）夏季\第40届化英社化学奥林匹克（初赛）夏季初赛模拟2.pdf
第40届化英社化学奥林匹克（初赛）夏季,第40届化英社化学奥林匹克（初赛）夏季初赛模拟5参考答案.pdf,已OCR,精确,2026题目10/第40届化英社化学奥林匹克（初赛）夏季初赛模拟5参考答案.md,06-外部资料导入\OCR\01-题目\第40届化英社化学奥林匹克（初赛）夏季\第40届化英社化学奥林匹克（初赛）夏季初赛模拟5参考答案.pdf
第40届化英社化学奥林匹克（初赛）夏季,第40届化英社化学奥林匹克（初赛）夏季初赛模拟7.pdf,已OCR,精确,2026题目10/第40届化英社化学奥林匹克（初赛）夏季初赛模拟7.md,06-外部资料导入\OCR\01-题目\第40届化英社化学奥林匹克（初赛）夏季\第40届化英社化学奥林匹克（初赛）夏季初赛模拟7.pdf
第40届化英社化学奥林匹克（初赛）夏季,第40届化英社化学奥林匹克（初赛）夏季无机专题1参考答案.pdf,已OCR,精确,2026题目10/第40届化英社化学奥林匹克（初赛）夏季无机专题1参考答案.md,06-外部资料导入\OCR\01-题目\第40届化英社化学奥林匹克（初赛）夏季\第40届化英社化学奥林匹克（初赛）夏季无机专题1参考答案.pdf
第40届化英社化学奥林匹克（初赛）夏季,第40届化英社化学奥林匹克（初赛）夏季模拟试题1.pdf,未OCR,—,,06-外部资料导入\OCR\01-题目\第40届化英社化学奥林匹克（初赛）夏季\第40届化英社化学奥林匹克（初赛）夏季模拟试题1.pdf
第40届化英社化学奥林匹克（初赛）夏季,第40届化英社化学奥林匹克（初赛）夏季模拟试题11.pdf,已OCR,精确,2026题目10/第40届化英社化学奥林匹克（初赛）夏季模拟试题11.md,06-外部资料导入\OCR\01-题目\第40届化英社化学奥林匹克（初赛）夏季\第40届化英社化学奥林匹克（初赛）夏季模拟试题11.pdf
第40届化英社化学奥林匹克（初赛）夏季,第40届化英社化学奥林匹克（初赛）夏季模拟试题3.pdf,未OCR,—,,06-外部资料导入\OCR\01-题目\第40届化英社化学奥林匹克（初赛）夏季\第40届化英社化学奥林匹克（初赛）夏季模拟试题3.pdf
第40届化英社化学奥林匹克（初赛）夏季,第40届化英社化学奥林匹克（初赛）夏季模拟试题4参考答案.pdf,已OCR,精确,2026题目10/第40届化英社化学奥林匹克（初赛）夏季模拟试题4参考答案.md,06-外部资料导入\OCR\01-题目\第40届化英社化学奥林匹克（初赛）夏季\第40届化英社化学奥林匹克（初赛）夏季模拟试题4参考答案.pdf
质心合集新,ZCHEM-GChO10试题（线下营）.pdf,已OCR,精确,2026题目11/ZCHEM-GChO10试题（线下营）.md,06-外部资料导入\OCR\01-题目\质心合集新\GChO模拟试题合集\ZCHEM-GChO10试题（线下营）.pdf
质心合集新,ZCHEM-GChO11试题（线下营）.pdf,已OCR,精确,2026题目11/ZCHEM-GChO11试题（线下营）.md,06-外部资料导入\OCR\01-题目\质心合集新\GChO模拟试题合集\ZCHEM-GChO11试题（线下营）.pdf
质心合集新,ZCHEM-GChO12试题.pdf,已OCR,精确,2026题目11/ZCHEM-GChO12试题.md,06-外部资料导入\OCR\01-题目\质心合集新\GChO模拟试题合集\ZCHEM-GChO12试题.pdf
质心合集新,ZCHEM-GChO13试题.pdf,已OCR,精确,2026题目11/ZCHEM-GChO13试题.md,06-外部资料导入\OCR\01-题目\质心合集新\GChO模拟试题合集\ZCHEM-GChO13试题.pdf
质心合集新,ZCHEM-GChO14试题.pdf,已OCR,精确,2026题目11/ZCHEM-GChO14试题.md,06-外部资料导入\OCR\01-题目\质心合集新\GChO模拟试题合集\ZCHEM-GChO14试题.pdf
质心合集新,ZCHEM-GChO15试题（线下营）.pdf,已OCR,精确,2026题目11/ZCHEM-GChO15试题（线下营）.md,06-外部资料导入\OCR\01-题目\质心合集新\GChO模拟试题合集\ZCHEM-GChO15试题（线下营）.pdf
质心合集新,ZCHEM-GChO16试题（线下营）.pdf,已OCR,精确,2026题目11/ZCHEM-GChO16试题（线下营）.md,06-外部资料导入\OCR\01-题目\质心合集新\GChO模拟试题合集\ZCHEM-GChO16试题（线下营）.pdf
质心合集新,ZCHEM-GChO17试题（线下营）.pdf,已OCR,精确,2026题目11/ZCHEM-GChO17试题（线下营）.md,06-外部资料导入\OCR\01-题目\质心合集新\GChO模拟试题合集\ZCHEM-GChO17试题（线下营）.pdf
质心合集新,ZCHEM-GChO18试题（线下营）.pdf,已OCR,精确,2026题目11/ZCHEM-GChO18试题（线下营）.md,06-外部资料导入\OCR\01-题目\质心合集新\GChO模拟试题合集\ZCHEM-GChO18试题（线下营）.pdf
质心合集新,ZCHEM-GChO19试题（线下营）.pdf,已OCR,精确,2026题目11/ZCHEM-GChO19试题（线下营）.md,06-外部资料导入\OCR\01-题目\质心合集新\GChO模拟试题合集\ZCHEM-GChO19试题（线下营）.pdf
质心合集新,ZCHEM-GChO1试题.pdf,已OCR,精确,2026题目11/ZCHEM-GChO1试题.md,06-外部资料导入\OCR\01-题目\质心合集新\GChO模拟试题合集\ZCHEM-GChO1试题.pdf
质心合集新,ZCHEM-GChO20试题（线下营）.pdf,已OCR,精确,2026题目11/ZCHEM-GChO20试题（线下营）.md,06-外部资料导入\OCR\01-题目\质心合集新\GChO模拟试题合集\ZCHEM-GChO20试题（线下营）.pdf
质心合集新,ZCHEM-GChO21试题（线下营）.pdf,已OCR,精确,2026题目11/ZCHEM-GChO21试题（线下营）.md,06-外部资料导入\OCR\01-题目\质心合集新\GChO模拟试题合集\ZCHEM-GChO21试题（线下营）.pdf
质心合集新,ZCHEM-GChO22试题（线下营）.pdf,已OCR,精确,2026题目11/ZCHEM-GChO22试题（线下营）.md,06-外部资料导入\OCR\01-题目\质心合集新\GChO模拟试题合集\ZCHEM-GChO22试题（线下营）.pdf
质心合集新,ZCHEM-GChO23试题（线下营）.pdf,已OCR,精确,2026题目11/ZCHEM-GChO23试题（线下营）.md,06-外部资料导入\OCR\01-题目\质心合集新\GChO模拟试题合集\ZCHEM-GChO23试题（线下营）.pdf
质心合集新,ZCHEM-GChO24试题（线下营）.pdf,已OCR,精确,2026题目11/ZCHEM-GChO24试题（线下营）.md,06-外部资料导入\OCR\01-题目\质心合集新\GChO模拟试题合集\ZCHEM-GChO24试题（线下营）.pdf
质心合集新,ZCHEM-GChO25试题（线下营）.pdf,已OCR,精确,2026题目11/ZCHEM-GChO25试题（线下营）.md,06-外部资料导入\OCR\01-题目\质心合集新\GChO模拟试题合集\ZCHEM-GChO25试题（线下营）.pdf
质心合集新,ZCHEM-GChO26试题（线下营）.pdf,已OCR,精确,2026题目11/ZCHEM-GChO26试题（线下营）.md,06-外部资料导入\OCR\01-题目\质心合集新\GChO模拟试题合集\ZCHEM-GChO26试题（线下营）.pdf
质心合集新,ZCHEM-GChO27试题.pdf,已OCR,精确,2026题目11/ZCHEM-GChO27试题.md,06-外部资料导入\OCR\01-题目\质心合集新\GChO模拟试题合集\ZCHEM-GChO27试题.pdf
质心合集新,ZCHEM-GChO28试题.pdf,已OCR,精确,2026题目11/ZCHEM-GChO28试题.md,06-外部资料导入\OCR\01-题目\质心合集新\GChO模拟试题合集\ZCHEM-GChO28试题.pdf
质心合集新,ZCHEM-GChO29试题.pdf,已OCR,精确,2026题目11/ZCHEM-GChO29试题.md,06-外部资料导入\OCR\01-题目\质心合集新\GChO模拟试题合集\ZCHEM-GChO29试题.pdf
质心合集新,ZCHEM-GChO2试题.pdf,已OCR,精确,2026题目11/ZCHEM-GChO2试题.md,06-外部资料导入\OCR\01-题目\质心合集新\GChO模拟试题合集\ZCHEM-GChO2试题.pdf
质心合集新,ZCHEM-GChO30试题.pdf,已OCR,精确,2026题目11/ZCHEM-GChO30试题.md,06-外部资料导入\OCR\01-题目\质心合集新\GChO模拟试题合集\ZCHEM-GChO30试题.pdf
质心合集新,ZCHEM-GChO31试题.pdf,已OCR,精确,2026题目11/ZCHEM-GChO31试题.md,06-外部资料导入\OCR\01-题目\质心合集新\GChO模拟试题合集\ZCHEM-GChO31试题.pdf
质心合集新,ZCHEM-GChO32试题.pdf,已OCR,精确,2026题目11/ZCHEM-GChO32试题.md,06-外部资料导入\OCR\01-题目\质心合集新\GChO模拟试题合集\ZCHEM-GChO32试题.pdf
质心合集新,ZCHEM-GChO33试题.pdf,已OCR,精确,2026题目11/ZCHEM-GChO33试题.md,06-外部资料导入\OCR\01-题目\质心合集新\GChO模拟试题合集\ZCHEM-GChO33试题.pdf
质心合集新,ZCHEM-GChO34试题.pdf,已OCR,精确,2026题目11/ZCHEM-GChO34试题.md,06-外部资料导入\OCR\01-题目\质心合集新\GChO模拟试题合集\ZCHEM-GChO34试题.pdf
质心合集新,ZCHEM-GChO35试题.pdf,已OCR,精确,2026题目11/ZCHEM-GChO35试题.md,06-外部资料导入\OCR\01-题目\质心合集新\GChO模拟试题合集\ZCHEM-GChO35试题.pdf
质心合集新,ZCHEM-GChO36试题.pdf,已OCR,精确,2026题目11/ZCHEM-GChO36试题.md,06-外部资料导入\OCR\01-题目\质心合集新\GChO模拟试题合集\ZCHEM-GChO36试题.pdf
质心合集新,ZCHEM-GChO37试题.pdf,已OCR,精确,2026题目11/ZCHEM-GChO37试题.md,06-外部资料导入\OCR\01-题目\质心合集新\GChO模拟试题合集\ZCHEM-GChO37试题.pdf
质心合集新,ZCHEM-GChO38试题.pdf,已OCR,精确,2026题目11/ZCHEM-GChO38试题.md,06-外部资料导入\OCR\01-题目\质心合集新\GChO模拟试题合集\ZCHEM-GChO38试题.pdf
质心合集新,ZCHEM-GChO39试题.pdf,已OCR,精确,2026题目11/ZCHEM-GChO39试题.md,06-外部资料导入\OCR\01-题目\质心合集新\GChO模拟试题合集\ZCHEM-GChO39试题.pdf
质心合集新,ZCHEM-GChO3试题.pdf,已OCR,精确,2026题目11/ZCHEM-GChO3试题.md,06-外部资料导入\OCR\01-题目\质心合集新\GChO模拟试题合集\ZCHEM-GChO3试题.pdf
质心合集新,ZCHEM-GChO40试题.pdf,已OCR,精确,2026题目11/ZCHEM-GChO40试题.md,06-外部资料导入\OCR\01-题目\质心合集新\GChO模拟试题合集\ZCHEM-GChO40试题.pdf
质心合集新,ZCHEM-GChO41试题.pdf,已OCR,精确,2026题目11/ZCHEM-GChO41试题.md,06-外部资料导入\OCR\01-题目\质心合集新\GChO模拟试题合集\ZCHEM-GChO41试题.pdf
质心合集新,ZCHEM-GChO42试题.pdf,已OCR,精确,2026题目11/ZCHEM-GChO42试题.md,06-外部资料导入\OCR\01-题目\质心合集新\GChO模拟试题合集\ZCHEM-GChO42试题.pdf
质心合集新,ZCHEM-GChO43试题（线下营）.pdf,已OCR,精确,2026题目11/ZCHEM-GChO43试题（线下营）.md,06-外部资料导入\OCR\01-题目\质心合集新\GChO模拟试题合集\ZCHEM-GChO43试题（线下营）.pdf
质心合集新,ZCHEM-GChO44试题（线下营）.pdf,已OCR,精确,2026题目11/ZCHEM-GChO44试题（线下营）.md,06-外部资料导入\OCR\01-题目\质心合集新\GChO模拟试题合集\ZCHEM-GChO44试题（线下营）.pdf
质心合集新,ZCHEM-GChO45试题.pdf,已OCR,精确,2026题目11/ZCHEM-GChO45试题.md,06-外部资料导入\OCR\01-题目\质心合集新\GChO模拟试题合集\ZCHEM-GChO45试题.pdf
质心合集新,ZCHEM-GChO46试题.pdf,已OCR,精确,2026题目11/ZCHEM-GChO46试题.md,06-外部资料导入\OCR\01-题目\质心合集新\GChO模拟试题合集\ZCHEM-GChO46试题.pdf
质心合集新,ZCHEM-GChO47试题.pdf,已OCR,精确,2026题目11/ZCHEM-GChO47试题.md,06-外部资料导入\OCR\01-题目\质心合集新\GChO模拟试题合集\ZCHEM-GChO47试题.pdf
质心合集新,ZCHEM-GChO48试题.pdf,已OCR,精确,2026题目11/ZCHEM-GChO48试题.md,06-外部资料导入\OCR\01-题目\质心合集新\GChO模拟试题合集\ZCHEM-GChO48试题.pdf
质心合集新,ZCHEM-GChO49试题.pdf,已OCR,精确,2026题目11/ZCHEM-GChO49试题.md,06-外部资料导入\OCR\01-题目\质心合集新\GChO模拟试题合集\ZCHEM-GChO49试题.pdf
质心合集新,ZCHEM-GChO4试题.pdf,已OCR,精确,2026题目11/ZCHEM-GChO4试题.md,06-外部资料导入\OCR\01-题目\质心合集新\GChO模拟试题合集\ZCHEM-GChO4试题.pdf
质心合集新,ZCHEM-GChO50试题.pdf,已OCR,精确,2026题目11/ZCHEM-GChO50试题.md,06-外部资料导入\OCR\01-题目\质心合集新\GChO模拟试题合集\ZCHEM-GChO50试题.pdf
质心合集新,ZCHEM-GChO51试题.pdf,已OCR,精确,2026题目11/ZCHEM-GChO51试题.md,06-外部资料导入\OCR\01-题目\质心合集新\GChO模拟试题合集\ZCHEM-GChO51试题.pdf
质心合集新,ZCHEM-GChO52试题.pdf,已OCR,精确,2026题目11/ZCHEM-GChO52试题.md,06-外部资料导入\OCR\01-题目\质心合集新\GChO模拟试题合集\ZCHEM-GChO52试题.pdf
质心合集新,ZCHEM-GChO53试题.pdf,已OCR,精确,2026题目11/ZCHEM-GChO53试题.md,06-外部资料导入\OCR\01-题目\质心合集新\GChO模拟试题合集\ZCHEM-GChO53试题.pdf
质心合集新,ZCHEM-GChO54试题.pdf,已OCR,精确,2026题目11/ZCHEM-GChO54试题.md,06-外部资料导入\OCR\01-题目\质心合集新\GChO模拟试题合集\ZCHEM-GChO54试题.pdf
质心合集新,ZCHEM-GChO55试题.pdf,已OCR,精确,2026题目11/ZCHEM-GChO55试题.md,06-外部资料导入\OCR\01-题目\质心合集新\GChO模拟试题合集\ZCHEM-GChO55试题.pdf
质心合集新,ZCHEM-GChO56试题.pdf,已OCR,精确,2026题目11/ZCHEM-GChO56试题.md,06-外部资料导入\OCR\01-题目\质心合集新\GChO模拟试题合集\ZCHEM-GChO56试题.pdf
质心合集新,ZCHEM-GChO57试题.pdf,已OCR,精确,2026题目11/ZCHEM-GChO57试题.md,06-外部资料导入\OCR\01-题目\质心合集新\GChO模拟试题合集\ZCHEM-GChO57试题.pdf
质心合集新,ZCHEM-GChO58试题.pdf,已OCR,精确,2026题目11/ZCHEM-GChO58试题.md,06-外部资料导入\OCR\01-题目\质心合集新\GChO模拟试题合集\ZCHEM-GChO58试题.pdf
质心合集新,ZCHEM-GChO59试题.pdf,已OCR,精确,2026题目11/ZCHEM-GChO59试题.md,06-外部资料导入\OCR\01-题目\质心合集新\GChO模拟试题合集\ZCHEM-GChO59试题.pdf
质心合集新,ZCHEM-GChO60试题.pdf,已OCR,精确,2026题目11/ZCHEM-GChO60试题.md,06-外部资料导入\OCR\01-题目\质心合集新\GChO模拟试题合集\ZCHEM-GChO60试题.pdf
质心合集新,ZCHEM-GChO61试题.pdf,已OCR,精确,2026题目11/ZCHEM-GChO61试题.md,06-外部资料导入\OCR\01-题目\质心合集新\GChO模拟试题合集\ZCHEM-GChO61试题.pdf
质心合集新,ZCHEM-GChO62试题.pdf,已OCR,精确,2026题目11/ZCHEM-GChO62试题.md,06-外部资料导入\OCR\01-题目\质心合集新\GChO模拟试题合集\ZCHEM-GChO62试题.pdf
质心合集新,ZCHEM-GChO63试题.pdf,已OCR,精确,2026题目11/ZCHEM-GChO63试题.md,06-外部资料导入\OCR\01-题目\质心合集新\GChO模拟试题合集\ZCHEM-GChO63试题.pdf
质心合集新,ZCHEM-GChO64试题.pdf,已OCR,精确,2026题目11/ZCHEM-GChO64试题.md,06-外部资料导入\OCR\01-题目\质心合集新\GChO模拟试题合集\ZCHEM-GChO64试题.pdf
质心合集新,ZCHEM-GChO65试题.pdf,已OCR,精确,2026题目11/ZCHEM-GChO65试题.md,06-外部资料导入\OCR\01-题目\质心合集新\GChO模拟试题合集\ZCHEM-GChO65试题.pdf
质心合集新,ZCHEM-GChO66试题.pdf,已OCR,精确,2026题目11/ZCHEM-GChO66试题.md,06-外部资料导入\OCR\01-题目\质心合集新\GChO模拟试题合集\ZCHEM-GChO66试题.pdf
质心合集新,ZCHEM-GChO67试题.pdf,已OCR,精确,2026题目11/ZCHEM-GChO67试题.md,06-外部资料导入\OCR\01-题目\质心合集新\GChO模拟试题合集\ZCHEM-GChO67试题.pdf
质心合集新,ZCHEM-GChO68试题.pdf,已OCR,精确,2026题目11/ZCHEM-GChO68试题.md,06-外部资料导入\OCR\01-题目\质心合集新\GChO模拟试题合集\ZCHEM-GChO68试题.pdf
质心合集新,ZCHEM-GChO69试题.pdf,已OCR,精确,2026题目11/ZCHEM-GChO69试题.md,06-外部资料导入\OCR\01-题目\质心合集新\GChO模拟试题合集\ZCHEM-GChO69试题.pdf
质心合集新,ZCHEM-GChO6试题（线下营）.pdf,已OCR,精确,2026题目11/ZCHEM-GChO6试题（线下营）.md,06-外部资料导入\OCR\01-题目\质心合集新\GChO模拟试题合集\ZCHEM-GChO6试题（线下营）.pdf
质心合集新,ZCHEM-GChO70试题.pdf,已OCR,精确,2026题目11/ZCHEM-GChO70试题.md,06-外部资料导入\OCR\01-题目\质心合集新\GChO模拟试题合集\ZCHEM-GChO70试题.pdf
质心合集新,ZCHEM-GChO71试题.pdf,已OCR,精确,2026题目11/ZCHEM-GChO71试题.md,06-外部资料导入\OCR\01-题目\质心合集新\GChO模拟试题合集\ZCHEM-GChO71试题.pdf
质心合集新,ZCHEM-GChO72试题.pdf,已OCR,精确,2026题目11/ZCHEM-GChO72试题.md,06-外部资料导入\OCR\01-题目\质心合集新\GChO模拟试题合集\ZCHEM-GChO72试题.pdf
质心合集新,ZCHEM-GChO73试题.pdf,已OCR,精确,2026题目11/ZCHEM-GChO73试题.md,06-外部资料导入\OCR\01-题目\质心合集新\GChO模拟试题合集\ZCHEM-GChO73试题.pdf
质心合集新,ZCHEM-GChO74试题.pdf,已OCR,精确,2026题目11/ZCHEM-GChO74试题.md,06-外部资料导入\OCR\01-题目\质心合集新\GChO模拟试题合集\ZCHEM-GChO74试题.pdf
质心合集新,ZCHEM-GChO75试题.pdf,已OCR,精确,2026题目11/ZCHEM-GChO75试题.md,06-外部资料导入\OCR\01-题目\质心合集新\GChO模拟试题合集\ZCHEM-GChO75试题.pdf
质心合集新,ZCHEM-GChO76试题.pdf,已OCR,精确,2026题目11/ZCHEM-GChO76试题.md,06-外部资料导入\OCR\01-题目\质心合集新\GChO模拟试题合集\ZCHEM-GChO76试题.pdf
质心合集新,ZCHEM-GChO77试题.pdf,已OCR,精确,2026题目11/ZCHEM-GChO77试题.md,06-外部资料导入\OCR\01-题目\质心合集新\GChO模拟试题合集\ZCHEM-GChO77试题.pdf
质心合集新,ZCHEM-GChO78试题.pdf,已OCR,精确,2026题目11/ZCHEM-GChO78试题.md,06-外部资料导入\OCR\01-题目\质心合集新\GChO模拟试题合集\ZCHEM-GChO78试题.pdf
质心合集新,ZCHEM-GChO79试题.pdf,已OCR,精确,2026题目11/ZCHEM-GChO79试题.md,06-外部资料导入\OCR\01-题目\质心合集新\GChO模拟试题合集\ZCHEM-GChO79试题.pdf
质心合集新,ZCHEM-GChO7试题（线下营）.pdf,已OCR,精确,2026题目11/ZCHEM-GChO7试题（线下营）.md,06-外部资料导入\OCR\01-题目\质心合集新\GChO模拟试题合集\ZCHEM-GChO7试题（线下营）.pdf
质心合集新,ZCHEM-GChO80试题.pdf,已OCR,精确,2026题目11/ZCHEM-GChO80试题.md,06-外部资料导入\OCR\01-题目\质心合集新\GChO模拟试题合集\ZCHEM-GChO80试题.pdf
质心合集新,ZCHEM-GChO81试题.pdf,已OCR,精确,2026题目11/ZCHEM-GChO81试题.md,06-外部资料导入\OCR\01-题目\质心合集新\GChO模拟试题合集\ZCHEM-GChO81试题.pdf
质心合集新,ZCHEM-GChO82试题.pdf,已OCR,精确,2026题目11/ZCHEM-GChO82试题.md,06-外部资料导入\OCR\01-题目\质心合集新\GChO模拟试题合集\ZCHEM-GChO82试题.pdf
质心合集新,ZCHEM-GChO83试题.pdf,已OCR,精确,2026题目11/ZCHEM-GChO83试题.md,06-外部资料导入\OCR\01-题目\质心合集新\GChO模拟试题合集\ZCHEM-GChO83试题.pdf
质心合集新,ZCHEM-GChO8试题.pdf,已OCR,精确,2026题目11/ZCHEM-GChO8试题.md,06-外部资料导入\OCR\01-题目\质心合集新\GChO模拟试题合集\ZCHEM-GChO8试题.pdf
质心合集新,ZCHEM-GChO9试题.pdf,已OCR,精确,2026题目11/ZCHEM-GChO9试题.md,06-外部资料导入\OCR\01-题目\质心合集新\GChO模拟试题合集\ZCHEM-GChO9试题.pdf
质心合集新,国初模拟汇编.pdf,未OCR,—,,06-外部资料导入\OCR\01-题目\质心合集新\GChO模拟试题合集\国初模拟汇编.pdf
质心合集新,ZCHEM-GChO10解析手稿.pdf,已OCR,精确,2026题目11/ZCHEM-GChO10解析手稿.md,06-外部资料导入\OCR\01-题目\质心合集新\GChO模拟试题合集答案\ZCHEM-GChO10解析手稿.pdf
质心合集新,ZCHEM-GChO11解析手稿.pdf,已OCR,精确,2026题目11/ZCHEM-GChO11解析手稿.md,06-外部资料导入\OCR\01-题目\质心合集新\GChO模拟试题合集答案\ZCHEM-GChO11解析手稿.pdf
质心合集新,ZCHEM-GChO12参考答案与评分标准.pdf,已OCR,精确,2026题目11/ZCHEM-GChO12参考答案与评分标准.md,06-外部资料导入\OCR\01-题目\质心合集新\GChO模拟试题合集答案\ZCHEM-GChO12参考答案与评分标准.pdf
质心合集新,ZCHEM-GChO13解析手稿.pdf,已OCR,精确,2026题目11/ZCHEM-GChO13解析手稿.md,06-外部资料导入\OCR\01-题目\质心合集新\GChO模拟试题合集答案\ZCHEM-GChO13解析手稿.pdf
质心合集新,ZCHEM-GChO14解析手稿.pdf,未OCR,—,,06-外部资料导入\OCR\01-题目\质心合集新\GChO模拟试题合集答案\ZCHEM-GChO14解析手稿.pdf
质心合集新,ZCHEM-GChO15解析手稿.pdf,已OCR,精确,2026题目11/ZCHEM-GChO15解析手稿.md,06-外部资料导入\OCR\01-题目\质心合集新\GChO模拟试题合集答案\ZCHEM-GChO15解析手稿.pdf
质心合集新,ZCHEM-GChO16解析手稿.pdf,已OCR,精确,2026题目11/ZCHEM-GChO16解析手稿.md,06-外部资料导入\OCR\01-题目\质心合集新\GChO模拟试题合集答案\ZCHEM-GChO16解析手稿.pdf
质心合集新,ZCHEM-GChO17解析手稿.pdf,已OCR,精确,2026题目11/ZCHEM-GChO17解析手稿.md,06-外部资料导入\OCR\01-题目\质心合集新\GChO模拟试题合集答案\ZCHEM-GChO17解析手稿.pdf
质心合集新,ZCHEM-GChO18解析手稿.pdf,已OCR,精确,2026题目11/ZCHEM-GChO18解析手稿.md,06-外部资料导入\OCR\01-题目\质心合集新\GChO模拟试题合集答案\ZCHEM-GChO18解析手稿.pdf
质心合集新,ZCHEM-GChO19解析手稿.pdf,已OCR,精确,2026题目11/ZCHEM-GChO19解析手稿.md,06-外部资料导入\OCR\01-题目\质心合集新\GChO模拟试题合集答案\ZCHEM-GChO19解析手稿.pdf
质心合集新,ZCHEM-GChO1参考答案与评分标准.pdf,已OCR,精确,2026题目11/ZCHEM-GChO1参考答案与评分标准.md,06-外部资料导入\OCR\01-题目\质心合集新\GChO模拟试题合集答案\ZCHEM-GChO1参考答案与评分标准.pdf
质心合集新,ZCHEM-GChO20解析手稿.pdf,已OCR,精确,2026题目11/ZCHEM-GChO20解析手稿.md,06-外部资料导入\OCR\01-题目\质心合集新\GChO模拟试题合集答案\ZCHEM-GChO20解析手稿.pdf
质心合集新,ZCHEM-GChO21解析手稿.pdf,已OCR,精确,2026题目11/ZCHEM-GChO21解析手稿.md,06-外部资料导入\OCR\01-题目\质心合集新\GChO模拟试题合集答案\ZCHEM-GChO21解析手稿.pdf
质心合集新,ZCHEM-GChO22解析手稿.pdf,已OCR,精确,2026题目12/ZCHEM-GChO22解析手稿.md,06-外部资料导入\OCR\01-题目\质心合集新\GChO模拟试题合集答案\ZCHEM-GChO22解析手稿.pdf
质心合集新,ZCHEM-GChO23解析手稿.pdf,已OCR,精确,2026题目11/ZCHEM-GChO23解析手稿.md,06-外部资料导入\OCR\01-题目\质心合集新\GChO模拟试题合集答案\ZCHEM-GChO23解析手稿.pdf
质心合集新,ZCHEM-GChO24解析手稿.pdf,已OCR,精确,2026题目11/ZCHEM-GChO24解析手稿.md,06-外部资料导入\OCR\01-题目\质心合集新\GChO模拟试题合集答案\ZCHEM-GChO24解析手稿.pdf
质心合集新,ZCHEM-GChO25解析手稿.pdf,已OCR,精确,2026题目11/ZCHEM-GChO25解析手稿.md,06-外部资料导入\OCR\01-题目\质心合集新\GChO模拟试题合集答案\ZCHEM-GChO25解析手稿.pdf
质心合集新,ZCHEM-GChO26解析手稿.pdf,已OCR,精确,2026题目11/ZCHEM-GChO26解析手稿.md,06-外部资料导入\OCR\01-题目\质心合集新\GChO模拟试题合集答案\ZCHEM-GChO26解析手稿.pdf
质心合集新,ZCHEM-GChO27参考答案与评分标准.pdf,已OCR,精确,2026题目12/ZCHEM-GChO27参考答案与评分标准.md,06-外部资料导入\OCR\01-题目\质心合集新\GChO模拟试题合集答案\ZCHEM-GChO27参考答案与评分标准.pdf
质心合集新,ZCHEM-GChO28参考答案与评分标准.pdf,已OCR,精确,2026题目12/ZCHEM-GChO28参考答案与评分标准.md,06-外部资料导入\OCR\01-题目\质心合集新\GChO模拟试题合集答案\ZCHEM-GChO28参考答案与评分标准.pdf
质心合集新,ZCHEM-GChO29解析手稿.pdf,已OCR,精确,2026题目11/ZCHEM-GChO29解析手稿.md,06-外部资料导入\OCR\01-题目\质心合集新\GChO模拟试题合集答案\ZCHEM-GChO29解析手稿.pdf
质心合集新,ZCHEM-GChO2解析手稿.pdf,已OCR,精确,2026题目11/ZCHEM-GChO2解析手稿.md,06-外部资料导入\OCR\01-题目\质心合集新\GChO模拟试题合集答案\ZCHEM-GChO2解析手稿.pdf
质心合集新,ZCHEM-GChO30参考答案与评分标准.pdf,已OCR,精确,2026题目11/ZCHEM-GChO30参考答案与评分标准.md,06-外部资料导入\OCR\01-题目\质心合集新\GChO模拟试题合集答案\ZCHEM-GChO30参考答案与评分标准.pdf
质心合集新,ZCHEM-GChO31参考答案与评分标准.pdf,已OCR,精确,2026题目11/ZCHEM-GChO31参考答案与评分标准.md,06-外部资料导入\OCR\01-题目\质心合集新\GChO模拟试题合集答案\ZCHEM-GChO31参考答案与评分标准.pdf
质心合集新,ZCHEM-GChO32参考答案与评分标准.pdf,已OCR,精确,2026题目11/ZCHEM-GChO32参考答案与评分标准.md,06-外部资料导入\OCR\01-题目\质心合集新\GChO模拟试题合集答案\ZCHEM-GChO32参考答案与评分标准.pdf
质心合集新,ZCHEM-GChO33解析手稿.pdf,已OCR,精确,2026题目11/ZCHEM-GChO33解析手稿.md,06-外部资料导入\OCR\01-题目\质心合集新\GChO模拟试题合集答案\ZCHEM-GChO33解析手稿.pdf
质心合集新,ZCHEM-GChO34解析手稿.pdf,已OCR,精确,2026题目11/ZCHEM-GChO34解析手稿.md,06-外部资料导入\OCR\01-题目\质心合集新\GChO模拟试题合集答案\ZCHEM-GChO34解析手稿.pdf
质心合集新,ZCHEM-GChO35解析手稿.pdf,已OCR,精确,2026题目11/ZCHEM-GChO35解析手稿.md,06-外部资料导入\OCR\01-题目\质心合集新\GChO模拟试题合集答案\ZCHEM-GChO35解析手稿.pdf
质心合集新,ZCHEM-GChO36解析手稿.pdf,已OCR,精确,2026题目11/ZCHEM-GChO36解析手稿.md,06-外部资料导入\OCR\01-题目\质心合集新\GChO模拟试题合集答案\ZCHEM-GChO36解析手稿.pdf
质心合集新,ZCHEM-GChO37解析手稿.pdf,已OCR,精确,2026题目11/ZCHEM-GChO37解析手稿.md,06-外部资料导入\OCR\01-题目\质心合集新\GChO模拟试题合集答案\ZCHEM-GChO37解析手稿.pdf
质心合集新,ZCHEM-GChO38解析手稿.pdf,已OCR,精确,2026题目11/ZCHEM-GChO38解析手稿.md,06-外部资料导入\OCR\01-题目\质心合集新\GChO模拟试题合集答案\ZCHEM-GChO38解析手稿.pdf
质心合集新,ZCHEM-GChO39解析手稿.pdf,已OCR,精确,2026题目11/ZCHEM-GChO39解析手稿.md,06-外部资料导入\OCR\01-题目\质心合集新\GChO模拟试题合集答案\ZCHEM-GChO39解析手稿.pdf
质心合集新,ZCHEM-GChO3参考答案与评分标准.pdf,已OCR,精确,2026题目11/ZCHEM-GChO3参考答案与评分标准.md,06-外部资料导入\OCR\01-题目\质心合集新\GChO模拟试题合集答案\ZCHEM-GChO3参考答案与评分标准.pdf
质心合集新,ZCHEM-GChO40解析手稿.pdf,已OCR,精确,2026题目11/ZCHEM-GChO40解析手稿.md,06-外部资料导入\OCR\01-题目\质心合集新\GChO模拟试题合集答案\ZCHEM-GChO40解析手稿.pdf
质心合集新,ZCHEM-GChO41参考答案与评分标准.pdf,已OCR,精确,2026题目11/ZCHEM-GChO41参考答案与评分标准.md,06-外部资料导入\OCR\01-题目\质心合集新\GChO模拟试题合集答案\ZCHEM-GChO41参考答案与评分标准.pdf
质心合集新,ZCHEM-GChO42参考答案与评分标准.pdf,已OCR,精确,2026题目11/ZCHEM-GChO42参考答案与评分标准.md,06-外部资料导入\OCR\01-题目\质心合集新\GChO模拟试题合集答案\ZCHEM-GChO42参考答案与评分标准.pdf
质心合集新,ZCHEM-GChO43解析手稿.pdf,已OCR,精确,2026题目11/ZCHEM-GChO43解析手稿.md,06-外部资料导入\OCR\01-题目\质心合集新\GChO模拟试题合集答案\ZCHEM-GChO43解析手稿.pdf
质心合集新,ZCHEM-GChO44解析手稿.pdf,已OCR,精确,2026题目11/ZCHEM-GChO44解析手稿.md,06-外部资料导入\OCR\01-题目\质心合集新\GChO模拟试题合集答案\ZCHEM-GChO44解析手稿.pdf
质心合集新,ZCHEM-GChO45解析手稿.pdf,已OCR,精确,2026题目11/ZCHEM-GChO45解析手稿.md,06-外部资料导入\OCR\01-题目\质心合集新\GChO模拟试题合集答案\ZCHEM-GChO45解析手稿.pdf
质心合集新,ZCHEM-GChO46解析手稿.pdf,已OCR,精确,2026题目11/ZCHEM-GChO46解析手稿.md,06-外部资料导入\OCR\01-题目\质心合集新\GChO模拟试题合集答案\ZCHEM-GChO46解析手稿.pdf
质心合集新,ZCHEM-GChO47参考答案与评分标准.pdf,已OCR,精确,2026题目12/ZCHEM-GChO47参考答案与评分标准.md,06-外部资料导入\OCR\01-题目\质心合集新\GChO模拟试题合集答案\ZCHEM-GChO47参考答案与评分标准.pdf
质心合集新,ZCHEM-GChO48参考答案与评分标准.pdf,已OCR,精确,2026题目11/ZCHEM-GChO48参考答案与评分标准.md,06-外部资料导入\OCR\01-题目\质心合集新\GChO模拟试题合集答案\ZCHEM-GChO48参考答案与评分标准.pdf
质心合集新,ZCHEM-GChO49解析手稿.pdf,已OCR,精确,2026题目12/ZCHEM-GChO49解析手稿.md,06-外部资料导入\OCR\01-题目\质心合集新\GChO模拟试题合集答案\ZCHEM-GChO49解析手稿.pdf
质心合集新,ZCHEM-GChO4解析手稿.pdf,已OCR,精确,2026题目11/ZCHEM-GChO4解析手稿.md,06-外部资料导入\OCR\01-题目\质心合集新\GChO模拟试题合集答案\ZCHEM-GChO4解析手稿.pdf
质心合集新,ZCHEM-GChO50参考答案与评分标准.pdf,已OCR,精确,2026题目12/ZCHEM-GChO50参考答案与评分标准.md,06-外部资料导入\OCR\01-题目\质心合集新\GChO模拟试题合集答案\ZCHEM-GChO50参考答案与评分标准.pdf
质心合集新,ZCHEM-GChO51参考答案和评分标准.pdf,已OCR,精确,2026题目11/ZCHEM-GChO51参考答案和评分标准.md,06-外部资料导入\OCR\01-题目\质心合集新\GChO模拟试题合集答案\ZCHEM-GChO51参考答案和评分标准.pdf
质心合集新,ZCHEM-GChO52参考答案与评分标准.pdf,已OCR,精确,2026题目12/ZCHEM-GChO52参考答案与评分标准.md,06-外部资料导入\OCR\01-题目\质心合集新\GChO模拟试题合集答案\ZCHEM-GChO52参考答案与评分标准.pdf
质心合集新,ZCHEM-GChO53参考答案与评分标准.pdf,已OCR,精确,2026题目12/ZCHEM-GChO53参考答案与评分标准.md,06-外部资料导入\OCR\01-题目\质心合集新\GChO模拟试题合集答案\ZCHEM-GChO53参考答案与评分标准.pdf
质心合集新,ZCHEM-GChO54解析手稿.pdf,已OCR,精确,2026题目12/ZCHEM-GChO54解析手稿.md,06-外部资料导入\OCR\01-题目\质心合集新\GChO模拟试题合集答案\ZCHEM-GChO54解析手稿.pdf
质心合集新,ZCHEM-GChO55解析手稿.pdf,已OCR,精确,2026题目11/ZCHEM-GChO55解析手稿.md,06-外部资料导入\OCR\01-题目\质心合集新\GChO模拟试题合集答案\ZCHEM-GChO55解析手稿.pdf
质心合集新,ZCHEM-GChO56解析手稿.pdf,已OCR,精确,2026题目11/ZCHEM-GChO56解析手稿.md,06-外部资料导入\OCR\01-题目\质心合集新\GChO模拟试题合集答案\ZCHEM-GChO56解析手稿.pdf
质心合集新,ZCHEM-GChO57解析手稿.pdf,已OCR,精确,2026题目11/ZCHEM-GChO57解析手稿.md,06-外部资料导入\OCR\01-题目\质心合集新\GChO模拟试题合集答案\ZCHEM-GChO57解析手稿.pdf
质心合集新,ZCHEM-GChO58解析手稿.pdf,已OCR,精确,2026题目11/ZCHEM-GChO58解析手稿.md,06-外部资料导入\OCR\01-题目\质心合集新\GChO模拟试题合集答案\ZCHEM-GChO58解析手稿.pdf
质心合集新,ZCHEM-GChO59解析手稿.pdf,已OCR,精确,2026题目11/ZCHEM-GChO59解析手稿.md,06-外部资料导入\OCR\01-题目\质心合集新\GChO模拟试题合集答案\ZCHEM-GChO59解析手稿.pdf
质心合集新,ZCHEM-GChO60参考答案和评分标准.pdf,已OCR,精确,2026题目12/ZCHEM-GChO60参考答案和评分标准.md,06-外部资料导入\OCR\01-题目\质心合集新\GChO模拟试题合集答案\ZCHEM-GChO60参考答案和评分标准.pdf
质心合集新,ZCHEM-GChO61参考答案和评分标准.pdf,已OCR,精确,2026题目12/ZCHEM-GChO61参考答案和评分标准.md,06-外部资料导入\OCR\01-题目\质心合集新\GChO模拟试题合集答案\ZCHEM-GChO61参考答案和评分标准.pdf
质心合集新,ZCHEM-GChO62参考答案与评分标准.pdf,已OCR,精确,2026题目11/ZCHEM-GChO62参考答案与评分标准.md,06-外部资料导入\OCR\01-题目\质心合集新\GChO模拟试题合集答案\ZCHEM-GChO62参考答案与评分标准.pdf
质心合集新,ZCHEM-GChO63解析手稿.pdf,已OCR,精确,2026题目12/ZCHEM-GChO63解析手稿.md,06-外部资料导入\OCR\01-题目\质心合集新\GChO模拟试题合集答案\ZCHEM-GChO63解析手稿.pdf
质心合集新,ZCHEM-GChO64解析手稿.pdf,已OCR,精确,2026题目12/ZCHEM-GChO64解析手稿.md,06-外部资料导入\OCR\01-题目\质心合集新\GChO模拟试题合集答案\ZCHEM-GChO64解析手稿.pdf
质心合集新,ZCHEM-GChO65解析手稿.pdf,已OCR,精确,2026题目11/ZCHEM-GChO65解析手稿.md,06-外部资料导入\OCR\01-题目\质心合集新\GChO模拟试题合集答案\ZCHEM-GChO65解析手稿.pdf
质心合集新,ZCHEM-GChO66解析手稿.pdf,已OCR,精确,2026题目12/ZCHEM-GChO66解析手稿.md,06-外部资料导入\OCR\01-题目\质心合集新\GChO模拟试题合集答案\ZCHEM-GChO66解析手稿.pdf
质心合集新,ZCHEM-GChO67参考答案与评分标准.pdf,已OCR,精确,2026题目12/ZCHEM-GChO67参考答案与评分标准.md,06-外部资料导入\OCR\01-题目\质心合集新\GChO模拟试题合集答案\ZCHEM-GChO67参考答案与评分标准.pdf
质心合集新,ZCHEM-GChO68解析手稿.pdf,已OCR,精确,2026题目11/ZCHEM-GChO68解析手稿.md,06-外部资料导入\OCR\01-题目\质心合集新\GChO模拟试题合集答案\ZCHEM-GChO68解析手稿.pdf
质心合集新,ZCHEM-GChO69解析手稿.pdf,已OCR,精确,2026题目12/ZCHEM-GChO69解析手稿.md,06-外部资料导入\OCR\01-题目\质心合集新\GChO模拟试题合集答案\ZCHEM-GChO69解析手稿.pdf
质心合集新,ZCHEM-GChO6解析手稿.pdf,已OCR,精确,2026题目11/ZCHEM-GChO6解析手稿.md,06-外部资料导入\OCR\01-题目\质心合集新\GChO模拟试题合集答案\ZCHEM-GChO6解析手稿.pdf
质心合集新,ZCHEM-GChO70解析手稿.pdf,已OCR,精确,2026题目11/ZCHEM-GChO70解析手稿.md,06-外部资料导入\OCR\01-题目\质心合集新\GChO模拟试题合集答案\ZCHEM-GChO70解析手稿.pdf
质心合集新,ZCHEM-GChO71解析手稿.pdf,已OCR,精确,2026题目11/ZCHEM-GChO71解析手稿.md,06-外部资料导入\OCR\01-题目\质心合集新\GChO模拟试题合集答案\ZCHEM-GChO71解析手稿.pdf
质心合集新,ZCHEM-GChO72解析手稿.pdf,已OCR,精确,2026题目12/ZCHEM-GChO72解析手稿.md,06-外部资料导入\OCR\01-题目\质心合集新\GChO模拟试题合集答案\ZCHEM-GChO72解析手稿.pdf
质心合集新,ZCHEM-GChO73参考答案与评分标准.pdf,已OCR,精确,2026题目12/ZCHEM-GChO73参考答案与评分标准.md,06-外部资料导入\OCR\01-题目\质心合集新\GChO模拟试题合集答案\ZCHEM-GChO73参考答案与评分标准.pdf
质心合集新,ZCHEM-GChO74参考答案与评分标准.pdf,已OCR,精确,2026题目12/ZCHEM-GChO74参考答案与评分标准.md,06-外部资料导入\OCR\01-题目\质心合集新\GChO模拟试题合集答案\ZCHEM-GChO74参考答案与评分标准.pdf
质心合集新,ZCHEM-GChO75参考答案与评分标准.pdf,已OCR,精确,2026题目12/ZCHEM-GChO75参考答案与评分标准.md,06-外部资料导入\OCR\01-题目\质心合集新\GChO模拟试题合集答案\ZCHEM-GChO75参考答案与评分标准.pdf
质心合集新,ZCHEM-GChO76解析手稿.pdf,已OCR,精确,2026题目12/ZCHEM-GChO76解析手稿.md,06-外部资料导入\OCR\01-题目\质心合集新\GChO模拟试题合集答案\ZCHEM-GChO76解析手稿.pdf
质心合集新,ZCHEM-GChO77解析手稿.pdf,已OCR,精确,2026题目12/ZCHEM-GChO77解析手稿.md,06-外部资料导入\OCR\01-题目\质心合集新\GChO模拟试题合集答案\ZCHEM-GChO77解析手稿.pdf
质心合集新,ZCHEM-GChO78解析手稿.pdf,已OCR,精确,2026题目12/ZCHEM-GChO78解析手稿.md,06-外部资料导入\OCR\01-题目\质心合集新\GChO模拟试题合集答案\ZCHEM-GChO78解析手稿.pdf
质心合集新,ZCHEM-GChO79解析手稿.pdf,已OCR,精确,2026题目12/ZCHEM-GChO79解析手稿.md,06-外部资料导入\OCR\01-题目\质心合集新\GChO模拟试题合集答案\ZCHEM-GChO79解析手稿.pdf
质心合集新,ZCHEM-GChO7解析手稿.pdf,已OCR,精确,2026题目11/ZCHEM-GChO7解析手稿.md,06-外部资料导入\OCR\01-题目\质心合集新\GChO模拟试题合集答案\ZCHEM-GChO7解析手稿.pdf
质心合集新,ZCHEM-GChO80参考答案与评分标准.pdf,已OCR,精确,2026题目12/ZCHEM-GChO80参考答案与评分标准.md,06-外部资料导入\OCR\01-题目\质心合集新\GChO模拟试题合集答案\ZCHEM-GChO80参考答案与评分标准.pdf
质心合集新,ZCHEM-GChO81参考答案与评分标准.pdf,已OCR,精确,2026题目12/ZCHEM-GChO81参考答案与评分标准.md,06-外部资料导入\OCR\01-题目\质心合集新\GChO模拟试题合集答案\ZCHEM-GChO81参考答案与评分标准.pdf
质心合集新,ZCHEM-GChO82参考答案与评分标准.pdf,已OCR,精确,2026题目12/ZCHEM-GChO82参考答案与评分标准.md,06-外部资料导入\OCR\01-题目\质心合集新\GChO模拟试题合集答案\ZCHEM-GChO82参考答案与评分标准.pdf
质心合集新,ZCHEM-GChO83参考答案与评分标准.pdf,已OCR,精确,2026题目12/ZCHEM-GChO83参考答案与评分标准.md,06-外部资料导入\OCR\01-题目\质心合集新\GChO模拟试题合集答案\ZCHEM-GChO83参考答案与评分标准.pdf
质心合集新,ZCHEM-GChO8参考答案与评分标准.pdf,已OCR,精确,2026题目11/ZCHEM-GChO8参考答案与评分标准.md,06-外部资料导入\OCR\01-题目\质心合集新\GChO模拟试题合集答案\ZCHEM-GChO8参考答案与评分标准.pdf
质心合集新,ZCHEM-GChO9解析手稿.pdf,已OCR,精确,2026题目11/ZCHEM-GChO9解析手稿.md,06-外部资料导入\OCR\01-题目\质心合集新\GChO模拟试题合集答案\ZCHEM-GChO9解析手稿.pdf
质心合集新,10th ZCHEM-UChO.pdf,已OCR,归一化,2026题目12/10thZCHEM-UChO.md,06-外部资料导入\OCR\01-题目\质心合集新\UChO模拟试题合集\10th ZCHEM-UChO.pdf
质心合集新,1st ZCHEM-UChO.pdf,已OCR,归一化,2026题目12/1stZCHEM-UChO.md,06-外部资料导入\OCR\01-题目\质心合集新\UChO模拟试题合集\1st ZCHEM-UChO.pdf
质心合集新,2nd ZCHEM-UChO.pdf,已OCR,归一化,2026题目12/2ndZCHEM-UChO.md,06-外部资料导入\OCR\01-题目\质心合集新\UChO模拟试题合集\2nd ZCHEM-UChO.pdf
质心合集新,3rd ZCHEM-UChO-Tour1.pdf,已OCR,归一化,2026题目11/3rdZCHEM-UChO-Tour1.md,06-外部资料导入\OCR\01-题目\质心合集新\UChO模拟试题合集\3rd ZCHEM-UChO-Tour1.pdf
质心合集新,3rd ZCHEM-UChO-Tour2.pdf,已OCR,归一化,2026题目11/3rdZCHEM-UChO-Tour2.md,06-外部资料导入\OCR\01-题目\质心合集新\UChO模拟试题合集\3rd ZCHEM-UChO-Tour2.pdf
质心合集新,4th ZCHEM-UChO-Tour1.pdf,已OCR,归一化,2026题目11/4thZCHEM-UChO-Tour1.md,06-外部资料导入\OCR\01-题目\质心合集新\UChO模拟试题合集\4th ZCHEM-UChO-Tour1.pdf
质心合集新,4th ZCHEM-UChO-Tour2.pdf,已OCR,归一化,2026题目11/4thZCHEM-UChO-Tour2.md,06-外部资料导入\OCR\01-题目\质心合集新\UChO模拟试题合集\4th ZCHEM-UChO-Tour2.pdf
质心合集新,5th ZCHEM-UChO-Tour1.pdf,已OCR,归一化,2026题目11/5thZCHEM-UChO-Tour1.md,06-外部资料导入\OCR\01-题目\质心合集新\UChO模拟试题合集\5th ZCHEM-UChO-Tour1.pdf
质心合集新,5th ZCHEM-UChO-Tour2.pdf,已OCR,归一化,2026题目11/5thZCHEM-UChO-Tour2.md,06-外部资料导入\OCR\01-题目\质心合集新\UChO模拟试题合集\5th ZCHEM-UChO-Tour2.pdf
质心合集新,6th ZCHEM-UChO-Tour1.pdf,已OCR,归一化,2026题目11/6thZCHEM-UChO-Tour1.md,06-外部资料导入\OCR\01-题目\质心合集新\UChO模拟试题合集\6th ZCHEM-UChO-Tour1.pdf
质心合集新,6th ZCHEM-UChO-Tour2.pdf,已OCR,归一化,2026题目11/6thZCHEM-UChO-Tour2.md,06-外部资料导入\OCR\01-题目\质心合集新\UChO模拟试题合集\6th ZCHEM-UChO-Tour2.pdf
质心合集新,7th ZCHEM-UChO-Tour1.pdf,已OCR,归一化,2026题目11/7thZCHEM-UChO-Tour1.md,06-外部资料导入\OCR\01-题目\质心合集新\UChO模拟试题合集\7th ZCHEM-UChO-Tour1.pdf
质心合集新,7th ZCHEM-UChO-Tour2.pdf,已OCR,归一化,2026题目11/7thZCHEM-UChO-Tour2.md,06-外部资料导入\OCR\01-题目\质心合集新\UChO模拟试题合集\7th ZCHEM-UChO-Tour2.pdf
质心合集新,8th ZCHEM-UChO-Tour1.pdf,已OCR,归一化,2026题目11/8thZCHEM-UChO-Tour1.md,06-外部资料导入\OCR\01-题目\质心合集新\UChO模拟试题合集\8th ZCHEM-UChO-Tour1.pdf
质心合集新,8th ZCHEM-UChO-Tour2.pdf,已OCR,归一化,2026题目11/8thZCHEM-UChO-Tour2.md,06-外部资料导入\OCR\01-题目\质心合集新\UChO模拟试题合集\8th ZCHEM-UChO-Tour2.pdf
质心合集新,9th ZCHEM-UChO-Tour1.pdf,已OCR,归一化,2026题目11/9thZCHEM-UChO-Tour1.md,06-外部资料导入\OCR\01-题目\质心合集新\UChO模拟试题合集\9th ZCHEM-UChO-Tour1.pdf
质心合集新,9th ZCHEM-UChO-Tour2.pdf,已OCR,归一化,2026题目11/9thZCHEM-UChO-Tour2.md,06-外部资料导入\OCR\01-题目\质心合集新\UChO模拟试题合集\9th ZCHEM-UChO-Tour2.pdf
质心合集新,1st ZCHEM-UChO 答案.pdf,已OCR,归一化,2026题目12/1stZCHEM-UChO答案.md,06-外部资料导入\OCR\01-题目\质心合集新\UChO模拟试题合集答案\1st ZCHEM-UChO 答案.pdf
质心合集新,2nd ZCHEM-UChO 答案.pdf,已OCR,归一化,2026题目12/2ndZCHEM-UChO答案.md,06-外部资料导入\OCR\01-题目\质心合集新\UChO模拟试题合集答案\2nd ZCHEM-UChO 答案.pdf
质心合集新,3rd ZCHEM-UChO-Tour1 答案.pdf,已OCR,归一化,2026题目12/3rdZCHEM-UChO-Tour1答案.md,06-外部资料导入\OCR\01-题目\质心合集新\UChO模拟试题合集答案\3rd ZCHEM-UChO-Tour1 答案.pdf
质心合集新,3rd ZCHEM-UChO-Tour2 答案.pdf,已OCR,归一化,2026题目12/3rdZCHEM-UChO-Tour2答案.md,06-外部资料导入\OCR\01-题目\质心合集新\UChO模拟试题合集答案\3rd ZCHEM-UChO-Tour2 答案.pdf
质心合集新,4th ZCHEM-UChO 答案.pdf,已OCR,归一化,2026题目12/4thZCHEM-UChO答案.md,06-外部资料导入\OCR\01-题目\质心合集新\UChO模拟试题合集答案\4th ZCHEM-UChO 答案.pdf
质心合集新,5th ZCHEM-UChO 答案.pdf,已OCR,归一化,2026题目12/5thZCHEM-UChO答案.md,06-外部资料导入\OCR\01-题目\质心合集新\UChO模拟试题合集答案\5th ZCHEM-UChO 答案.pdf
质心合集新,6th ZCHEM-UChO-Tour1 答案.pdf,已OCR,归一化,2026题目12/6thZCHEM-UChO-Tour1答案.md,06-外部资料导入\OCR\01-题目\质心合集新\UChO模拟试题合集答案\6th ZCHEM-UChO-Tour1 答案.pdf
质心合集新,6th ZCHEM-UChO-Tour2 答案.pdf,已OCR,归一化,2026题目12/6thZCHEM-UChO-Tour2答案.md,06-外部资料导入\OCR\01-题目\质心合集新\UChO模拟试题合集答案\6th ZCHEM-UChO-Tour2 答案.pdf
质心合集新,7th ZCHEM-UChO-Tour1 答案.pdf,已OCR,归一化,2026题目12/7thZCHEM-UChO-Tour1答案.md,06-外部资料导入\OCR\01-题目\质心合集新\UChO模拟试题合集答案\7th ZCHEM-UChO-Tour1 答案.pdf
质心合集新,7th ZCHEM-UChO-Tour2 答案.pdf,已OCR,归一化,2026题目12/7thZCHEM-UChO-Tour2答案.md,06-外部资料导入\OCR\01-题目\质心合集新\UChO模拟试题合集答案\7th ZCHEM-UChO-Tour2 答案.pdf
质心合集新,8th ZCHEM-UChO-Tour1 答案.pdf,已OCR,归一化,2026题目12/8thZCHEM-UChO-Tour1答案.md,06-外部资料导入\OCR\01-题目\质心合集新\UChO模拟试题合集答案\8th ZCHEM-UChO-Tour1 答案.pdf
质心合集新,8th ZCHEM-UChO-Tour2 答案.pdf,已OCR,归一化,2026题目12/8thZCHEM-UChO-Tour2答案.md,06-外部资料导入\OCR\01-题目\质心合集新\UChO模拟试题合集答案\8th ZCHEM-UChO-Tour2 答案.pdf
质心合集新,9th ZCHEM-UChO-Tour1 答案.pdf,已OCR,归一化,2026题目12/9thZCHEM-UChO-Tour1答案.md,06-外部资料导入\OCR\01-题目\质心合集新\UChO模拟试题合集答案\9th ZCHEM-UChO-Tour1 答案.pdf
质心合集新,9th ZCHEM-UChO-Tour2 答案.pdf,已OCR,归一化,2026题目12/9thZCHEM-UChO-Tour2答案.md,06-外部资料导入\OCR\01-题目\质心合集新\UChO模拟试题合集答案\9th ZCHEM-UChO-Tour2 答案.pdf
