机构,题卡,类型,卷,答案文件,题面文件,答案文件数
2ChO,题-2ChO-02-01-自从1849年Frankla.md,缺失,第2届2ChO化学奥林匹克联考,—,第2届2ChO化学奥林匹克联考试题.md,0
2ChO,题-2ChO-02-02-已知X为一种碱式二水合硫酸锰.md,缺失,第2届2ChO化学奥林匹克联考,—,第2届2ChO化学奥林匹克联考试题.md,0
2ChO,题-2ChO-02-03-离子去除电池BDI可将海水中.md,缺失,第2届2ChO化学奥林匹克联考,—,第2届2ChO化学奥林匹克联考试题.md,0
2ChO,题-2ChO-02-04-化合物A与在温和条件下可以生.md,缺失,第2届2ChO化学奥林匹克联考,—,第2届2ChO化学奥林匹克联考试题.md,0
2ChO,题-2ChO-02-05-对分子中的某些点位进行精确修.md,缺失,第2届2ChO化学奥林匹克联考,—,第2届2ChO化学奥林匹克联考试题.md,0
2ChO,题-2ChO-02-06-2023年2月9日来自Cal.md,缺失,第2届2ChO化学奥林匹克联考,—,第2届2ChO化学奥林匹克联考试题.md,0
2ChO,题-2ChO-02-07-在分子被激发到单线态激发态后.md,缺失,第2届2ChO化学奥林匹克联考,—,第2届2ChO化学奥林匹克联考试题.md,0
2ChO,题-2ChO-02-08-81BaeyerVillig.md,缺失,第2届2ChO化学奥林匹克联考,—,第2届2ChO化学奥林匹克联考试题.md,0
2ChO,题-2ChO-02-09-91以下物质在使用不同还原剂.md,缺失,第2届2ChO化学奥林匹克联考,—,第2届2ChO化学奥林匹克联考试题.md,0
2ChO,题-2ChO-02-10-101一种不带电反应中间体可.md,缺失,第2届2ChO化学奥林匹克联考,—,第2届2ChO化学奥林匹克联考试题.md,0
2ChO,题-2ChO-05-01-历史上人类对于矿物的开采和应.md,缺失,第5届2ChO化学奥林匹克联考,—,第5届2ChO化学奥林匹克联考试题.md,0
2ChO,题-2ChO-05-02-在酸性水溶液中使用化学氧化或.md,缺失,第5届2ChO化学奥林匹克联考,—,第5届2ChO化学奥林匹克联考试题.md,0
2ChO,题-2ChO-05-03-一种钠离子电池的阳极为固体在.md,缺失,第5届2ChO化学奥林匹克联考,—,第5届2ChO化学奥林匹克联考试题.md,0
2ChO,题-2ChO-05-04-磷酸盐在工业生产食品添加剂等.md,缺失,第5届2ChO化学奥林匹克联考,—,第5届2ChO化学奥林匹克联考试题.md,0
2ChO,题-2ChO-05-05-本题的化学式要求用M表示并约.md,缺失,第5届2ChO化学奥林匹克联考,—,第5届2ChO化学奥林匹克联考试题.md,0
2ChO,题-2ChO-05-06-微液滴Microdrople.md,缺失,第5届2ChO化学奥林匹克联考,—,第5届2ChO化学奥林匹克联考试题.md,0
2ChO,题-2ChO-05-07-爆炸是某一物质系统在发生迅速.md,缺失,第5届2ChO化学奥林匹克联考,—,第5届2ChO化学奥林匹克联考试题.md,0
2ChO,题-2ChO-05-08-81在研究正丁烷的构象时以C.md,缺失,第5届2ChO化学奥林匹克联考,—,第5届2ChO化学奥林匹克联考试题.md,0
2ChO,题-2ChO-05-09-91安息香缩合反应相信大家都.md,缺失,第5届2ChO化学奥林匹克联考,—,第5届2ChO化学奥林匹克联考试题.md,0
2ChO,题-2ChO-05-10-101磺酰亚胺基团是有机中一.md,缺失,第5届2ChO化学奥林匹克联考,—,第5届2ChO化学奥林匹克联考试题.md,0
2ChO,题-2ChO-06-01-炼金术的发展离不开中外学者的.md,缺失,第6届2ChO化学奥林匹克联考,—,第6届2ChO化学奥林匹克联考试题.md,0
2ChO,题-2ChO-06-02-指南针Compass是一种简.md,缺失,第6届2ChO化学奥林匹克联考,—,第6届2ChO化学奥林匹克联考试题.md,0
2ChO,题-2ChO-06-03-HMDI是一种常见的聚合反应.md,缺失,第6届2ChO化学奥林匹克联考,—,第6届2ChO化学奥林匹克联考试题.md,0
2ChO,题-2ChO-06-04-锡的测定常用碘酸钾滴定法其过.md,缺失,第6届2ChO化学奥林匹克联考,—,第6届2ChO化学奥林匹克联考试题.md,0
2ChO,题-2ChO-06-05-51CuSe的晶体X具有层状.md,缺失,第6届2ChO化学奥林匹克联考,—,第6届2ChO化学奥林匹克联考试题.md,0
2ChO,题-2ChO-06-06-离子色谱IC是分析水相中阴阳.md,缺失,第6届2ChO化学奥林匹克联考,—,第6届2ChO化学奥林匹克联考试题.md,0
2ChO,题-2ChO-06-07-2023年4月28日来自Un.md,缺失,第6届2ChO化学奥林匹克联考,—,第6届2ChO化学奥林匹克联考试题.md,0
2ChO,题-2ChO-06-08-81气态甲醛主要以单体形式存.md,缺失,第6届2ChO化学奥林匹克联考,—,第6届2ChO化学奥林匹克联考试题.md,0
2ChO,题-2ChO-06-09-氮丙啶Aziridine是一.md,缺失,第6届2ChO化学奥林匹克联考,—,第6届2ChO化学奥林匹克联考试题.md,0
2ChO,题-2ChO-06-10-与传统离子型环化反应相比自由.md,缺失,第6届2ChO化学奥林匹克联考,—,第6届2ChO化学奥林匹克联考试题.md,0
chemy,题-CM-05-09-在以下反应中当两套体系双键或.md,缺失,第三十九届Chemy化学奥林匹克竞赛联赛5,第三十九届Chemy化学奥林匹克竞赛联赛试题答案5与评分标准.md,第三十九届Chemy化学奥林匹克竞赛联赛试题5.md,1
chemy,题-CM-05-10-烯酮在有机化学中是一种关键的.md,缺失,第三十九届Chemy化学奥林匹克竞赛联赛5,第三十九届Chemy化学奥林匹克竞赛联赛试题答案5与评分标准.md,第三十九届Chemy化学奥林匹克竞赛联赛试题5.md,1
chemy,题-CM-11-08-逻辑门本身是处理一个或多个输.md,手写稿,第40届chemy初赛模拟11,第40届chemy初赛模拟11答案.md,第40届chemy初赛模拟11试卷.md,1
chemy,题-CM-11-11-在环系结构和原子间位置合适时.md,手写稿,第40届chemy初赛模拟11,第40届chemy初赛模拟11答案.md,第40届chemy初赛模拟11试卷.md,1
chemy,题-CM-12-04-41雌黄雄黄均是砷的硫化物矿.md,手写稿,第40届chemy初赛模拟12,第40届chemy初赛模拟12答案.md,第40届chemy初赛模拟12试卷.md,1
chemy,题-CM-12-06-在乙腈中将和三苯基环丙烯基氯.md,缺失,第40届chemy初赛模拟12,第40届chemy初赛模拟12答案.md,第40届chemy初赛模拟12试卷.md,1
chemy,题-CM-12-08-81一般地可通过化学键均裂时.md,手写稿,第40届chemy初赛模拟12,第40届chemy初赛模拟12答案.md,第40届chemy初赛模拟12试卷.md,1
chemy,题-CM-14-08-SculponinU是一种贝.md,手写稿,第40届chemy初赛模拟14,第40届chemy初赛模拟14答案.md,第40届chemy初赛模拟14试卷.md,1
chemy,题-CM-15-06-受限于光的衍射极限传统光学显.md,手写稿,第40届chemy初赛模拟15,第40届chemy初赛模拟15答案.md,第40届chemy初赛模拟15试题.md,1
chemy,题-CM-15-09-重氮酯类化合物是有机合成中重.md,手写稿,第40届chemy初赛模拟15,第40届chemy初赛模拟15答案.md,第40届chemy初赛模拟15试题.md,1
chemy,题-CM-17-03-31砷的氰化物在一百多年前就.md,缺失,第40届chemy初赛模拟17,第40届chemy初赛模拟17答案.md,第40届chemy初赛模拟17试题.md,1
chemy,题-CM-20-01-11选出如下反应的主要产物1.md,手写稿,第40届chemy初赛有机模拟20,第40届chemy初赛有机模拟20答案.md,第40届chemy初赛有机模拟20试题.md,1
chemy,题-CM-20-04-自牺牲高分子Selfimmo.md,手写稿,第40届chemy初赛有机模拟20,第40届chemy初赛有机模拟20答案.md,第40届chemy初赛有机模拟20试题.md,1
chemy,题-CM-20-05-大肠杆菌色氨酸合酶由2个亚基.md,手写稿,第40届chemy初赛有机模拟20,第40届chemy初赛有机模拟20答案.md,第40届chemy初赛有机模拟20试题.md,1
chemy,题-CM-20-07-71画出如下反应产物A的结构.md,手写稿,第40届chemy初赛有机模拟20,第40届chemy初赛有机模拟20答案.md,第40届chemy初赛有机模拟20试题.md,1
chemy,题-CM-41-01-测定氨基酸含量时可以采用酸碱.md,缺失,第41届chemy联赛,—,第41届chemy联赛.md,0
chemy,题-CM-41-02-21在无水氟化氢中将和按摩尔.md,缺失,第41届chemy联赛,—,第41届chemy联赛.md,0
chemy,题-CM-41-03-硼是一种易形成多中心键和原子.md,缺失,第41届chemy联赛,—,第41届chemy联赛.md,0
chemy,题-CM-41-04-一氧化二硫为无色气体遇冷变为.md,缺失,第41届chemy联赛,—,第41届chemy联赛.md,0
chemy,题-CM-41-05-将配体结构如下左图与按一定的.md,缺失,第41届chemy联赛,—,第41届chemy联赛.md,0
chemy,题-CM-41-06-有一顺磁性物质的单位体积内有.md,缺失,第41届chemy联赛,—,第41届chemy联赛.md,0
chemy,题-CM-41-07-71石墨合成立方金刚石的物理.md,缺失,第41届chemy联赛,—,第41届chemy联赛.md,0
chemy,题-CM-41-08-81通过不同的反应条件可以控.md,缺失,第41届chemy联赛,—,第41届chemy联赛.md,0
chemy,题-CM-41-09-通过以下反应得到化合物X其化.md,缺失,第41届chemy联赛,—,第41届chemy联赛.md,0
chemy,题-CM-41-10-01对以下化合物在酸性条件下.md,缺失,第41届chemy联赛,—,第41届chemy联赛.md,0
chemy,题-CM-42-01-DNA是对生命现象非常重要的.md,缺失,第42届chemy联赛(决赛),—,第42届chemy联赛(决赛).md,0
chemy,题-CM-42-02-无水氟化氢HF是无机化学中常.md,缺失,第42届chemy联赛(决赛),—,第42届chemy联赛(决赛).md,0
chemy,题-CM-42-03-31臭氧是角形分子电偶极矩为.md,缺失,第42届chemy联赛(决赛),—,第42届chemy联赛(决赛).md,0
chemy,题-CM-42-04-41在离子Mn3CO14中3.md,缺失,第42届chemy联赛(决赛),—,第42届chemy联赛(决赛).md,0
chemy,题-CM-42-05-51工业制氧在目前深冷分离法.md,缺失,第42届chemy联赛(决赛),—,第42届chemy联赛(决赛).md,0
chemy,题-CM-42-06-铁氮化物因具有良好的磁学性质.md,缺失,第42届chemy联赛(决赛),—,第42届chemy联赛(决赛).md,0
chemy,题-CM-42-07-莫比乌斯环是一种具有代表性的.md,缺失,第42届chemy联赛(决赛),—,第42届chemy联赛(决赛).md,0
chemy,题-CM-42-08-同芳香性指环状化合物中至少一.md,缺失,第42届chemy联赛(决赛),—,第42届chemy联赛(决赛).md,0
XeChem,题-XeC-01-01-二萜entkaurene家族.md,缺失,T1,—,T1.md,0
XeChem,题-XeC-06-02-是地球上最主要且最具成本效益.md,缺失,Xechem模拟6,Xechem模拟6答案.md,Xechem模拟6.md,1
XeChem,题-XeC-06-03-自从1888年德国科学家瓦尔.md,缺失,Xechem模拟6,Xechem模拟6答案.md,Xechem模拟6.md,1
XeChem,题-XeC-07-01-11如下配体在去质子后与一当.md,手写稿,Xechem模拟7,Xechem模拟7答案.md,Xechem模拟7.md,1
XeChem,题-XeC-07-07-第40届XeChem初装模拟.md,缺失,Xechem模拟7,Xechem模拟7答案.md,Xechem模拟7.md,1
XeChem,题-XeC-08-01-光合作用是人们最熟知的能量来.md,缺失,Xechem模拟8,—,Xechem模拟8.md,0
XeChem,题-XeC-08-02-是一种典型的低价硅物种在Si.md,缺失,Xechem模拟8,—,Xechem模拟8.md,0
XeChem,题-XeC-08-03-无机磷酸盐过量是水体富营养化.md,缺失,Xechem模拟8,—,Xechem模拟8.md,0
XeChem,题-XeC-08-04-属于六方晶系Al原子层内按最.md,缺失,Xechem模拟8,—,Xechem模拟8.md,0
XeChem,题-XeC-08-05-TEMPOHTEMPO的氧化.md,缺失,Xechem模拟8,—,Xechem模拟8.md,0
XeChem,题-XeC-08-06-自发现以来近70年间异头碳效.md,缺失,Xechem模拟8,—,Xechem模拟8.md,0
XeChem,题-XeC-08-07-常见的化学反应流程叙述中后处.md,缺失,Xechem模拟8,—,Xechem模拟8.md,0
XeChem,题-XeC-08-08-TrigTrigocherr.md,缺失,Xechem模拟8,—,Xechem模拟8.md,0
XeChem,题-XeC-09-01-氮丙啶作为一类重要的含氮杂环.md,缺失,Xechem模拟9（有机）,—,Xechem模拟9（有机）.md,0
XeChem,题-XeC-09-02-苯炔插入反应作为有机合成领域.md,缺失,Xechem模拟9（有机）,—,Xechem模拟9（有机）.md,0
XeChem,题-XeC-09-03-异构现象是有机化学领域中普遍.md,缺失,Xechem模拟9（有机）,—,Xechem模拟9（有机）.md,0
XeChem,题-XeC-09-04-芳香化驱动反应以芳香化过程释.md,缺失,Xechem模拟9（有机）,—,Xechem模拟9（有机）.md,0
XeChem,题-XeC-09-05-杂芳烃硝基苯吡啶喹啉等是有机.md,缺失,Xechem模拟9（有机）,—,Xechem模拟9（有机）.md,0
XeChem,题-XeC-09-06-cotylenol是fusi.md,缺失,Xechem模拟9（有机）,—,Xechem模拟9（有机）.md,0
XeChem,题-XeC-11-04-阿伏伽德罗常数是物理化学和分.md,缺失,Xechem模拟一,Xechem模拟一答案.md,Xechem模拟一.md,1
XeChem,题-XeC-11-05-硅的掺入能降低表面能显著改变.md,缺失,Xechem模拟一,Xechem模拟一答案.md,Xechem模拟一.md,1
XeChem,题-XeC-11-06-环对苯撑cycloparap.md,缺失,Xechem模拟一,Xechem模拟一答案.md,Xechem模拟一.md,1
XeChem,题-XeC-12-07-四川大学傅海燕课题组系统发展.md,手写稿,12,—,—,0
XeChem,题-XeC-12-08-全合成中长期依赖实现CC键构.md,手写稿,12,—,—,0
XeChem,题-XeC-13-02-二甲硫醚DMS是海洋中挥发性.md,缺失,Xechem模拟二,Xechem模拟二答案.md,Xechem模拟二.md,1
XeChem,题-XeC-13-04-银量法是沉淀滴定法中常用的方.md,缺失,Xechem模拟二,Xechem模拟二答案.md,Xechem模拟二.md,1
XeChem,题-XeC-13-06-格氏试剂GrignardRe.md,手写稿,13,—,—,0
XeChem,题-XeC-14-03-31最经典的ZnZn键合成方.md,手写稿,Xechem模拟五,Xechem模拟五答案.md,Xechem模拟五.md,1
XeChem,题-XeC-14-05-该同学使用的材料比表面积是最.md,缺失,Xechem模拟五,Xechem模拟五答案.md,Xechem模拟五.md,1
XeChem,题-XeC-14-06-61将101mg三邻甲苯基膦.md,缺失,Xechem模拟五,Xechem模拟五答案.md,Xechem模拟五.md,1
XeChem,题-XeC-14-08-氧杂八元环是一种有趣的分子骨.md,手写稿,14,—,—,0
XeChem,题-XeC-15-01-古代矿物学家常根据矿物的颜色.md,手写稿,15,—,—,0
XeChem,题-XeC-15-02-一种具有较高对称性的铁簇配合.md,缺失,Xechem模拟四,Xechem模拟四答案.md,Xechem模拟四.md,1
XeChem,题-XeC-15-03-随着核电的发展绿色高效地处理.md,手写稿,Xechem模拟四,Xechem模拟四答案.md,Xechem模拟四.md,1
XeChem,题-XeC-15-06-三线态锡氮宾SnNR的电子结.md,手写稿,15,—,—,0
XeChem,题-XeC-15-06-所有生命的新陈代谢都依赖于持.md,缺失,Xechem模拟四,Xechem模拟四答案.md,Xechem模拟四.md,1
XeChem,题-XeC-15-09-现代密度泛函理论的发展与电脑.md,手写稿,15,—,—,0
XeChem,题-XeC-15-10-Himandrine生物碱由.md,手写稿,15,—,—,0
XeChem,题-XeC-16-07-众所周知立体化学是有机化学中.md,手写稿,16,—,—,0
XeChem,题-XeC-16-08-环丙烷作为最小的碳环结构是各.md,手写稿,16,—,—,0
XeChem,题-XeC-16-09-合成化学家们通常使用走走停停.md,手写稿,16,—,—,0
XeChem,题-XeC-17-06-Si作为第三周期元素可以d轨.md,手写稿,17,—,—,0
XeChem,题-XeC-17-07-71关于CPBA氧化反应的理.md,手写稿,17,—,—,0
XeChem,题-XeC-17-08-醛由于O的孤对电子对CH反键.md,手写稿,17,—,—,0
XeChem,题-XeC-17-09-汇聚式合成convergen.md,手写稿,17,—,—,0
XeChem,题-XeC-18-02-利用可再生能源将电化学还原为.md,缺失,18,—,—,0
XeChem,题-XeC-18-03-你说得对但是在本题中你将扮演.md,缺失,18,—,—,0
XeChem,题-XeC-18-04-碘化铵是一种重要的无机盐加热.md,缺失,18,—,—,0
XeChem,题-XeC-18-05-磷酸盐是常用的水处理剂其产品.md,缺失,18,—,—,0
XeChem,题-XeC-18-06-逻辑门LogicGates是.md,缺失,18,—,—,0
XeChem,题-XeC-18-07-作为结构优美的柏拉图烃之一十.md,缺失,18,—,—,0
XeChem,题-XeC-18-08-81本题的主题是酰胺活化即通.md,缺失,18,—,—,0
XeChem,题-XeC-20-05-作为并没有过多接触实验的高中.md,手写稿,20,—,—,0
XeChem,题-XeC-20-08-维生素H维生素生物素辅酶R是.md,手写稿,20,—,—,0
XeChem,题-XeC-21-01-十九世纪初墨西哥矿物学家在一.md,手写稿,21,—,—,0
XeChem,题-XeC-21-07-在现代有机合成中一些结构稳定.md,手写稿,21,—,—,0
XeChem,题-XeC-22-01-磷化镓GaP是典型的IIIV.md,手写稿,22,—,—,0
XeChem,题-XeC-22-06-酰胺因其共振稳定性通常表现出.md,手写稿,22,—,—,0
XeChem,题-XeC-23-04-1928年Ingold夫妇在.md,手写稿,23,—,—,0
XeChem,题-XeC-23-09-91南京工业大学于2021年.md,手写稿,23,—,—,0
XeChem,题-XeC-24-06-血红素是生物体内重要化合物其.md,手写稿,24,—,—,0
XeChem,题-XeC-24-08-贝克曼重排是肟类化合物转化为.md,手写稿,24,—,—,0
XeChem,题-XeC-25-03-一些配合物的配体可以参与到氧.md,手写稿,25,—,—,0
XeChem,题-XeC-25-06-莫比乌斯芳香性不是指普通芳香.md,手写稿,25,—,—,0
XeChem,题-XeC-25-07-对甲苯磺酰卤TsX兼具磺酰基.md,手写稿,25,—,—,0
XeChem,题-XeC-25-08-芳香环凭借高度离域的体系具有.md,手写稿,25,—,—,0
XeChem,题-XeC-26-01-有机反应中细微的结构或反应环.md,手写稿,26,—,—,0
XeChem,题-XeC-26-03-重排反应能够通过分子内部键的.md,手写稿,26,—,—,0
XeChem,题-XeC-26-04-负氢迁移是一类重要的分子内氧.md,手写稿,26,—,—,0
XeChem,题-XeC-26-05-周环反应能够通过键与键的协同.md,手写稿,26,—,—,0
XeChem,题-XeC-26-06-Phorbol与ingeno.md,手写稿,26,—,—,0
XeChem,题-XeC-40-01-零价配合物因其有趣的电子结构.md,手写稿,第40届XeChem初赛模拟（十）,第40届XeChem初赛模拟试题（十）答案.md,第40届XeChem初赛模拟试题（十）.md,1
XeChem,题-XeC-40-03-传统上介导可逆的氧化还原催化.md,手写稿,第40届XeChem初赛模拟（十一）,第40届XeChem初赛模拟试题（十一）答案.md,第40届XeChem初赛模拟试题（十一）.md,1
XeChem,题-XeC-40-04-活化炔烃是一类特殊的炔烃化合.md,手写稿,第40届XeChem初赛模拟（十）,第40届XeChem初赛模拟试题（十）答案.md,第40届XeChem初赛模拟试题（十）.md,1
XeChem,题-XeC-40-06-氮杂芳环广泛存在于药物分子天.md,手写稿,第40届XeChem初赛模拟（十）,第40届XeChem初赛模拟试题（十）答案.md,第40届XeChem初赛模拟试题（十）.md,1
XeChem,题-XeC-40-07-碳正离子重排是近代有机合成化.md,手写稿,第40届XeChem初赛模拟（十一）,第40届XeChem初赛模拟试题（十一）答案.md,第40届XeChem初赛模拟试题（十一）.md,1
XeChem,题-XeC-40-08-有机硫化合物在有机合成中扮演.md,手写稿,第40届XeChem初赛模拟（十一）,第40届XeChem初赛模拟试题（十一）答案.md,第40届XeChem初赛模拟试题（十一）.md,1
XeChem,题-XeC-40-09-1氧杂十氢萘1oxadeca.md,手写稿,第40届XeChem初赛模拟（十一）,第40届XeChem初赛模拟试题（十一）答案.md,第40届XeChem初赛模拟试题（十一）.md,1
一式,题-YS-02-07-71下列所示的原酸酯在酸性条.md,缺失,一式02,一式02答案.md,一式02.md,1
一式,题-YS-03-03-主族元素E的氧化物与碱金属M.md,缺失,一式03,一式03答案.md,一式03.md,1
一式,题-YS-03-04-智能材料是一类能感应环境变化.md,缺失,一式03,一式03答案.md,一式03.md,1
一式,题-YS-04-06-二茂铁的发现确立了以环戊烯为.md,手写稿,一式04,一式04答案.md,一式04.md,1
一式,题-YS-05-08-在第36届中国化学原料匹克初.md,缺失,一式05,一式05答案.md,一式05.md,1
一式,题-YS-05-09-91传统的头尾环化策略在构建.md,手写稿,一式05,一式05答案.md,一式05.md,1
一式,题-YS-07-09-芳炔是一类非常重要的合成中间.md,手写稿,一式07,一式07答案.md,一式07.md,1
一式,题-YS-08-07-71选出如下关于下列反应以及.md,手写稿,一式08,一式08答案.md,一式08.md,1
一式,题-YS-09-07-71选出如下关于下列反应以及.md,缺失,一式09,一式09答案.md,一式09.md,1
一式,题-YS-10-09-91传统醚键切断的条件往往不.md,手写稿,一式10,一式10答案.md,一式10.md,1
伽马,题-GM-01-01-11设将直链共轭多烯烃分子中.md,缺失,伽马化学2026年五一模拟5-讲稿1,—,伽马化学2026年五一模拟5-讲稿1.md,0
伽马,题-GM-01-01-1neatSMe2170I5.md,缺失,作业(1),—,作业(1).md,0
伽马,题-GM-01-01-题.md,缺失,作业1,—,作业1.md,0
伽马,题-GM-01-02-X与某元素的二元化合物只能通.md,缺失,伽马化学2026年五一模拟5-讲稿1,—,伽马化学2026年五一模拟5-讲稿1.md,0
伽马,题-GM-01-02-题.md,缺失,作业1,—,作业1.md,0
伽马,题-GM-01-03-Pummerer重排是用乙酸.md,缺失,作业(1),—,作业(1).md,0
伽马,题-GM-01-03-Pummerer重排是用乙酸~2.md,缺失,作业1,—,作业1.md,0
伽马,题-GM-01-03-非常无聊的一道题基本就是看图.md,缺失,伽马化学2026年五一模拟5-讲稿1,—,伽马化学2026年五一模拟5-讲稿1.md,0
伽马,题-GM-01-04-这题几乎没救了右图是一个二元.md,缺失,伽马化学2026年五一模拟5-讲稿1,—,伽马化学2026年五一模拟5-讲稿1.md,0
伽马,题-GM-01-05-我们用NN二乙基14苯二胺D.md,缺失,伽马化学2026年五一模拟5-讲稿1,—,伽马化学2026年五一模拟5-讲稿1.md,0
伽马,题-GM-01-06-纳米尺度的定向运动是生命的核.md,缺失,伽马化学2026年五一模拟5-讲稿1,—,伽马化学2026年五一模拟5-讲稿1.md,0
伽马,题-GM-01-07-71有一系列卤代烷烃当时的转.md,手写稿,五一伽马杭州1,五一伽马杭州答案1.md,五一伽马杭州1.md,1
伽马,题-GM-01-09-MeyerSchuster重.md,缺失,作业(1),—,作业(1).md,0
伽马,题-GM-01-09-MeyerSchuster重~2.md,缺失,作业1,—,作业1.md,0
伽马,题-GM-01-09-研究人员报道了以下转化在保护.md,手写稿,伽马化学2026年暑期模拟1,伽马化学2026年暑期模拟1答案.md,伽马化学2026年暑期模拟1.md,1
伽马,题-GM-01-11-在室温以及碱存在下以下两化合.md,缺失,作业(1),—,作业(1).md,0
伽马,题-GM-01-11-在室温以及碱存在下以下两化合~2.md,缺失,作业1,—,作业1.md,0
伽马,题-GM-02-02-乙酸丁酯是一种重要的有机溶剂.md,手写稿,伽马化学2026年暑期模拟2,伽马化学2026年暑期模拟2答案.md,伽马化学2026年暑期模拟2.md,1
伽马,题-GM-02-03-一些含亚铜与卤素的盐由于其磁.md,手写稿,伽马化学2026年暑期模拟2,伽马化学2026年暑期模拟2答案.md,伽马化学2026年暑期模拟2.md,1
伽马,题-GM-03-08-在如下所示的两个反应中体系中.md,缺失,五一伽马杭州3,五一伽马杭州答案3.md,五一伽马杭州3.md,1
伽马,题-GM-04-03-X射线衍射XRD是研究晶体结.md,缺失,五一伽马杭州4,五一伽马杭州答案4.md,五一伽马杭州4.md,1
伽马,题-GM-04-06-早在19世纪人们发现了一些分.md,手写稿,五一伽马杭州4,五一伽马杭州答案4.md,五一伽马杭州4.md,1
伽马,题-GM-04-07-71最近研究者制备出了含BB.md,手写稿,伽马化学2026年暑期模拟4,伽马化学2026年暑期模拟4答案.md,伽马化学2026年暑期模拟4.md,1
伽马,题-GM-04-09-RC策略RelayCatal.md,手写稿,五一伽马杭州4,五一伽马杭州答案4.md,五一伽马杭州4.md,1
伽马,题-GM-06-02-十10分下列反应并未得到预期.md,缺失,有机作业L6,—,有机作业L6.md,0
伽马,题-GM-06-02-有机电致发光OLED是指有机.md,缺失,五一伽马杭州6,五一伽马杭州答案6.md,五一伽马杭州6.md,1
伽马,题-GM-06-05-黄原酸酯的反应1899年俄国.md,缺失,有机作业L6,—,有机作业L6.md,0
伽马,题-GM-06-06-苯甲酸重排苯甲酸重排Benz.md,缺失,有机作业L6,—,有机作业L6.md,0
伽马,题-GM-06-07-71将的碱性由强到弱排序72.md,缺失,有机作业L6,—,有机作业L6.md,0
伽马,题-GM-06-07-靛蓝Indigo最早于400.md,手写稿,五一伽马杭州6,五一伽马杭州答案6.md,五一伽马杭州6.md,1
伽马,题-GM-06-08-1993年ClaudeAga.md,缺失,有机作业L6,—,有机作业L6.md,0
伽马,题-GM-06-09-Mannich反应是有机化学.md,缺失,五一伽马杭州6,五一伽马杭州答案6.md,五一伽马杭州6.md,1
伽马,题-GM-06-09-高价碘试剂作为一种高效温和的.md,缺失,有机作业L6,—,有机作业L6.md,0
伽马,题-GM-08-01-11卡宾具有两种形态在光谱学.md,缺失,伽马化学2026年暑期模拟8,—,伽马化学2026年暑期模拟8.md,0
伽马,题-GM-08-02-COF材料即共价有机框架Co.md,缺失,伽马化学2026年暑期模拟8,—,伽马化学2026年暑期模拟8.md,0
伽马,题-GM-08-03-31作为金属配合物和纳米颗粒.md,缺失,伽马化学2026年暑期模拟8,—,伽马化学2026年暑期模拟8.md,0
伽马,题-GM-08-04-最近来自日本的研究人员报道了.md,缺失,伽马化学2026年暑期模拟8,—,伽马化学2026年暑期模拟8.md,0
伽马,题-GM-08-05-本题涉及的化合物均由MN和氧.md,缺失,伽马化学2026年暑期模拟8,—,伽马化学2026年暑期模拟8.md,0
伽马,题-GM-08-06-苯酚在四氮化碳溶液中溶解时分.md,缺失,伽马化学2026年暑期模拟8,—,伽马化学2026年暑期模拟8.md,0
伽马,题-GM-08-07-含磷有机化合物具有独特的化学.md,缺失,伽马化学2026年暑期模拟8,—,伽马化学2026年暑期模拟8.md,0
伽马,题-GM-08-08-硼是有机化学中新兴的热点硼具.md,缺失,伽马化学2026年暑期模拟8,—,伽马化学2026年暑期模拟8.md,0
伽马,题-GM-08-09-全合成TotalSynthe.md,缺失,伽马化学2026年暑期模拟8,—,伽马化学2026年暑期模拟8.md,0
伽马,题-GM-09-02-本题是一道非常中规中矩考查酸.md,缺失,无机化学一-课后习题11.9,—,无机化学一_课后习题11.9.md,0
伽马,题-GM-09-03-21反应1反应2或反应3或2.md,缺失,无机化学一-课后习题11.9,—,无机化学一_课后习题11.9.md,0
伽马,题-GM-09-06-观察右侧晶体图并回答问题大球.md,缺失,伽马化学2026年暑期模拟9,伽马化学2026年暑期模拟9答案.md,伽马化学2026年暑期模拟9.md,1
伽马,题-GM-09-09-尽管从吡啶制备苯是一种潜在的.md,手写稿,伽马化学2026年暑期模拟9,伽马化学2026年暑期模拟9答案.md,伽马化学2026年暑期模拟9.md,1
伽马,题-GM-10-08-8112021年Richmo.md,手写稿,伽马化学2026年暑期模拟10,伽马化学2026年暑期模拟10答案.md,伽马化学2026年暑期模拟10.md,1
伽马,题-GM-20-01-11水解试验有时使用水解的方.md,缺失,伽马化学2026年五一模拟1-讲稿,—,伽马化学2026年五一模拟1-讲稿.md,0
伽马,题-GM-20-02-21从离子开始已知碳原子的第.md,缺失,伽马化学2026年五一模拟1-讲稿,—,伽马化学2026年五一模拟1-讲稿.md,0
伽马,题-GM-20-03-31聚电解质溶液的双电层结构.md,缺失,伽马化学2026年五一模拟1-讲稿,—,伽马化学2026年五一模拟1-讲稿.md,0
伽马,题-GM-20-04-化合物X是元素M的盐化学式为.md,缺失,伽马化学2026年五一模拟1-讲稿,—,伽马化学2026年五一模拟1-讲稿.md,0
伽马,题-GM-20-05-许多SbIII配合物被发现有.md,缺失,伽马化学2026年五一模拟1-讲稿,—,伽马化学2026年五一模拟1-讲稿.md,0
伽马,题-GM-20-06-某最简式为的晶体属立方晶系a.md,缺失,伽马化学2026年五一模拟1-讲稿,—,伽马化学2026年五一模拟1-讲稿.md,0
伽马,题-GM-20-07-71有一系列卤代烷烃当XFC.md,缺失,伽马化学2026年五一模拟1-讲稿,—,伽马化学2026年五一模拟1-讲稿.md,0
伽马,题-GM-20-08-81周环反应811有以下转化.md,缺失,伽马化学2026年五一模拟1-讲稿,—,伽马化学2026年五一模拟1-讲稿.md,0
伽马,题-GM-20-09-91Edman降解瑞典化学家.md,缺失,伽马化学2026年五一模拟1-讲稿,—,伽马化学2026年五一模拟1-讲稿.md,0
伽马,题-GM-21-01-11设将直链共轭多烯烃分子中.md,缺失,伽马化学2026年五一模拟5-讲稿(1),—,伽马化学2026年五一模拟5 - 讲稿(1).md,0
伽马,题-GM-21-02-题.md,缺失,伽马化学2026年五一模拟5-讲稿(1),—,伽马化学2026年五一模拟5 - 讲稿(1).md,0
伽马,题-GM-21-03-非常无聊的一道题基本就是看图.md,缺失,伽马化学2026年五一模拟5-讲稿(1),—,伽马化学2026年五一模拟5 - 讲稿(1).md,0
伽马,题-GM-21-04-这题几乎没救了.md,缺失,伽马化学2026年五一模拟5-讲稿(1),—,伽马化学2026年五一模拟5 - 讲稿(1).md,0
伽马,题-GM-21-06-纳米尺度的定向运动是生命的核.md,缺失,伽马化学2026年五一模拟5-讲稿(1),—,伽马化学2026年五一模拟5 - 讲稿(1).md,0
伽马,题-GM-22-01-多肽材料是一种多功能智能产品.md,缺失,伽马化学2026年五一模拟2-讲稿,—,伽马化学2026年五一模拟2-讲稿.md,0
伽马,题-GM-22-02-6hole由于存在电子缺陷正.md,缺失,伽马化学2026年五一模拟2-讲稿,—,伽马化学2026年五一模拟2-讲稿.md,0
伽马,题-GM-22-03-元素A其单质是灰黑色的脆性晶.md,缺失,伽马化学2026年五一模拟2-讲稿,—,伽马化学2026年五一模拟2-讲稿.md,0
伽马,题-GM-22-04-将和水混合后短暂搅拌并置于聚.md,缺失,伽马化学2026年五一模拟2-讲稿,—,伽马化学2026年五一模拟2-讲稿.md,0
伽马,题-GM-22-05-51用还原反应的历程如下所示.md,缺失,伽马化学2026年五一模拟2-讲稿,—,伽马化学2026年五一模拟2-讲稿.md,0
伽马,题-GM-22-06-诸如CO等小分子是普遍存在的.md,缺失,伽马化学2026年五一模拟2-讲稿,—,伽马化学2026年五一模拟2-讲稿.md,0
伽马,题-GM-22-07-若将忽略气体分子的内部结构将.md,缺失,伽马化学2026年五一模拟2-讲稿,—,伽马化学2026年五一模拟2-讲稿.md,0
伽马,题-GM-23-01-对于RichardTurne.md,缺失,伽马化学2026年五一模拟6-讲稿,—,伽马化学2026年五一模拟6-讲稿.md,0
伽马,题-GM-23-02-2020年中国科学家发现了一.md,缺失,伽马化学2026年五一模拟6-讲稿,—,伽马化学2026年五一模拟6-讲稿.md,0
伽马,题-GM-23-03-聚酯高分子力学与化学稳定性好.md,缺失,伽马化学2026年五一模拟6-讲稿,—,伽马化学2026年五一模拟6-讲稿.md,0
伽马,题-GM-23-04-1935年KarlFishe.md,缺失,伽马化学2026年五一模拟6-讲稿,—,伽马化学2026年五一模拟6-讲稿.md,0
伽马,题-GM-23-05-近日中国科学家报道了在嫦娥六.md,缺失,伽马化学2026年五一模拟6-讲稿,—,伽马化学2026年五一模拟6-讲稿.md,0
伽马,题-GM-23-06-注意此题的电池中的硫单质应写.md,缺失,伽马化学2026年五一模拟6-讲稿,—,伽马化学2026年五一模拟6-讲稿.md,0
伽马,题-GM-24-01-短周期元素ABC和D两两之间.md,缺失,伽马化学2026年五一模拟4-讲稿,—,伽马化学2026年五一模拟4-讲稿.md,0
伽马,题-GM-24-02-已知酰胺A可形成分子内氢键可.md,缺失,伽马化学2026年五一模拟4-讲稿,—,伽马化学2026年五一模拟4-讲稿.md,0
伽马,题-GM-24-03-X射线衍射XRD是研究晶体结.md,缺失,伽马化学2026年五一模拟4-讲稿,—,伽马化学2026年五一模拟4-讲稿.md,0
伽马,题-GM-24-04-蜘蛛丝是自然界中性能最卓越的.md,缺失,伽马化学2026年五一模拟4-讲稿,—,伽马化学2026年五一模拟4-讲稿.md,0
伽马,题-GM-24-05-51光致发光原理分子被光激发.md,缺失,伽马化学2026年五一模拟4-讲稿,—,伽马化学2026年五一模拟4-讲稿.md,0
伽马,题-GM-24-06-61光敏分子611反式二苯乙.md,缺失,伽马化学2026年五一模拟4-讲稿,—,伽马化学2026年五一模拟4-讲稿.md,0
伽马,题-GM-25-01-题源化英社3809金红石是缺.md,缺失,gamma晶体结构习题,—,gamma晶体结构习题.md,0
伽马,题-GM-25-02-题源TBNChem3710R.md,缺失,gamma晶体结构习题,—,gamma晶体结构习题.md,0
伽马,题-GM-25-03-题源Chemy3717立方钙.md,缺失,gamma晶体结构习题,—,gamma晶体结构习题.md,0
伽马,题-GM-25-04-题源化英社3801钙钛矿是一.md,缺失,gamma晶体结构习题,—,gamma晶体结构习题.md,0
伽马,题-GM-25-05-题源Chemy3819钙钛矿.md,缺失,gamma晶体结构习题,—,gamma晶体结构习题.md,0
伽马,题-GM-25-06-题源COBP3504T52灼.md,缺失,gamma晶体结构习题,—,gamma晶体结构习题.md,0
伽马,题-GM-25-07-题源COBP3505俗称刚玉.md,缺失,gamma晶体结构习题,—,gamma晶体结构习题.md,0
伽马,题-GM-25-08-题源2024年清北营暑假班试.md,缺失,gamma晶体结构习题,—,gamma晶体结构习题.md,0
伽马,题-GM-25-09-题源2018年清北营暑假班明.md,缺失,gamma晶体结构习题,—,gamma晶体结构习题.md,0
伽马,题-GM-25-10-的晶体结构与一种常见的晶体结.md,缺失,gamma晶体结构习题,—,gamma晶体结构习题.md,0
化英社,题-HYS-01-01-11在DielsAlder反.md,缺失,春季-有机专题1,—,春季-有机专题1试卷(已优化).md; 春季-有机专题1试卷.md,0
化英社,题-HYS-01-01-11在DielsAlder反~2.md,缺失,春季-有机专题1已优化,—,春季-有机专题1试卷已优化.md,0
化英社,题-HYS-01-01-化合物A的化学式为XYZ其中.md,缺失,第40届化英社化学奥林匹克（初赛）春季联考1,—,第40届化英社化学奥林匹克（初赛）春季联考1.md,0
化英社,题-HYS-01-01-含元素M的药物早在1901年.md,缺失,第40届化英社化学奥林匹克决赛夏季模拟1,—,第40届化英社化学奥林匹克决赛夏季模拟试题1.md,0
化英社,题-HYS-01-01-本题可能用到氨基酸相关的缩写.md,手写稿,第40届决赛模拟1,第40届决赛模拟1答案(已优化).md; 第40届决赛模拟1答案.md,第40届决赛模拟1（清晰版）.md,2
化英社,题-HYS-01-01-某金属元素M在自然界中分布广.md,手写稿,化英社寒假初赛模拟-1,—,化英社寒假初赛模拟 1.md,0
化英社,题-HYS-01-02-研究钙钛矿衍生结构时常用Ra.md,缺失,第40届化英社化学奥林匹克（初赛）春季联考1,—,第40届化英社化学奥林匹克（初赛）春季联考1.md,0
化英社,题-HYS-01-02-自然界中存在的含氮化合物大多.md,缺失,春季-有机专题1,—,春季-有机专题1试卷(已优化).md; 春季-有机专题1试卷.md,0
化英社,题-HYS-01-02-自然界中存在的含氮化合物大多~2.md,缺失,春季-有机专题1已优化,—,春季-有机专题1试卷已优化.md,0
化英社,题-HYS-01-02-载有生物活性分子的碳硼簇药物.md,缺失,第40届化英社化学奥林匹克决赛夏季模拟1,—,第40届化英社化学奥林匹克决赛夏季模拟试题1.md,0
化英社,题-HYS-01-03-31研究人员利用CO激活有机.md,缺失,春季-有机专题1,—,春季-有机专题1试卷(已优化).md; 春季-有机专题1试卷.md,0
化英社,题-HYS-01-03-31研究人员利用激活有机硼化.md,缺失,春季-有机专题1已优化,—,春季-有机专题1试卷已优化.md,0
化英社,题-HYS-01-03-如下展示了一种四方晶系的晶体.md,缺失,第40届化英社化学奥林匹克决赛夏季模拟1,—,第40届化英社化学奥林匹克决赛夏季模拟试题1.md,0
化英社,题-HYS-01-03-氯代碳酸乙烯酯CEC是合成碳.md,缺失,第40届化英社化学奥林匹克（初赛）春季联考1,—,第40届化英社化学奥林匹克（初赛）春季联考1.md,0
化英社,题-HYS-01-04-tabletrtd温馨提示本.md,缺失,第40届化英社化学奥林匹克决赛夏季模拟1,—,第40届化英社化学奥林匹克决赛夏季模拟试题1.md,0
化英社,题-HYS-01-04-利用二价Fe的自旋态对温度的.md,缺失,第40届化英社化学奥林匹克（初赛）春季联考1,—,第40届化英社化学奥林匹克（初赛）春季联考1.md,0
化英社,题-HYS-01-04-苯炔是最具反应性的有机中间体.md,缺失,春季-有机专题1,—,春季-有机专题1试卷(已优化).md; 春季-有机专题1试卷.md,0
化英社,题-HYS-01-04-苯炔是最具反应性的有机中间体~2.md,缺失,春季-有机专题1已优化,—,春季-有机专题1试卷已优化.md,0
化英社,题-HYS-01-05-20世纪70年代钯催化的交叉.md,缺失,春季-有机专题1已优化,—,春季-有机专题1试卷已优化.md,0
化英社,题-HYS-01-05-凝胶点指的是高分子体系由可流.md,缺失,第40届化英社化学奥林匹克决赛夏季模拟1,—,第40届化英社化学奥林匹克决赛夏季模拟试题1.md,0
化英社,题-HYS-01-05-糖识别在细胞识别信息传递中起.md,缺失,第40届化英社化学奥林匹克（初赛）春季联考1,—,第40届化英社化学奥林匹克（初赛）春季联考1.md,0
化英社,题-HYS-01-06-61重结晶是基本的分离操作之.md,缺失,第40届化英社化学奥林匹克决赛夏季模拟1,—,第40届化英社化学奥林匹克决赛夏季模拟试题1.md,0
化英社,题-HYS-01-06-卤原子转移反应是实现氧化态转.md,缺失,春季-有机专题1,—,春季-有机专题1试卷(已优化).md; 春季-有机专题1试卷.md,0
化英社,题-HYS-01-06-卤原子转移反应是实现氧化态转~2.md,缺失,春季-有机专题1已优化,—,春季-有机专题1试卷已优化.md,0
化英社,题-HYS-01-06-热释光是指被辐照后的材料在加.md,缺失,第40届化英社化学奥林匹克（初赛）春季联考1,—,第40届化英社化学奥林匹克（初赛）春季联考1.md,0
化英社,题-HYS-01-07-12迁移反应是正离子重排的常.md,缺失,春季-有机专题1,—,春季-有机专题1试卷(已优化).md; 春季-有机专题1试卷.md,0
化英社,题-HYS-01-07-71氯甲基麟酸二氯存在两种构.md,手写稿,化英社寒假初赛模拟-1,—,化英社寒假初赛模拟 1.md,0
化英社,题-HYS-01-07-CC键迁移在环状结构的构建中.md,缺失,第40届化英社化学奥林匹克（初赛）春季联考1,—,第40届化英社化学奥林匹克（初赛）春季联考1.md,0
化英社,题-HYS-01-07-仿照自然界构筑的分子的方式应.md,缺失,第40届化英社化学奥林匹克决赛夏季模拟1,—,第40届化英社化学奥林匹克决赛夏季模拟试题1.md,0
化英社,题-HYS-01-07-申联反应不仅体现了步骤经济性.md,手写稿,第40届化英社化学奥林匹克(初赛)夏季初赛模拟12-1,第40届化英社化学奥林匹克初赛夏季初赛模拟12参考答案_1.md,第40届化英社化学奥林匹克(初赛)夏季初赛模拟12_1.md,1
化英社,题-HYS-01-08-三价磷可以催化一些特殊的缺电.md,手写稿,化英社寒假初赛模拟-1,—,化英社寒假初赛模拟 1.md,0
化英社,题-HYS-01-08-将三级胺类药物转化为季铵盐以.md,手写稿,第40届决赛模拟1,第40届决赛模拟1答案(已优化).md; 第40届决赛模拟1答案.md,第40届决赛模拟1（清晰版）.md,2
化英社,题-HYS-01-08-耐甲氧西林金黄色葡萄球菌MR.md,缺失,第40届化英社化学奥林匹克决赛夏季模拟1,—,第40届化英社化学奥林匹克决赛夏季模拟试题1.md,0
化英社,题-HYS-01-08-自由基介导的有机合成已经成为.md,手写稿,第40届化英社化学奥林匹克(初赛)夏季初赛模拟12-1,第40届化英社化学奥林匹克初赛夏季初赛模拟12参考答案_1.md,第40届化英社化学奥林匹克(初赛)夏季初赛模拟12_1.md,1
化英社,题-HYS-01-08-近日科学家发现了一种通过三价.md,缺失,第40届化英社化学奥林匹克（初赛）春季联考1,—,第40届化英社化学奥林匹克（初赛）春季联考1.md,0
化英社,题-HYS-01-09-伊博加生物碱是一类主要来自热.md,缺失,第40届化英社化学奥林匹克（初赛）春季联考1,—,第40届化英社化学奥林匹克（初赛）春季联考1.md,0
化英社,题-HYS-01-09-自2003年以来一些高氧化态.md,手写稿,化英社寒假初赛模拟-1,—,化英社寒假初赛模拟 1.md,0
化英社,题-HYS-01-10-具有吗啡骨架的化合物是一类常.md,手写稿,化英社年后国初模拟1,—,化英社年后国初模拟1.md,0
化英社,题-HYS-01-10-注意本题要求立体化学在萜类衍.md,缺失,第40届决赛模拟1,第40届决赛模拟1答案(已优化).md; 第40届决赛模拟1答案.md,第40届决赛模拟1（清晰版）.md,2
化英社,题-HYS-02-01-In混合卤化物因其光致发光的.md,手写稿,第40届化英社化学奥林匹克决赛夏季模拟2,第40届化英社化学奥林匹克决赛夏季模拟试题2参考答案.md,第40届化英社化学奥林匹克决赛夏季模拟试题2.md,1
化英社,题-HYS-02-01-分子机器几十年来一直激发着人.md,手写稿,第40届化英社化学奥林匹克（初赛）春季联考2,第40届化英社化学奥林匹克（初赛）春季联考2答案.md,第40届化英社化学奥林匹克（初赛）春季联考2.md,1
化英社,题-HYS-02-01-战国时期考工记记载的金有六齐.md,手写稿,化英社年后国初模拟2,—,化英社年后国初模拟2.md,0
化英社,题-HYS-02-01-科学并不是追求复杂从错综复杂.md,缺失,化英社2026第40届决赛物化专题2,—,化英社2026第40届决赛物化专题2试卷（清晰版）.md,0
化英社,题-HYS-02-02-21唯象热力学中的热容在唯象.md,缺失,化英社2026第40届决赛物化专题2,—,化英社2026第40届决赛物化专题2试卷（清晰版）.md,0
化英社,题-HYS-02-02-传统的过渡金属配合物中往往难.md,手写稿,第40届化英社化学奥林匹克决赛夏季模拟2,第40届化英社化学奥林匹克决赛夏季模拟试题2参考答案.md,第40届化英社化学奥林匹克决赛夏季模拟试题2.md,1
化英社,题-HYS-02-03-常见NHC的结构及名称下文中.md,缺失,第40届化英社化学奥林匹克（初赛）夏季初赛模拟2,第40届化英社化学奥林匹克初赛夏季模拟试题2参考答案.md,第40届化英社化学奥林匹克（初赛）夏季初赛模拟2.md,1
化英社,题-HYS-02-03-理想溶液是物理化学中非常重要.md,手写稿,第40届化英社化学奥林匹克决赛夏季模拟2,第40届化英社化学奥林匹克决赛夏季模拟试题2参考答案.md,第40届化英社化学奥林匹克决赛夏季模拟试题2.md,1
化英社,题-HYS-02-03-钴氧体系在电化学中十分重要的.md,缺失,化英社2026第40届决赛物化专题2,—,化英社2026第40届决赛物化专题2试卷（清晰版）.md,0
化英社,题-HYS-02-04-41堆积参数在自组装问题中几.md,缺失,化英社2026第40届决赛物化专题2,—,化英社2026第40届决赛物化专题2试卷（清晰版）.md,0
化英社,题-HYS-02-04-41氯仿与氯气在光照条件下发.md,手写稿,第40届化英社化学奥林匹克决赛夏季模拟2,第40届化英社化学奥林匹克决赛夏季模拟试题2参考答案.md,第40届化英社化学奥林匹克决赛夏季模拟试题2.md,1
化英社,题-HYS-02-04-轮烷是一种超分子其由两个不由.md,手写稿,化英社寒假初赛模拟-2,—,化英社寒假初赛模拟 2.md,0
化英社,题-HYS-02-04-齿合度是指在配合物中单一配体.md,手写稿,第40届化英社化学奥林匹克（初赛）春季联考2,第40届化英社化学奥林匹克（初赛）春季联考2答案.md,第40届化英社化学奥林匹克（初赛）春季联考2.md,1
化英社,题-HYS-02-05-NiNO32是实验室中最常见.md,手写稿,化英社寒假初赛模拟-2,—,化英社寒假初赛模拟 2.md,0
化英社,题-HYS-02-05-稀磁半导体Dilutedma.md,手写稿,第40届化英社化学奥林匹克决赛夏季模拟2,第40届化英社化学奥林匹克决赛夏季模拟试题2参考答案.md,第40届化英社化学奥林匹克决赛夏季模拟试题2.md,1
化英社,题-HYS-02-05-酶支撑生命之流的网格51推断.md,缺失,化英社2026第40届决赛物化专题2,—,化英社2026第40届决赛物化专题2试卷（清晰版）.md,0
化英社,题-HYS-02-06-61受自然界叶片气孔的光响应.md,手写稿,第40届化英社化学奥林匹克决赛夏季模拟2,第40届化英社化学奥林匹克决赛夏季模拟试题2参考答案.md,第40届化英社化学奥林匹克决赛夏季模拟试题2.md,1
化英社,题-HYS-02-06-在噪声中偏向于随机里定轨在化.md,缺失,化英社2026第40届决赛物化专题2,—,化英社2026第40届决赛物化专题2试卷（清晰版）.md,0
化英社,题-HYS-02-06-有一类材料在突加荷载时既产生.md,手写稿,化英社寒假初赛模拟-2,—,化英社寒假初赛模拟 2.md,0
化英社,题-HYS-02-07-万物始于分离成于边界相分离P.md,缺失,化英社2026第40届决赛物化专题2,—,化英社2026第40届决赛物化专题2试卷（清晰版）.md,0
化英社,题-HYS-02-07-高张力氮杂桥环凭借其刚性三维.md,手写稿,第40届化英社化学奥林匹克决赛夏季模拟2,第40届化英社化学奥林匹克决赛夏季模拟试题2参考答案.md,第40届化英社化学奥林匹克决赛夏季模拟试题2.md,1
化英社,题-HYS-02-08-81具有偶数个累积双键的结构.md,手写稿,第40届化英社化学奥林匹克（初赛）夏季初赛模拟2,第40届化英社化学奥林匹克初赛夏季模拟试题2参考答案.md,第40届化英社化学奥林匹克（初赛）夏季初赛模拟2.md,1
化英社,题-HYS-02-08-本题的两问可以说没有先后之分.md,手写稿,化英社寒假初赛模拟-2,—,化英社寒假初赛模拟 2.md,0
化英社,题-HYS-02-08-氧杂三元环由于可以通过双键环.md,手写稿,第40届化英社化学奥林匹克（初赛）春季联考2,第40届化英社化学奥林匹克（初赛）春季联考2答案.md,第40届化英社化学奥林匹克（初赛）春季联考2.md,1
化英社,题-HYS-02-08-环庚三烯与双环410庚24二.md,手写稿,第40届化英社化学奥林匹克决赛夏季模拟2,第40届化英社化学奥林匹克决赛夏季模拟试题2参考答案.md,第40届化英社化学奥林匹克决赛夏季模拟试题2.md,1
化英社,题-HYS-02-09-TEMPO是一类稳定的氮氧自.md,手写稿,第40届化英社化学奥林匹克（初赛）春季联考2,第40届化英社化学奥林匹克（初赛）春季联考2答案.md,第40届化英社化学奥林匹克（初赛）春季联考2.md,1
化英社,题-HYS-02-09-在全合成流程中某些步骤往往不.md,手写稿,第40届化英社化学奥林匹克决赛夏季模拟2,第40届化英社化学奥林匹克决赛夏季模拟试题2参考答案.md,第40届化英社化学奥林匹克决赛夏季模拟试题2.md,1
化英社,题-HYS-02-09-联烯是最简单的累积双键分子而.md,手写稿,第40届化英社化学奥林匹克（初赛）夏季初赛模拟2,第40届化英社化学奥林匹克初赛夏季模拟试题2参考答案.md,第40届化英社化学奥林匹克（初赛）夏季初赛模拟2.md,1
化英社,题-HYS-02-09-金属铜配合物作为有机反应的催.md,手写稿,化英社年后国初模拟2,—,化英社年后国初模拟2.md,0
化英社,题-HYS-03-01-M单质与稀酸反应速率较慢这可.md,缺失,第40届化英社化学奥林匹克（初赛）夏季模拟3,—,第40届化英社化学奥林匹克（初赛）夏季模拟试题3.md,0
化英社,题-HYS-03-01-磷是一个神秘又有趣的元素以其.md,手写稿,第40届化英社化学奥林匹克（初赛）春季联考3,第40届化英社化学奥林匹克（初赛）春季联考3答案.md,第40届化英社化学奥林匹克（初赛）春季联考3试卷.md,1
化英社,题-HYS-03-01-质地柔软的变质矿物青金石是一.md,手写稿,化英社年后国初模拟3,—,化英社年后国初模拟3.md,0
化英社,题-HYS-03-01-高周期过渡金属M具有很好的生.md,缺失,第40届化英社化学奥林匹克（决赛）模拟3,—,第40届化英社化学奥林匹克（决赛）模拟试题3.md,0
化英社,题-HYS-03-02-21聚硅氧烷是一种主链由硅氧.md,缺失,第40届化英社化学奥林匹克（初赛）夏季模拟3,—,第40届化英社化学奥林匹克（初赛）夏季模拟试题3.md,0
化英社,题-HYS-03-02-某同学期望制备漂亮的针状草酸.md,手写稿,化英社寒假初赛模拟-3,—,化英社寒假初赛模拟 3.md,0
化英社,题-HYS-03-02-配位化学中芳基可通过键与与金.md,缺失,第40届化英社化学奥林匹克（决赛）模拟3,—,第40届化英社化学奥林匹克（决赛）模拟试题3.md,0
化英社,题-HYS-03-03-31脲基嘧啶酮UPy是一类具.md,缺失,第40届化英社化学奥林匹克（初赛）夏季模拟3,—,第40届化英社化学奥林匹克（初赛）夏季模拟试题3.md,0
化英社,题-HYS-03-03-在半导体的催化下利用太阳能驱.md,缺失,第40届化英社化学奥林匹克（决赛）模拟3,—,第40届化英社化学奥林匹克（决赛）模拟试题3.md,0
化英社,题-HYS-03-03-异核金属金属键配合物常常可以.md,手写稿,化英社寒假初赛模拟-3,—,化英社寒假初赛模拟 3.md,0
化英社,题-HYS-03-04-具有多样的氟化物对于其结构我.md,缺失,第40届化英社化学奥林匹克（决赛）模拟3,—,第40届化英社化学奥林匹克（决赛）模拟试题3.md,0
化英社,题-HYS-03-04-甲烷单加氧酶MMO可在常温常.md,缺失,第40届化英社化学奥林匹克（初赛）夏季模拟3,—,第40届化英社化学奥林匹克（初赛）夏季模拟试题3.md,0
化英社,题-HYS-03-05-卡诺循环是一种理想化的热力学.md,缺失,第40届化英社化学奥林匹克（决赛）模拟3,—,第40届化英社化学奥林匹克（决赛）模拟试题3.md,0
化英社,题-HYS-03-05-硫与铜元素可形成多种化合物它.md,缺失,第40届化英社化学奥林匹克（初赛）夏季模拟3,—,第40届化英社化学奥林匹克（初赛）夏季模拟试题3.md,0
化英社,题-HYS-03-06-1918年Langmuir基.md,缺失,第40届化英社化学奥林匹克（决赛）模拟3,—,第40届化英社化学奥林匹克（决赛）模拟试题3.md,0
化英社,题-HYS-03-06-水宝宝是一种外表晶莹漂亮的凝.md,缺失,第40届化英社化学奥林匹克（初赛）夏季模拟3,—,第40届化英社化学奥林匹克（初赛）夏季模拟试题3.md,0
化英社,题-HYS-03-07-71判断下述化合物的DL构型.md,缺失,第40届化英社化学奥林匹克（初赛）夏季模拟3,—,第40届化英社化学奥林匹克（初赛）夏季模拟试题3.md,0
化英社,题-HYS-03-07-吲哚类化合物是一类重要的含氮.md,手写稿,第40届化英社化学奥林匹克（初赛）春季联考3,第40届化英社化学奥林匹克（初赛）春季联考3答案.md,第40届化英社化学奥林匹克（初赛）春季联考3试卷.md,1
化英社,题-HYS-03-07-闭壳层和开壳层是描述分子或原.md,缺失,第40届化英社化学奥林匹克（决赛）模拟3,—,第40届化英社化学奥林匹克（决赛）模拟试题3.md,0
化英社,题-HYS-03-08-22二取代13环戊二酮是一类.md,手写稿,化英社年后国初模拟3,—,化英社年后国初模拟3.md,0
化英社,题-HYS-03-08-81薄层色谱TLC是有机合成.md,缺失,第40届化英社化学奥林匹克（决赛）模拟3,—,第40届化英社化学奥林匹克（决赛）模拟试题3.md,0
化英社,题-HYS-03-08-固相多肽合成SPPS的基本思.md,手写稿,化英社寒假初赛模拟-3,—,化英社寒假初赛模拟 3.md,0
化英社,题-HYS-03-08-在硫属元素中硒原子较氧硫拥有.md,缺失,第40届化英社化学奥林匹克（初赛）夏季模拟3,—,第40届化英社化学奥林匹克（初赛）夏季模拟试题3.md,0
化英社,题-HYS-03-09-91在碘存在下研究人员实现了.md,缺失,第40届化英社化学奥林匹克（决赛）模拟3,—,第40届化英社化学奥林匹克（决赛）模拟试题3.md,0
化英社,题-HYS-03-09-用有机强碱处理环氧乙烷可得到.md,缺失,第40届化英社化学奥林匹克（初赛）夏季模拟3,—,第40届化英社化学奥林匹克（初赛）夏季模拟试题3.md,0
化英社,题-HYS-03-10-在有机化学中氮氧化物常以亚硝.md,缺失,第40届化英社化学奥林匹克（决赛）模拟3,—,第40届化英社化学奥林匹克（决赛）模拟试题3.md,0
化英社,题-HYS-04-01-非金属元素X有一段曲折的发现.md,缺失,第40届化英社化学奥林匹克初赛夏季模拟4,—,第40届化英社化学奥林匹克初赛夏季模拟试题4.md,0
化英社,题-HYS-04-02-21将混合反应可以制得簇合物.md,缺失,第40届化英社化学奥林匹克初赛夏季模拟4,—,第40届化英社化学奥林匹克初赛夏季模拟试题4.md,0
化英社,题-HYS-04-03-2020年研究人员发现一例特.md,缺失,第40届化英社化学奥林匹克初赛夏季模拟4,—,第40届化英社化学奥林匹克初赛夏季模拟试题4.md,0
化英社,题-HYS-04-03-氨是农业肥料化工原料的核心成.md,手写稿,第40届化英社化学奥林匹克（初赛）春季联考4,第40届化英社化学奥林匹克（初赛）春季联考4参考答案.md,第40届化英社化学奥林匹克（初赛）春季联考4试卷.md,1
化英社,题-HYS-04-04-利用胺基溶液或固体材料捕集工.md,缺失,第40届化英社化学奥林匹克初赛夏季模拟4,—,第40届化英社化学奥林匹克初赛夏季模拟试题4.md,0
化英社,题-HYS-04-04-累积多烯Cumulenes是.md,手写稿,第40届化英社化学奥林匹克（初赛）春季联考4,第40届化英社化学奥林匹克（初赛）春季联考4参考答案.md,第40届化英社化学奥林匹克（初赛）春季联考4试卷.md,1
化英社,题-HYS-04-05-51葡萄糖Glucose具有.md,手写稿,第40届化英社化学奥林匹克（初赛）春季联考4,第40届化英社化学奥林匹克（初赛）春季联考4参考答案.md,第40届化英社化学奥林匹克（初赛）春季联考4试卷.md,1
化英社,题-HYS-04-05-晶系晶体按其几何形态的对称程.md,缺失,第40届化英社化学奥林匹克初赛夏季模拟4,—,第40届化英社化学奥林匹克初赛夏季模拟试题4.md,0
化英社,题-HYS-04-06-多光子激发MPE具有三维荧光.md,缺失,第40届化英社化学奥林匹克初赛夏季模拟4,—,第40届化英社化学奥林匹克初赛夏季模拟试题4.md,0
化英社,题-HYS-04-07-71比较下列化合物的酸性按从.md,缺失,第40届化英社化学奥林匹克初赛夏季模拟4,—,第40届化英社化学奥林匹克初赛夏季模拟试题4.md,0
化英社,题-HYS-04-08-81以下合成路线使用了一种含.md,缺失,第40届化英社化学奥林匹克初赛夏季模拟4,—,第40届化英社化学奥林匹克初赛夏季模拟试题4.md,0
化英社,题-HYS-04-09-中国科学家开发了一种Lewi.md,缺失,第40届化英社化学奥林匹克初赛夏季模拟4,—,第40届化英社化学奥林匹克初赛夏季模拟试题4.md,0
化英社,题-HYS-05-07-作为地壳中最丰富的金属Al在.md,手写稿,第40届化英社化学奥林匹克（初赛）春季联考5,第40届化英社化学奥林匹克（初赛）春季联考5答案.md,第40届化英社化学奥林匹克（初赛）春季联考5.md,1
化英社,题-HYS-05-08-1952年Lane等人首次从.md,手写稿,第40届化英社化学奥林匹克（初赛）春季联考5,第40届化英社化学奥林匹克（初赛）春季联考5答案.md,第40届化英社化学奥林匹克（初赛）春季联考5.md,1
化英社,题-HYS-06-06-质谱massspectrum.md,缺失,第40届化英社化学奥林匹克初赛夏季模拟6,第40届化英社化学奥林匹克初赛夏季模拟试题6参考答案.md,第40届化英社化学奥林匹克初赛夏季模拟试题6.md,1
化英社,题-HYS-07-01-环境的开发利用与健康状况是人.md,手写稿,初赛模拟7,初赛模拟7答案(已优化).md; 初赛模拟7答案.md,初赛模拟7试卷(已优化).md; 初赛模拟7试卷.md,2
化英社,题-HYS-07-03-31研究人员首先通过研究硼的.md,手写稿,初赛模拟7,初赛模拟7答案(已优化).md; 初赛模拟7答案.md,初赛模拟7试卷(已优化).md; 初赛模拟7试卷.md,2
化英社,题-HYS-07-03-31研究人员首先通过研究硼的~2.md,手写稿,初赛模拟7已优化,初赛模拟7答案已优化.md,初赛模拟7试卷已优化.md,1
化英社,题-HYS-07-04-葡萄酒初榨橄榄油水果蔬菜全谷.md,手写稿,初赛模拟7,初赛模拟7答案(已优化).md; 初赛模拟7答案.md,初赛模拟7试卷(已优化).md; 初赛模拟7试卷.md,2
化英社,题-HYS-07-06-析氧反应OER是电化学水分解.md,缺失,初赛模拟7,初赛模拟7答案(已优化).md; 初赛模拟7答案.md,初赛模拟7试卷(已优化).md; 初赛模拟7试卷.md,2
化英社,题-HYS-09-01-元素和的分离问题是当今化学研.md,缺失,春季模拟9,—,春季模拟试题9试题.md,0
化英社,题-HYS-09-01-元素和的分离问题是当今化学研~2.md,缺失,春季模拟9-清晰版,—,春季模拟试题9试题-清晰版.md,0
化英社,题-HYS-09-02-稳定的硅宾化合物的常常具有强.md,缺失,春季模拟9,—,春季模拟试题9试题.md,0
化英社,题-HYS-09-02-稳定的硅宾化合物的常常具有强~2.md,缺失,春季模拟9-清晰版,—,春季模拟试题9试题-清晰版.md,0
化英社,题-HYS-09-03-31由于半径规则与电价规则的.md,缺失,春季模拟9,—,春季模拟试题9试题.md,0
化英社,题-HYS-09-03-31由于半径规则与电价规则的~2.md,缺失,春季模拟9-清晰版,—,春季模拟试题9试题-清晰版.md,0
化英社,题-HYS-09-04-41pH的操作定义411pH.md,缺失,春季模拟9,—,春季模拟试题9试题.md,0
化英社,题-HYS-09-04-41pH的操作定义411pH~2.md,缺失,春季模拟9-清晰版,—,春季模拟试题9试题-清晰版.md,0
化英社,题-HYS-09-05-51空间同位素效应一般出现在.md,缺失,春季模拟9,—,春季模拟试题9试题.md,0
化英社,题-HYS-09-05-51空间同位素效应一般出现在~2.md,缺失,春季模拟9-清晰版,—,春季模拟试题9试题-清晰版.md,0
化英社,题-HYS-09-06-61Quadricyclan.md,缺失,春季模拟9,—,春季模拟试题9试题.md,0
化英社,题-HYS-09-06-61Quadricyclan~2.md,缺失,春季模拟9-清晰版,—,春季模拟试题9试题-清晰版.md,0
化英社,题-HYS-09-06-现有一有机纯净物样品为无色澄.md,手写稿,第40届化英社化学奥林匹克初赛夏季初赛模拟9,第40届化英社化学奥林匹克初赛夏季初赛模拟9参考答案.md,第40届化英社化学奥林匹克初赛夏季初赛模拟9.md,1
化英社,题-HYS-09-07-硅系绳siliconteth.md,缺失,春季模拟9,—,春季模拟试题9试题.md,0
化英社,题-HYS-09-07-硅系绳siliconteth~2.md,缺失,春季模拟9-清晰版,—,春季模拟试题9试题-清晰版.md,0
化英社,题-HYS-10-08-81酸性比较811比较下列化.md,缺失,第40届化英社化学奥林匹克（初赛）夏季初赛模拟10,第40届化英社化学奥林匹克（初赛）夏季初赛模拟10参考答案.md,第40届化英社化学奥林匹克（初赛）夏季初赛模拟10.md,1
化英社,题-HYS-10-09-偶氮烯烃的结构可看作存在杂原.md,缺失,第40届初赛模拟10,第40届初赛模拟试题10参考答案（清晰版）.md,第40届初赛模拟10（清晰版）.md,1
化英社,题-HYS-10-09-烯炔复分解是一种将烯烃和炔烃.md,手写稿,第40届化英社化学奥林匹克（初赛）夏季初赛模拟10,第40届化英社化学奥林匹克（初赛）夏季初赛模拟10参考答案.md,第40届化英社化学奥林匹克（初赛）夏季初赛模拟10.md,1
化英社,题-HYS-10-10-101首先让我们明确碳氢活化.md,手写稿,第40届化英社化学奥林匹克（初赛）夏季初赛模拟10,第40届化英社化学奥林匹克（初赛）夏季初赛模拟10参考答案.md,第40届化英社化学奥林匹克（初赛）夏季初赛模拟10.md,1
化英社,题-HYS-11-01-基于距离的微流控分析传感器D.md,缺失,第40届初赛模拟11,—,第40届初赛模拟11（清晰版）.md,0
化英社,题-HYS-11-01-据统计有29种元素参与生物演.md,缺失,第40届化英社化学奥林匹克（初赛）夏季模拟11,—,第40届化英社化学奥林匹克（初赛）夏季模拟试题11.md,0
化英社,题-HYS-11-02-在酸性溶液中含有金属M的黄色.md,缺失,第40届初赛模拟11,—,第40届初赛模拟11（清晰版）.md,0
化英社,题-HYS-11-02-火锅是重庆人生活中不可或缺的.md,缺失,第40届化英社化学奥林匹克（初赛）夏季模拟11,—,第40届化英社化学奥林匹克（初赛）夏季模拟试题11.md,0
化英社,题-HYS-11-03-乙烯基聚合物具有低密度廉价与.md,缺失,第40届化英社化学奥林匹克（初赛）夏季模拟11,—,第40届化英社化学奥林匹克（初赛）夏季模拟试题11.md,0
化英社,题-HYS-11-03-黄素自然界中最普遍的有机辅因.md,缺失,第40届初赛模拟11,—,第40届初赛模拟11（清晰版）.md,0
化英社,题-HYS-11-04-分子氙通常被视为惰性物质因为.md,缺失,第40届初赛模拟11,—,第40届初赛模拟11（清晰版）.md,0
化英社,题-HYS-11-04-在最新最热街机音游舞萌DX中.md,缺失,第40届化英社化学奥林匹克（初赛）夏季模拟11,—,第40届化英社化学奥林匹克（初赛）夏季模拟试题11.md,0
化英社,题-HYS-11-05-51S元素可以形成多硫阴离子.md,缺失,第40届化英社化学奥林匹克（初赛）夏季模拟11,—,第40届化英社化学奥林匹克（初赛）夏季模拟试题11.md,0
化英社,题-HYS-11-05-分子能够响应环境的变化例如当.md,缺失,第40届初赛模拟11,—,第40届初赛模拟11（清晰版）.md,0
化英社,题-HYS-11-06-对氯苯氧乙酸俗称防落素白色结.md,缺失,第40届初赛模拟11,—,第40届初赛模拟11（清晰版）.md,0
化英社,题-HYS-11-06-电子顺磁共振EPR波谱被用于.md,缺失,第40届化英社化学奥林匹克（初赛）夏季模拟11,—,第40届化英社化学奥林匹克（初赛）夏季模拟试题11.md,0
化英社,题-HYS-11-07-71观察如下反应结合机理研究.md,缺失,第40届初赛模拟11,—,第40届初赛模拟11（清晰版）.md,0
化英社,题-HYS-11-07-在OLED有机发光半导体OF.md,缺失,第40届化英社化学奥林匹克（初赛）夏季模拟11,—,第40届化英社化学奥林匹克（初赛）夏季模拟试题11.md,0
化英社,题-HYS-11-08-异戊烯基化天然产物是一类结构.md,缺失,第40届初赛模拟11,—,第40届初赛模拟11（清晰版）.md,0
化英社,题-HYS-11-08-酶催化有机合成可以利用生物催.md,缺失,第40届化英社化学奥林匹克（初赛）夏季模拟11,—,第40届化英社化学奥林匹克（初赛）夏季模拟试题11.md,0
化英社,题-HYS-11-09-碳正离子是有机中最经典的活泼.md,缺失,第40届化英社化学奥林匹克（初赛）夏季模拟11,—,第40届化英社化学奥林匹克（初赛）夏季模拟试题11.md,0
化英社,题-HYS-13-01-炸药最早起源于我国早在宋代我.md,缺失,第40届化英社化学奥林匹克（初赛）夏季初赛模拟13,—,第40届化英社化学奥林匹克（初赛）夏季初赛模拟13.md,0
化英社,题-HYS-13-02-金属双氢配合物在光照下可以脱.md,缺失,第40届化英社化学奥林匹克（初赛）夏季初赛模拟13,—,第40届化英社化学奥林匹克（初赛）夏季初赛模拟13.md,0
化英社,题-HYS-13-03-2026年是北京大学化学与分.md,缺失,第40届化英社化学奥林匹克（初赛）夏季初赛模拟13,—,第40届化英社化学奥林匹克（初赛）夏季初赛模拟13.md,0
化英社,题-HYS-13-04-含第一过渡系金属M主族金属N.md,缺失,第40届化英社化学奥林匹克（初赛）夏季初赛模拟13,—,第40届化英社化学奥林匹克（初赛）夏季初赛模拟13.md,0
化英社,题-HYS-13-05-X是一种较为常见的过渡金属元.md,缺失,第40届化英社化学奥林匹克（初赛）夏季初赛模拟13,—,第40届化英社化学奥林匹克（初赛）夏季初赛模拟13.md,0
化英社,题-HYS-13-06-抗原与抗体的相互作用是免疫过.md,缺失,第40届化英社化学奥林匹克（初赛）夏季初赛模拟13,—,第40届化英社化学奥林匹克（初赛）夏季初赛模拟13.md,0
化英社,题-HYS-13-07-格氏反应是有机化学中最经典最.md,缺失,第40届化英社化学奥林匹克（初赛）夏季初赛模拟13,—,第40届化英社化学奥林匹克（初赛）夏季初赛模拟13.md,0
化英社,题-HYS-13-08-1887年Claisen首次.md,缺失,第40届化英社化学奥林匹克（初赛）夏季初赛模拟13,—,第40届化英社化学奥林匹克（初赛）夏季初赛模拟13.md,0
化英社,题-HYS-13-09-自由基偶联反应作为一种高效的.md,缺失,第40届化英社化学奥林匹克（初赛）夏季初赛模拟13,—,第40届化英社化学奥林匹克（初赛）夏季初赛模拟13.md,0
化英社,题-HYS-14-01-二氧化硫是葡萄酒中最常用的防.md,缺失,第40届化英社化学奥林匹克（初赛）模拟14,—,第40届化英社化学奥林匹克（初赛）模拟试题14.md,0
化英社,题-HYS-14-02-电化学碳捕获ECC是减少二氧.md,缺失,第40届化英社化学奥林匹克（初赛）模拟14,—,第40届化英社化学奥林匹克（初赛）模拟试题14.md,0
化英社,题-HYS-14-03-将0063g017mmol的.md,缺失,第40届化英社化学奥林匹克（初赛）模拟14,—,第40届化英社化学奥林匹克（初赛）模拟试题14.md,0
化英社,题-HYS-14-04-有研究团队尝试将EuPtNi.md,缺失,第40届化英社化学奥林匹克（初赛）模拟14,—,第40届化英社化学奥林匹克（初赛）模拟试题14.md,0
化英社,题-HYS-14-05-20世纪40年代中期洛杉矶首.md,缺失,第40届化英社化学奥林匹克（初赛）模拟14,—,第40届化英社化学奥林匹克（初赛）模拟试题14.md,0
化英社,题-HYS-14-06-直链脂肪酸的命名简写的基本格.md,缺失,第40届化英社化学奥林匹克（初赛）模拟14,—,第40届化英社化学奥林匹克（初赛）模拟试题14.md,0
化英社,题-HYS-14-07-乙酰乙酸乙酯是重要的有机合成.md,缺失,第40届化英社化学奥林匹克（初赛）模拟14,—,第40届化英社化学奥林匹克（初赛）模拟试题14.md,0
化英社,题-HYS-14-08-均相金催化领域始于一项发现即.md,缺失,第40届化英社化学奥林匹克（初赛）模拟14,—,第40届化英社化学奥林匹克（初赛）模拟试题14.md,0
化英社,题-HYS-14-09-在35二甲基苷色酸衍生的类萜.md,缺失,第40届化英社化学奥林匹克（初赛）模拟14,—,第40届化英社化学奥林匹克（初赛）模拟试题14.md,0
化英社,题-HYS-15-01-A和B是短周期元素P最常见的.md,缺失,第40届化英社化学奥林匹克初赛模拟15,—,第40届化英社化学奥林匹克初赛模拟试题15.md,0
化英社,题-HYS-15-02-二氧化锰的晶型种类多达20余.md,缺失,第40届化英社化学奥林匹克初赛模拟15,—,第40届化英社化学奥林匹克初赛模拟试题15.md,0
化英社,题-HYS-15-03-在上一题中我们探讨了二氧化锰.md,缺失,第40届化英社化学奥林匹克初赛模拟15,—,第40届化英社化学奥林匹克初赛模拟试题15.md,0
化英社,题-HYS-15-04-近年来随着金属有机框架MOF.md,缺失,第40届化英社化学奥林匹克初赛模拟15,—,第40届化英社化学奥林匹克初赛模拟试题15.md,0
化英社,题-HYS-15-05-锂是新能源产业的关键战略资源.md,缺失,第40届化英社化学奥林匹克初赛模拟15,—,第40届化英社化学奥林匹克初赛模拟试题15.md,0
化英社,题-HYS-15-06-在乙烯基手套中有时会加入一种.md,缺失,第40届化英社化学奥林匹克初赛模拟15,—,第40届化英社化学奥林匹克初赛模拟试题15.md,0
化英社,题-HYS-15-07-由于羟基具有给电子共轭效应间.md,缺失,第40届化英社化学奥林匹克初赛模拟15,—,第40届化英社化学奥林匹克初赛模拟试题15.md,0
化英社,题-HYS-15-08-氟原子由于其较大的电负性具有.md,缺失,第40届化英社化学奥林匹克初赛模拟15,—,第40届化英社化学奥林匹克初赛模拟试题15.md,0
化英社,题-HYS-40-01-11制备最有用的制备肼的方法.md,缺失,第40届化英社化学奥林匹克（初赛）模拟13（高清版）,—,第40届化英社化学奥林匹克（初赛）模拟试题13（高清版）.md,0
化英社,题-HYS-40-01-小酸同学特别爱做实验由于她是.md,缺失,第40届化英社化学奥林匹克初赛计算与实验,—,第40届化英社化学奥林匹克初赛计算与实验.md,0
化英社,题-HYS-40-01-自1963年科顿提出著名的定.md,缺失,第40届化英社奥林匹克（决赛）模拟2（清晰）,—,第40届化英社奥林匹克（决赛）模拟试题2试卷（清晰）.md,0
化英社,题-HYS-40-01-高周期过渡金属M具有很好的生.md,缺失,第40届化英社化学奥林匹克（决赛）模拟3（清晰）,—,第40届化英社化学奥林匹克（决赛）模拟试题3（清晰）.md,0
化英社,题-HYS-40-02-21不可避免苦杏仁的气味让他.md,缺失,第40届化英社化学奥林匹克（初赛）模拟13（高清版）,—,第40届化英社化学奥林匹克（初赛）模拟试题13（高清版）.md,0
化英社,题-HYS-40-02-化学是一门以实验为基础的自然.md,缺失,第40届化英社化学奥林匹克初赛计算与实验,—,第40届化英社化学奥林匹克初赛计算与实验.md,0
化英社,题-HYS-40-02-地球化学是一门包罗万象的学科.md,缺失,第40届化英社奥林匹克（决赛）模拟2（清晰）,—,第40届化英社奥林匹克（决赛）模拟试题2试卷（清晰）.md,0
化英社,题-HYS-40-02-配位化学中芳基可通过键与与金.md,缺失,第40届化英社化学奥林匹克（决赛）模拟3（清晰）,—,第40届化英社化学奥林匹克（决赛）模拟试题3（清晰）.md,0
化英社,题-HYS-40-03-31在化学实验中经常会遇到一.md,缺失,第40届化英社化学奥林匹克初赛计算与实验,—,第40届化英社化学奥林匹克初赛计算与实验.md,0
化英社,题-HYS-40-03-低配位超价磷物种是磷化学的研.md,缺失,第40届化英社奥林匹克（决赛）模拟2（清晰）,—,第40届化英社奥林匹克（决赛）模拟试题2试卷（清晰）.md,0
化英社,题-HYS-40-03-在半导体的催化下利用太阳能驱.md,缺失,第40届化英社化学奥林匹克（决赛）模拟3（清晰）,—,第40届化英社化学奥林匹克（决赛）模拟试题3（清晰）.md,0
化英社,题-HYS-40-03-在配合物的讨论中过渡金属经常.md,缺失,第40届化英社化学奥林匹克（初赛）模拟13（高清版）,—,第40届化英社化学奥林匹克（初赛）模拟试题13（高清版）.md,0
化英社,题-HYS-40-04-2022年DenniaAKu.md,缺失,第40届化英社化学奥林匹克（初赛）模拟13（高清版）,—,第40届化英社化学奥林匹克（初赛）模拟试题13（高清版）.md,0
化英社,题-HYS-40-04-一般情况下我们认为真爱的颜色.md,缺失,第40届化英社奥林匹克（决赛）模拟2（清晰）,—,第40届化英社奥林匹克（决赛）模拟试题2试卷（清晰）.md,0
化英社,题-HYS-40-04-一般的光在不同介质中传播的速.md,缺失,第40届化英社化学奥林匹克初赛计算与实验,—,第40届化英社化学奥林匹克初赛计算与实验.md,0
化英社,题-HYS-40-04-具有多样的氟化物对于其结构我.md,缺失,第40届化英社化学奥林匹克（决赛）模拟3（清晰）,—,第40届化英社化学奥林匹克（决赛）模拟试题3（清晰）.md,0
化英社,题-HYS-40-05-卡诺循环是一种理想化的热力学.md,缺失,第40届化英社化学奥林匹克（决赛）模拟3（清晰）,—,第40届化英社化学奥林匹克（决赛）模拟试题3（清晰）.md,0
化英社,题-HYS-40-05-变压器等大型充油电力设备在运.md,缺失,第40届化英社化学奥林匹克初赛计算与实验,—,第40届化英社化学奥林匹克初赛计算与实验.md,0
化英社,题-HYS-40-05-在17世纪初约翰史密斯船长送.md,缺失,第40届化英社化学奥林匹克（初赛）模拟13（高清版）,—,第40届化英社化学奥林匹克（初赛）模拟试题13（高清版）.md,0
化英社,题-HYS-40-05-语言的目的是以心传心机器则通.md,缺失,第40届化英社奥林匹克（决赛）模拟2（清晰）,—,第40届化英社奥林匹克（决赛）模拟试题2试卷（清晰）.md,0
化英社,题-HYS-40-06-1918年Langmuir基.md,缺失,第40届化英社化学奥林匹克（决赛）模拟3（清晰）,—,第40届化英社化学奥林匹克（决赛）模拟试题3（清晰）.md,0
化英社,题-HYS-40-06-碳纳米环是一类独特的非平面纳.md,缺失,第40届化英社化学奥林匹克（初赛）模拟13（高清版）,—,第40届化英社化学奥林匹克（初赛）模拟试题13（高清版）.md,0
化英社,题-HYS-40-06-葡萄糖是一种十分重要的糖类是.md,缺失,第40届化英社化学奥林匹克初赛计算与实验,—,第40届化英社化学奥林匹克初赛计算与实验.md,0
化英社,题-HYS-40-06-魔法是想象的世界本题中我们将.md,缺失,第40届化英社奥林匹克（决赛）模拟2（清晰）,—,第40届化英社奥林匹克（决赛）模拟试题2试卷（清晰）.md,0
化英社,题-HYS-40-07-mathrm明信比尔定律Am.md,缺失,第40届化英社化学奥林匹克（初赛）模拟13（高清版）,—,第40届化英社化学奥林匹克（初赛）模拟试题13（高清版）.md,0
化英社,题-HYS-40-07-单原子催化剂SACs通过将金.md,缺失,第40届化英社化学奥林匹克初赛计算与实验,—,第40届化英社化学奥林匹克初赛计算与实验.md,0
化英社,题-HYS-40-07-早在1979年研究人员就报道.md,缺失,第40届化英社奥林匹克（决赛）模拟2（清晰）,—,第40届化英社奥林匹克（决赛）模拟试题2试卷（清晰）.md,0
化英社,题-HYS-40-07-闭壳层和开壳层是描述分子或原.md,缺失,第40届化英社化学奥林匹克（决赛）模拟3（清晰）,—,第40届化英社化学奥林匹克（决赛）模拟试题3（清晰）.md,0
化英社,题-HYS-40-08-2023年10月Alexan.md,缺失,第40届化英社化学奥林匹克（初赛）模拟13（高清版）,—,第40届化英社化学奥林匹克（初赛）模拟试题13（高清版）.md,0
化英社,题-HYS-40-08-81薄层色谱TLC是有机合成.md,缺失,第40届化英社化学奥林匹克（决赛）模拟3（清晰）,—,第40届化英社化学奥林匹克（决赛）模拟试题3（清晰）.md,0
化英社,题-HYS-40-08-在2026年化英社春季班中S.md,缺失,第40届化英社奥林匹克（决赛）模拟2（清晰）,—,第40届化英社奥林匹克（决赛）模拟试题2试卷（清晰）.md,0
化英社,题-HYS-40-08-高镍层状氧化物如图是下一代高.md,缺失,第40届化英社化学奥林匹克初赛计算与实验,—,第40届化英社化学奥林匹克初赛计算与实验.md,0
化英社,题-HYS-40-09-2025年7月埃默里大学代明.md,缺失,第40届化英社化学奥林匹克（初赛）模拟13（高清版）,—,第40届化英社化学奥林匹克（初赛）模拟试题13（高清版）.md,0
化英社,题-HYS-40-09-91在碘存在下研究人员实现了.md,缺失,第40届化英社化学奥林匹克（决赛）模拟3（清晰）,—,第40届化英社化学奥林匹克（决赛）模拟试题3（清晰）.md,0
化英社,题-HYS-40-09-自由基有机反应的历史可以追溯.md,缺失,第40届化英社奥林匹克（决赛）模拟2（清晰）,—,第40届化英社奥林匹克（决赛）模拟试题2试卷（清晰）.md,0
化英社,题-HYS-40-10-在有机化学中氮氧化物常以亚硝.md,缺失,第40届化英社化学奥林匹克（决赛）模拟3（清晰）,—,第40届化英社化学奥林匹克（决赛）模拟试题3（清晰）.md,0
北京夏令营,题-BJLY-01-01-11在酸性条件下可与亚硝酸盐.md,缺失,北京夏令营-无机巩固练习一1785409334,—,北京夏令营-无机巩固练习一1785409334.md,0
北京夏令营,题-BJLY-01-02-卡宾的活性高度依赖其电子状态.md,缺失,北京夏令营-无机巩固练习一1785409334,—,北京夏令营-无机巩固练习一1785409334.md,0
北京夏令营,题-BJLY-01-03-元素X是用通常的物理和化学方.md,缺失,北京夏令营-无机巩固练习一1785409334,—,北京夏令营-无机巩固练习一1785409334.md,0
北京夏令营,题-BJLY-01-04-人们对低价Ge的研究从未停止.md,缺失,北京夏令营-无机巩固练习一1785409334,—,北京夏令营-无机巩固练习一1785409334.md,0
北京夏令营,题-BJLY-01-05-已知51计算1L100mol.md,缺失,北京夏令营-无机巩固练习一1785409334,—,北京夏令营-无机巩固练习一1785409334.md,0
北京夏令营,题-BJLY-01-06-元素M的单质性质稳定室温下难.md,缺失,北京夏令营-无机巩固练习一1785409334,—,北京夏令营-无机巩固练习一1785409334.md,0
北京夏令营,题-BJLY-01-07-71一种三价铝物种与足量的钾.md,缺失,北京夏令营-无机巩固练习一1785409334,—,北京夏令营-无机巩固练习一1785409334.md,0
北京夏令营,题-BJLY-01-08-81K结构可描述如下正六边形.md,缺失,北京夏令营-无机巩固练习一1785409334,—,北京夏令营-无机巩固练习一1785409334.md,0
北京夏令营,题-BJLY-02-01-11在白色的上滴加氨水立刻变.md,缺失,北京夏令营-无机巩固练习二1785491436,—,北京夏令营-无机巩固练习二1785491436.md,0
北京夏令营,题-BJLY-02-02-铬铁矿是一种重要的矿物资源主.md,缺失,北京夏令营-无机巩固练习二1785491436,—,北京夏令营-无机巩固练习二1785491436.md,0
北京夏令营,题-BJLY-02-03-31已知下列原电池311先向.md,缺失,北京夏令营-无机巩固练习二1785491436,—,北京夏令营-无机巩固练习二1785491436.md,0
北京夏令营,题-BJLY-02-04-硫化铅是生产铅的主要原料它被.md,缺失,北京夏令营-无机巩固练习二1785491436,—,北京夏令营-无机巩固练习二1785491436.md,0
北京夏令营,题-BJLY-02-05-V有许多氧化态从而有许多不同.md,缺失,北京夏令营-无机巩固练习二1785491436,—,北京夏令营-无机巩固练习二1785491436.md,0
北京夏令营,题-BJLY-02-06-1和的干燥空气中煅烧达到平衡.md,缺失,北京夏令营-无机巩固练习二1785491436,—,北京夏令营-无机巩固练习二1785491436.md,0
北京夏令营,题-BJLY-02-07-在常温常压下金属锂与生成红棕.md,缺失,北京夏令营-无机巩固练习二1785491436,—,北京夏令营-无机巩固练习二1785491436.md,0
北京夏令营,题-BJLY-02-08-称取与32的乙醇溶液混合然后.md,缺失,北京夏令营-无机巩固练习二1785491436,—,北京夏令营-无机巩固练习二1785491436.md,0
北京夏令营,题-BJLY-02-09-某过渡金属X的单质A在生活中.md,缺失,北京夏令营-无机巩固练习二1785491436,—,北京夏令营-无机巩固练习二1785491436.md,0
北京夏令营,题-BJLY-02-10-三唑是含有两个碳原子和三个氮.md,缺失,北京夏令营-无机巩固练习二1785491436,—,北京夏令营-无机巩固练习二1785491436.md,0
北京夏令营,题-BJLY-03-01-11工业上常用LiH和无水反.md,缺失,北京夏令营-无机巩固练习三1785602414,—,北京夏令营-无机巩固练习三1785602414.md,0
北京夏令营,题-BJLY-03-02-21五氟化砷能与许多含氟的化.md,缺失,北京夏令营-无机巩固练习三1785602414,—,北京夏令营-无机巩固练习三1785602414.md,0
北京夏令营,题-BJLY-03-03-钨的氮化物因具有优异的化学机.md,缺失,北京夏令营-无机巩固练习三1785602414,—,北京夏令营-无机巩固练习三1785602414.md,0
北京夏令营,题-BJLY-03-04-尖晶石结构是一种经典的晶体结.md,缺失,北京夏令营-无机巩固练习三1785602414,—,北京夏令营-无机巩固练习三1785602414.md,0
北京夏令营,题-BJLY-03-05-银量法可以用于测定溶液中的甲.md,缺失,北京夏令营-无机巩固练习三1785602414,—,北京夏令营-无机巩固练习三1785602414.md,0
北京夏令营,题-BJLY-03-06-通过以下方法可由二茂铁合成乙.md,缺失,北京夏令营-无机巩固练习三1785602414,—,北京夏令营-无机巩固练习三1785602414.md,0
北京夏令营,题-BJLY-03-07-X是一种橙黄色液体可由对应的.md,缺失,北京夏令营-无机巩固练习三1785602414,—,北京夏令营-无机巩固练习三1785602414.md,0
北京夏令营,题-BJLY-03-08-硫化氢在生物学中具有至关重要.md,缺失,北京夏令营-无机巩固练习三1785602414,—,北京夏令营-无机巩固练习三1785602414.md,0
北京夏令营,题-BJLY-03-09-半导体中有两种载流子价带中的.md,缺失,北京夏令营-无机巩固练习三1785602414,—,北京夏令营-无机巩固练习三1785602414.md,0
北京夏令营,题-BJLY-03-10-101在一个以碳酸钙为主要矿.md,缺失,北京夏令营-无机巩固练习三1785602414,—,北京夏令营-无机巩固练习三1785602414.md,0
北京夏令营,题-BJLY-04-无机综合-01-铬酸根在工业上有广泛的应用而.md,缺失,北京夏令营-无机综合,北京夏令营-无机综合-答案.md,北京夏令营-无机综合.md,1
北京夏令营,题-BJLY-04-无机综合-10-化合物A可以通过以下方法制备.md,缺失,北京夏令营-无机综合,北京夏令营-无机综合-答案.md,北京夏令营-无机综合.md,1
北京夏令营,题-BJLY-05-有机巩固练习一-02-1完成Linoxepin的合.md,缺失,北京夏令营-有机巩固练习一,北京夏令营-有机巩固练习一-答案.md,北京夏令营-有机巩固练习一.md,1
北京夏令营,题-BJLY-05-有机巩固练习一-06-完成下列反应给出中间体提示最.md,手写稿,北京夏令营-有机巩固练习一,北京夏令营-有机巩固练习一-答案.md,北京夏令营-有机巩固练习一.md,1
北京夏令营,题-BJLY-06-有机巩固练习三-03-如下环化反应被称之为Haus.md,手写稿,北京夏令营-有机巩固练习三,北京夏令营-有机巩固练习三-答案.md,北京夏令营-有机巩固练习三.md,1
北京夏令营,题-BJLY-08-有机巩固练习四-01-1N烯丙基或乙酰基烯胺能发生.md,手写稿,北京夏令营-有机巩固练习四,北京夏令营-有机巩固练习四-答案.md,北京夏令营-有机巩固练习四.md,1
北京夏令营,题-BJLY-09-有机综合-04-1烷烃的光卤代反应是烷烃最重.md,缺失,北京夏令营-有机综合,北京夏令营-有机综合-答案.md,北京夏令营-有机综合.md,1
北京夏令营,题-BJLY-09-有机综合-05-仔细比较下列两33迁移反应条.md,手写稿,北京夏令营-有机综合,北京夏令营-有机综合-答案.md,北京夏令营-有机综合.md,1
北京夏令营,题-BJLY-09-有机综合-07-完成下列反应配图缺失Mine.md,缺失,北京夏令营-有机综合,北京夏令营-有机综合-答案.md,北京夏令营-有机综合.md,1
北京夏令营,题-BJLY-09-有机综合-08-81完成下列反应82完成下列.md,手写稿,北京夏令营-有机综合,北京夏令营-有机综合-答案.md,北京夏令营-有机综合.md,1
壹尖培优,题-YJ-01-04-硝基甲烷作为简单结构的大宗工.md,手写稿,模拟测1,模拟测试卷1参考答案.md,模拟测试卷1.md,1
壹尖培优,题-YJ-01-04-钙钛矿型固体可以作为固体氧化.md,缺失,第40届中国化学奥林匹克（初赛）模拟1,第40届中国化学奥林匹克（初赛）模拟试题1参考答案.md,第40届中国化学奥林匹克（初赛）模拟试题1.md,1
壹尖培优,题-YJ-02-08-红花五味子中分离的Rubri.md,缺失,模拟测2,模拟测试卷2答案.md,模拟测试卷2.md,1
壹尖培优,题-YJ-03-01-重铬酸钾是分析化学中常用的试.md,缺失,第40届中国化学奥林匹克（初赛）模拟3,第40届中国化学奥林匹克（初赛）模拟试题3参考答案.md,第40届中国化学奥林匹克（初赛）模拟试题3.md,1
壹尖培优,题-YJ-05-06-降冰片烯中的不饱和碳碳键具有.md,缺失,第40届中国化学奥林匹克（初赛）模拟5,第40届中国化学奥林匹克（初赛）模拟试题5答案.md,第40届中国化学奥林匹克（初赛）模拟试题5.md,1
壹尖培优,题-YJ-06-05-As的结构可以看成是由无数个.md,缺失,第40届中国化学奥林匹克（初赛）模拟6,第40届中国化学奥林匹克（初赛）模拟试题6答案.md,第40届中国化学奥林匹克（初赛）模拟试题6.md,1
壹尖培优,题-YJ-06-07-经连续邻位稠合的多环芳烃称为.md,缺失,第40届中国化学奥林匹克（初赛）模拟6,第40届中国化学奥林匹克（初赛）模拟试题6答案.md,第40届中国化学奥林匹克（初赛）模拟试题6.md,1
壹尖培优,题-YJ-07-02-如下图展示了一种由NaNpF.md,缺失,第40届中国化学奥林匹克（初赛）模拟7,第40届中国化学奥林匹克（初赛）模拟试题7答案.md,第40届中国化学奥林匹克（初赛）模拟试题7.md,1
壹尖培优,题-YJ-09-06-费托合成FischerTro.md,缺失,第40届中国化学奥林匹克（初赛）模拟9,第40届中国化学奥林匹克（初赛）模拟试题9参考答案.md,第40届中国化学奥林匹克（初赛）模拟试题9.md,1
壹尖培优,题-YJ-11-07-71甲苯的偶极矩为043D硝.md,缺失,第40届中国化学奥林匹克（初赛）模拟11,第40届中国化学奥林匹克（初赛）模拟试题11参考答案.md,第40届中国化学奥林匹克（初赛）模拟试题11.md,1
壹尖培优,题-YJ-11-08-消除反应是有机化学中一种重要.md,缺失,第40届中国化学奥林匹克（初赛）模拟11,第40届中国化学奥林匹克（初赛）模拟试题11参考答案.md,第40届中国化学奥林匹克（初赛）模拟试题11.md,1
壹尖培优,题-YJ-12-08-ErickMCarreira.md,缺失,第40届中国化学奥林匹克（初赛）模拟12,第40届中国化学奥林匹克（初赛）模拟试题12参考答案.md,第40届中国化学奥林匹克（初赛）模拟试题12.md,1
壹尖培优,题-YJ-13-03-在某些中性化合物中由于特殊的.md,缺失,第40届中国化学奥林匹克（初赛）模拟13,第40届中国化学奥林匹克（初赛）模拟试题13参考答案.md,第40届中国化学奥林匹克（初赛）模拟试题13.md,1
壹尖培优,题-YJ-19-01-11二元氧化物X是黄色固体常.md,缺失,20260228广州模拟测,—,20260228广州模拟测试题.md,0
壹尖培优,题-YJ-19-02-21叠氮阴离子拥有两个等长的.md,缺失,20260228广州模拟测,—,20260228广州模拟测试题.md,0
壹尖培优,题-YJ-19-03-理论计算表明高压下Rb可以形.md,缺失,20260228广州模拟测,—,20260228广州模拟测试题.md,0
壹尖培优,题-YJ-19-04-AH是含金属M的一系列化合物.md,缺失,20260228广州模拟测,—,20260228广州模拟测试题.md,0
壹尖培优,题-YJ-19-05-交互式舷窗利用有机染料分子在.md,缺失,20260228广州模拟测,—,20260228广州模拟测试题.md,0
壹尖培优,题-YJ-19-06-硼酸盐晶体是一类重要的无机化.md,缺失,20260228广州模拟测,—,20260228广州模拟测试题.md,0
壹尖培优,题-YJ-19-07-地球大气经历长时间的演变最终.md,缺失,20260228广州模拟测,—,20260228广州模拟测试题.md,0
壹尖培优,题-YJ-19-08-81利用点击化学反应研究人员.md,缺失,20260228广州模拟测,—,20260228广州模拟测试题.md,0
方圆,题-FY-01-01-11标出下列物质中手性碳的R~2.md,缺失,有机化学讲解1,—,有机化学试卷讲解1.md,0
方圆,题-FY-01-02-焕焕取代孙多成张飞等值取代2.md,缺失,有机化学讲解1,—,有机化学试卷讲解1.md,0
方圆,题-FY-01-03-wwwfangyuanedu.md,缺失,有机化学讲解1,—,有机化学试卷讲解1.md,0
方圆,题-FY-01-04-41比较下列化合物的酸性由强~2.md,缺失,有机化学讲解1,—,有机化学试卷讲解1.md,0
方圆,题-FY-01-05-51给出中间产物A以及关键中.md,缺失,有机化学测1,有机化学测试题1答案.md,有机化学测试题1.md,1
方圆,题-FY-01-05-51给出中间产物A以及关键中~2.md,缺失,有机化学讲解1,—,有机化学试卷讲解1.md,0
方圆,题-FY-01-06-61以下是某有机物的合成路线.md,缺失,有机化学测1,有机化学测试题1答案.md,有机化学测试题1.md,1
方圆,题-FY-01-06-61以下是某有机物的合成路线~2.md,缺失,有机化学讲解1,—,有机化学试卷讲解1.md,0
方圆,题-FY-01-07-71鉴别以下化合物写出鉴定的~2.md,缺失,有机化学讲解1,—,有机化学试卷讲解1.md,0
方圆,题-FY-01-08-81沸石即止暴剂或助沸剂为什~2.md,缺失,有机化学讲解1,—,有机化学试卷讲解1.md,0
方圆,题-FY-01-09-亲核性碱性二对H亲核性Gri.md,缺失,有机化学讲解1,—,有机化学试卷讲解1.md,0
方圆,题-FY-02-01-在的存在下DMFNN二甲基甲.md,缺失,有机2.10日晚上习题课,—,有机2.10日晚上习题课.md,0
方圆,题-FY-02-03-葡萄糖是一种非常常见的化合物.md,缺失,有机化学讲解2,—,有机化学试卷讲解2.md,0
方圆,题-FY-02-04-41写出下列反应中中间体12.md,缺失,有机化学讲解2,—,有机化学试卷讲解2.md,0
方圆,题-FY-02-07-质子泵抑制剂PPI是目前治疗.md,缺失,有机化学讲解2,—,有机化学试卷讲解2.md,0
方圆,题-FY-02-08-Appel反应和CoeryF.md,缺失,有机化学讲解2,—,有机化学试卷讲解2.md,0
方圆,题-FY-02-09-2023年8月日本东京大学的.md,缺失,有机2.10日晚上习题课,—,有机2.10日晚上习题课.md,0
方圆,题-FY-02-09-已知一维势箱中粒子的能量为封.md,缺失,有机化学讲解2,—,有机化学试卷讲解2.md,0
方圆,题-FY-08-10-菲是一种稠环芳烃但其芳香性相.md,缺失,卷一,卷一答案.md,卷一.md,1
方圆,题-FY-11-08-一个容积为2L的烧瓶其中盛有.md,缺失,无机专题二,答案--无机专题试卷二.md,无机专题试卷二.md,1
汇智,题-HZ-01-01-从古代炼丹术的神火到拉瓦锡的.md,缺失,汇智起航2026年（暑假）无机化学初赛模拟1,—,汇智起航2026年（暑假）无机化学初赛模拟试题1.md,0
汇智,题-HZ-01-02-非过渡金属M为一种灰白色的金.md,缺失,汇智起航2026年（暑假）无机化学初赛模拟1,—,汇智起航2026年（暑假）无机化学初赛模拟试题1.md,0
汇智,题-HZ-01-03-氮和氟都是高电负性的元素其形.md,缺失,汇智起航2026年（暑假）无机化学初赛模拟1,—,汇智起航2026年（暑假）无机化学初赛模拟试题1.md,0
汇智,题-HZ-01-05-20世纪70年代可充电锂离子.md,缺失,汇智起航2026年（暑假）无机化学初赛模拟1,—,汇智起航2026年（暑假）无机化学初赛模拟试题1.md,0
汇智,题-HZ-01-05-Metalfreesynth.md,缺失,长沙冲刺有机1,—,长沙冲刺有机1.md,0
汇智,题-HZ-01-06-2024年5月8日我国第三艘.md,缺失,汇智起航2026年（暑假）无机化学初赛模拟1,—,汇智起航2026年（暑假）无机化学初赛模拟试题1.md,0
汇智,题-HZ-01-08-SIVI2H2r04M是一种.md,缺失,汇智起航2026年（暑假）无机化学初赛模拟1,—,汇智起航2026年（暑假）无机化学初赛模拟试题1.md,0
汇智,题-HZ-01-08-TosMIC试剂即对甲苯磺酰.md,手写稿,汇智起航五一初赛模拟1,汇智起航五一初赛模拟1答案.md,汇智起航五一初赛模拟1试卷.md,1
汇智,题-HZ-01-09-91关于晶格能下列说法正确的.md,缺失,汇智起航2026年（暑假）无机化学初赛模拟1,—,汇智起航2026年（暑假）无机化学初赛模拟试题1.md,0
汇智,题-HZ-02-01-1999年化学家通过以下实验.md,缺失,长沙冲刺综合2,—,长沙冲刺综合2.md,0
汇智,题-HZ-02-03-是近年来被科学家重视的一种电.md,缺失,长沙化学刷初赛模拟2,—,长沙化学刷初赛模拟2.md,0
汇智,题-HZ-02-07-71根据所学知识完成下列反应.md,手写稿,长沙化学刷初赛模拟2,—,长沙化学刷初赛模拟2.md,0
汇智,题-HZ-02-08-CBS反应CoreyBaks.md,手写稿,长沙化学刷初赛模拟2,—,长沙化学刷初赛模拟2.md,0
汇智,题-HZ-02-09-前列腺素prostaglan.md,手写稿,汇智起航2026年五一期间有机化学初赛模拟卷2,—,汇智起航2026年五一期间有机化学初赛模拟卷2.md,0
汇智,题-HZ-03-01-绿色是自然界相当常见的颜色从.md,手写稿,长沙冲刺综合3,—,长沙冲刺综合3.md,0
汇智,题-HZ-03-03-31在地球地壳中主族元素A是.md,手写稿,长沙冲刺综合3,—,长沙冲刺综合3.md,0
汇智,题-HZ-03-08-81卡宾曾被认为仅能作为不稳.md,手写稿,长沙冲刺综合3,—,长沙冲刺综合3.md,0
汇智,题-HZ-03-08-81环戊烯的张力小于环戊烷的.md,缺失,汇智起航五一初赛模拟3,汇智起航五一初赛模拟3答案.md,汇智起航五一初赛模拟3试卷.md,1
汇智,题-HZ-03-09-在一种高张力化合物的合成中研.md,手写稿,长沙化学刷初赛模拟3,—,长沙化学刷初赛模拟3.md,0
汇智,题-HZ-03-10-羰基是有机化合物中的重要发色.md,缺失,汇智起航五一初赛模拟3,汇智起航五一初赛模拟3答案.md,汇智起航五一初赛模拟3试卷.md,1
汇智,题-HZ-04-08-有机化学中的脱水剂一般指能够.md,手写稿,长沙化学刷初赛模拟4,—,长沙化学刷初赛模拟4.md,0
汇智,题-HZ-04-09-氮氧自由基是种类最为丰富的一.md,手写稿,长沙化学刷初赛模拟4,—,长沙化学刷初赛模拟4.md,0
汇智,题-HZ-05-01-电离能指的是将电子从气态原子.md,缺失,260609-汇智起航2026年（暑假）全国化学初赛模拟5,—,260609-汇智起航2026年（暑假）全国化学初赛模拟试题5试题.md,0
汇智,题-HZ-05-01-电离能指的是将电子从气态原子~2.md,缺失,长沙化学刷初赛模拟5,—,长沙化学刷初赛模拟5.md,0
汇智,题-HZ-05-02-注本题所有结果均保留三位有效.md,缺失,260609-汇智起航2026年（暑假）全国化学初赛模拟5,—,260609-汇智起航2026年（暑假）全国化学初赛模拟试题5试题.md,0
汇智,题-HZ-05-02-注本题所有结果均保留三位有效~2.md,缺失,长沙化学刷初赛模拟5,—,长沙化学刷初赛模拟5.md,0
汇智,题-HZ-05-03-31写出该反应的一个关键中间.md,缺失,练习5,—,练习5.md,0
汇智,题-HZ-05-03-元素X在东西方都具有悠久的历.md,缺失,260609-汇智起航2026年（暑假）全国化学初赛模拟5,—,260609-汇智起航2026年（暑假）全国化学初赛模拟试题5试题.md,0
汇智,题-HZ-05-03-元素X在东西方都具有悠久的历~2.md,缺失,长沙化学刷初赛模拟5,—,长沙化学刷初赛模拟5.md,0
汇智,题-HZ-05-04-注为方便表示计算部分的离子浓.md,缺失,260609-汇智起航2026年（暑假）全国化学初赛模拟5,—,260609-汇智起航2026年（暑假）全国化学初赛模拟试题5试题.md,0
汇智,题-HZ-05-04-注为方便表示计算部分的离子浓~2.md,缺失,长沙化学刷初赛模拟5,—,长沙化学刷初赛模拟5.md,0
汇智,题-HZ-05-05-某印度的科研小组在分隔型电解.md,缺失,260609-汇智起航2026年（暑假）全国化学初赛模拟5,—,260609-汇智起航2026年（暑假）全国化学初赛模拟试题5试题.md,0
汇智,题-HZ-05-05-某印度的科研小组在分隔型电解~2.md,缺失,长沙化学刷初赛模拟5,—,长沙化学刷初赛模拟5.md,0
汇智,题-HZ-05-06-小日一天闲来无事研究起了氯化.md,缺失,260609-汇智起航2026年（暑假）全国化学初赛模拟5,—,260609-汇智起航2026年（暑假）全国化学初赛模拟试题5试题.md,0
汇智,题-HZ-05-06-小日一天闲来无事研究起了氯化~2.md,缺失,长沙化学刷初赛模拟5,—,长沙化学刷初赛模拟5.md,0
汇智,题-HZ-05-07-71频哪醇重排是非常经典的反.md,缺失,260609-汇智起航2026年（暑假）全国化学初赛模拟5,—,260609-汇智起航2026年（暑假）全国化学初赛模拟试题5试题.md,0
汇智,题-HZ-05-07-71频哪醇重排是非常经典的反~2.md,缺失,长沙化学刷初赛模拟5,—,长沙化学刷初赛模拟5.md,0
汇智,题-HZ-05-08-提示本题不要求酸碱基团的质子.md,缺失,260609-汇智起航2026年（暑假）全国化学初赛模拟5,—,260609-汇智起航2026年（暑假）全国化学初赛模拟试题5试题.md,0
汇智,题-HZ-05-08-提示本题不要求酸碱基团的质子~2.md,缺失,长沙化学刷初赛模拟5,—,长沙化学刷初赛模拟5.md,0
汇智,题-HZ-05-09-33迁移具有悠久的历史最经典.md,缺失,260609-汇智起航2026年（暑假）全国化学初赛模拟5,—,260609-汇智起航2026年（暑假）全国化学初赛模拟试题5试题.md,0
汇智,题-HZ-05-09-33迁移具有悠久的历史最经典~2.md,缺失,长沙化学刷初赛模拟5,—,长沙化学刷初赛模拟5.md,0
汇智,题-HZ-06-03-31使用NHC和以11反应可.md,缺失,长沙化学刷初赛模拟6,—,长沙化学刷初赛模拟6.md,0
汇智,题-HZ-06-04-41荧光分子可由其前体经过处.md,缺失,长沙冲刺综合6,—,长沙冲刺综合6.md,0
汇智,题-HZ-06-07-711给下列化合物的酸性从大.md,缺失,长沙化学刷初赛模拟6,—,长沙化学刷初赛模拟6.md,0
汇智,题-HZ-07-03-31写出关键中间体32写出关.md,手写稿,2.7杭州有机化学班第三天练习题,—,2.7杭州有机化学班第三天练习题.md,0
汇智,题-HZ-07-04-以芳香醛和1苯基乙12二醇为.md,手写稿,2.7杭州有机化学班第三天练习题,—,2.7杭州有机化学班第三天练习题.md,0
汇智,题-HZ-07-05-高价碘试剂因其反应条件温和环.md,手写稿,2.7杭州有机化学班第三天练习题,—,2.7杭州有机化学班第三天练习题.md,0
汇智,题-HZ-07-07-小明最近在研究单体有机化合物.md,手写稿,长沙化学刷初赛模拟7,—,长沙化学刷初赛模拟7.md,0
汇智,题-HZ-07-08-VilsmeierHaack.md,手写稿,长沙化学刷初赛模拟7,—,长沙化学刷初赛模拟7.md,0
汇智,题-HZ-07-08-随着有机氟化学的发展偕二氟环.md,手写稿,长沙冲刺综合7,—,长沙冲刺综合7.md,0
汇智,题-HZ-07-09-苯炔benzene是一种由苯.md,手写稿,长沙化学刷初赛模拟7,—,长沙化学刷初赛模拟7.md,0
汇智,题-HZ-08-03-31写出以下反应的化学方程式.md,手写稿,汇智起航五一初赛模拟8,汇智起航五一初赛模拟8答案.md,汇智起航五一初赛模拟8试卷.md,1
汇智,题-HZ-09-07-71请你比较DMFNN二甲基.md,缺失,长沙化学刷初赛模拟9,—,长沙化学刷初赛模拟9.md,0
汇智,题-HZ-10-02-直接空气捕集DirectAi.md,缺失,长沙化学刷初赛模拟10,—,长沙化学刷初赛模拟10.md,0
汇智,题-HZ-10-03-磷氮化合物兼具分子型主族化学.md,缺失,长沙化学刷初赛模拟10,—,长沙化学刷初赛模拟10.md,0
汇智,题-HZ-11-01-锝Tc是放射性元素在核医学领.md,手写稿,长沙化学刷初赛模拟11,—,长沙化学刷初赛模拟11.md,0
汇智,题-HZ-14-01-在药物设计中提高分子的三维立.md,缺失,汇智起航2026年五一期间有机化学初赛模拟卷14,—,汇智起航2026年五一期间有机化学初赛模拟卷14.md,0
汇智,题-HZ-14-02-在物理有机化学中构象偏好常常.md,缺失,汇智起航2026年五一期间有机化学初赛模拟卷14,—,汇智起航2026年五一期间有机化学初赛模拟卷14.md,0
汇智,题-HZ-14-03-高价碘试剂是有机反应常用的氧.md,缺失,汇智起航2026年五一期间有机化学初赛模拟卷14,—,汇智起航2026年五一期间有机化学初赛模拟卷14.md,0
汇智,题-HZ-14-04-苯炔是一种活泼的中间体在构建.md,缺失,汇智起航2026年五一期间有机化学初赛模拟卷14,—,汇智起航2026年五一期间有机化学初赛模拟卷14.md,0
汇智,题-HZ-14-05-51观察该反应给出合理的反应.md,缺失,汇智起航2026年五一期间有机化学初赛模拟卷14,—,汇智起航2026年五一期间有机化学初赛模拟卷14.md,0
汇智,题-HZ-14-06-Stevens重排是季铵盐或.md,缺失,汇智起航2026年五一期间有机化学初赛模拟卷14,—,汇智起航2026年五一期间有机化学初赛模拟卷14.md,0
汇智,题-HZ-14-07-生物活性分子中常含氮杂环结构.md,缺失,汇智起航2026年五一期间有机化学初赛模拟卷14,—,汇智起航2026年五一期间有机化学初赛模拟卷14.md,0
汇智,题-HZ-14-08-81Brnsted酸可介导1.md,缺失,汇智起航2026年五一期间有机化学初赛模拟卷14,—,汇智起航2026年五一期间有机化学初赛模拟卷14.md,0
汇智,题-HZ-14-09-91Mannich反应是典型.md,缺失,汇智起航2026年五一期间有机化学初赛模拟卷14,—,汇智起航2026年五一期间有机化学初赛模拟卷14.md,0
汇智,题-HZ-14-10-Axrightarrow2m.md,缺失,汇智起航2026年五一期间有机化学初赛模拟卷14,—,汇智起航2026年五一期间有机化学初赛模拟卷14.md,0
汇智,题-HZ-34-01-11在电解精炼金属产生的阳极.md,缺失,改汇智起航2026年暑假（刷题班）全国化学初赛模拟卷6(4),—,改汇智起航2026年暑假（刷题班）全国化学初赛模拟卷6(4).md,0
汇智,题-HZ-34-02-21键角是化学键的一个重要的.md,缺失,改汇智起航2026年暑假（刷题班）全国化学初赛模拟卷6(4),—,改汇智起航2026年暑假（刷题班）全国化学初赛模拟卷6(4).md,0
汇智,题-HZ-34-03-二氧化碳的活化是一个可以将过.md,缺失,改汇智起航2026年暑假（刷题班）全国化学初赛模拟卷6(4),—,改汇智起航2026年暑假（刷题班）全国化学初赛模拟卷6(4).md,0
汇智,题-HZ-34-04-41荧光分子可由其前体经过处.md,缺失,改汇智起航2026年暑假（刷题班）全国化学初赛模拟卷6(4),—,改汇智起航2026年暑假（刷题班）全国化学初赛模拟卷6(4).md,0
汇智,题-HZ-34-05-氨是最重要的化学产品之一其在.md,缺失,改汇智起航2026年暑假（刷题班）全国化学初赛模拟卷6(4),—,改汇智起航2026年暑假（刷题班）全国化学初赛模拟卷6(4).md,0
汇智,题-HZ-34-06-61电化学手段是分离一些金属.md,缺失,改汇智起航2026年暑假（刷题班）全国化学初赛模拟卷6(4),—,改汇智起航2026年暑假（刷题班）全国化学初赛模拟卷6(4).md,0
汇智,题-HZ-34-07-氟是电负性最大的元素在有机化.md,缺失,改汇智起航2026年暑假（刷题班）全国化学初赛模拟卷6(4),—,改汇智起航2026年暑假（刷题班）全国化学初赛模拟卷6(4).md,0
汇智,题-HZ-34-08-硫可以通过被氧化或亲核进攻等.md,缺失,改汇智起航2026年暑假（刷题班）全国化学初赛模拟卷6(4),—,改汇智起航2026年暑假（刷题班）全国化学初赛模拟卷6(4).md,0
汇智,题-HZ-34-09-91扩环反应的重要应用之一是.md,缺失,改汇智起航2026年暑假（刷题班）全国化学初赛模拟卷6(4),—,改汇智起航2026年暑假（刷题班）全国化学初赛模拟卷6(4).md,0
汇智,题-HZ-35-01-在药物设计中提高分子的三维立.md,缺失,汇智起航2026年(五一期间)有机化学初赛模拟卷1(4),汇智起航2026年(五一期间)有机化学初赛模拟卷1答案(5).md,汇智起航2026年(五一期间)有机化学初赛模拟卷1(4).md,1
汇智,题-HZ-35-03-高价碘试剂是有机反应常用的氧.md,缺失,汇智起航2026年(五一期间)有机化学初赛模拟卷1(4),汇智起航2026年(五一期间)有机化学初赛模拟卷1答案(5).md,汇智起航2026年(五一期间)有机化学初赛模拟卷1(4).md,1
汇智,题-HZ-35-04-苯炔是一种活泼的中间体在构建.md,缺失,汇智起航2026年(五一期间)有机化学初赛模拟卷1(4),汇智起航2026年(五一期间)有机化学初赛模拟卷1答案(5).md,汇智起航2026年(五一期间)有机化学初赛模拟卷1(4).md,1
汇智,题-HZ-35-06-Stevens重排是季铵盐或.md,缺失,汇智起航2026年(五一期间)有机化学初赛模拟卷1(4),汇智起航2026年(五一期间)有机化学初赛模拟卷1答案(5).md,汇智起航2026年(五一期间)有机化学初赛模拟卷1(4).md,1
汇智,题-HZ-35-07-生物活性分子中常含氮杂环结构.md,缺失,汇智起航2026年(五一期间)有机化学初赛模拟卷1(4),汇智起航2026年(五一期间)有机化学初赛模拟卷1答案(5).md,汇智起航2026年(五一期间)有机化学初赛模拟卷1(4).md,1
汇智,题-HZ-35-08-81Bronsted酸可介导.md,缺失,汇智起航2026年(五一期间)有机化学初赛模拟卷1(4),汇智起航2026年(五一期间)有机化学初赛模拟卷1答案(5).md,汇智起航2026年(五一期间)有机化学初赛模拟卷1(4).md,1
汇智,题-HZ-35-09-91Mannich反应是典型.md,缺失,汇智起航2026年(五一期间)有机化学初赛模拟卷1(4),汇智起航2026年(五一期间)有机化学初赛模拟卷1答案(5).md,汇智起航2026年(五一期间)有机化学初赛模拟卷1(4).md,1
汇智,题-HZ-37-01-从古代炼丹术的神火到拉瓦锡的.md,手写稿,长沙冲刺无机综合,—,长沙冲刺无机综合.md,0
汇智,题-HZ-37-07-逆配合物inversecoo.md,缺失,长沙冲刺无机综合,—,长沙冲刺无机综合.md,0
汇智,题-HZ-64-01-11在电解精炼金属产生的阳极.md,缺失,改汇智起航2026年暑假（刷题班）全国化学初赛模拟卷64,—,改汇智起航2026年暑假（刷题班）全国化学初赛模拟卷64.md,0
汇智,题-HZ-64-03-二氧化碳的活化是一个可以将过.md,缺失,改汇智起航2026年暑假（刷题班）全国化学初赛模拟卷64,—,改汇智起航2026年暑假（刷题班）全国化学初赛模拟卷64.md,0
汇智,题-HZ-64-04-41荧光分子可由其前体经过处.md,缺失,改汇智起航2026年暑假（刷题班）全国化学初赛模拟卷64,—,改汇智起航2026年暑假（刷题班）全国化学初赛模拟卷64.md,0
汇智,题-HZ-64-05-氨是最重要的化学产品之一其在.md,缺失,改汇智起航2026年暑假（刷题班）全国化学初赛模拟卷64,—,改汇智起航2026年暑假（刷题班）全国化学初赛模拟卷64.md,0
汇智,题-HZ-64-06-61电化学手段是分离一些金属.md,缺失,改汇智起航2026年暑假（刷题班）全国化学初赛模拟卷64,—,改汇智起航2026年暑假（刷题班）全国化学初赛模拟卷64.md,0
汇智,题-HZ-64-07-mathrm光催化fracm.md,缺失,改汇智起航2026年暑假（刷题班）全国化学初赛模拟卷64,—,改汇智起航2026年暑假（刷题班）全国化学初赛模拟卷64.md,0
汇智,题-HZ-64-08-硫可以通过被氧化或亲核进攻等.md,缺失,改汇智起航2026年暑假（刷题班）全国化学初赛模拟卷64,—,改汇智起航2026年暑假（刷题班）全国化学初赛模拟卷64.md,0
汇智,题-HZ-64-09-91扩环反应的重要应用之一是.md,缺失,改汇智起航2026年暑假（刷题班）全国化学初赛模拟卷64,—,改汇智起航2026年暑假（刷题班）全国化学初赛模拟卷64.md,0
清北营,题-QBY-01-09-随着不断开采和使用化石资源储.md,缺失,2026年清北营暑假高二班-1,2026年清北营暑假高二班-试卷1-参考答案.md,2026年清北营暑假高二班-试卷1.md,1
清北营,题-QBY-02-08-812009年BioMM报道.md,手写稿,2026年清北营暑假高二班-2,2026年清北营暑假高二班-试卷2-参考答案.md,2026年清北营暑假高二班-试卷2.md,1
清北营,题-QBY-03-04-稳定的pH对生物体正常生理反.md,缺失,2026年清北营寒假班-3,2026年清北营寒假班-试卷3-参考答案.md,2026年清北营寒假班-试卷3.md,1
清北营,题-QBY-03-08-本题不要求立体化学有关化合物.md,缺失,2026年清北营寒假班-3,2026年清北营寒假班-试卷3-参考答案.md,2026年清北营寒假班-试卷3.md,1
清北营,题-QBY-04-01-11ATGC是一类较强的分子.md,手写稿,2026年清北营暑假高二班-4,2026年清北营暑假高二班-试卷4-参考答案.md,2026年清北营暑假高二班-试卷4.md,1
清北营,题-QBY-04-03-氧化还原滴定作为分析化学中最.md,缺失,春季模拟4,—,春季模拟4.md,0
清北营,题-QBY-04-05-二茂铁具有芳香性可发生Fri.md,缺失,2026年清北营暑假高二班-4,2026年清北营暑假高二班-试卷4-参考答案.md,2026年清北营暑假高二班-试卷4.md,1
清北营,题-QBY-04-07-71画出以下两个分子的优势构.md,缺失,春季模拟4,—,春季模拟4.md,0
清北营,题-QBY-04-08-81选出下列反应中有碳正离子.md,手写稿,2026年清北营寒假班-4,2026年清北营寒假班-试卷4-参考答案.md,2026年清北营寒假班-试卷4.md,1
清北营,题-QBY-04-08-近日美国的一课题组开发了一种.md,手写稿,春季模拟4,—,春季模拟4.md,0
清北营,题-QBY-05-04-2025年11月4日Para.md,缺失,2026年清北营暑假高二班-5,2026年清北营暑假高二班-试卷5-参考答案.md,2026年清北营暑假高二班-试卷5.md,1
清北营,题-QBY-05-08-在有机反应中构造一个羰基位负.md,手写稿,春季模拟5,—,春季模拟5.md,0
清北营,题-QBY-06-02-典型的Nazarov环化如下.md,手写稿,春季模拟6,—,春季模拟6.md,0
清北营,题-QBY-06-05-CS键在各种天然产物药物农用.md,手写稿,春季模拟6,—,春季模拟6.md,0
清北营,题-QBY-06-06-相比于钯铑和铱催化剂而言铂和.md,手写稿,春季模拟6,—,春季模拟6.md,0
清北营,题-QBY-06-06-靶向药物由三个部分构成设计靶.md,手写稿,2026年清北营暑假高二班-6,2026年清北营暑假高二班-试卷6-参考答案.md,2026年清北营暑假高二班-试卷6.md,1
清北营,题-QBY-06-08-现代有机合成致力于开发能构建.md,手写稿,2026年清北营暑假高二班-6,2026年清北营暑假高二班-试卷6-参考答案.md,2026年清北营暑假高二班-试卷6.md,1
清北营,题-QBY-07-03-31金银单质都有绚丽的颜色3.md,手写稿,春季模拟7,—,春季模拟7.md,0
清北营,题-QBY-07-09-生物碱是一类重要的天然产物它.md,手写稿,春季模拟7,—,春季模拟7.md,0
清北营,题-QBY-08-10-醛类化合物在有机合成中有重要.md,缺失,春季模拟8,—,春季模拟8.md,0
清北营,题-QBY-09-03-物质存在固体液体气体三种状态.md,手写稿,2026年清北营暑假高二班-9,2026年清北营暑假高二班-试卷9-参考答案.md,2026年清北营暑假高二班-试卷9.md,1
清北营,题-QBY-09-04-含磷杂环因其独特的空间结构和.md,手写稿,2026年清北营暑假高二班-9,2026年清北营暑假高二班-试卷9-参考答案.md,2026年清北营暑假高二班-试卷9.md,1
清北营,题-QBY-09-07-Fentanyl及其衍生物正.md,手写稿,2026年清北营暑假高二班-9,2026年清北营暑假高二班-试卷9-参考答案.md,2026年清北营暑假高二班-试卷9.md,1
清北营,题-QBY-10-02-准确称取05055g奶粉置于.md,手写稿,2026年清北营暑假高二班-10,2026年清北营暑假高二班-试卷10-参考答案.md,2026年清北营暑假高二班-试卷10.md,1
清北营,题-QBY-12-10-近日上海交通大学的吴华课题组.md,缺失,春季模拟12,—,春季模拟12.md,0
清北营,题-QBY-13-08-本题需注意立体化学Vinig.md,手写稿,2026年清北营暑假高二班-13,2026年清北营暑假高二班-试卷13-参考答案.md,2026年清北营暑假高二班-试卷13.md,1
清北营,题-QBY-16-02-氮气在温和条件下的转化是工业.md,手写稿,2026年清北营暑假高二班-16,2026年清北营暑假高二班-试卷16-参考答案.md,2026年清北营暑假高二班-试卷16.md,1
清北营,题-QBY-16-06-一氧化碳是一种不可或缺的C1.md,手写稿,2026年清北营暑假高二班-16,2026年清北营暑假高二班-试卷16-参考答案.md,2026年清北营暑假高二班-试卷16.md,1
质心GChO,题-GChO-02-01-11铜在隔绝空气的环境下可溶.md,缺失,ZCHEM-GChO2,ZCHEM-GChO2解析手稿.md,ZCHEM-GChO2试题.md,1
质心GChO,题-GChO-02-02-由100L的00500MCH.md,缺失,ZCHEM-GChO2,ZCHEM-GChO2解析手稿.md,ZCHEM-GChO2试题.md,1
质心GChO,题-GChO-02-04-自然界中某些细菌能利用其他物.md,缺失,ZCHEM-GChO2,ZCHEM-GChO2解析手稿.md,ZCHEM-GChO2试题.md,1
质心GChO,题-GChO-02-07-圈出以下每组中较小的物质ab.md,缺失,ZCHEM-GChO2,ZCHEM-GChO2解析手稿.md,ZCHEM-GChO2试题.md,1
质心GChO,题-GChO-02-08-有机反应按机理可以分为三大类.md,手写稿,ZCHEM-GChO2,ZCHEM-GChO2解析手稿.md,ZCHEM-GChO2试题.md,1
质心GChO,题-GChO-03-07-存在如下转化mathrmCH.md,手写稿,ZCHEM-GChO3,ZCHEM-GChO3参考答案与评分标准.md,ZCHEM-GChO3试题.md,1
质心GChO,题-GChO-03-08-二甲基砜DMSO是一种兼具低.md,手写稿,ZCHEM-GChO3,ZCHEM-GChO3参考答案与评分标准.md,ZCHEM-GChO3试题.md,1
质心GChO,题-GChO-08-03-ABCD四种化合物都是强电解.md,手写稿,ZCHEM-GChO8,ZCHEM-GChO8参考答案与评分标准.md,ZCHEM-GChO8试题.md,1
质心GChO,题-GChO-09-05-某100g铯榴石矿中含有15.md,缺失,ZCHEM-GChO9,ZCHEM-GChO9解析手稿.md,ZCHEM-GChO9试题.md,1
质心GChO,题-GChO-09-08-81一些过渡金属催化的反应或.md,缺失,ZCHEM-GChO9,ZCHEM-GChO9解析手稿.md,ZCHEM-GChO9试题.md,1
质心GChO,题-GChO-10-01-写出下列过程的反应方程式11.md,手写稿,ZCHEM-GChO10,ZCHEM-GChO10解析手稿.md,ZCHEM-GChO10试题（线下营）.md,1
质心GChO,题-GChO-10-03-氟化银吡啶五氟化锑与反应以乙.md,缺失,ZCHEM-GChO10,ZCHEM-GChO10解析手稿.md,ZCHEM-GChO10试题（线下营）.md,1
质心GChO,题-GChO-10-09-北京大学化学与分子工程学院罗.md,缺失,ZCHEM-GChO10,ZCHEM-GChO10解析手稿.md,ZCHEM-GChO10试题（线下营）.md,1
质心GChO,题-GChO-11-03-31化合物A为阴阳离子比例为.md,手写稿,ZCHEM-GChO11,ZCHEM-GChO11解析手稿.md,ZCHEM-GChO11试题（线下营）.md,1
质心GChO,题-GChO-11-07-71完成反应注意立体化学12.md,缺失,ZCHEM-GChO11,ZCHEM-GChO11解析手稿.md,ZCHEM-GChO11试题（线下营）.md,1
质心GChO,题-GChO-11-08-在有机化学中CC键或者CC键.md,缺失,ZCHEM-GChO11,ZCHEM-GChO11解析手稿.md,ZCHEM-GChO11试题（线下营）.md,1
质心GChO,题-GChO-11-09-环张力一方面降低了分子的稳定.md,缺失,ZCHEM-GChO11,ZCHEM-GChO11解析手稿.md,ZCHEM-GChO11试题（线下营）.md,1
质心GChO,题-GChO-12-09-硫氧双键广泛存在于亚砜砜以及.md,手写稿,ZCHEM-GChO12,ZCHEM-GChO12参考答案与评分标准.md,ZCHEM-GChO12试题.md,1
质心GChO,题-GChO-13-03-已知的的的31向硝酸亚汞溶液.md,缺失,ZCHEM-GChO13,ZCHEM-GChO13解析手稿.md,ZCHEM-GChO13试题.md,1
质心GChO,题-GChO-13-05-现有某混合物固体里面可能含有.md,缺失,ZCHEM-GChO13,ZCHEM-GChO13解析手稿.md,ZCHEM-GChO13试题.md,1
质心GChO,题-GChO-13-07-71将下列化合物中酸性由强到.md,缺失,ZCHEM-GChO13,ZCHEM-GChO13解析手稿.md,ZCHEM-GChO13试题.md,1
质心GChO,题-GChO-14-04-从某矿石中提取金属M首先将用.md,缺失,ZCHEM-GChO14,ZCHEM-GChO14解析手稿.md,ZCHEM-GChO14试题.md,1
质心GChO,题-GChO-14-06-常规的锂离子电池是电池正极是.md,缺失,ZCHEM-GChO14,ZCHEM-GChO14解析手稿.md,ZCHEM-GChO14试题.md,1
质心GChO,题-GChO-14-10-多糖的合成是生化研究中一个重.md,缺失,ZCHEM-GChO14,ZCHEM-GChO14解析手稿.md,ZCHEM-GChO14试题.md,1
质心GChO,题-GChO-15-03-氰法提金是现在最重要的化学提.md,缺失,ZCHEM-GChO15,ZCHEM-GChO15解析手稿.md,ZCHEM-GChO15试题（线下营）.md,1
质心GChO,题-GChO-15-08-81将下列各组化合物按和HB.md,缺失,ZCHEM-GChO15,ZCHEM-GChO15解析手稿.md,ZCHEM-GChO15试题（线下营）.md,1
质心GChO,题-GChO-15-09-如下是化合物Merochlo.md,缺失,ZCHEM-GChO15,ZCHEM-GChO15解析手稿.md,ZCHEM-GChO15试题（线下营）.md,1
质心GChO,题-GChO-15-10-如下是一个用手性辅基实现的不.md,缺失,ZCHEM-GChO15,ZCHEM-GChO15解析手稿.md,ZCHEM-GChO15试题（线下营）.md,1
质心GChO,题-GChO-16-04-某二元弱酸的某一价金属M可与.md,缺失,ZCHEM-GChO16,ZCHEM-GChO16解析手稿.md,ZCHEM-GChO16试题（线下营）.md,1
质心GChO,题-GChO-16-08-如下是化合物Merochlo.md,缺失,ZCHEM-GChO16,ZCHEM-GChO16解析手稿.md,ZCHEM-GChO16试题（线下营）.md,1
质心GChO,题-GChO-16-09-由于氮气的稳定性含有氮氮双键.md,手写稿,ZCHEM-GChO16,ZCHEM-GChO16解析手稿.md,ZCHEM-GChO16试题（线下营）.md,1
质心GChO,题-GChO-17-02-21化合物与HCl溶液反应得.md,缺失,ZCHEM-GChO17,ZCHEM-GChO17解析手稿.md,ZCHEM-GChO17试题（线下营）.md,1
质心GChO,题-GChO-17-09-如下是化合物Waihoens.md,缺失,ZCHEM-GChO17,ZCHEM-GChO17解析手稿.md,ZCHEM-GChO17试题（线下营）.md,1
质心GChO,题-GChO-18-05-某晶体A的化学式可以写作MX.md,缺失,ZCHEM-GChO18,ZCHEM-GChO18解析手稿.md,ZCHEM-GChO18试题（线下营）.md,1
质心GChO,题-GChO-18-08-ent类胡萝卜素是一类结构丰.md,缺失,ZCHEM-GChO18,ZCHEM-GChO18解析手稿.md,ZCHEM-GChO18试题（线下营）.md,1
质心GChO,题-GChO-18-09-由于芳香性的存在苯环的双键较.md,手写稿,ZCHEM-GChO18,ZCHEM-GChO18解析手稿.md,ZCHEM-GChO18试题（线下营）.md,1
质心GChO,题-GChO-19-02-将一定比例的钒粉末和硼粉末用.md,缺失,ZCHEM-GChO19,ZCHEM-GChO19解析手稿.md,ZCHEM-GChO19试题（线下营）.md,1
质心GChO,题-GChO-19-10-联烯以其独特的反应性成为了近.md,缺失,ZCHEM-GChO19,ZCHEM-GChO19解析手稿.md,ZCHEM-GChO19试题（线下营）.md,1
质心GChO,题-GChO-20-06-3914某种稳定化合物的晶体.md,手写稿,ZCHEM-GChO20,ZCHEM-GChO20解析手稿.md,ZCHEM-GChO20试题（线下营）.md,1
质心GChO,题-GChO-20-08-Anatoxin是一种由蓝藻.md,缺失,ZCHEM-GChO20,ZCHEM-GChO20解析手稿.md,ZCHEM-GChO20试题（线下营）.md,1
质心GChO,题-GChO-20-09-不饱和羰基化合物是有机化学中.md,手写稿,ZCHEM-GChO20,ZCHEM-GChO20解析手稿.md,ZCHEM-GChO20试题（线下营）.md,1
质心GChO,题-GChO-21-03-元素X是最后被发现的具有稳定.md,缺失,ZCHEM-GChO21,ZCHEM-GChO21解析手稿.md,ZCHEM-GChO21试题（线下营）.md,1
质心GChO,题-GChO-21-09-如下是化合物Spiroche.md,缺失,ZCHEM-GChO21,ZCHEM-GChO21解析手稿.md,ZCHEM-GChO21试题（线下营）.md,1
质心GChO,题-GChO-21-10-已知如下转化101RhTPA.md,缺失,ZCHEM-GChO21,ZCHEM-GChO21解析手稿.md,ZCHEM-GChO21试题（线下营）.md,1
质心GChO,题-GChO-22-03-将金属M的碳酸盐溶解在浓硝酸.md,缺失,ZCHEM-GChO22,ZCHEM-GChO22解析手稿.md,ZCHEM-GChO22试题（线下营）.md,1
质心GChO,题-GChO-22-10-小环化合物由于具有环张力因此.md,缺失,ZCHEM-GChO22,ZCHEM-GChO22解析手稿.md,ZCHEM-GChO22试题（线下营）.md,1
质心GChO,题-GChO-23-10-磷与氧的成键很强因此在有机化.md,缺失,ZCHEM-GChO23,ZCHEM-GChO23解析手稿.md,ZCHEM-GChO23试题（线下营）.md,1
质心GChO,题-GChO-24-09-如下是化合物Rubriflo.md,缺失,ZCHEM-GChO24,ZCHEM-GChO24解析手稿.md,ZCHEM-GChO24试题（线下营）.md,1
质心GChO,题-GChO-24-10-亲电试剂和亲核试剂的交叉偶联.md,手写稿,ZCHEM-GChO24,ZCHEM-GChO24解析手稿.md,ZCHEM-GChO24试题（线下营）.md,1
质心GChO,题-GChO-25-06-某种晶体正当晶胞的正视图和侧.md,缺失,ZCHEM-GChO25,ZCHEM-GChO25解析手稿.md,ZCHEM-GChO25试题（线下营）.md,1
质心GChO,题-GChO-25-09-可降解的高分子是高分子化学的.md,缺失,ZCHEM-GChO25,ZCHEM-GChO25解析手稿.md,ZCHEM-GChO25试题（线下营）.md,1
质心GChO,题-GChO-26-04-二元化合物A具有强烈的水解倾.md,手写稿,ZCHEM-GChO26,ZCHEM-GChO26解析手稿.md,ZCHEM-GChO26试题（线下营）.md,1
质心GChO,题-GChO-26-08-81判断下列化合物是否具有旋.md,手写稿,ZCHEM-GChO26,ZCHEM-GChO26解析手稿.md,ZCHEM-GChO26试题（线下营）.md,1
质心GChO,题-GChO-26-09-如下是化合物Rubriflo.md,缺失,ZCHEM-GChO26,ZCHEM-GChO26解析手稿.md,ZCHEM-GChO26试题（线下营）.md,1
质心GChO,题-GChO-26-10-同样作为高张力的小环四元环的.md,缺失,ZCHEM-GChO26,ZCHEM-GChO26解析手稿.md,ZCHEM-GChO26试题（线下营）.md,1
质心GChO,题-GChO-27-09-已知硫亲电试剂可以和烯烃发生.md,手写稿,ZCHEM-GChO27,ZCHEM-GChO27参考答案与评分标准.md,ZCHEM-GChO27试题.md,1
质心GChO,题-GChO-29-08-2020年初赛考了如下反应在.md,手写稿,ZCHEM-GChO29,ZCHEM-GChO29解析手稿.md,ZCHEM-GChO29试题.md,1
质心GChO,题-GChO-29-09-91画出AC的结构92画出C.md,缺失,ZCHEM-GChO29,ZCHEM-GChO29解析手稿.md,ZCHEM-GChO29试题.md,1
质心GChO,题-GChO-31-09-某简单有机化合物X的点群为含.md,手写稿,ZCHEM-GChO31,ZCHEM-GChO31参考答案与评分标准.md,ZCHEM-GChO31试题.md,1
质心GChO,题-GChO-32-06-61现在高温下研究过量的熔融.md,缺失,ZCHEM-GChO32,ZCHEM-GChO32参考答案与评分标准.md,ZCHEM-GChO32试题.md,1
质心GChO,题-GChO-33-01-11将打磨的铝片插入碳酸氢钠.md,手写稿,ZCHEM-GChO33,ZCHEM-GChO33解析手稿.md,ZCHEM-GChO33试题.md,1
质心GChO,题-GChO-34-03-20世纪60年代一位科学家研.md,缺失,ZCHEM-GChO34,ZCHEM-GChO34解析手稿.md,ZCHEM-GChO34试题.md,1
质心GChO,题-GChO-34-04-下图为某含铜25左右的蓝色结.md,缺失,ZCHEM-GChO34,ZCHEM-GChO34解析手稿.md,ZCHEM-GChO34试题.md,1
质心GChO,题-GChO-34-07-71下列化合物中哪些具有芳香.md,手写稿,ZCHEM-GChO34,ZCHEM-GChO34解析手稿.md,ZCHEM-GChO34试题.md,1
质心GChO,题-GChO-34-09-有机化学反应一般都是在溶剂中.md,缺失,ZCHEM-GChO34,ZCHEM-GChO34解析手稿.md,ZCHEM-GChO34试题.md,1
质心GChO,题-GChO-35-01-11和在KOH中共熔得到绿色.md,手写稿,ZCHEM-GChO35,ZCHEM-GChO35解析手稿.md,ZCHEM-GChO35试题.md,1
质心GChO,题-GChO-35-05-如下是配合物B和D的合成路线.md,缺失,ZCHEM-GChO35,ZCHEM-GChO35解析手稿.md,ZCHEM-GChO35试题.md,1
质心GChO,题-GChO-36-03-31烯烃复分解经常用于聚合物.md,缺失,ZCHEM-GChO36,ZCHEM-GChO36解析手稿.md,ZCHEM-GChO36试题.md,1
质心GChO,题-GChO-36-06-有人研究了苯甲醛B与巯基SM.md,缺失,ZCHEM-GChO36,ZCHEM-GChO36解析手稿.md,ZCHEM-GChO36试题.md,1
质心GChO,题-GChO-36-07-71下列中间体稳定性由高到低.md,手写稿,ZCHEM-GChO36,ZCHEM-GChO36解析手稿.md,ZCHEM-GChO36试题.md,1
质心GChO,题-GChO-37-01-11向二氯化铅的盐酸溶液中通.md,手写稿,ZCHEM-GChO37,ZCHEM-GChO37解析手稿.md,ZCHEM-GChO37试题.md,1
质心GChO,题-GChO-37-03-一个最简单的理想自由基聚合反.md,缺失,ZCHEM-GChO37,ZCHEM-GChO37解析手稿.md,ZCHEM-GChO37试题.md,1
质心GChO,题-GChO-37-05-量子点是一种具有半导体性质的.md,缺失,ZCHEM-GChO37,ZCHEM-GChO37解析手稿.md,ZCHEM-GChO37试题.md,1
质心GChO,题-GChO-37-08-芳环的官能团化最常用的反应是.md,缺失,ZCHEM-GChO37,ZCHEM-GChO37解析手稿.md,ZCHEM-GChO37试题.md,1
质心GChO,题-GChO-39-03-31画出A和B的结构注意端基.md,缺失,ZCHEM-GChO39,ZCHEM-GChO39解析手稿.md,ZCHEM-GChO39试题.md,1
质心GChO,题-GChO-39-05-糖分子通常有若干个手性中心且.md,缺失,ZCHEM-GChO39,ZCHEM-GChO39解析手稿.md,ZCHEM-GChO39试题.md,1
质心GChO,题-GChO-39-07-71将下列化合物酸性由强到弱.md,缺失,ZCHEM-GChO39,ZCHEM-GChO39解析手稿.md,ZCHEM-GChO39试题.md,1
质心GChO,题-GChO-39-09-累了不想编题干了就一句话传统.md,手写稿,ZCHEM-GChO39,ZCHEM-GChO39解析手稿.md,ZCHEM-GChO39试题.md,1
质心GChO,题-GChO-40-03-如下是可降解高分子C的合成路.md,缺失,ZCHEM-GChO40,ZCHEM-GChO40解析手稿.md,ZCHEM-GChO40试题.md,1
质心GChO,题-GChO-40-04-单核配合物A可以以如下的方法.md,缺失,ZCHEM-GChO40,ZCHEM-GChO40解析手稿.md,ZCHEM-GChO40试题.md,1
质心GChO,题-GChO-40-05-如图此为某CsO化合物沿着c.md,缺失,ZCHEM-GChO40,ZCHEM-GChO40解析手稿.md,ZCHEM-GChO40试题.md,1
质心GChO,题-GChO-40-07-如下反应是GCHO29考试的.md,缺失,ZCHEM-GChO40,ZCHEM-GChO40解析手稿.md,ZCHEM-GChO40试题.md,1
质心GChO,题-GChO-41-08-含硅基团是有机化学中重要的官.md,手写稿,ZCHEM-GChO41,ZCHEM-GChO41参考答案与评分标准.md,ZCHEM-GChO41试题.md,1
质心GChO,题-GChO-43-04-下在一个充满气体的绝热密闭容.md,缺失,ZCHEM-GChO43,ZCHEM-GChO43解析手稿.md,ZCHEM-GChO43试题（线下营）.md,1
质心GChO,题-GChO-43-06-室温下一种无色的固态二元化合.md,缺失,ZCHEM-GChO43,ZCHEM-GChO43解析手稿.md,ZCHEM-GChO43试题（线下营）.md,1
质心GChO,题-GChO-43-08-醛在氮杂环卡宾NHC催化下的.md,缺失,ZCHEM-GChO43,ZCHEM-GChO43解析手稿.md,ZCHEM-GChO43试题（线下营）.md,1
质心GChO,题-GChO-43-09-在解答本题时建议在动笔以前先.md,手写稿,ZCHEM-GChO43,ZCHEM-GChO43解析手稿.md,ZCHEM-GChO43试题（线下营）.md,1
质心GChO,题-GChO-44-09-已知一价金催化剂具有如下两个.md,缺失,ZCHEM-GChO44,ZCHEM-GChO44解析手稿.md,ZCHEM-GChO44试题（线下营）.md,1
质心GChO,题-GChO-44-10-碳碳键的形成是有机合成的两大.md,手写稿,ZCHEM-GChO44,ZCHEM-GChO44解析手稿.md,ZCHEM-GChO44试题（线下营）.md,1
质心GChO,题-GChO-45-04-高分子材料在医学中应用广泛常.md,缺失,ZCHEM-GChO45,ZCHEM-GChO45解析手稿.md,ZCHEM-GChO45试题.md,1
质心GChO,题-GChO-45-06-近二十年来人们制备了许多含二.md,缺失,ZCHEM-GChO45,ZCHEM-GChO45解析手稿.md,ZCHEM-GChO45试题.md,1
质心GChO,题-GChO-45-08-化合物1可以通过如下反应转化.md,手写稿,ZCHEM-GChO45,ZCHEM-GChO45解析手稿.md,ZCHEM-GChO45试题.md,1
质心GChO,题-GChO-46-07-71根据前线轨道理论如下环加.md,缺失,ZCHEM-GChO46,ZCHEM-GChO46解析手稿.md,ZCHEM-GChO46试题.md,1
质心GChO,题-GChO-46-09-2020年二萜生物碱Lian.md,缺失,ZCHEM-GChO46,ZCHEM-GChO46解析手稿.md,ZCHEM-GChO46试题.md,1
质心GChO,题-GChO-47-01-11卤素原子具有较多的可失去.md,手写稿,ZCHEM-GChO47,ZCHEM-GChO47参考答案与评分标准.md,ZCHEM-GChO47试题.md,1
质心GChO,题-GChO-47-05-一种红色的分子晶体A由两种前.md,缺失,ZCHEM-GChO47,ZCHEM-GChO47参考答案与评分标准.md,ZCHEM-GChO47试题.md,1
质心GChO,题-GChO-48-02-石墨炔是一种新型的碳材料与石.md,手写稿,ZCHEM-GChO48,ZCHEM-GChO48参考答案与评分标准.md,ZCHEM-GChO48试题.md,1
质心GChO,题-GChO-48-09-有机化学中很多研究成果起始于.md,缺失,ZCHEM-GChO48,ZCHEM-GChO48参考答案与评分标准.md,ZCHEM-GChO48试题.md,1
质心GChO,题-GChO-49-02-我们在学习酸碱平衡的时候对于.md,缺失,ZCHEM-GChO49,ZCHEM-GChO49解析手稿.md,ZCHEM-GChO49试题.md,1
质心GChO,题-GChO-49-07-某非金属元素X的单质在与活泼.md,缺失,ZCHEM-GChO49,ZCHEM-GChO49解析手稿.md,ZCHEM-GChO49试题.md,1
质心GChO,题-GChO-49-08-2021年国初中考察了如下氮.md,缺失,ZCHEM-GChO49,ZCHEM-GChO49解析手稿.md,ZCHEM-GChO49试题.md,1
质心GChO,题-GChO-49-09-91911写出上述反应的5个.md,缺失,ZCHEM-GChO49,ZCHEM-GChO49解析手稿.md,ZCHEM-GChO49试题.md,1
质心GChO,题-GChO-49-10-高张力小环以其独特的反应性一.md,缺失,ZCHEM-GChO49,ZCHEM-GChO49解析手稿.md,ZCHEM-GChO49试题.md,1
质心GChO,题-GChO-50-07-阅读如下一段材料回答问题注摘.md,手写稿,ZCHEM-GChO50,ZCHEM-GChO50参考答案与评分标准.md,ZCHEM-GChO50试题.md,1
质心GChO,题-GChO-52-03-31于297K向体积为105.md,缺失,ZCHEM-GChO52,ZCHEM-GChO52参考答案与评分标准.md,ZCHEM-GChO52试题.md,1
质心GChO,题-GChO-52-04-近日某研究团队发现了一种新型.md,手写稿,ZCHEM-GChO52,ZCHEM-GChO52参考答案与评分标准.md,ZCHEM-GChO52试题.md,1
质心GChO,题-GChO-52-06-自组装合成磁性材料一直是人们.md,手写稿,ZCHEM-GChO52,ZCHEM-GChO52参考答案与评分标准.md,ZCHEM-GChO52试题.md,1
质心GChO,题-GChO-52-08-如下是一个磺酰氟类化合物的合.md,手写稿,ZCHEM-GChO52,ZCHEM-GChO52参考答案与评分标准.md,ZCHEM-GChO52试题.md,1
质心GChO,题-GChO-53-08-含有氢的卤代酮经过碱性条件下.md,手写稿,ZCHEM-GChO53,ZCHEM-GChO53参考答案与评分标准.md,ZCHEM-GChO53试题.md,1
质心GChO,题-GChO-54-02-21请写出在晶体场中的d电子.md,手写稿,ZCHEM-GChO54,ZCHEM-GChO54解析手稿.md,ZCHEM-GChO54试题.md,1
质心GChO,题-GChO-54-06-很多难溶化合物在溶液体系中的.md,缺失,ZCHEM-GChO54,ZCHEM-GChO54解析手稿.md,ZCHEM-GChO54试题.md,1
质心GChO,题-GChO-54-07-71比较下列底物在乙醇中溶剂.md,缺失,ZCHEM-GChO54,ZCHEM-GChO54解析手稿.md,ZCHEM-GChO54试题.md,1
质心GChO,题-GChO-54-09-如下是化合物Gukuleni.md,缺失,ZCHEM-GChO54,ZCHEM-GChO54解析手稿.md,ZCHEM-GChO54试题.md,1
质心GChO,题-GChO-55-03-储备电池是电化学电池它可以储.md,缺失,ZCHEM-GChO55,ZCHEM-GChO55解析手稿.md,ZCHEM-GChO55试题.md,1
质心GChO,题-GChO-55-04-224L处于C和101325.md,缺失,ZCHEM-GChO55,ZCHEM-GChO55解析手稿.md,ZCHEM-GChO55试题.md,1
质心GChO,题-GChO-55-06-氧二乙酸是以醚氧原子为对称中.md,缺失,ZCHEM-GChO55,ZCHEM-GChO55解析手稿.md,ZCHEM-GChO55试题.md,1
质心GChO,题-GChO-55-07-芳香亲核取代是有机化学中重要.md,手写稿,ZCHEM-GChO55,ZCHEM-GChO55解析手稿.md,ZCHEM-GChO55试题.md,1
质心GChO,题-GChO-55-08-说起三元环的合成人们最先想到.md,手写稿,ZCHEM-GChO55,ZCHEM-GChO55解析手稿.md,ZCHEM-GChO55试题.md,1
质心GChO,题-GChO-55-09-在有机化学中含磷化合物通常被.md,手写稿,ZCHEM-GChO55,ZCHEM-GChO55解析手稿.md,ZCHEM-GChO55试题.md,1
质心GChO,题-GChO-56-03-甲烷资源丰富碳氢比高是良好的.md,缺失,ZCHEM-GChO56,ZCHEM-GChO56解析手稿.md,ZCHEM-GChO56试题.md,1
质心GChO,题-GChO-56-05-有机Al配合物通常可以用于内.md,手写稿,ZCHEM-GChO56,ZCHEM-GChO56解析手稿.md,ZCHEM-GChO56试题.md,1
质心GChO,题-GChO-56-08-如下是某个没啥用的分子her.md,缺失,ZCHEM-GChO56,ZCHEM-GChO56解析手稿.md,ZCHEM-GChO56试题.md,1
质心GChO,题-GChO-57-02-可以催化环丁内酯的开环聚合2.md,缺失,ZCHEM-GChO57,ZCHEM-GChO57解析手稿.md,ZCHEM-GChO57试题.md,1
质心GChO,题-GChO-57-07-71下列化合物酸性由强到弱排.md,缺失,ZCHEM-GChO57,ZCHEM-GChO57解析手稿.md,ZCHEM-GChO57试题.md,1
质心GChO,题-GChO-57-09-硫叶立德是重要的有机化学反应.md,缺失,ZCHEM-GChO57,ZCHEM-GChO57解析手稿.md,ZCHEM-GChO57试题.md,1
质心GChO,题-GChO-58-01-11将等物质的量的草酸钙和碘.md,手写稿,ZCHEM-GChO58,ZCHEM-GChO58解析手稿.md,ZCHEM-GChO58试题.md,1
质心GChO,题-GChO-58-04-单质A可以与氧气化合得到B与.md,缺失,ZCHEM-GChO58,ZCHEM-GChO58解析手稿.md,ZCHEM-GChO58试题.md,1
质心GChO,题-GChO-58-06-配合物结构中配体的结构通常会.md,缺失,ZCHEM-GChO58,ZCHEM-GChO58解析手稿.md,ZCHEM-GChO58试题.md,1
质心GChO,题-GChO-58-07-71将下列羧酸衍生物碱性条件.md,缺失,ZCHEM-GChO58,ZCHEM-GChO58解析手稿.md,ZCHEM-GChO58试题.md,1
质心GChO,题-GChO-58-08-基于对吡啶性质的兴趣和吡啶在.md,缺失,ZCHEM-GChO58,ZCHEM-GChO58解析手稿.md,ZCHEM-GChO58试题.md,1
质心GChO,题-GChO-58-09-如下是Euphorikani.md,缺失,ZCHEM-GChO58,ZCHEM-GChO58解析手稿.md,ZCHEM-GChO58试题.md,1
质心GChO,题-GChO-59-06-脒基和氮杂烯丙基被认为是有可.md,手写稿,ZCHEM-GChO59,ZCHEM-GChO59解析手稿.md,ZCHEM-GChO59试题.md,1
质心GChO,题-GChO-60-03-金属羰基氢化物能够有效促进氢.md,手写稿,ZCHEM-GChO60,ZCHEM-GChO60参考答案和评分标准.md,ZCHEM-GChO60试题.md,1
质心GChO,题-GChO-63-02-3羟基2丁酮与可以发生非氧化.md,手写稿,ZCHEM-GChO63,ZCHEM-GChO63解析手稿.md,ZCHEM-GChO63试题.md,1
质心GChO,题-GChO-63-04-Mn是一种银灰色的过渡金属脆.md,手写稿,ZCHEM-GChO63,ZCHEM-GChO63解析手稿.md,ZCHEM-GChO63试题.md,1
质心GChO,题-GChO-63-05-最近韩国科学家宣称合成出了一.md,手写稿,ZCHEM-GChO63,ZCHEM-GChO63解析手稿.md,ZCHEM-GChO63试题.md,1
质心GChO,题-GChO-63-06-如下是一个由Rh催化完成的反.md,缺失,ZCHEM-GChO63,ZCHEM-GChO63解析手稿.md,ZCHEM-GChO63试题.md,1
质心GChO,题-GChO-63-07-如下的转化在Lewis酸的催.md,手写稿,ZCHEM-GChO63,ZCHEM-GChO63解析手稿.md,ZCHEM-GChO63试题.md,1
质心GChO,题-GChO-63-08-重氮化合物以其丰富而独特的反.md,手写稿,ZCHEM-GChO63,ZCHEM-GChO63解析手稿.md,ZCHEM-GChO63试题.md,1
质心GChO,题-GChO-63-09-由于环张力的存在小环化合物一.md,手写稿,ZCHEM-GChO63,ZCHEM-GChO63解析手稿.md,ZCHEM-GChO63试题.md,1
质心GChO,题-GChO-64-06-稀土金属硼氧化物不仅稀有且具.md,手写稿,ZCHEM-GChO64,ZCHEM-GChO64解析手稿.md,ZCHEM-GChO64试题.md,1
质心GChO,题-GChO-64-08-由于环张力的存在小环化合物的.md,缺失,ZCHEM-GChO64,ZCHEM-GChO64解析手稿.md,ZCHEM-GChO64试题.md,1
质心GChO,题-GChO-65-02-21由复分解反应制备过渡金属.md,手写稿,ZCHEM-GChO65,ZCHEM-GChO65解析手稿.md,ZCHEM-GChO65试题.md,1
质心GChO,题-GChO-65-04-A是一种亮黄色有刺激性臭味的.md,手写稿,ZCHEM-GChO65,ZCHEM-GChO65解析手稿.md,ZCHEM-GChO65试题.md,1
质心GChO,题-GChO-65-05-氮元素的固定一直是无机化学领.md,手写稿,ZCHEM-GChO65,ZCHEM-GChO65解析手稿.md,ZCHEM-GChO65试题.md,1
质心GChO,题-GChO-65-06-右图是由Cu和Ag组成的复合.md,手写稿,ZCHEM-GChO65,ZCHEM-GChO65解析手稿.md,ZCHEM-GChO65试题.md,1
质心GChO,题-GChO-65-09-如下是一个过渡金属催化的奇特.md,缺失,ZCHEM-GChO65,ZCHEM-GChO65解析手稿.md,ZCHEM-GChO65试题.md,1
质心GChO,题-GChO-66-05-除碳以外其他p区元素之间的多.md,手写稿,ZCHEM-GChO66,ZCHEM-GChO66解析手稿.md,ZCHEM-GChO66试题.md,1
质心GChO,题-GChO-66-07-如下是一个过渡金属催化的合成.md,手写稿,ZCHEM-GChO66,ZCHEM-GChO66解析手稿.md,ZCHEM-GChO66试题.md,1
质心GChO,题-GChO-66-08-由于芳香性这个护身符的存在苯.md,手写稿,ZCHEM-GChO66,ZCHEM-GChO66解析手稿.md,ZCHEM-GChO66试题.md,1
质心GChO,题-GChO-68-04-41是一种自然界中丰富存在的.md,手写稿,ZCHEM-GChO68,ZCHEM-GChO68解析手稿.md,ZCHEM-GChO68试题.md,1
质心GChO,题-GChO-69-01-11茂基配体用于合成新颖的主.md,手写稿,ZCHEM-GChO69,ZCHEM-GChO69解析手稿.md,ZCHEM-GChO69试题.md,1
质心GChO,题-GChO-69-04-近年来CuFe等作为水催化氧.md,手写稿,ZCHEM-GChO69,ZCHEM-GChO69解析手稿.md,ZCHEM-GChO69试题.md,1
质心GChO,题-GChO-69-07-71以下三个化合物具有类似的.md,手写稿,ZCHEM-GChO69,ZCHEM-GChO69解析手稿.md,ZCHEM-GChO69试题.md,1
质心GChO,题-GChO-69-08-苯炔和含B化合物都具有丰富的.md,手写稿,ZCHEM-GChO69,ZCHEM-GChO69解析手稿.md,ZCHEM-GChO69试题.md,1
质心GChO,题-GChO-69-09-分子骨架编辑Skeletal.md,手写稿,ZCHEM-GChO69,ZCHEM-GChO69解析手稿.md,ZCHEM-GChO69试题.md,1
质心GChO,题-GChO-70-06-基于经典的Lewis酸碱理论.md,手写稿,ZCHEM-GChO70,ZCHEM-GChO70解析手稿.md,ZCHEM-GChO70试题.md,1
质心GChO,题-GChO-70-08-近年来由于在生物医学方面的显.md,手写稿,ZCHEM-GChO70,ZCHEM-GChO70解析手稿.md,ZCHEM-GChO70试题.md,1
质心GChO,题-GChO-70-09-首先我们来学习一个简单的反应.md,手写稿,ZCHEM-GChO70,ZCHEM-GChO70解析手稿.md,ZCHEM-GChO70试题.md,1
质心GChO,题-GChO-71-03-31在聚酯化反应体系中残留水.md,手写稿,ZCHEM-GChO71,ZCHEM-GChO71解析手稿.md,ZCHEM-GChO71试题.md,1
质心GChO,题-GChO-71-04-本题中出现的缩写THF四氢呋.md,手写稿,ZCHEM-GChO71,ZCHEM-GChO71解析手稿.md,ZCHEM-GChO71试题.md,1
质心GChO,题-GChO-71-08-81推出HK的结构注意立体化.md,缺失,ZCHEM-GChO71,ZCHEM-GChO71解析手稿.md,ZCHEM-GChO71试题.md,1
质心GChO,题-GChO-72-01-11请给出A和B的结构并给出.md,手写稿,ZCHEM-GChO72,ZCHEM-GChO72解析手稿.md,ZCHEM-GChO72试题.md,1
质心GChO,题-GChO-72-03-31亚硫酰氯和叠氮化钠在30.md,缺失,ZCHEM-GChO72,ZCHEM-GChO72解析手稿.md,ZCHEM-GChO72试题.md,1
质心GChO,题-GChO-72-06-61串联质谱MS技术为测定多.md,手写稿,ZCHEM-GChO72,ZCHEM-GChO72解析手稿.md,ZCHEM-GChO72试题.md,1
质心GChO,题-GChO-73-08-分子骨架编辑技术是直接在分子.md,手写稿,ZCHEM-GChO73,ZCHEM-GChO73参考答案与评分标准.md,ZCHEM-GChO73试题.md,1
质心GChO,题-GChO-74-06-今年中山大学化学学院胡鹏教授.md,手写稿,ZCHEM-GChO74,ZCHEM-GChO74参考答案与评分标准.md,ZCHEM-GChO74试题.md,1
质心GChO,题-GChO-74-09-三元环因为具有较大的环张力而.md,手写稿,ZCHEM-GChO74,ZCHEM-GChO74参考答案与评分标准.md,ZCHEM-GChO74试题.md,1
质心GChO,题-GChO-76-03-为解决氯碱工业中的老大难问题.md,手写稿,ZCHEM-GChO76,ZCHEM-GChO76解析手稿.md,ZCHEM-GChO76试题.md,1
质心GChO,题-GChO-77-06-有机反应的机理常常是十分有趣.md,手写稿,ZCHEM-GChO77,ZCHEM-GChO77解析手稿.md,ZCHEM-GChO77试题.md,1
质心GChO,题-GChO-77-07-三氟甲基等含氟基团以其独特的.md,手写稿,ZCHEM-GChO77,ZCHEM-GChO77解析手稿.md,ZCHEM-GChO77试题.md,1
质心GChO,题-GChO-77-08-在众多杂环化合物中13二杂原.md,手写稿,ZCHEM-GChO77,ZCHEM-GChO77解析手稿.md,ZCHEM-GChO77试题.md,1
质心GChO,题-GChO-78-01-11等电点是一个分子不携带净.md,手写稿,ZCHEM-GChO78,ZCHEM-GChO78解析手稿.md,ZCHEM-GChO78试题.md,1
质心GChO,题-GChO-78-06-同组元素会具有相似的化学性质.md,手写稿,ZCHEM-GChO78,ZCHEM-GChO78解析手稿.md,ZCHEM-GChO78试题.md,1
质心GChO,题-GChO-79-01-苯的等电子体无机苯已在多年前.md,手写稿,ZCHEM-GChO79,ZCHEM-GChO79解析手稿.md,ZCHEM-GChO79试题.md,1
质心GChO,题-GChO-79-05-51三甲苯的三种异构体可以互.md,缺失,ZCHEM-GChO79,ZCHEM-GChO79解析手稿.md,ZCHEM-GChO79试题.md,1
质心GChO,题-GChO-79-07-71烯烃A在下述转化下得到了.md,手写稿,ZCHEM-GChO79,ZCHEM-GChO79解析手稿.md,ZCHEM-GChO79试题.md,1
质心GChO,题-GChO-79-09-由于位阻的存在4级碳的合成始.md,手写稿,ZCHEM-GChO79,ZCHEM-GChO79解析手稿.md,ZCHEM-GChO79试题.md,1
质心GChO,题-GChO-81-09-碳碳键形成是有机化学反应的两.md,缺失,ZCHEM-GChO81,ZCHEM-GChO81参考答案与评分标准.md,ZCHEM-GChO81试题.md,1
质心GChO,题-GChO-82-02-金属有机框架材料MOFs是近.md,手写稿,ZCHEM-GChO82,ZCHEM-GChO82参考答案与评分标准.md,ZCHEM-GChO82试题.md,1
质心UChO,题-UChO-01-01-11M地壳中丰度045室温下.md,缺失,5thZCHEM-UChO-Tour1,—,5thZCHEM-UChO-Tour1.md,0
质心UChO,题-UChO-01-01-是一种具有特殊化学键的阳离子.md,缺失,4thZCHEM-UChO-Tour1,—,4thZCHEM-UChO-Tour1.md,0
质心UChO,题-UChO-01-02-为分别测定巴黎绿中及三价砷的.md,缺失,4thZCHEM-UChO-Tour1,—,4thZCHEM-UChO-Tour1.md,0
质心UChO,题-UChO-01-02-特殊构型一直为人们所追求譬如.md,缺失,5thZCHEM-UChO-Tour1,—,5thZCHEM-UChO-Tour1.md,0
质心UChO,题-UChO-01-03-19世纪一种新的元素X被发现.md,缺失,4thZCHEM-UChO-Tour1,—,4thZCHEM-UChO-Tour1.md,0
质心UChO,题-UChO-01-03-31今年某课题组报道了利用有.md,手写稿,3rdZCHEM-UChO-Tour1,3rdZCHEM-UChO-Tour1答案.md,3rdZCHEM-UChO-Tour1.md,1
质心UChO,题-UChO-01-03-某金属M可以用在低熔合金和电.md,缺失,5thZCHEM-UChO-Tour1,—,5thZCHEM-UChO-Tour1.md,0
质心UChO,题-UChO-01-04-庚烷和224三甲基戊烷异辛烷.md,缺失,4thZCHEM-UChO-Tour1,—,4thZCHEM-UChO-Tour1.md,0
质心UChO,题-UChO-01-04-某晶体由ABCDE五种元素构.md,缺失,5thZCHEM-UChO-Tour1,—,5thZCHEM-UChO-Tour1.md,0
质心UChO,题-UChO-01-05-51通常我们认为反应的速率只.md,缺失,5thZCHEM-UChO-Tour1,—,5thZCHEM-UChO-Tour1.md,0
质心UChO,题-UChO-01-05-四方晶体的晶胞结构如下图所示.md,缺失,4thZCHEM-UChO-Tour1,—,4thZCHEM-UChO-Tour1.md,0
质心UChO,题-UChO-01-06-611865年德国科学家希托.md,手写稿,6thZCHEM-UChO-Tour1,6thZCHEM-UChO-Tour1答案.md,6thZCHEM-UChO-Tour1.md,1
质心UChO,题-UChO-01-06-61计算在溴离子平衡浓度为多.md,缺失,5thZCHEM-UChO-Tour1,—,5thZCHEM-UChO-Tour1.md,0
质心UChO,题-UChO-01-06-水是一种常用的反应溶剂某个反.md,缺失,4thZCHEM-UChO-Tour1,—,4thZCHEM-UChO-Tour1.md,0
质心UChO,题-UChO-01-07-四元环和三元环同为高张力小环.md,手写稿,8thZCHEM-UChO-Tour1,8thZCHEM-UChO-Tour1答案.md,8thZCHEM-UChO-Tour1.md,1
质心UChO,题-UChO-01-07-有机小分子催化剂X可催化如下.md,缺失,4thZCHEM-UChO-Tour1,—,4thZCHEM-UChO-Tour1.md,0
质心UChO,题-UChO-01-07-自由基以其高活性经常能实现你.md,缺失,5thZCHEM-UChO-Tour1,—,5thZCHEM-UChO-Tour1.md,0
质心UChO,题-UChO-01-08-五元芳香杂环是有机化学中一类.md,缺失,5thZCHEM-UChO-Tour1,—,5thZCHEM-UChO-Tour1.md,0
质心UChO,题-UChO-01-08-有机化合物的反应性的核心是官.md,缺失,4thZCHEM-UChO-Tour1,—,4thZCHEM-UChO-Tour1.md,0
质心UChO,题-UChO-02-01-11ReSPhCCPhS是第.md,缺失,4thZCHEM-UChO-Tour2,—,4thZCHEM-UChO-Tour2.md,0
质心UChO,题-UChO-02-01-11二氯磷腈是一种用途广泛的.md,手写稿,8thZCHEM-UChO-Tour2,8thZCHEM-UChO-Tour2答案.md,8thZCHEM-UChO-Tour2.md,1
质心UChO,题-UChO-02-01-在一定配位环境下的金属离子可.md,手写稿,6thZCHEM-UChO-Tour2,6thZCHEM-UChO-Tour2答案.md,6thZCHEM-UChO-Tour2.md,1
质心UChO,题-UChO-02-01-的活化和还原一直是化学家面临.md,缺失,5thZCHEM-UChO-Tour2,—,5thZCHEM-UChO-Tour2.md,0
质心UChO,题-UChO-02-02-21下图是三种常见气体的分子.md,缺失,4thZCHEM-UChO-Tour2,—,4thZCHEM-UChO-Tour2.md,0
质心UChO,题-UChO-02-02-21现将和放入一体积为的真空.md,缺失,5thZCHEM-UChO-Tour2,—,5thZCHEM-UChO-Tour2.md,0
质心UChO,题-UChO-02-03-31InAuO晶体中沿c方向.md,缺失,5thZCHEM-UChO-Tour2,—,5thZCHEM-UChO-Tour2.md,0
质心UChO,题-UChO-02-03-31半导体高分子纳米材料可用.md,缺失,4thZCHEM-UChO-Tour2,—,4thZCHEM-UChO-Tour2.md,0
质心UChO,题-UChO-02-04-在晶体学中我们唱可以通过晶体.md,缺失,4thZCHEM-UChO-Tour2,—,4thZCHEM-UChO-Tour2.md,0
质心UChO,题-UChO-02-04-氧气分子有时在细胞内以超氧根.md,缺失,5thZCHEM-UChO-Tour2,—,5thZCHEM-UChO-Tour2.md,0
质心UChO,题-UChO-02-05-51用EDTA标准溶液分别滴.md,缺失,4thZCHEM-UChO-Tour2,—,4thZCHEM-UChO-Tour2.md,0
质心UChO,题-UChO-02-05-和以19反应可生成三种产物A.md,缺失,5thZCHEM-UChO-Tour2,—,5thZCHEM-UChO-Tour2.md,0
质心UChO,题-UChO-02-06-下图为一种实验室制备水合茚三.md,缺失,5thZCHEM-UChO-Tour2,—,5thZCHEM-UChO-Tour2.md,0
质心UChO,题-UChO-02-06-含氮多环结构是一类重要的生物.md,手写稿,7thZCHEM-UChO-Tour2,7thZCHEM-UChO-Tour2答案.md,7thZCHEM-UChO-Tour2.md,1
质心UChO,题-UChO-02-06-如下是一个含有手性碳的五元环.md,缺失,4thZCHEM-UChO-Tour2,—,4thZCHEM-UChO-Tour2.md,0
质心UChO,题-UChO-02-07-2021年美国芝加哥大学的M.md,手写稿,8thZCHEM-UChO-Tour2,8thZCHEM-UChO-Tour2答案.md,8thZCHEM-UChO-Tour2.md,1
质心UChO,题-UChO-02-07-天然产物Clionastat.md,缺失,4thZCHEM-UChO-Tour2,—,4thZCHEM-UChO-Tour2.md,0
质心UChO,题-UChO-02-07-是一种经典的Lewis酸与其.md,手写稿,6thZCHEM-UChO-Tour2,6thZCHEM-UChO-Tour2答案.md,6thZCHEM-UChO-Tour2.md,1
质心UChO,题-UChO-02-07-有机小分子催化是有机合成方法.md,缺失,5thZCHEM-UChO-Tour2,—,5thZCHEM-UChO-Tour2.md,0
质心UChO,题-UChO-02-08-杂萜类化合物是一类重要的天然.md,手写稿,7thZCHEM-UChO-Tour2,7thZCHEM-UChO-Tour2答案.md,7thZCHEM-UChO-Tour2.md,1
质心UChO,题-UChO-02-08-羰基位的卤化反应是有机化学中.md,缺失,5thZCHEM-UChO-Tour2,—,5thZCHEM-UChO-Tour2.md,0
质心UChO,题-UChO-15-UChO-01-独居石CeLaNdThPO和.md,缺失,10thZCHEM-UChO,—,10thZCHEM-UChO.md,0
质心UChO,题-UChO-15-UChO-02-尼奥斯湖位于非洲喀麦隆西北部.md,缺失,10thZCHEM-UChO,—,10thZCHEM-UChO.md,0
质心UChO,题-UChO-15-UChO-03-熊大站在一棵树旁聚精会神地向.md,缺失,10thZCHEM-UChO,—,10thZCHEM-UChO.md,0
质心UChO,题-UChO-15-UChO-04-具有特殊光学性质的晶体一直是.md,缺失,10thZCHEM-UChO,—,10thZCHEM-UChO.md,0
质心UChO,题-UChO-15-UChO-05-本题中的气体都视作理想气体5.md,缺失,10thZCHEM-UChO,—,10thZCHEM-UChO.md,0
质心UChO,题-UChO-15-UChO-06-DNA是一种由核苷酸组成的长.md,缺失,10thZCHEM-UChO,—,10thZCHEM-UChO.md,0
质心UChO,题-UChO-15-UChO-07-虽然不一定合理但答题时本题所.md,缺失,10thZCHEM-UChO,—,10thZCHEM-UChO.md,0
质心UChO,题-UChO-15-UChO-08-Friedlnder环化是合.md,缺失,10thZCHEM-UChO,—,10thZCHEM-UChO.md,0
质心UChO,题-UChO-15-UChO-09-重排反应是有机化学中最为神奇.md,缺失,10thZCHEM-UChO,—,10thZCHEM-UChO.md,0
质心UChO,题-UChO-15-UChO-10-立体化学是有机化学学习的重点.md,缺失,10thZCHEM-UChO,—,10thZCHEM-UChO.md,0
质心UChO,题-UChO-17-UChO-07-Nazarov环化反应可以广.md,缺失,2ndZCHEM-UChO,2ndZCHEM-UChO答案.md,2ndZCHEM-UChO.md,1
质心UChO,题-UChO-17-UChO-08-天然产物Vinigrol具有.md,手写稿,2ndZCHEM-UChO,2ndZCHEM-UChO答案.md,2ndZCHEM-UChO.md,1
