文件,目录层,归档,链接目标,次数,类型,推断
04-课件/_归档-第一轮课程/_规划/第三轮有机转化跟踪总表.md,_归档-第一轮课程,是,07-资料提炼/网课资料/学而思 有机化学基础/提炼-学而思有机化学基础-批次A-绪论烷烃立体化学,1,路径式,
04-课件/_归档-第一轮课程/_规划/第三轮有机转化跟踪总表.md,_归档-第一轮课程,是,07-资料提炼/网课资料/学而思 有机化学基础/提炼-学而思有机化学基础-批次B-卤代烃烯烃炔烃与二烯烃,1,路径式,
04-课件/_归档-第一轮课程/_规划/第三轮有机转化跟踪总表.md,_归档-第一轮课程,是,07-资料提炼/网课资料/学而思 有机化学基础/提炼-学而思有机化学基础-批次C-芳香烃与醇酚醚,1,路径式,
04-课件/_归档-第一轮课程/_规划/第三轮有机转化跟踪总表.md,_归档-第一轮课程,是,07-资料提炼/网课资料/学而思 有机化学基础/提炼-学而思有机化学基础-批次D-醛酮,1,路径式,
04-课件/_归档-第一轮课程/_规划/第三轮有机转化跟踪总表.md,_归档-第一轮课程,是,07-资料提炼/网课资料/学而思 有机化学基础/提炼-学而思有机化学基础-批次E-羧酸羧衍缩合前置与含氮延伸,1,路径式,
04-课件/_归档-第一轮课程/新授课/2026-05-23-晶体场理论等3个知识点.md,_归档-第一轮课程,是,d轨道,1,概念式,
04-课件/_归档-第一轮课程/新授课/2026-05-23-晶体场理论等3个知识点.md,_归档-第一轮课程,是,VSEPR,1,概念式,
04-课件/_归档-第一轮课程/新授课/2026-06-02-原子结构基础-基础班.md,_归档-第一轮课程,是,元素周期表,1,概念式,
04-课件/_归档-第一轮课程/新授课/2026-06-02-方程式书写专项-基础班.md,_归档-第一轮课程,是,氧化还原与电化学,1,概念式,
04-课件/_归档-第一轮课程/新授课/2026-06-02-晶体结构基础-基础班.md,_归档-第一轮课程,是,半径比规则,1,概念式,
04-课件/_归档-第一轮课程/新授课/2026-06-02-有机分子结构初探-基础班.md,_归档-第一轮课程,是,分子结构,1,概念式,
04-课件/_归档-第一轮课程/新授课/2026-06-02-气体与溶液-基础班.md,_归档-第一轮课程,是,物质的量浓度,1,概念式,
04-课件/_归档-第一轮课程/新授课/2026-06-02-气体与溶液-基础班.md,_归档-第一轮课程,是,热力学初步,1,概念式,
04-课件/_归档-第一轮课程/新授课/2026-06-03-元素推断综合训练-提高班.md,_归档-第一轮课程,是,氧化还原,1,概念式,
04-课件/_归档-第一轮课程/新授课/2026-06-03-氧化还原滴定与沉淀滴定-提高班.md,_归档-第一轮课程,是,氧化还原,1,概念式,
04-课件/_归档-第一轮课程/新授课/2026-06-03-溶液与相图-基础班.md,_归档-第一轮课程,是,拉乌尔定律,2,概念式,
04-课件/_归档-第一轮课程/新授课/2026-06-03-溶液与相图-基础班.md,_归档-第一轮课程,是,亨利定律,1,概念式,
04-课件/_归档-第一轮课程/新授课/2026-06-03-溶液与相图-基础班.md,_归档-第一轮课程,是,化学动力学初步,1,概念式,
04-课件/_归档-第一轮课程/新授课/2026-06-04-亲核取代与消除反应-提高班.md,_归档-第一轮课程,是,07-资料提炼/网课资料/学而思 有机化学基础/提炼-学而思有机化学基础-批次B-卤代烃烯烃炔烃与二烯烃,1,路径式,
04-课件/_归档-第一轮课程/新授课/2026-06-04-加成反应-提高班.md,_归档-第一轮课程,是,溴鎓离子,1,概念式,
04-课件/_归档-第一轮课程/新授课/2026-06-04-羰基化学与缩合反应-提高班.md,_归档-第一轮课程,是,丙二酸二酯合成法,2,概念式,
04-课件/_归档-第一轮课程/新授课/2026-06-05-有机结构基础与电子效应-提高班.md,_归档-第一轮课程,是,Brønsted酸碱观点,1,概念式,
04-课件/_归档-第一轮课程/新授课/2026-06-05-自由基反应-提高班.md,_归档-第一轮课程,是,活性中间体,2,概念式,
04-课件/_归档-第一轮课程/新授课/2026-06-06-热力学与平衡深化-提高班.md,_归档-第一轮课程,是,麦克斯韦关系,1,概念式,
04-课件/_归档-第一轮课程/新授课/2026-06-06-热力学与平衡深化-提高班.md,_归档-第一轮课程,是,克拉佩龙方程,1,概念式,
04-课件/_归档-第一轮课程/新授课/2026-06-06-配合物结构深化-提高班.md,_归档-第一轮课程,是,电子光谱,1,概念式,
04-课件/_归档-第一轮课程/新授课/2026-06-15-有机合成与金属有机讲评顺序页-提高班.md,_归档-第一轮课程,是,丙二酸二酯合成法,2,概念式,
04-课件/_归档-第一轮课程/新授课/2026-06-15-有机合成与金属有机讲评顺序页-提高班.md,_归档-第一轮课程,是,还原胺化,2,概念式,
04-课件/_归档-第一轮课程/新授课/2026-06-15-有机合成与金属有机配套题单-提高班.md,_归档-第一轮课程,是,丙二酸二酯合成法,1,概念式,
04-课件/_归档-第一轮课程/新授课/2026-06-22-晶体结构判断速查卡-提高班.md,_归档-第一轮课程,是,半径比规则,1,概念式,
04-课件/专题课/第一轮结构化学专题课-02-MO理论与立体电子效应.md,专题课,否,共轭体系,1,概念式,
04-课件/习题集/一·随堂层（载体I·配套讲义章末练习）/第一轮结构化学-元素周期表与周期律练习题组.md,习题集,否,Slater规则,1,概念式,
04-课件/习题集/一·随堂层（载体I·配套讲义章末练习）/第一轮结构化学-原子结构练习题组.md,习题集,否,氢原子光谱,2,概念式,
04-课件/习题集/一·随堂层（载体I·配套讲义章末练习）/第一轮结构化学-原子结构练习题组.md,习题集,否,Slater规则,2,概念式,
04-课件/习题集/一·随堂层（载体I·配套讲义章末练习）/第一轮结构化学-原子结构练习题组.md,习题集,否,04-专题与题型/专题/专题-原子结构,1,路径式,
04-课件/习题集/一·随堂层（载体I·配套讲义章末练习）/第一轮结构化学-原子结构练习题组.md,习题集,否,对角线关系,1,概念式,
04-课件/习题集/一·随堂层（载体I·配套讲义章末练习）/第一轮结构化学-配位化合物练习题组.md,习题集,否,CFSE,1,概念式,
04-课件/习题集/一·随堂层（载体I·配套讲义章末练习）/第一轮结构化学-配位化合物练习题组.md,习题集,否,配位异构,1,概念式,
04-课件/习题集/三·竞赛导向层（载体Ⅱ·Ⅲ）/专项卷/一分册/一分册专项卷VII-教师版.md,习题集,否,同素异形体,1,概念式,
04-课件/备课大纲/2026-06-02-分子结构基础-基础班.md,备课大纲,否,分子结构,1,概念式,
04-课件/备课大纲/2026-06-02-化学动力学初步-基础班.md,备课大纲,否,化学反应速率,1,概念式,
04-课件/备课大纲/2026-06-02-化学动力学初步-基础班.md,备课大纲,否,热力学初步,1,概念式,
04-课件/备课大纲/2026-06-02-化学平衡-基础班.md,备课大纲,否,化学反应速率,1,概念式,
04-课件/备课大纲/2026-06-02-化学平衡-基础班.md,备课大纲,否,热力学初步,1,概念式,
04-课件/备课大纲/2026-06-02-定量化学分析-基础班.md,备课大纲,否,物质的量,1,概念式,
04-课件/备课大纲/2026-06-02-定量化学分析-基础班.md,备课大纲,否,化学计量与气体,1,概念式,
04-课件/备课大纲/2026-06-02-方程式书写专项-基础班.md,备课大纲,否,氧化还原与电化学,2,概念式,
04-课件/备课大纲/2026-06-02-方程式书写专项-基础班.md,备课大纲,否,离子反应,1,概念式,
04-课件/备课大纲/2026-06-02-晶体结构基础-基础班.md,备课大纲,否,布拉维格子,2,概念式,
04-课件/备课大纲/2026-06-02-晶体结构基础-基础班.md,备课大纲,否,半径比规则,2,概念式,
04-课件/备课大纲/2026-06-02-晶体结构基础-基础班.md,备课大纲,否,专题-晶体结构基础,1,概念式,
04-课件/备课大纲/2026-06-02-晶体结构基础-基础班.md,备课大纲,否,专题-晶体结构,3,概念式,
04-课件/备课大纲/2026-06-02-有机分子结构初探-基础班.md,备课大纲,否,分子结构,1,概念式,
04-课件/备课大纲/2026-06-02-有机分子结构初探-基础班.md,备课大纲,否,同分异构,1,概念式,
04-课件/备课大纲/2026-06-02-气体与溶液-基础班.md,备课大纲,否,化学计量与气体,1,概念式,
04-课件/备课大纲/2026-06-02-气体与溶液-基础班.md,备课大纲,否,物质的量,1,概念式,
04-课件/备课大纲/2026-06-02-热力学初步-基础班.md,备课大纲,否,热力学初步,1,概念式,
04-课件/备课大纲/2026-06-02-热力学初步-基础班.md,备课大纲,否,化学计量与气体,1,概念式,
04-课件/备课大纲/2026-06-02-热力学初步-基础班.md,备课大纲,否,物质的量,1,概念式,
04-课件/备课大纲/2026-06-02-电化学-基础班.md,备课大纲,否,热力学初步,1,概念式,
04-课件/备课大纲/2026-06-03-元素推断综合训练-提高班.md,备课大纲,否,氧化还原,1,概念式,
04-课件/备课大纲/2026-06-03-氢与卤素-提高班.md,备课大纲,否,氧族与氮族元素,1,概念式,
04-课件/备课大纲/2026-06-03-氧化还原滴定与沉淀滴定-提高班.md,备课大纲,否,氧化还原,1,概念式,
04-课件/备课大纲/2026-06-03-氧族与氮族元素-提高班.md,备课大纲,否,氧化还原,1,概念式,
04-课件/备课大纲/2026-06-03-溶液与相图-基础班.md,备课大纲,否,拉乌尔定律,4,概念式,
04-课件/备课大纲/2026-06-03-溶液与相图-基础班.md,备课大纲,否,亨利定律,4,概念式,
04-课件/备课大纲/2026-06-03-溶液与相图-基础班.md,备课大纲,否,沸点升高,3,概念式,
04-课件/备课大纲/2026-06-03-溶液与相图-基础班.md,备课大纲,否,凝固点降低,3,概念式,
04-课件/备课大纲/2026-06-03-铁钴镍铜锌-提高班.md,备课大纲,否,元素推断综合训练,1,概念式,
04-课件/备课大纲/2026-06-04-亲核取代与消除反应-提高班.md,备课大纲,否,亲核取代反应,1,概念式,
04-课件/备课大纲/2026-06-04-加成反应-提高班.md,备课大纲,否,烯丙基自由基,1,概念式,
04-课件/备课大纲/2026-06-04-加成反应-提高班.md,备课大纲,否,溴鎓离子,1,概念式,
04-课件/备课大纲/2026-06-04-羰基化学与缩合反应-提高班.md,备课大纲,否,羰基亲核加成反应,1,概念式,
04-课件/备课大纲/2026-06-04-羰基化学与缩合反应-提高班.md,备课大纲,否,Grignard反应,1,概念式,
04-课件/备课大纲/2026-06-04-重排反应-提高班.md,备课大纲,否,频哪醇重排,1,概念式,
04-课件/备课大纲/2026-06-04-重排反应-提高班.md,备课大纲,否,贝克曼重排,1,概念式,
04-课件/备课大纲/2026-06-04-重排反应-提高班.md,备课大纲,否,碳正离子重排,1,概念式,
04-课件/备课大纲/2026-06-05-有机结构基础与电子效应-提高班.md,备课大纲,否,Brønsted酸碱观点,4,概念式,
04-课件/备课大纲/2026-06-05-自由基反应-提高班.md,备课大纲,否,活性中间体,3,概念式,
04-课件/备课大纲/2026-06-05-自由基反应-提高班.md,备课大纲,否,烯丙基自由基,1,概念式,
04-课件/备课大纲/2026-06-06-热力学与平衡深化-提高班.md,备课大纲,否,麦克斯韦关系,1,概念式,
04-课件/备课大纲/2026-06-06-热力学与平衡深化-提高班.md,备课大纲,否,吉布斯自由能,1,概念式,
04-课件/备课大纲/2026-06-06-热力学与平衡深化-提高班.md,备课大纲,否,逸度,1,概念式,
04-课件/备课大纲/2026-06-06-热力学与平衡深化-提高班.md,备课大纲,否,克劳修斯-克拉佩龙方程,1,概念式,
04-课件/备课大纲/2026-06-06-热力学与平衡深化-提高班.md,备课大纲,否,依数性,1,概念式,
04-课件/备课大纲/2026-06-06-真题模拟拆解-冲刺班.md,备课大纲,否,结构推断,1,概念式,
04-课件/备课大纲/2026-06-06-真题模拟拆解-冲刺班.md,备课大纲,否,活性中间体,1,概念式,
04-课件/备课大纲/2026-06-06-真题模拟拆解-冲刺班.md,备课大纲,否,催化循环,1,概念式,
04-课件/备课大纲/2026-06-06-真题模拟拆解-冲刺班.md,备课大纲,否,分子对称性,1,概念式,
04-课件/备课大纲/2026-06-06-真题模拟拆解-冲刺班.md,备课大纲,否,点群,1,概念式,
04-课件/备课大纲/2026-06-06-配合物结构深化-提高班.md,备课大纲,否,电子光谱,4,概念式,
04-课件/备课大纲/2026-06-06-配合物结构深化-提高班.md,备课大纲,否,配体场理论,1,概念式,
04-课件/备课大纲/2026-06-07-晶体结构深度-冲刺班.md,备课大纲,否,12-教学洞察/教学洞察-晶体结构深度与推断,3,路径式,
04-课件/备课大纲/2026-06-07-配合物与配位化学深化-冲刺班.md,备课大纲,否,12-教学洞察/教学洞察-配合物与配位化学深化,3,路径式,
04-课件/备课大纲/2026-06-07-高等有机机理-冲刺班.md,备课大纲,否,非经典碳正离子,1,概念式,
04-课件/备课大纲/2026-06-17-晶体结构类型与稳定性-基础班.md,备课大纲,否,专题-晶体结构,4,概念式,
04-课件/备课大纲/2026-06-17-键的极性与分子极性-基础班（桥梁样板）.md,备课大纲,否,分子间作用力,1,概念式,
04-课件/复习课/第一轮结构化学初步复习-v2.md,复习课,否,配位场理论,1,概念式,
04-课件/学生讲义/2-结构化学/README-版本对照与选用指南.md,学生讲义,否,…,1,概念式,
04-课件/学生讲义/_归档/2026-06-23-元素周期表与周期律.md,学生讲义,是,上海中学竞赛课程-化学-第1分册,1,概念式,
04-课件/学生讲义/_归档/2026-06-23-元素推断综合训练.md,学生讲义,是,04-课件/备课大纲/2026-06-08-元素化学深度与结构推断综合-冲刺班,1,路径式,
04-课件/学生讲义/_归档/2026-06-23-共价键理论.md,学生讲义,是,有机电子效应,1,概念式,
04-课件/学生讲义/_归档/2026-06-23-共价键理论.md,学生讲义,是,上海中学竞赛课程-化学-第1分册,1,概念式,
04-课件/学生讲义/_归档/2026-06-23-其他类型晶体.md,学生讲义,是,石墨,3,概念式,
04-课件/学生讲义/_归档/2026-06-23-其他类型晶体.md,学生讲义,是,上海中学竞赛课程-化学-第1分册,1,概念式,
04-课件/学生讲义/_归档/2026-06-23-分子结构和性质.md,学生讲义,是,04-课件/备课大纲/2026-06-01-分子结构基础-基础班,1,路径式,
04-课件/学生讲义/_归档/2026-06-23-分子结构和性质.md,学生讲义,是,分子间作用力,3,概念式,
04-课件/学生讲义/_归档/2026-06-23-分子结构和性质.md,学生讲义,是,上海中学竞赛课程-化学-第1分册,1,概念式,
04-课件/学生讲义/_归档/2026-06-23-化学动力学基础.md,学生讲义,是,热力学初步,1,概念式,
04-课件/学生讲义/_归档/2026-06-23-原子结构.md,学生讲义,是,上海中学竞赛课程-化学-第1分册,1,概念式,
04-课件/学生讲义/_归档/2026-06-23-晶体学基础.md,学生讲义,是,布拉维格子,3,概念式,
04-课件/学生讲义/_归档/2026-06-23-晶体学基础.md,学生讲义,是,上海中学竞赛课程-化学-第1分册,1,概念式,
04-课件/学生讲义/_归档/2026-06-23-溶液和胶体.md,学生讲义,是,气体,2,概念式,
04-课件/学生讲义/_归档/2026-06-23-碳族与硼族元素.md,学生讲义,是,专题-碳族元素,1,概念式,
04-课件/学生讲义/_归档/2026-06-23-碳族与硼族元素.md,学生讲义,是,专题-硼族元素,1,概念式,
04-课件/学生讲义/_归档/2026-06-23-络合滴定与重量分析.md,学生讲义,是,04-课件/学生讲义/2026-06-23-滴定分析.md,1,路径式,
04-课件/学生讲义/_归档/2026-06-23-配位化合物基础.md,学生讲义,是,配位异构,2,概念式,
04-课件/学生讲义/_归档/2026-06-23-配位化合物基础.md,学生讲义,是,金属有机化学,1,概念式,
04-课件/学生讲义/_归档/2026-06-23-配位化合物基础.md,学生讲义,是,手性,1,概念式,
04-课件/学生讲义/_归档/2026-06-23-配位化合物基础.md,学生讲义,是,旋光性,1,概念式,
04-课件/学生讲义/_归档/2026-06-23-配合物与配位化学深化.md,学生讲义,是,03-知识点/化学原理/配体场理论,1,路径式,
04-课件/学生讲义/_归档/2026-06-23-配合物结构深化.md,学生讲义,是,配位场理论,1,概念式,
04-课件/学生讲义/_归档/2026-06-23-金属键与金属晶体.md,学生讲义,是,上海中学竞赛课程-化学-第1分册,1,概念式,
04-课件/学生讲义/_归档/晶体学基础-超级充实版（自学完整）.md,学生讲义,是,晶体学基础-超级充实版（课堂填空）,1,概念式,
04-课件/学生讲义/_归档/晶体学基础-超级充实版（自学完整）.md,学生讲义,是,布拉维格子,3,概念式,
04-课件/学生讲义/_归档/晶体学基础-超级充实版（自学完整）.md,学生讲义,是,上海中学竞赛课程-化学-第1分册,1,概念式,
04-课件/学生讲义/_归档/晶体结构基础-超级充实版（自学完整）.md,学生讲义,是,12-深层理解/深层理解-晶体结构基础,1,路径式,
04-课件/学生讲义/_归档/晶体结构基础-超级充实版（自学完整）.md,学生讲义,是,布拉维格子,1,概念式,
04-课件/学生讲义/_归档/晶体结构基础-超级充实版（自学完整）.md,学生讲义,是,半径比规则,2,概念式,
04-课件/学生讲义/_归档/第一轮结构化学习题集（汇智精选版）.md,学生讲义,是,几何异构体,2,概念式,
04-课件/学生讲义/_归档/第一轮结构化学习题集（汇智精选版）.md,学生讲义,是,光学异构,1,概念式,
04-课件/学生讲义/_归档/第一轮结构化学习题集（精选重组）.md,学生讲义,是,玻尔模型,3,概念式,
04-课件/学生讲义/_归档/第一轮结构化学习题集（精选重组）.md,学生讲义,是,分子对称性,1,概念式,
04-课件/学生讲义/_归档/第一轮结构化学习题集（精选重组）.md,学生讲义,是,半径比规则,8,概念式,
04-课件/学生讲义/_归档/第一轮结构化学习题集（精选重组）.md,学生讲义,是,几何异构体,6,概念式,
04-课件/学生讲义/_归档/第一轮结构化学习题集（精选重组）.md,学生讲义,是,电子亲和能,1,概念式,
04-课件/学生讲义/_归档/第一轮结构化学习题集（精选重组）.md,学生讲义,是,配位异构,1,概念式,
04-课件/学生讲义/_归档/第一轮结构化学习题集（精选重组）.md,学生讲义,是,价键理论,2,概念式,
04-课件/学生讲义/_归档/第一轮结构化学习题集（精选重组）.md,学生讲义,是,键合异构,1,概念式,
04-课件/学生讲义/_归档/第一轮结构化学习题集（精选重组）.md,学生讲义,是,CFSE,1,概念式,
04-课件/学生讲义/_归档/第一轮结构化学习题集（精选重组）.md,学生讲义,是,面心立方堆积,2,概念式,
04-课件/学生讲义/_归档/第一轮结构化学习题集（精选重组）.md,学生讲义,是,光学异构,1,概念式,
04-课件/学生讲义/_归档/第一轮结构化学习题集（精选重组）.md,学生讲义,是,配合物结构,1,概念式,
