来源,相对路径,文件,MB,MD5
隔离区,_重复副本-可删\01-题目\2025-2026年伽马化学专题进阶线上班\11.30号线上回放\亲电加成课后题答案.docx,亲电加成课后题答案.docx,1.912,f3ab53da560699c0b6f7b86bca40663e
隔离区,_重复副本-可删\01-题目\2025-2026年伽马化学专题进阶线上班\12.14号线上回放\有机作业L6.docx,有机作业L6.docx,1.174,0bb12d84340060e1b48d557c99a65580
隔离区,_重复副本-可删\01-题目\2025-2026年伽马化学专题进阶线上班\12.14号线上回放\结构专题进阶2 课后作业.docx,结构专题进阶2 课后作业.docx,0.778,a5b4ac4a2b0a8c144c55867802da6a0d
隔离区,_重复副本-可删\01-题目\2025-2026年伽马化学专题进阶线上班\12.21号线上回放\作业2及答案.docx,作业2及答案.docx,6.611,9d303dd52a5ffb7b7451e8cd7be64274
隔离区,_重复副本-可删\01-题目\2025-2026年伽马化学专题进阶线上班\12.21号线上回放\配合物结构习题 2025.12.21.docx,配合物结构习题 2025.12.21.docx,0.041,a73db2ff37c20d7192cf4cf437e1e89c
隔离区,_重复副本-可删\01-题目\2025-2026年伽马化学专题进阶线上班\12.7号线上回放\作业(1).docx,作业(1).docx,0.674,cfa5e144c245ee87294370ab0ebeabd2
隔离区,_重复副本-可删\01-题目\2025-2026年伽马化学专题进阶线上班\2026年1.18号线上回放\gamma晶体结构习题(2).docx,gamma晶体结构习题(2).docx,2.375,6d20eee6e7dce7175458a08a19f1941c
隔离区,_重复副本-可删\01-题目\2026年化英社4月春季班\化英社春季班\2026化英社 春季班试卷\10\第40届初赛模拟10（清晰版）.pdf,第40届初赛模拟10（清晰版）.pdf,4.727,9f94e9a912ecd6f60201b39c70084c33
隔离区,_重复副本-可删\01-题目\2026年化英社4月春季班\化英社春季班\2026化英社 春季班试卷\10\第40届初赛模拟试题10参考答案（清晰版）.pdf,第40届初赛模拟试题10参考答案（清晰版）.pdf,7.108,62fa7988c8c036edd68418b5eff7ca60
隔离区,_重复副本-可删\01-题目\2026年化英社4月春季班\化英社春季班\2026化英社 春季班试卷\11\第40届初赛模拟11（清晰版）.pdf,第40届初赛模拟11（清晰版）.pdf,7.175,9ab64a6a7ca3cdb60911282f973fdfa5
隔离区,_重复副本-可删\01-题目\2026年化英社4月春季班\化英社春季班\2026化英社 春季班试卷\11\第40届初赛模拟试题11答案-清晰版.pdf,第40届初赛模拟试题11答案-清晰版.pdf,9.933,ef140e666a9048e5adce2018a314b0f2
隔离区,_重复副本-可删\01-题目\2026年化英社4月春季班\化英社春季班\2026化英社 春季班试卷\7\初赛模拟7答案(已优化).pdf,初赛模拟7答案(已优化).pdf,52.763,69f6809a90b21b93c141b26f3ce17f3e
隔离区,_重复副本-可删\01-题目\2026年化英社4月春季班\化英社春季班\2026化英社 春季班试卷\7\初赛模拟7答案.pdf,初赛模拟7答案.pdf,6.539,c2ea43eef06cd68b98d78f43b561e38b
隔离区,_重复副本-可删\01-题目\2026年化英社4月春季班\化英社春季班\2026化英社 春季班试卷\7\初赛模拟7试卷(已优化).pdf,初赛模拟7试卷(已优化).pdf,32.121,a48a9b9a9e921439ea78e437a615e963
隔离区,_重复副本-可删\01-题目\2026年化英社4月春季班\化英社春季班\2026化英社 春季班试卷\7\初赛模拟7试卷.pdf,初赛模拟7试卷.pdf,4.132,1a936c50ad0a4e8ecd07e015d179cb42
隔离区,_重复副本-可删\01-题目\2026年化英社4月春季班\化英社春季班\2026化英社 春季班试卷\9\初赛模拟9答案.pdf,初赛模拟9答案.pdf,3.327,5c24478f83dbe0846050099eba4e094b
隔离区,_重复副本-可删\01-题目\2026年化英社4月春季班\化英社春季班\2026化英社 春季班试卷\9\初赛模拟9答案（清晰版）.pdf,初赛模拟9答案（清晰版）.pdf,5.367,2d472fbc61e727652ba7b15684f56092
隔离区,_重复副本-可删\01-题目\2026年化英社4月春季班\化英社春季班\2026化英社 春季班试卷\9\春季模拟试题9试题-清晰版.pdf,春季模拟试题9试题-清晰版.pdf,2.593,3bfdec800c095e34f8f71bf80ce3b6e4
隔离区,_重复副本-可删\01-题目\2026年化英社4月春季班\化英社春季班\2026化英社 春季班试卷\9\春季模拟试题9试题.pdf,春季模拟试题9试题.pdf,0.825,1f8791c613e8a88d081d4cedcc145128
隔离区,_重复副本-可删\01-题目\2026年化英社4月春季班\化英社春季班\2026化英社 春季班试卷\决赛模拟\第40届决赛模拟1答案(已优化).pdf,第40届决赛模拟1答案(已优化).pdf,54.241,55d58ddb8c935677c78710fe5725800e
隔离区,_重复副本-可删\01-题目\2026年化英社4月春季班\化英社春季班\2026化英社 春季班试卷\决赛模拟\第40届决赛模拟1答案.pdf,第40届决赛模拟1答案.pdf,10.259,00a7e542356f0955f569acfff74564a2
隔离区,_重复副本-可删\01-题目\2026年化英社4月春季班\化英社春季班\2026化英社 春季班试卷\决赛模拟\第40届决赛模拟1（清晰版）.pdf,第40届决赛模拟1（清晰版）.pdf,4.623,f4336d6fd58b686c6e1956a6018c835f
隔离区,_重复副本-可删\01-题目\2026年化英社4月春季班\化英社春季班\2026化英社 春季班试卷\有机\春季-有机专题1答案(已优化).pdf,春季-有机专题1答案(已优化).pdf,41.087,d32cde0e28405aea762de4004fa8b1f2
隔离区,_重复副本-可删\01-题目\2026年化英社4月春季班\化英社春季班\2026化英社 春季班试卷\有机\春季-有机专题1答案.pdf,春季-有机专题1答案.pdf,5.782,6a7d00dd5af62ce6b897d531c5e151cd
隔离区,_重复副本-可删\01-题目\2026年化英社4月春季班\化英社春季班\2026化英社 春季班试卷\有机\春季-有机专题1试卷(已优化).pdf,春季-有机专题1试卷(已优化).pdf,22.486,5d3d90b77359728239efd17a23b8c54c
隔离区,_重复副本-可删\01-题目\2026年化英社4月春季班\化英社春季班\2026化英社 春季班试卷\有机\春季-有机专题1试卷.pdf,春季-有机专题1试卷.pdf,3.664,f6638e4bc4b4852bbd57722560834bb3
隔离区,_重复副本-可删\01-题目\2026年化英社4月春季班\化英社春季班\2026化英社 春季班试卷\结构\第40届结构专题1答案（清晰版）.pdf,第40届结构专题1答案（清晰版）.pdf,6.277,7a93fc100ea393096e629979eccb0cbf
隔离区,_重复副本-可删\01-题目\2026年化英社4月春季班\化英社春季班\2026化英社 春季班试卷\结构\第40届结构专题1（清晰版）.pdf,第40届结构专题1（清晰版）.pdf,4.427,40554a9c43ed8d4a79dd82403d2c2ac5
隔离区,_重复副本-可删\01-题目\2026年化英社4月春季班\化英社春季班\2026化英社 春季班试卷\计算\第40届化英社化学奥林匹克（初赛）计算专题1  清晰版.pdf,第40届化英社化学奥林匹克（初赛）计算专题1  清晰版.pdf,3.388,629e3c26315c967216171d277d343356
隔离区,_重复副本-可删\01-题目\2026年化英社4月春季班\化英社春季班\2026化英社 春季班试卷\计算\第40届计算专题1答案（清晰版）.pdf,第40届计算专题1答案（清晰版）.pdf,5.686,8235f2567d5ec75e25ee4107e4ec7783
隔离区,_重复副本-可删\01-题目\2026年汇智五一有机班\2026五一有机营-成都\2026五一有机营-成都\汇智起航2026年(五一期间)有机化学初赛模拟卷1(4).pdf,汇智起航2026年(五一期间)有机化学初赛模拟卷1(4).pdf,2.84,6e18bb5936d00d08107d1606afa2b56a
隔离区,_重复副本-可删\01-题目\2026年汇智五一有机班\2026五一有机营-成都\2026五一有机营-成都\汇智起航2026年(五一期间)有机化学初赛模拟卷1答案(5).pdf,汇智起航2026年(五一期间)有机化学初赛模拟卷1答案(5).pdf,2.296,5f34d9867c56d673e4d6a84a6f26d5f0
隔离区,_重复副本-可删\01-题目\2026年汇智五一有机班\2026五一有机营-成都\2026五一有机营-成都\汇智起航2026年(五一期间)有机化学初赛模拟卷2.pdf,汇智起航2026年(五一期间)有机化学初赛模拟卷2.pdf,7.8,a2f9a43d1404d3b2720ad0a88d193c22
隔离区,_重复副本-可删\01-题目\2026年汇智五一有机班\2026五一有机营-成都\2026五一有机营-成都\汇智起航2026年(五一期间)有机化学初赛模拟卷2答案(3).pdf,汇智起航2026年(五一期间)有机化学初赛模拟卷2答案(3).pdf,13.497,ea10d9743eef33bbb743f059a8eb8a3b
隔离区,_重复副本-可删\02-讲义\2026年汇智五一有机班\2026五一有机营-成都\2026五一有机营-成都\5.1-5.6有机手稿.pdf,5.1-5.6有机手稿.pdf,64.335,d78ae9a933e53d4a9bfcf51497687c09
隔离区,_重复副本-可删\03-其他可提炼内容\2025-2026年伽马化学专题进阶线上班\12.14号线上回放\图片.jpg,图片.jpg,0.175,eea4edb1358af8f29efa9beab66cfd42
隔离区,_重复副本-可删\03-其他可提炼内容\2025-2026年伽马化学专题进阶线上班\12.21号线上回放\图片.png,图片.png,0.036,724a30d6a91581783d3b4004e3be97fd
隔离区,_重复副本-可删\03-其他可提炼内容\2025-2026年伽马化学专题进阶线上班\2026年1.4号线上回放\1.4无机\lQLPKHBSzTnPDM_NAzDNAk2wlkoNERYQjkQJMrhj-30nAA_589_816.png,lQLPKHBSzTnPDM_NAzDNAk2wlkoNERYQjkQJMrhj-30nAA_589_816.png,0.255,d1d986bfc360989a9146b67e469c5377
隔离区,_重复副本-可删\03-其他可提炼内容\2026年夏令营汇智长沙班\热力学等44项文件\长沙有机前三天所用文献\补充材料（元素有机）-硅有机化学讲义.pdf,补充材料（元素有机）-硅有机化学讲义.pdf,0.375,0d80036ff78be9bfb4086ac8e287fb92
隔离区,_重复副本-可删\03-其他可提炼内容\2026年夏令营汇智长沙班\热力学等44项文件\长沙有机前三天所用文献\补充材料（元素有机）-硫有机化学讲义.pdf,补充材料（元素有机）-硫有机化学讲义.pdf,3.153,53858fdda851d29c3d427efb80a45b9e
隔离区,_重复副本-可删\03-其他可提炼内容\2026年夏令营汇智长沙班\热力学等44项文件\长沙有机前三天所用文献\补充材料（元素有机）-硼有机化学讲义.pdf,补充材料（元素有机）-硼有机化学讲义.pdf,1.752,e0158f2763d92323ef124e419233b8df
隔离区,_重复副本-可删\03-其他可提炼内容\2026年夏令营汇智长沙班\热力学等44项文件\长沙有机前三天所用文献\补充材料（元素有机）-磷有机化学讲义.pdf,补充材料（元素有机）-磷有机化学讲义.pdf,1.676,95f2c209a7de0eda3565d1a49ffce125
隔离区,_重复副本-可删\03-其他可提炼内容\2026年夏令营汇智长沙班\热力学等44项文件\长沙有机前三天所用文献\补充材料（电子效应）-基础有机化学中立体电子效应.pdf,补充材料（电子效应）-基础有机化学中立体电子效应.pdf,1.538,4615f1e4ac4332d7689886fb7baaf666
隔离区,_重复副本-可删\03-其他可提炼内容\2026年夏令营汇智长沙班\热力学等44项文件\长沙有机前三天所用文献\补充材料（苯炔）-有机化学中的高张力中间体.pdf,补充材料（苯炔）-有机化学中的高张力中间体.pdf,1.337,ed27a15ce9d3e04df098e5c0d7ad1bdc
隔离区,_重复副本-可删\03-其他可提炼内容\2026年方圆杭州寒假班\2026寒假有机专题资料合集\2026年冬令营有机基础第一次测试前五十名学生成绩单.pdf,2026年冬令营有机基础第一次测试前五十名学生成绩单.pdf,0.046,a806196b7ed4a5ff1d7cfaac1332bd54
隔离区,_重复副本-可删\03-其他可提炼内容\2026年方圆杭州寒假班\2026寒假有机专题资料合集\亲电取代260210讲义.pdf,亲电取代260210讲义.pdf,2.409,cc40e4fd285bdb58d526e481c6e5f08d
隔离区,_重复副本-可删\03-其他可提炼内容\2026年方圆杭州寒假班\2026寒假有机专题资料合集\化学有机专题第二次成绩(前五十名）.pdf,化学有机专题第二次成绩(前五十名）.pdf,0.052,6dca1cf805fde395b7962bd0ecd07840
隔离区,_重复副本-可删\03-其他可提炼内容\2026年方圆杭州寒假班\2026寒假有机专题资料合集\基础概念-电子效应共振-讲义0208.pdf,基础概念-电子效应共振-讲义0208.pdf,2.498,37086a200d408c7e48fd49c86400d43d
隔离区,_重复副本-可删\03-其他可提炼内容\2026年方圆杭州寒假班\2026寒假有机专题资料合集\有机2.10日晚上习题课.pdf,有机2.10日晚上习题课.pdf,7.523,256236ba7041d8252b3bcd99fdc10233
隔离区,_重复副本-可删\03-其他可提炼内容\2026年方圆杭州寒假班\2026寒假有机专题资料合集\有机化学试卷讲解1.pdf,有机化学试卷讲解1.pdf,6.993,93766723eb1c08c228b9c4ebc76ba6e4
隔离区,_重复副本-可删\03-其他可提炼内容\2026年方圆杭州寒假班\2026寒假有机专题资料合集\有机化学试卷讲解2.pdf,有机化学试卷讲解2.pdf,6.842,34a417135c1a7d9e00d632c331475bf9
隔离区,_重复副本-可删\03-其他可提炼内容\2026年方圆杭州寒假班\2026寒假有机专题资料合集\草稿.pdf,草稿.pdf,13.986,f5feb9da13bbae49322ef5175c30a4b9
隔离区,_重复副本-可删\03-其他可提炼内容\2026年方圆杭州寒假班\2026寒假有机专题资料合集\酸碱问题-构型与构象讲义0209.pdf,酸碱问题-构型与构象讲义0209.pdf,1.224,8297aa337ad386e820da0f19752328c2
隔离区,_重复副本-可删\03-其他可提炼内容\2026年方圆杭州寒假班\2026寒假有机专题资料合集\试卷1\有机化学测试题1 答案.pdf,有机化学测试题1 答案.pdf,1.897,9d146f667fa922a0a187286dce404a84
隔离区,_重复副本-可删\03-其他可提炼内容\2026年方圆杭州寒假班\2026寒假有机专题资料合集\试卷1\有机化学测试题1 答题卡(1).pdf,有机化学测试题1 答题卡(1).pdf,0.465,0f5eb9a49ea285684ef05e6915f2f8f1
隔离区,_重复副本-可删\03-其他可提炼内容\2026年方圆杭州寒假班\2026寒假有机专题资料合集\试卷1\有机化学测试题1.pdf,有机化学测试题1.pdf,1.346,e9867b41e8cd2094c0e7839cd2b27de6
隔离区,_重复副本-可删\03-其他可提炼内容\2026年方圆杭州寒假班\2026寒假有机专题资料合集\试卷2\有机化学测试2.pdf,有机化学测试2.pdf,0.923,ee57b2da3f89bd38f003f7ec2b97f44e
隔离区,_重复副本-可删\03-其他可提炼内容\2026年方圆杭州寒假班\2026寒假有机专题资料合集\试卷2\有机化学测试2参考答案.pdf,有机化学测试2参考答案.pdf,1.635,65ad9d2ccb93d3b69dab0c14308c9a2d
隔离区,_重复副本-可删\03-其他可提炼内容\2026年方圆杭州寒假班\2026寒假有机专题资料合集\试卷2\有机化学测试2答题卡.pdf,有机化学测试2答题卡.pdf,0.312,4ab9c315f5c01c61a7a4222f0c012005
隔离区,_重复副本-可删\03-其他可提炼内容\2026年方圆杭州寒假班\方圆2026冬令营无机提高补充资料2.14\习题手稿\2.10习题三答案.pdf,2.10习题三答案.pdf,4.528,f62f1f8639f2051242a9fee7dc60a89b
隔离区,_重复副本-可删\03-其他可提炼内容\2026年方圆杭州寒假班\方圆2026冬令营无机提高补充资料2.14\习题手稿\2.10习题三讲评.pdf,2.10习题三讲评.pdf,3.374,640cf406e8cf049ef10f444b25e49cea
隔离区,_重复副本-可删\03-其他可提炼内容\2026年方圆杭州寒假班\方圆2026冬令营无机提高补充资料2.14\习题手稿\2.13试卷二讲评.pdf,2.13试卷二讲评.pdf,6.973,fa2a72460678d6d8daa9509ea012cee9
隔离区,_重复副本-可删\03-其他可提炼内容\2026年方圆杭州寒假班\方圆2026冬令营无机提高补充资料2.14\习题手稿\2.6习题一答案.pdf,2.6习题一答案.pdf,0.648,24c42753ab9a14bd2663ae845993d24b
隔离区,_重复副本-可删\03-其他可提炼内容\2026年方圆杭州寒假班\方圆2026冬令营无机提高补充资料2.14\习题手稿\2.6习题一解析.pdf,2.6习题一解析.pdf,0.45,ba24167e35b9f05ca2dd7f82447adcd6
隔离区,_重复副本-可删\03-其他可提炼内容\2026年方圆杭州寒假班\方圆2026冬令营无机提高补充资料2.14\习题手稿\2.6助教手稿.pdf,2.6助教手稿.pdf,4.599,d06a87762c20b73e992ad9f9093186a6
隔离区,_重复副本-可删\03-其他可提炼内容\2026年方圆杭州寒假班\方圆2026冬令营无机提高补充资料2.14\习题手稿\2.7习题二答案.pdf,2.7习题二答案.pdf,2.974,6c2c529d218dd1ef3d75fad783ba036c
隔离区,_重复副本-可删\03-其他可提炼内容\2026年方圆杭州寒假班\方圆2026冬令营无机提高补充资料2.14\习题手稿\2.7助教手稿.pdf,2.7助教手稿.pdf,1.389,01de503d97b10e8c1fdc1a9191aee42c
隔离区,_重复副本-可删\03-其他可提炼内容\2026年方圆杭州寒假班\方圆2026冬令营无机提高补充资料2.14\习题手稿\2.9试卷一讲评.pdf,2.9试卷一讲评.pdf,5.96,f3bf20b121e4b44e5a2cbadbf04367a5
隔离区,_重复副本-可删\03-其他可提炼内容\2026年方圆杭州寒假班\方圆2026冬令营无机提高补充资料2.14\考试前50名\2026年冬令营无机提高学生前五十名成绩单（ 一）.xlsx,2026年冬令营无机提高学生前五十名成绩单（ 一）.xlsx,0.021,e860f548b15afcc0b9e3a199d021977a
隔离区,_重复副本-可删\03-其他可提炼内容\2026年方圆杭州寒假班\方圆2026冬令营无机提高补充资料2.14\考试前50名\2026年冬令营无机提高学生前五十名成绩单（ 二）.xlsx,2026年冬令营无机提高学生前五十名成绩单（ 二）.xlsx,0.014,a7b02515e6dc8a56c581b44ad97a8cf3
隔离区,_重复副本-可删\03-其他可提炼内容\2026年方圆杭州寒假班\方圆2026冬令营无机提高补充资料2.14\试卷及答案\无机专题试卷一.pdf,无机专题试卷一.pdf,0.985,44e9c71ec2e32574a895374b62f09d03
隔离区,_重复副本-可删\03-其他可提炼内容\2026年方圆杭州寒假班\方圆2026冬令营无机提高补充资料2.14\试卷及答案\无机专题试卷二.pdf,无机专题试卷二.pdf,0.714,1dc1a9c00e45a5b6a27b7572e41aa34e
隔离区,_重复副本-可删\03-其他可提炼内容\2026年方圆杭州寒假班\方圆2026冬令营无机提高补充资料2.14\试卷及答案\答案--无机专题试卷一.pdf,答案--无机专题试卷一.pdf,0.635,ebe859c51027209ad5bd9890c345d2cb
隔离区,_重复副本-可删\03-其他可提炼内容\2026年方圆杭州寒假班\方圆2026冬令营无机提高补充资料2.14\试卷及答案\答案--无机专题试卷二.pdf,答案--无机专题试卷二.pdf,0.792,977d333a7fd40bd388f127f73cd03472
隔离区,_重复副本-可删\03-其他可提炼内容\2026年方圆杭州寒假班\方圆2026冬令营无机提高补充资料2.14\课程手稿\2.10手稿.pdf,2.10手稿.pdf,6.767,5fbd4662e6aa4241b34aee5e99a7538c
隔离区,_重复副本-可删\03-其他可提炼内容\2026年方圆杭州寒假班\方圆2026冬令营无机提高补充资料2.14\课程手稿\2.11手稿.pdf,2.11手稿.pdf,3.086,99f573664641f26587c01585d846f067
隔离区,_重复副本-可删\03-其他可提炼内容\2026年方圆杭州寒假班\方圆2026冬令营无机提高补充资料2.14\课程手稿\2.12-2.13手稿.pdf,2.12-2.13手稿.pdf,7.319,d094b5d5b34f2231ff7160e8543a1e93
隔离区,_重复副本-可删\03-其他可提炼内容\2026年方圆杭州寒假班\方圆2026冬令营无机提高补充资料2.14\课程手稿\2.14手稿.pdf,2.14手稿.pdf,1.762,6ab5758a7049c47ca84d1e4cfc63444e
隔离区,_重复副本-可删\03-其他可提炼内容\2026年方圆杭州寒假班\方圆2026冬令营无机提高补充资料2.14\课程手稿\2.6上午手稿.pdf,2.6上午手稿.pdf,2.461,2940fbb1256357836d84cd2f82223e0b
隔离区,_重复副本-可删\03-其他可提炼内容\2026年方圆杭州寒假班\方圆2026冬令营无机提高补充资料2.14\课程手稿\2.6下午手稿.pdf,2.6下午手稿.pdf,2.125,64d5471260526b646d7e92856eab07e2
隔离区,_重复副本-可删\03-其他可提炼内容\2026年方圆杭州寒假班\方圆2026冬令营无机提高补充资料2.14\课程手稿\2.7手稿.pdf,2.7手稿.pdf,3.232,8225838e2f87196cc29f8de7163082c5
隔离区,_重复副本-可删\03-其他可提炼内容\2026年方圆杭州寒假班\方圆2026冬令营无机提高补充资料2.14\课程手稿\2.8-2.9上午手稿.pdf,2.8-2.9上午手稿.pdf,4.553,3a23209a71ee130d0c23ded55f75e7bb
隔离区,_重复副本-可删\03-其他可提炼内容\2026年方圆杭州寒假班\方圆2026冬令营无机提高补充资料2.14\课程手稿\2.9下午手稿.pdf,2.9下午手稿.pdf,5.467,cf9284b5bd4157ee918270f239c9e7bb
隔离区,_重复副本-可删\03-其他可提炼内容\2026方圆暑期冲刺营\方圆\手稿\化学元素手稿1.pdf,化学元素手稿1.pdf,4.736,5f28fe9ac8eda929e328a45ef7ae34f8
隔离区,_重复副本-可删\03-其他可提炼内容\2026方圆暑期冲刺营\方圆\手稿\化学元素讲义2.pdf,化学元素讲义2.pdf,14.281,e4d032dcd8d209bf17d7e37cbc0293e4
隔离区,_重复副本-可删\03-其他可提炼内容\2026方圆暑期冲刺营\方圆\手稿\化学结构手稿.pdf,化学结构手稿.pdf,34.88,75b741b451f575661e912f7a325c9434
隔离区,_重复副本-可删\03-其他可提炼内容\2026方圆暑期冲刺营\方圆\手稿\试卷讲解手稿1.pdf,试卷讲解手稿1.pdf,7.363,e98d14a663d8821ce5033aba98f5253c
隔离区,_重复副本-可删\03-其他可提炼内容\2026方圆暑期冲刺营\方圆\手稿\试卷讲解手稿2.pdf,试卷讲解手稿2.pdf,1.673,c81d3e576dec5b6aaf6d5c0330be0e2b
隔离区,_重复副本-可删\03-其他可提炼内容\2026方圆暑期冲刺营\方圆\手稿\试卷讲解手稿3.pdf,试卷讲解手稿3.pdf,4.493,c2274b4017035f8ac86efa3264898280
隔离区,_重复副本-可删\2025-2026年伽马化学专题进阶线上班\11.16号线上回放\2025年伽马化学线上课讲义--有机部分11.16(1).pdf,2025年伽马化学线上课讲义--有机部分11.16(1).pdf,2.437,7623914f871700374c938e55c68dd45b
隔离区,_重复副本-可删\2025-2026年伽马化学专题进阶线上班\11.16号线上回放\无机化学一_课后习题Ans(5).pdf,无机化学一_课后习题Ans(5).pdf,0.391,27f402526d771eaee94a9fb445cfc074
隔离区,_重复副本-可删\2025-2026年伽马化学专题进阶线上班\11.16号线上回放\无机进阶l2板书(3).pdf,无机进阶l2板书(3).pdf,9.375,013f46359192f27d766ba07d674b8cbe
隔离区,_重复副本-可删\2025-2026年伽马化学专题进阶线上班\11.16号线上回放\讲义L2无机(3).pdf,讲义L2无机(3).pdf,0.695,ba76d2c77aae33d01102b0663282522a
隔离区,_重复副本-可删\2025-2026年伽马化学专题进阶线上班\11.16号线上回放\讲义L2无机课后题(3).pdf,讲义L2无机课后题(3).pdf,1.184,c999a595d9aceb02aadcaffa013bc17e
隔离区,_重复副本-可删\2025-2026年伽马化学专题进阶线上班\11.16号线上回放\讲义L2无机课后题解析(3).pdf,讲义L2无机课后题解析(3).pdf,1.255,1c6eebbdcb7426852269757b30ddb936
隔离区,_重复副本-可删\2025-2026年伽马化学专题进阶线上班\11.23号线上回放\2025年伽马化学线上课讲义--无机部分11.23.pdf,2025年伽马化学线上课讲义--无机部分11.23.pdf,1.576,6d6a162daf3520f38c6fd20a8b1f40dc
隔离区,_重复副本-可删\2025-2026年伽马化学专题进阶线上班\11.23号线上回放\2025年伽马化学线上课讲义--有机部分11.23.pdf,2025年伽马化学线上课讲义--有机部分11.23.pdf,5.161,279f37bd85bbe00ed791959c50e6c645
隔离区,_重复副本-可删\2025-2026年伽马化学专题进阶线上班\11.23号线上回放\机理实验.pdf,机理实验.pdf,0.885,0b8167f5bf7acdefade86718564591dc
隔离区,_重复副本-可删\2025-2026年伽马化学专题进阶线上班\11.23号线上回放\识谱.pdf,识谱.pdf,0.461,f2b34a322b6206f5150808ab19624373
隔离区,_重复副本-可删\2025-2026年伽马化学专题进阶线上班\11.30号线上回放\2025年伽马化学线上课讲义--无机部分11.30(1).pdf,2025年伽马化学线上课讲义--无机部分11.30(1).pdf,1.113,2b4463b4cf7f5e324227864f7a1162b7
隔离区,_重复副本-可删\2025-2026年伽马化学专题进阶线上班\11.30号线上回放\2025年伽马化学线上课讲义--有机部分11.30(1).pdf,2025年伽马化学线上课讲义--有机部分11.30(1).pdf,3.301,73c516510b6bdea59681c7b02a88b16b
隔离区,_重复副本-可删\2025-2026年伽马化学专题进阶线上班\11.9号线上回放\2025年伽马化学线上课讲义--无机部分11.9(1).pdf,2025年伽马化学线上课讲义--无机部分11.9(1).pdf,1.758,92158389178b9882d09fe8e6a7d6957b
隔离区,_重复副本-可删\2025-2026年伽马化学专题进阶线上班\11.9号线上回放\2025年伽马化学线上课讲义--有机部分11.9(1).pdf,2025年伽马化学线上课讲义--有机部分11.9(1).pdf,1.194,1753a592d3abcd9fb73232620c59ba0f
隔离区,_重复副本-可删\2025-2026年伽马化学专题进阶线上班\11.9号线上回放\无机化学一_课后习题Ans(1).pdf,无机化学一_课后习题Ans(1).pdf,0.391,27f402526d771eaee94a9fb445cfc074
隔离区,_重复副本-可删\2025-2026年伽马化学专题进阶线上班\11.9号线上回放\有机化学一_课后习题Ans(1).pdf,有机化学一_课后习题Ans(1).pdf,0.242,b71240efb6b53357d32a05989cf494b1
隔离区,_重复副本-可删\2025-2026年伽马化学专题进阶线上班\12.14号线上回放\2025年伽马化学线上课讲义--有机部分12_14.pdf,2025年伽马化学线上课讲义--有机部分12_14.pdf,6.299,db4a92faaeb2aac6db0d14944cd92e81
隔离区,_重复副本-可删\2025-2026年伽马化学专题进阶线上班\12.14号线上回放\乙烯型卤代烃的亲核取代反应.pdf,乙烯型卤代烃的亲核取代反应.pdf,0.496,653e2ec5aeb46cc7a8447c87b100ee7a
隔离区,_重复副本-可删\2025-2026年伽马化学专题进阶线上班\12.14号线上回放\结构专题进阶2 课后作业答案.pdf,结构专题进阶2 课后作业答案.pdf,0.596,f33493fff9e64a5b15c3c3c9c3db2f41
隔离区,_重复副本-可删\2025-2026年伽马化学专题进阶线上班\12.21号线上回放\2025年伽马化学线上课讲义--无机部分12.21.pdf,2025年伽马化学线上课讲义--无机部分12.21.pdf,1.126,df51df6e22c16685b6c1b58a0f90cd46
隔离区,_重复副本-可删\2025-2026年伽马化学专题进阶线上班\12.21号线上回放\2025年伽马化学线上课讲义--有机部分12.21.pdf,2025年伽马化学线上课讲义--有机部分12.21.pdf,2.875,c53b2645bf0ab33995ac6c38a09fa490
隔离区,_重复副本-可删\2025-2026年伽马化学专题进阶线上班\12.21号线上回放\2025年伽马化学线上课讲义--有机部分12_21.pdf,2025年伽马化学线上课讲义--有机部分12_21.pdf,7.435,b5f84cb90f4432b42bd3178f52c50005
隔离区,_重复副本-可删\2025-2026年伽马化学专题进阶线上班\12.21号线上回放\习题答案手写版.pdf,习题答案手写版.pdf,3.963,9e53ff8a5294082da0f49c4efbddd7f9
隔离区,_重复副本-可删\2025-2026年伽马化学专题进阶线上班\12.21号线上回放\讲义（笔记版）(1).pdf,讲义（笔记版）(1).pdf,13.569,9ac72865b6298c7c420b556596f1e8b3
隔离区,_重复副本-可删\2025-2026年伽马化学专题进阶线上班\12.21号线上回放\配合物结构习题 答案版.pdf,配合物结构习题 答案版.pdf,1.191,9d9409f62ace6b4c16f06524537b5d2b
隔离区,_重复副本-可删\2025-2026年伽马化学专题进阶线上班\12.28号线上回放\2025年伽马化学线上课讲义--无机部分12.28.pdf,2025年伽马化学线上课讲义--无机部分12.28.pdf,1.22,67873ec31504b639b71cba5bbc15b3a0
隔离区,_重复副本-可删\2025-2026年伽马化学专题进阶线上班\12.28号线上回放\2025年伽马化学线上课讲义--有机部分12_28.pdf,2025年伽马化学线上课讲义--有机部分12_28.pdf,9.111,ee0c89043941d63370fef0b9d5fd7697
隔离区,_重复副本-可删\2025-2026年伽马化学专题进阶线上班\12.28号线上回放\无机L8手写讲义.pdf,无机L8手写讲义.pdf,15.028,78e88f379d31de3de8a0219889c901d8
隔离区,_重复副本-可删\2025-2026年伽马化学专题进阶线上班\12.7号线上回放\2025年伽马化学线上课讲义--无机部分12.7.pdf,2025年伽马化学线上课讲义--无机部分12.7.pdf,1.193,0419ddb9c75b4dec1662dc27f44e7204
隔离区,_重复副本-可删\2025-2026年伽马化学专题进阶线上班\12.7号线上回放\2025年伽马化学线上课讲义--有机部分12.7.pdf,2025年伽马化学线上课讲义--有机部分12.7.pdf,1.812,cfe08d61cdaf7f49a7b9f43b5cbfdd57
隔离区,_重复副本-可删\2025-2026年伽马化学专题进阶线上班\12.7号线上回放\science.adq4980.pdf,science.adq4980.pdf,1.294,c5f32f52ae5d69b0e21966cce37db40b
隔离区,_重复副本-可删\2025-2026年伽马化学专题进阶线上班\12.7号线上回放\原子结构.pdf,原子结构.pdf,6.439,d586bfb1df14b1fd97fcd72273b489d0
隔离区,_重复副本-可删\2025-2026年伽马化学专题进阶线上班\2026年.1.25号线上回放\年伽马化学线上课讲义--无机部分1.25(2).pdf,年伽马化学线上课讲义--无机部分1.25(2).pdf,4.888,99578b19d3eefae090e9bdae80974e7d
隔离区,_重复副本-可删\2025-2026年伽马化学专题进阶线上班\2026年1.18号线上回放\2026年伽马化学线上课讲义--无机部分1.18(2).pdf,2026年伽马化学线上课讲义--无机部分1.18(2).pdf,0.808,32a1571d1331ff6619e8d79a2219cee4
隔离区,_重复副本-可删\2025-2026年伽马化学专题进阶线上班\2026年1.18号线上回放\2026年伽马化学线上课讲义--有机部分1.18(2).pdf,2026年伽马化学线上课讲义--有机部分1.18(2).pdf,2.636,91c586bdd346ae7dcd8b4e521e77bd2e
隔离区,_重复副本-可删\2025-2026年伽马化学专题进阶线上班\2026年1.18号线上回放\晶体结构.pdf,晶体结构.pdf,29.888,cfbcedc737cb0633e790b073873ae912
隔离区,_重复副本-可删\2025-2026年伽马化学专题进阶线上班\2026年1.4号线上回放\1.4无机\2026年伽马化学线上课讲义--无机部分1.4.pdf,2026年伽马化学线上课讲义--无机部分1.4.pdf,3.617,5c4430088b13efe0dab79b703b32604e
隔离区,_重复副本-可删\2025-2026年伽马化学专题进阶线上班\2026年1.4号线上回放\1.4无机\晶体题答案.pdf,晶体题答案.pdf,1.562,6ad99b250a529aa63962fc2d9b7637c8
隔离区,_重复副本-可删\2025-2026年伽马化学专题进阶线上班\2026年1.4号线上回放\1.4有机\2026年伽马化学线上课讲义--有机部分1.4..pdf,2026年伽马化学线上课讲义--有机部分1.4..pdf,2.784,deeee2e5cc5856f2832b6a7d1eeb2cb2
隔离区,_重复副本-可删\2026年XeChem6月线上班\Xe6月网课资料\骨架编辑 (2).pdf,骨架编辑 (2).pdf,4.573,abc3504332c3d4b61e8ec0848e380852
隔离区,_重复副本-可删\2026年夏令营汇智长沙班\热力学等44项文件\Chapter1 原子结构、分子结构 (1).pdf,Chapter1 原子结构、分子结构 (1).pdf,7.16,026bc5947d078ba6c23e897aa45b59c5
隔离区,_重复副本-可删\2026年夏令营汇智长沙班\热力学等44项文件\Chapter2 配合物结构 (1).pdf,Chapter2 配合物结构 (1).pdf,10.954,3ad8ea72f533e809925cbbd7d9fdfb1e
隔离区,_重复副本-可删\2026年夏令营汇智长沙班\热力学等44项文件\动力学讲义终稿 (1).pdf,动力学讲义终稿 (1).pdf,11.678,99f4adeacb1406ef972f7a8fb946c6e8
隔离区,_重复副本-可删\2026年夏令营汇智长沙班\热力学等44项文件\微积分 (1).pdf,微积分 (1).pdf,17.681,ab7fa96423ac79806e9af67af3b5949a
隔离区,_重复副本-可删\2026年夏令营汇智长沙班\热力学等44项文件\无机讲义.pdf(1) (1).pdf,无机讲义.pdf(1) (1).pdf,13.689,e12155230c83b24ad2366e219c9f5df9
隔离区,_重复副本-可删\2026年夏令营汇智长沙班\热力学等44项文件\溶液(1) (1).pdf,溶液(1) (1).pdf,3.594,9a0f460c45fe1eaa8284d0a2dde369b6
隔离区,_重复副本-可删\2026年夏令营汇智长沙班\热力学等44项文件\热力学 (1).pdf,热力学 (1).pdf,11.924,5d702c7a4f712c3568d321b61b30f385
隔离区,_重复副本-可删\2026年夏令营汇智长沙班\热力学等44项文件\热力学全篇 (1).pdf,热力学全篇 (1).pdf,18.166,372581e6aaf33b1634c681e9c10c5fa2
隔离区,_重复副本-可删\2026年夏令营汇智长沙班\热力学等44项文件\物化1解析手稿(1) (1).pdf,物化1解析手稿(1) (1).pdf,2.851,0db3091b1fa46d50c25e86b21b9bc2e3
隔离区,_重复副本-可删\2026年夏令营汇智长沙班\热力学等44项文件\电化学 (1).pdf,电化学 (1).pdf,10.05,97c82a5549769f5f5bca89f44a3c3972
隔离区,_重复副本-可删\2026年夏令营汇智长沙班\热力学等44项文件\题目手稿 (1).pdf,题目手稿 (1).pdf,16.405,2406ee59c662e6d8e2bed98ede721440
隔离区,_重复副本-可删\H633.化英社2026年寒假年前班国初模拟 3套+答案\化英社寒假初赛模拟 1.pdf,化英社寒假初赛模拟 1.pdf,27.475,c492764b9f3d9359672a4b059268dcb7
隔离区,_重复副本-可删\H633.化英社2026年寒假年前班国初模拟 3套+答案\化英社寒假初赛模拟 2.pdf,化英社寒假初赛模拟 2.pdf,16.674,16a964f42d53288eb13bfbccb3c28eac
隔离区,_重复副本-可删\H633.化英社2026年寒假年前班国初模拟 3套+答案\化英社寒假初赛模拟 3.pdf,化英社寒假初赛模拟 3.pdf,27.988,831fa0d7568485dc5858e66c6b187126
隔离区,_重复副本-可删\_答题卡-可删\2026年化英社4月春季班\化英社春季班\2026化英社 春季班试卷\10\第40届初赛模拟10答题卡（清晰版）.pdf,第40届初赛模拟10答题卡（清晰版）.pdf,2.091,6261f296a652c6a098d21cb77a957f19
隔离区,_重复副本-可删\_答题卡-可删\2026年化英社4月春季班\化英社春季班\2026化英社 春季班试卷\11\第40届初赛模拟11答题卡（清晰版）.pdf,第40届初赛模拟11答题卡（清晰版）.pdf,1.658,0a881e4cacdbd45eedce73e2d34fe90c
隔离区,_重复副本-可删\_答题卡-可删\2026年化英社4月春季班\化英社春季班\2026化英社 春季班试卷\7\初赛模拟7答题卡(已优化).pdf,初赛模拟7答题卡(已优化).pdf,14.774,1b4d8efc6907b9f0134410f9274387d8
隔离区,_重复副本-可删\_答题卡-可删\2026年化英社4月春季班\化英社春季班\2026化英社 春季班试卷\7\初赛模拟7答题卡.pdf,初赛模拟7答题卡.pdf,1.743,1a5fec3b5034a2e4ca588a84cf0802f2
隔离区,_重复副本-可删\_答题卡-可删\2026年化英社4月春季班\化英社春季班\2026化英社 春季班试卷\9\模拟试题9答题卡.pdf,模拟试题9答题卡.pdf,1.908,82fe93f733e60a22e675dc38ae2da9df
隔离区,_重复副本-可删\_答题卡-可删\2026年化英社4月春季班\化英社春季班\2026化英社 春季班试卷\9\模拟试题9答题卡（清晰版）.pdf,模拟试题9答题卡（清晰版）.pdf,1.861,4eba440c2eef32006754dafcef6f4aca
隔离区,_重复副本-可删\_答题卡-可删\2026年化英社4月春季班\化英社春季班\2026化英社 春季班试卷\决赛模拟\第40届决赛模拟1答题卡（清晰版）.pdf,第40届决赛模拟1答题卡（清晰版）.pdf,2.132,d18bc8ee691b686af11a1f14e5537c4f
隔离区,_重复副本-可删\_答题卡-可删\2026年化英社4月春季班\化英社春季班\2026化英社 春季班试卷\有机\春季-有机专题1答题卡(已优化).pdf,春季-有机专题1答题卡(已优化).pdf,6.975,f629c65fbc90866c41f59aa955e27251
隔离区,_重复副本-可删\_答题卡-可删\2026年化英社4月春季班\化英社春季班\2026化英社 春季班试卷\有机\春季-有机专题1答题卡.pdf,春季-有机专题1答题卡.pdf,6.52,dbb762b4047321ceb3dd1d81f7912510
隔离区,_重复副本-可删\_答题卡-可删\2026年化英社4月春季班\化英社春季班\2026化英社 春季班试卷\结构\第40届化英社初赛结构专题1-答题卡-清晰版.pdf,第40届化英社初赛结构专题1-答题卡-清晰版.pdf,1.252,e6864a04597e7e52d0d3dcf34a90de81
隔离区,_重复副本-可删\_答题卡-可删\2026年化英社4月春季班\化英社春季班\2026化英社 春季班试卷\计算\第40届初赛计算专题1答题卡（清晰版）.pdf,第40届初赛计算专题1答题卡（清晰版）.pdf,1.912,47142ec92ebfcb72b3ef92ff91b11dc3
已展开压缩包,03-其他可提炼内容\2026年夏令营汇智长沙班\热力学等44项文件\长沙有机前三天所用文献.rar,长沙有机前三天所用文献.rar,96.292,bb0a4d21a7a130ae5b4838e6606d83f1
已展开压缩包,03-其他可提炼内容\2026年方圆杭州寒假班\2026寒假有机专题资料合集.zip,2026寒假有机专题资料合集.zip,44.749,cdfac4d22bbdf5070464739bd9d5ee42
已展开压缩包,03-其他可提炼内容\2026年方圆杭州寒假班\方圆2026冬令营无机提高补充资料2.14.zip,方圆2026冬令营无机提高补充资料2.14.zip,74.912,27cbf5f6d78775fbc088318b392ad54e
已展开压缩包,03-其他可提炼内容\2026方圆暑期冲刺营\方圆\上课手稿.zip,上课手稿.zip,71.813,f0a3b98e8fea9e317d04b8c9cc6f3a46
已展开压缩包,03-其他可提炼内容\2026方圆暑期冲刺营\方圆\手稿.zip,手稿.zip,63.727,70c433d7a7660d87c0f6876ab54f7b2d
已展开压缩包,03-其他可提炼内容\2026方圆暑期冲刺营\方圆\试卷及答案电子版.zip,试卷及答案电子版.zip,11.485,ceb7dc801c33f287a04d4440a26085e7
已展开压缩包,03-其他可提炼内容\2026方圆暑期冲刺营\方圆\试卷及答案电子版\卷一.zip,卷一.zip,2.606,e7cfae1d845430f6818482acb360b351
已展开压缩包,03-其他可提炼内容\2026方圆暑期冲刺营\方圆\试卷及答案电子版\卷三.zip,卷三.zip,4.078,6cf243c676f2735280cf4a32522a2105
已展开压缩包,03-其他可提炼内容\2026方圆暑期冲刺营\方圆\试卷及答案电子版\卷二.zip,卷二.zip,4.803,d6a7639ca2cec07b4e13d46c217ba75a
