机构,卷,状态,题数,题卡,答案齐全,配图缺失,备注
壹尖培优,20260228广州模拟测,已拆,8,8,0,0,
壹尖培优,无机专题卷1,已拆,9,9,9,0,
壹尖培优,无机专题卷2,已拆,9,9,9,0,
壹尖培优,模拟测1,已拆,6,6,6,0,
壹尖培优,模拟测2,已拆,8,8,7,0,
壹尖培优,模拟测3,已拆,9,9,9,0,
壹尖培优,第40届中国化学奥林匹克（初赛）模拟1,已拆,8,8,7,0,
壹尖培优,第40届中国化学奥林匹克（初赛）模拟10,已拆,8,8,8,0,
壹尖培优,第40届中国化学奥林匹克（初赛）模拟11,已拆,9,9,7,0,
壹尖培优,第40届中国化学奥林匹克（初赛）模拟12,已拆,8,8,7,0,
壹尖培优,第40届中国化学奥林匹克（初赛）模拟13,已拆,7,7,6,0,
壹尖培优,第40届中国化学奥林匹克（初赛）模拟2,已拆,8,8,8,0,
壹尖培优,第40届中国化学奥林匹克（初赛）模拟3,已拆,8,8,7,0,
壹尖培优,第40届中国化学奥林匹克（初赛）模拟4,已拆,8,8,8,0,
壹尖培优,第40届中国化学奥林匹克（初赛）模拟5,已拆,8,8,7,0,
壹尖培优,第40届中国化学奥林匹克（初赛）模拟6,已拆,8,8,6,0,
壹尖培优,第40届中国化学奥林匹克（初赛）模拟7,已拆,8,8,7,0,
壹尖培优,第40届中国化学奥林匹克（初赛）模拟8,已拆,9,9,9,0,
壹尖培优,第40届中国化学奥林匹克（初赛）模拟9,已拆,7,7,6,0,
