类,机构,文件,汉字,图,注记,源,路径
无有效答案,2ChO,题-2ChO-02-01-自从1849年Frankla.md,4,0,源池无本题答案,第2届2ChO化学奥林匹克联考试题.md,04-题库\2026机构初赛模拟题\2ChO\题-2ChO-02-01-自从1849年Frankla.md
无有效答案,2ChO,题-2ChO-02-04-化合物A与在温和条件下可以生.md,4,0,源池无本题答案,第2届2ChO化学奥林匹克联考试题.md,04-题库\2026机构初赛模拟题\2ChO\题-2ChO-02-04-化合物A与在温和条件下可以生.md
无有效答案,chemy,题-CM-04-09-炔丙醇在酸性条件下易于发生下.md,4,0,无独立文字答案,化学试卷-初赛模拟试题4+答案.md,04-题库\2026机构初赛模拟题\chemy\题-CM-04-09-炔丙醇在酸性条件下易于发生下.md
无有效答案,chemy,题-CM-41-06-有一顺磁性物质的单位体积内有.md,4,0,源池仅含题面复述,第41届chemy联赛.md,04-题库\2026机构初赛模拟题\chemy\题-CM-41-06-有一顺磁性物质的单位体积内有.md
无有效答案,XeChem,题-XeC-01-01-二萜entkaurene家族.md,4,0,源池无本题答案,T1.md,04-题库\2026机构初赛模拟题\XeChem\题-XeC-01-01-二萜entkaurene家族.md
无有效答案,XeChem,题-XeC-18-02-利用可再生能源将电化学还原为.md,4,0,答案缺失,（已压缩）PDF合并_1-199.md,04-题库\2026机构初赛模拟题\XeChem\题-XeC-18-02-利用可再生能源将电化学还原为.md
无有效答案,XeChem,题-XeC-18-03-你说得对但是在本题中你将扮演.md,4,0,答案缺失,（已压缩）PDF合并_1-199.md,04-题库\2026机构初赛模拟题\XeChem\题-XeC-18-03-你说得对但是在本题中你将扮演.md
无有效答案,XeChem,题-XeC-18-04-碘化铵是一种重要的无机盐加热.md,4,0,答案缺失,（已压缩）PDF合并_1-199.md,04-题库\2026机构初赛模拟题\XeChem\题-XeC-18-04-碘化铵是一种重要的无机盐加热.md
无有效答案,XeChem,题-XeC-18-05-磷酸盐是常用的水处理剂其产品.md,4,0,答案缺失,（已压缩）PDF合并_1-199.md,04-题库\2026机构初赛模拟题\XeChem\题-XeC-18-05-磷酸盐是常用的水处理剂其产品.md
无有效答案,XeChem,题-XeC-18-06-逻辑门LogicGates是.md,4,0,答案缺失,（已压缩）PDF合并_1-199.md,04-题库\2026机构初赛模拟题\XeChem\题-XeC-18-06-逻辑门LogicGates是.md
无有效答案,XeChem,题-XeC-18-07-作为结构优美的柏拉图烃之一十.md,4,0,答案缺失,（已压缩）PDF合并_1-199.md,04-题库\2026机构初赛模拟题\XeChem\题-XeC-18-07-作为结构优美的柏拉图烃之一十.md
无有效答案,XeChem,题-XeC-18-08-81本题的主题是酰胺活化即通.md,4,0,答案缺失,（已压缩）PDF合并_1-199.md,04-题库\2026机构初赛模拟题\XeChem\题-XeC-18-08-81本题的主题是酰胺活化即通.md
无有效答案,伽马,题-GM-01-01-11设将直链共轭多烯烃分子中.md,4,0,源池仅含题面复述,伽马化学2026年五一模拟5-讲稿1.md,04-题库\2026机构初赛模拟题\伽马\题-GM-01-01-11设将直链共轭多烯烃分子中.md
无有效答案,伽马,题-GM-01-01-题.md,4,0,源池无本题答案,作业1.md,04-题库\2026机构初赛模拟题\伽马\题-GM-01-01-题.md
无有效答案,伽马,题-GM-01-02-X与某元素的二元化合物只能通.md,4,0,源池仅含题面复述,伽马化学2026年五一模拟5-讲稿1.md,04-题库\2026机构初赛模拟题\伽马\题-GM-01-02-X与某元素的二元化合物只能通.md
无有效答案,伽马,题-GM-01-02-题.md,4,0,源池仅含题面复述,作业1.md,04-题库\2026机构初赛模拟题\伽马\题-GM-01-02-题.md
无有效答案,伽马,题-GM-01-05-我们用NN二乙基14苯二胺D.md,4,0,源池仅含题面复述,伽马化学2026年五一模拟5-讲稿1.md,04-题库\2026机构初赛模拟题\伽马\题-GM-01-05-我们用NN二乙基14苯二胺D.md
无有效答案,伽马,题-GM-01-11-在室温以及碱存在下以下两化合.md,4,0,源池无本题答案,作业1.md,04-题库\2026机构初赛模拟题\伽马\题-GM-01-11-在室温以及碱存在下以下两化合.md
无有效答案,伽马,题-GM-06-02-十10分下列反应并未得到预期.md,4,0,源池无本题答案,有机作业L6.md,04-题库\2026机构初赛模拟题\伽马\题-GM-06-02-十10分下列反应并未得到预期.md
无有效答案,伽马,题-GM-06-05-黄原酸酯的反应1899年俄国.md,4,0,源池未见独立答案,有机作业L6.md,04-题库\2026机构初赛模拟题\伽马\题-GM-06-05-黄原酸酯的反应1899年俄国.md
无有效答案,伽马,题-GM-06-06-苯甲酸重排苯甲酸重排Benz.md,4,0,源池无本题答案,有机作业L6.md,04-题库\2026机构初赛模拟题\伽马\题-GM-06-06-苯甲酸重排苯甲酸重排Benz.md
无有效答案,伽马,题-GM-06-07-71将的碱性由强到弱排序72.md,4,0,源池未见独立答案,有机作业L6.md,04-题库\2026机构初赛模拟题\伽马\题-GM-06-07-71将的碱性由强到弱排序72.md
无有效答案,伽马,题-GM-06-08-1993年ClaudeAga.md,4,0,源池无本题答案,有机作业L6.md,04-题库\2026机构初赛模拟题\伽马\题-GM-06-08-1993年ClaudeAga.md
无有效答案,伽马,题-GM-06-09-高价碘试剂作为一种高效温和的.md,4,0,源池仅含题面复述,有机作业L6.md,04-题库\2026机构初赛模拟题\伽马\题-GM-06-09-高价碘试剂作为一种高效温和的.md
无有效答案,伽马,题-GM-08-01-11卡宾具有两种形态在光谱学.md,4,0,源池未见独立答案,伽马化学2026年暑期模拟8.md,04-题库\2026机构初赛模拟题\伽马\题-GM-08-01-11卡宾具有两种形态在光谱学.md
无有效答案,伽马,题-GM-08-02-COF材料即共价有机框架Co.md,4,0,源池未见独立答案,伽马化学2026年暑期模拟8.md,04-题库\2026机构初赛模拟题\伽马\题-GM-08-02-COF材料即共价有机框架Co.md
无有效答案,伽马,题-GM-08-03-31作为金属配合物和纳米颗粒.md,4,0,源池未见独立答案,伽马化学2026年暑期模拟8.md,04-题库\2026机构初赛模拟题\伽马\题-GM-08-03-31作为金属配合物和纳米颗粒.md
无有效答案,伽马,题-GM-08-04-最近来自日本的研究人员报道了.md,4,0,源池仅含题面复述,伽马化学2026年暑期模拟8.md,04-题库\2026机构初赛模拟题\伽马\题-GM-08-04-最近来自日本的研究人员报道了.md
无有效答案,伽马,题-GM-08-05-本题涉及的化合物均由MN和氧.md,4,0,源池无本题答案,伽马化学2026年暑期模拟8.md,04-题库\2026机构初赛模拟题\伽马\题-GM-08-05-本题涉及的化合物均由MN和氧.md
无有效答案,伽马,题-GM-08-06-苯酚在四氮化碳溶液中溶解时分.md,4,0,源池未见独立答案,伽马化学2026年暑期模拟8.md,04-题库\2026机构初赛模拟题\伽马\题-GM-08-06-苯酚在四氮化碳溶液中溶解时分.md
无有效答案,伽马,题-GM-08-07-含磷有机化合物具有独特的化学.md,4,0,源池未见独立答案,伽马化学2026年暑期模拟8.md,04-题库\2026机构初赛模拟题\伽马\题-GM-08-07-含磷有机化合物具有独特的化学.md
无有效答案,伽马,题-GM-08-08-硼是有机化学中新兴的热点硼具.md,4,0,源池未见独立答案,伽马化学2026年暑期模拟8.md,04-题库\2026机构初赛模拟题\伽马\题-GM-08-08-硼是有机化学中新兴的热点硼具.md
无有效答案,伽马,题-GM-08-09-全合成TotalSynthe.md,4,0,源池无本题答案,伽马化学2026年暑期模拟8.md,04-题库\2026机构初赛模拟题\伽马\题-GM-08-09-全合成TotalSynthe.md
无有效答案,伽马,题-GM-09-01-二氧化碳是造成温室效应的主要.md,4,0,源池仅含题面复述,无机化学一_课后习题11.9.md,04-题库\2026机构初赛模拟题\伽马\题-GM-09-01-二氧化碳是造成温室效应的主要.md
无有效答案,伽马,题-GM-09-02-本题是一道非常中规中矩考查酸.md,4,0,源池无本题答案,无机化学一_课后习题11.9.md,04-题库\2026机构初赛模拟题\伽马\题-GM-09-02-本题是一道非常中规中矩考查酸.md
无有效答案,伽马,题-GM-09-03-21反应1反应2或反应3或2.md,4,0,源池无本题答案,无机化学一_课后习题11.9.md,04-题库\2026机构初赛模拟题\伽马\题-GM-09-03-21反应1反应2或反应3或2.md
无有效答案,伽马,题-GM-20-06-某最简式为的晶体属立方晶系a.md,4,0,源池仅含题面复述,伽马化学2026年五一模拟1-讲稿.md,04-题库\2026机构初赛模拟题\伽马\题-GM-20-06-某最简式为的晶体属立方晶系a.md
无有效答案,伽马,题-GM-21-02-题.md,4,0,源池仅含题面复述,伽马化学2026年五一模拟5 - 讲稿(1).md,04-题库\2026机构初赛模拟题\伽马\题-GM-21-02-题.md
无有效答案,伽马,题-GM-22-05-51用还原反应的历程如下所示.md,4,0,源池仅含题面复述,伽马化学2026年五一模拟2-讲稿.md,04-题库\2026机构初赛模拟题\伽马\题-GM-22-05-51用还原反应的历程如下所示.md
无有效答案,伽马,题-GM-22-07-若将忽略气体分子的内部结构将.md,4,0,源池仅含题面复述,伽马化学2026年五一模拟2-讲稿.md,04-题库\2026机构初赛模拟题\伽马\题-GM-22-07-若将忽略气体分子的内部结构将.md
无有效答案,伽马,题-GM-23-01-对于RichardTurne.md,4,0,源池仅含题面复述,伽马化学2026年五一模拟6-讲稿.md,04-题库\2026机构初赛模拟题\伽马\题-GM-23-01-对于RichardTurne.md
无有效答案,伽马,题-GM-24-03-X射线衍射XRD是研究晶体结.md,4,0,源池仅含题面复述,伽马化学2026年五一模拟4-讲稿.md,04-题库\2026机构初赛模拟题\伽马\题-GM-24-03-X射线衍射XRD是研究晶体结.md
无有效答案,伽马,题-GM-25-01-题源化英社3809金红石是缺.md,4,0,源池无本题答案,gamma晶体结构习题.md,04-题库\2026机构初赛模拟题\伽马\题-GM-25-01-题源化英社3809金红石是缺.md
无有效答案,伽马,题-GM-25-02-题源TBNChem3710R.md,4,0,源池仅含题面复述,gamma晶体结构习题.md,04-题库\2026机构初赛模拟题\伽马\题-GM-25-02-题源TBNChem3710R.md
无有效答案,伽马,题-GM-25-03-题源Chemy3717立方钙.md,4,0,源池仅含题面复述,gamma晶体结构习题.md,04-题库\2026机构初赛模拟题\伽马\题-GM-25-03-题源Chemy3717立方钙.md
无有效答案,伽马,题-GM-25-04-题源化英社3801钙钛矿是一.md,4,0,源池无本题答案,gamma晶体结构习题.md,04-题库\2026机构初赛模拟题\伽马\题-GM-25-04-题源化英社3801钙钛矿是一.md
无有效答案,伽马,题-GM-25-05-题源Chemy3819钙钛矿.md,4,0,源池未见独立答案,gamma晶体结构习题.md,04-题库\2026机构初赛模拟题\伽马\题-GM-25-05-题源Chemy3819钙钛矿.md
无有效答案,伽马,题-GM-25-06-题源COBP3504T52灼.md,4,0,源池无本题答案,gamma晶体结构习题.md,04-题库\2026机构初赛模拟题\伽马\题-GM-25-06-题源COBP3504T52灼.md
无有效答案,伽马,题-GM-25-07-题源COBP3505俗称刚玉.md,4,0,源池无本题答案,gamma晶体结构习题.md,04-题库\2026机构初赛模拟题\伽马\题-GM-25-07-题源COBP3505俗称刚玉.md
无有效答案,伽马,题-GM-25-08-题源2024年清北营暑假班试.md,4,0,源池仅含题面复述,gamma晶体结构习题.md,04-题库\2026机构初赛模拟题\伽马\题-GM-25-08-题源2024年清北营暑假班试.md
无有效答案,伽马,题-GM-25-09-题源2018年清北营暑假班明.md,4,0,源池仅含题面复述,gamma晶体结构习题.md,04-题库\2026机构初赛模拟题\伽马\题-GM-25-09-题源2018年清北营暑假班明.md
无有效答案,伽马,题-GM-25-10-的晶体结构与一种常见的晶体结.md,4,0,源池仅含题面复述,gamma晶体结构习题.md,04-题库\2026机构初赛模拟题\伽马\题-GM-25-10-的晶体结构与一种常见的晶体结.md
无有效答案,化英社,题-HYS-01-01-11在DielsAlder反.md,4,0,源池未见独立答案,春季-有机专题1试卷已优化.md,04-题库\2026机构初赛模拟题\化英社\题-HYS-01-01-11在DielsAlder反.md
无有效答案,化英社,题-HYS-01-02-自然界中存在的含氮化合物大多.md,4,0,源池未见独立答案,春季-有机专题1试卷已优化.md,04-题库\2026机构初赛模拟题\化英社\题-HYS-01-02-自然界中存在的含氮化合物大多.md
无有效答案,化英社,题-HYS-01-02-载有生物活性分子的碳硼簇药物.md,4,0,源池仅含题面复述,第40届化英社化学奥林匹克决赛夏季模拟试题1.md,04-题库\2026机构初赛模拟题\化英社\题-HYS-01-02-载有生物活性分子的碳硼簇药物.md
无有效答案,化英社,题-HYS-01-03-31研究人员利用CO激活有机.md,4,0,源池仅含题面复述,春季-有机专题1试卷(已优化).md,04-题库\2026机构初赛模拟题\化英社\题-HYS-01-03-31研究人员利用CO激活有机.md
无有效答案,化英社,题-HYS-01-03-31研究人员利用激活有机硼化.md,4,0,源池未见独立答案,春季-有机专题1试卷已优化.md,04-题库\2026机构初赛模拟题\化英社\题-HYS-01-03-31研究人员利用激活有机硼化.md
无有效答案,化英社,题-HYS-01-04-苯炔是最具反应性的有机中间体.md,4,0,源池未见独立答案,春季-有机专题1试卷已优化.md,04-题库\2026机构初赛模拟题\化英社\题-HYS-01-04-苯炔是最具反应性的有机中间体.md
无有效答案,化英社,题-HYS-01-07-12迁移反应是正离子重排的常.md,4,0,源池无本题答案,春季-有机专题1试卷(已优化).md,04-题库\2026机构初赛模拟题\化英社\题-HYS-01-07-12迁移反应是正离子重排的常.md
无有效答案,化英社,题-HYS-02-02-21唯象热力学中的热容在唯象.md,4,0,源池仅含题面复述,化英社2026第40届决赛物化专题2试卷（清晰版）.md,04-题库\2026机构初赛模拟题\化英社\题-HYS-02-02-21唯象热力学中的热容在唯象.md
无有效答案,化英社,题-HYS-02-03-钴氧体系在电化学中十分重要的.md,4,0,源池无本题答案,化英社2026第40届决赛物化专题2试卷（清晰版）.md,04-题库\2026机构初赛模拟题\化英社\题-HYS-02-03-钴氧体系在电化学中十分重要的.md
无有效答案,化英社,题-HYS-02-04-41堆积参数在自组装问题中几.md,4,0,源池未见独立答案,化英社2026第40届决赛物化专题2试卷（清晰版）.md,04-题库\2026机构初赛模拟题\化英社\题-HYS-02-04-41堆积参数在自组装问题中几.md
无有效答案,化英社,题-HYS-02-05-酶支撑生命之流的网格51推断.md,4,0,源池仅含题面复述,化英社2026第40届决赛物化专题2试卷（清晰版）.md,04-题库\2026机构初赛模拟题\化英社\题-HYS-02-05-酶支撑生命之流的网格51推断.md
无有效答案,化英社,题-HYS-03-06-水宝宝是一种外表晶莹漂亮的凝.md,4,0,源池仅含题面复述,第40届化英社化学奥林匹克（初赛）夏季模拟试题3.md,04-题库\2026机构初赛模拟题\化英社\题-HYS-03-06-水宝宝是一种外表晶莹漂亮的凝.md
无有效答案,化英社,题-HYS-13-05-X是一种较为常见的过渡金属元.md,4,0,源池仅含题面复述,第40届化英社化学奥林匹克（初赛）夏季初赛模拟13.md,04-题库\2026机构初赛模拟题\化英社\题-HYS-13-05-X是一种较为常见的过渡金属元.md
无有效答案,化英社,题-HYS-14-01-二氧化硫是葡萄酒中最常用的防.md,4,0,源池仅含题面复述,第40届化英社化学奥林匹克（初赛）模拟试题14.md,04-题库\2026机构初赛模拟题\化英社\题-HYS-14-01-二氧化硫是葡萄酒中最常用的防.md
无有效答案,化英社,题-HYS-14-05-20世纪40年代中期洛杉矶首.md,4,0,源池仅含题面复述,第40届化英社化学奥林匹克（初赛）模拟试题14.md,04-题库\2026机构初赛模拟题\化英社\题-HYS-14-05-20世纪40年代中期洛杉矶首.md
无有效答案,北京夏令营,题-BJLY-01-01-11在酸性条件下可与亚硝酸盐.md,4,0,源池无本题答案,北京夏令营-无机巩固练习一1785409334.md,04-题库\2026机构初赛模拟题\北京夏令营\题-BJLY-01-01-11在酸性条件下可与亚硝酸盐.md
无有效答案,北京夏令营,题-BJLY-01-02-卡宾的活性高度依赖其电子状态.md,4,0,源池无本题答案,北京夏令营-无机巩固练习一1785409334.md,04-题库\2026机构初赛模拟题\北京夏令营\题-BJLY-01-02-卡宾的活性高度依赖其电子状态.md
无有效答案,北京夏令营,题-BJLY-01-03-元素X是用通常的物理和化学方.md,4,0,源池无本题答案,北京夏令营-无机巩固练习一1785409334.md,04-题库\2026机构初赛模拟题\北京夏令营\题-BJLY-01-03-元素X是用通常的物理和化学方.md
无有效答案,北京夏令营,题-BJLY-01-04-人们对低价Ge的研究从未停止.md,4,0,源池无本题答案,北京夏令营-无机巩固练习一1785409334.md,04-题库\2026机构初赛模拟题\北京夏令营\题-BJLY-01-04-人们对低价Ge的研究从未停止.md
无有效答案,北京夏令营,题-BJLY-01-05-已知51计算1L100mol.md,4,0,源池无本题答案,北京夏令营-无机巩固练习一1785409334.md,04-题库\2026机构初赛模拟题\北京夏令营\题-BJLY-01-05-已知51计算1L100mol.md
无有效答案,北京夏令营,题-BJLY-01-06-元素M的单质性质稳定室温下难.md,4,0,源池无本题答案,北京夏令营-无机巩固练习一1785409334.md,04-题库\2026机构初赛模拟题\北京夏令营\题-BJLY-01-06-元素M的单质性质稳定室温下难.md
无有效答案,北京夏令营,题-BJLY-01-07-71一种三价铝物种与足量的钾.md,4,0,源池无本题答案,北京夏令营-无机巩固练习一1785409334.md,04-题库\2026机构初赛模拟题\北京夏令营\题-BJLY-01-07-71一种三价铝物种与足量的钾.md
无有效答案,北京夏令营,题-BJLY-01-08-81K结构可描述如下正六边形.md,4,0,源池仅含题面复述,北京夏令营-无机巩固练习一1785409334.md,04-题库\2026机构初赛模拟题\北京夏令营\题-BJLY-01-08-81K结构可描述如下正六边形.md
无有效答案,北京夏令营,题-BJLY-02-01-11在白色的上滴加氨水立刻变.md,4,0,源池无本题答案,北京夏令营-无机巩固练习二1785491436.md,04-题库\2026机构初赛模拟题\北京夏令营\题-BJLY-02-01-11在白色的上滴加氨水立刻变.md
无有效答案,北京夏令营,题-BJLY-02-02-铬铁矿是一种重要的矿物资源主.md,4,0,源池无本题答案,北京夏令营-无机巩固练习二1785491436.md,04-题库\2026机构初赛模拟题\北京夏令营\题-BJLY-02-02-铬铁矿是一种重要的矿物资源主.md
无有效答案,北京夏令营,题-BJLY-02-03-31已知下列原电池311先向.md,4,0,源池无本题答案,北京夏令营-无机巩固练习二1785491436.md,04-题库\2026机构初赛模拟题\北京夏令营\题-BJLY-02-03-31已知下列原电池311先向.md
无有效答案,北京夏令营,题-BJLY-02-04-硫化铅是生产铅的主要原料它被.md,4,0,源池无本题答案,北京夏令营-无机巩固练习二1785491436.md,04-题库\2026机构初赛模拟题\北京夏令营\题-BJLY-02-04-硫化铅是生产铅的主要原料它被.md
无有效答案,北京夏令营,题-BJLY-02-05-V有许多氧化态从而有许多不同.md,4,0,源池无本题答案,北京夏令营-无机巩固练习二1785491436.md,04-题库\2026机构初赛模拟题\北京夏令营\题-BJLY-02-05-V有许多氧化态从而有许多不同.md
无有效答案,北京夏令营,题-BJLY-02-06-1和的干燥空气中煅烧达到平衡.md,4,0,源池无本题答案,北京夏令营-无机巩固练习二1785491436.md,04-题库\2026机构初赛模拟题\北京夏令营\题-BJLY-02-06-1和的干燥空气中煅烧达到平衡.md
无有效答案,北京夏令营,题-BJLY-02-07-在常温常压下金属锂与生成红棕.md,4,0,源池无本题答案,北京夏令营-无机巩固练习二1785491436.md,04-题库\2026机构初赛模拟题\北京夏令营\题-BJLY-02-07-在常温常压下金属锂与生成红棕.md
无有效答案,北京夏令营,题-BJLY-02-08-称取与32的乙醇溶液混合然后.md,4,0,源池无本题答案,北京夏令营-无机巩固练习二1785491436.md,04-题库\2026机构初赛模拟题\北京夏令营\题-BJLY-02-08-称取与32的乙醇溶液混合然后.md
无有效答案,北京夏令营,题-BJLY-02-09-某过渡金属X的单质A在生活中.md,4,0,源池无本题答案,北京夏令营-无机巩固练习二1785491436.md,04-题库\2026机构初赛模拟题\北京夏令营\题-BJLY-02-09-某过渡金属X的单质A在生活中.md
无有效答案,北京夏令营,题-BJLY-02-10-三唑是含有两个碳原子和三个氮.md,4,0,源池无本题答案,北京夏令营-无机巩固练习二1785491436.md,04-题库\2026机构初赛模拟题\北京夏令营\题-BJLY-02-10-三唑是含有两个碳原子和三个氮.md
无有效答案,北京夏令营,题-BJLY-03-01-11工业上常用LiH和无水反.md,4,0,源池无本题答案,北京夏令营-无机巩固练习三1785602414.md,04-题库\2026机构初赛模拟题\北京夏令营\题-BJLY-03-01-11工业上常用LiH和无水反.md
无有效答案,北京夏令营,题-BJLY-03-02-21五氟化砷能与许多含氟的化.md,4,0,源池无本题答案,北京夏令营-无机巩固练习三1785602414.md,04-题库\2026机构初赛模拟题\北京夏令营\题-BJLY-03-02-21五氟化砷能与许多含氟的化.md
无有效答案,北京夏令营,题-BJLY-03-03-钨的氮化物因具有优异的化学机.md,4,0,源池无本题答案,北京夏令营-无机巩固练习三1785602414.md,04-题库\2026机构初赛模拟题\北京夏令营\题-BJLY-03-03-钨的氮化物因具有优异的化学机.md
无有效答案,北京夏令营,题-BJLY-03-04-尖晶石结构是一种经典的晶体结.md,4,0,源池无本题答案,北京夏令营-无机巩固练习三1785602414.md,04-题库\2026机构初赛模拟题\北京夏令营\题-BJLY-03-04-尖晶石结构是一种经典的晶体结.md
无有效答案,北京夏令营,题-BJLY-03-05-银量法可以用于测定溶液中的甲.md,4,0,源池无本题答案,北京夏令营-无机巩固练习三1785602414.md,04-题库\2026机构初赛模拟题\北京夏令营\题-BJLY-03-05-银量法可以用于测定溶液中的甲.md
无有效答案,北京夏令营,题-BJLY-03-06-通过以下方法可由二茂铁合成乙.md,4,0,源池无本题答案,北京夏令营-无机巩固练习三1785602414.md,04-题库\2026机构初赛模拟题\北京夏令营\题-BJLY-03-06-通过以下方法可由二茂铁合成乙.md
无有效答案,北京夏令营,题-BJLY-03-07-X是一种橙黄色液体可由对应的.md,4,0,源池无本题答案,北京夏令营-无机巩固练习三1785602414.md,04-题库\2026机构初赛模拟题\北京夏令营\题-BJLY-03-07-X是一种橙黄色液体可由对应的.md
无有效答案,北京夏令营,题-BJLY-03-08-硫化氢在生物学中具有至关重要.md,4,0,源池无本题答案,北京夏令营-无机巩固练习三1785602414.md,04-题库\2026机构初赛模拟题\北京夏令营\题-BJLY-03-08-硫化氢在生物学中具有至关重要.md
无有效答案,北京夏令营,题-BJLY-03-09-半导体中有两种载流子价带中的.md,4,0,源池无本题答案,北京夏令营-无机巩固练习三1785602414.md,04-题库\2026机构初赛模拟题\北京夏令营\题-BJLY-03-09-半导体中有两种载流子价带中的.md
无有效答案,北京夏令营,题-BJLY-03-10-101在一个以碳酸钙为主要矿.md,4,0,源池无本题答案,北京夏令营-无机巩固练习三1785602414.md,04-题库\2026机构初赛模拟题\北京夏令营\题-BJLY-03-10-101在一个以碳酸钙为主要矿.md
无有效答案,壹尖培优,题-YJ-19-01-11二元氧化物X是黄色固体常.md,4,0,源池无本题答案,20260228广州模拟测试题.md,04-题库\2026机构初赛模拟题\壹尖培优\题-YJ-19-01-11二元氧化物X是黄色固体常.md
无有效答案,壹尖培优,题-YJ-19-02-21叠氮阴离子拥有两个等长的.md,4,0,源池无本题答案,20260228广州模拟测试题.md,04-题库\2026机构初赛模拟题\壹尖培优\题-YJ-19-02-21叠氮阴离子拥有两个等长的.md
无有效答案,壹尖培优,题-YJ-19-03-理论计算表明高压下Rb可以形.md,4,0,源池无本题答案,20260228广州模拟测试题.md,04-题库\2026机构初赛模拟题\壹尖培优\题-YJ-19-03-理论计算表明高压下Rb可以形.md
无有效答案,壹尖培优,题-YJ-19-04-AH是含金属M的一系列化合物.md,4,0,源池仅含题面复述,20260228广州模拟测试题.md,04-题库\2026机构初赛模拟题\壹尖培优\题-YJ-19-04-AH是含金属M的一系列化合物.md
无有效答案,壹尖培优,题-YJ-19-05-交互式舷窗利用有机染料分子在.md,4,0,源池无本题答案,20260228广州模拟测试题.md,04-题库\2026机构初赛模拟题\壹尖培优\题-YJ-19-05-交互式舷窗利用有机染料分子在.md
无有效答案,壹尖培优,题-YJ-19-06-硼酸盐晶体是一类重要的无机化.md,4,0,源池仅含题面复述,20260228广州模拟测试题.md,04-题库\2026机构初赛模拟题\壹尖培优\题-YJ-19-06-硼酸盐晶体是一类重要的无机化.md
无有效答案,壹尖培优,题-YJ-19-07-地球大气经历长时间的演变最终.md,4,0,源池无本题答案,20260228广州模拟测试题.md,04-题库\2026机构初赛模拟题\壹尖培优\题-YJ-19-07-地球大气经历长时间的演变最终.md
无有效答案,壹尖培优,题-YJ-19-08-81利用点击化学反应研究人员.md,4,0,源池无本题答案,20260228广州模拟测试题.md,04-题库\2026机构初赛模拟题\壹尖培优\题-YJ-19-08-81利用点击化学反应研究人员.md
无有效答案,方圆,题-FY-01-02-焕焕取代孙多成张飞等值取代2.md,4,0,源池无本题答案,有机化学试卷讲解1.md,04-题库\2026机构初赛模拟题\方圆\题-FY-01-02-焕焕取代孙多成张飞等值取代2.md
无有效答案,方圆,题-FY-01-03-wwwfangyuanedu.md,4,0,源池无本题答案,有机化学试卷讲解1.md,04-题库\2026机构初赛模拟题\方圆\题-FY-01-03-wwwfangyuanedu.md
无有效答案,方圆,题-FY-01-05-51给出中间产物A以及关键中.md,4,0,源池无本题答案,有机化学试卷讲解1.md,04-题库\2026机构初赛模拟题\方圆\题-FY-01-05-51给出中间产物A以及关键中.md
无有效答案,方圆,题-FY-01-06-61以下是某有机物的合成路线.md,4,0,源池无本题答案,有机化学试卷讲解1.md,04-题库\2026机构初赛模拟题\方圆\题-FY-01-06-61以下是某有机物的合成路线.md
无有效答案,方圆,题-FY-01-08-81沸石即止暴剂或助沸剂为什.md,4,0,源池无本题答案,有机化学试卷讲解1.md,04-题库\2026机构初赛模拟题\方圆\题-FY-01-08-81沸石即止暴剂或助沸剂为什.md
无有效答案,方圆,题-FY-01-09-亲核性碱性二对H亲核性Gri.md,4,0,源池无本题答案,有机化学试卷讲解1.md,04-题库\2026机构初赛模拟题\方圆\题-FY-01-09-亲核性碱性二对H亲核性Gri.md
无有效答案,方圆,题-FY-02-01-在的存在下DMFNN二甲基甲.md,4,0,源池仅含题面复述,有机2.10日晚上习题课.md,04-题库\2026机构初赛模拟题\方圆\题-FY-02-01-在的存在下DMFNN二甲基甲.md
无有效答案,方圆,题-FY-02-09-2023年8月日本东京大学的.md,4,0,源池无本题答案,有机2.10日晚上习题课.md,04-题库\2026机构初赛模拟题\方圆\题-FY-02-09-2023年8月日本东京大学的.md
无有效答案,汇智,题-HZ-01-01-从古代炼丹术的神火到拉瓦锡的.md,4,0,源池未见独立答案,汇智起航2026年（暑假）无机化学初赛模拟试题1.md,04-题库\2026机构初赛模拟题\汇智\题-HZ-01-01-从古代炼丹术的神火到拉瓦锡的.md
无有效答案,汇智,题-HZ-01-02-非过渡金属M为一种灰白色的金.md,4,0,源池未见独立答案,汇智起航2026年（暑假）无机化学初赛模拟试题1.md,04-题库\2026机构初赛模拟题\汇智\题-HZ-01-02-非过渡金属M为一种灰白色的金.md
无有效答案,汇智,题-HZ-01-03-氮和氟都是高电负性的元素其形.md,4,0,源池无本题答案,汇智起航2026年（暑假）无机化学初赛模拟试题1.md,04-题库\2026机构初赛模拟题\汇智\题-HZ-01-03-氮和氟都是高电负性的元素其形.md
无有效答案,汇智,题-HZ-01-05-20世纪70年代可充电锂离子.md,4,0,源池仅含题面复述,汇智起航2026年（暑假）无机化学初赛模拟试题1.md,04-题库\2026机构初赛模拟题\汇智\题-HZ-01-05-20世纪70年代可充电锂离子.md
无有效答案,汇智,题-HZ-01-05-AsBgCg能发生反应均为理.md,4,0,源池无本题答案,长沙化学刷初赛模拟1.md,04-题库\2026机构初赛模拟题\汇智\题-HZ-01-05-AsBgCg能发生反应均为理.md
无有效答案,汇智,题-HZ-01-05-Metalfreesynth.md,4,0,源池无本题答案,长沙冲刺有机1.md,04-题库\2026机构初赛模拟题\汇智\题-HZ-01-05-Metalfreesynth.md
无有效答案,汇智,题-HZ-01-06-2024年5月8日我国第三艘.md,4,0,源池未见独立答案,汇智起航2026年（暑假）无机化学初赛模拟试题1.md,04-题库\2026机构初赛模拟题\汇智\题-HZ-01-06-2024年5月8日我国第三艘.md
无有效答案,汇智,题-HZ-01-08-SIVI2H2r04M是一种.md,4,0,源池仅含题面复述,汇智起航2026年（暑假）无机化学初赛模拟试题1.md,04-题库\2026机构初赛模拟题\汇智\题-HZ-01-08-SIVI2H2r04M是一种.md
无有效答案,汇智,题-HZ-01-09-91关于晶格能下列说法正确的.md,4,0,源池未见独立答案,汇智起航2026年（暑假）无机化学初赛模拟试题1.md,04-题库\2026机构初赛模拟题\汇智\题-HZ-01-09-91关于晶格能下列说法正确的.md
无有效答案,汇智,题-HZ-02-03-是近年来被科学家重视的一种电.md,4,0,源池无本题答案,长沙化学刷初赛模拟2.md,04-题库\2026机构初赛模拟题\汇智\题-HZ-02-03-是近年来被科学家重视的一种电.md
无有效答案,汇智,题-HZ-05-01-电离能指的是将电子从气态原子.md,4,0,源池仅含题面复述,260609-汇智起航2026年（暑假）全国化学初赛模拟试题5试题.md,04-题库\2026机构初赛模拟题\汇智\题-HZ-05-01-电离能指的是将电子从气态原子.md
无有效答案,汇智,题-HZ-05-02-注本题所有结果均保留三位有效.md,4,0,源池仅含题面复述,长沙化学刷初赛模拟5.md,04-题库\2026机构初赛模拟题\汇智\题-HZ-05-02-注本题所有结果均保留三位有效.md
无有效答案,汇智,题-HZ-05-03-元素X在东西方都具有悠久的历.md,4,0,源池未见独立答案,长沙化学刷初赛模拟5.md,04-题库\2026机构初赛模拟题\汇智\题-HZ-05-03-元素X在东西方都具有悠久的历.md
无有效答案,汇智,题-HZ-05-04-注为方便表示计算部分的离子浓.md,4,0,源池无本题答案,长沙化学刷初赛模拟5.md,04-题库\2026机构初赛模拟题\汇智\题-HZ-05-04-注为方便表示计算部分的离子浓.md
无有效答案,汇智,题-HZ-05-05-某印度的科研小组在分隔型电解.md,4,0,源池仅含题面复述,260609-汇智起航2026年（暑假）全国化学初赛模拟试题5试题.md,04-题库\2026机构初赛模拟题\汇智\题-HZ-05-05-某印度的科研小组在分隔型电解.md
无有效答案,汇智,题-HZ-05-06-小日一天闲来无事研究起了氯化.md,4,0,源池仅含题面复述,260609-汇智起航2026年（暑假）全国化学初赛模拟试题5试题.md,04-题库\2026机构初赛模拟题\汇智\题-HZ-05-06-小日一天闲来无事研究起了氯化.md
无有效答案,汇智,题-HZ-05-07-71频哪醇重排是非常经典的反.md,4,0,源池未见独立答案,260609-汇智起航2026年（暑假）全国化学初赛模拟试题5试题.md,04-题库\2026机构初赛模拟题\汇智\题-HZ-05-07-71频哪醇重排是非常经典的反.md
无有效答案,汇智,题-HZ-05-08-提示本题不要求酸碱基团的质子.md,4,0,源池未见独立答案,260609-汇智起航2026年（暑假）全国化学初赛模拟试题5试题.md,04-题库\2026机构初赛模拟题\汇智\题-HZ-05-08-提示本题不要求酸碱基团的质子.md
无有效答案,汇智,题-HZ-05-09-33迁移具有悠久的历史最经典.md,4,0,源池未见独立答案,260609-汇智起航2026年（暑假）全国化学初赛模拟试题5试题.md,04-题库\2026机构初赛模拟题\汇智\题-HZ-05-09-33迁移具有悠久的历史最经典.md
无有效答案,汇智,题-HZ-05-10-81828312分2分832.md,4,0,源池无本题答案,长沙冲刺综合5.md,04-题库\2026机构初赛模拟题\汇智\题-HZ-05-10-81828312分2分832.md
无有效答案,汇智,题-HZ-06-03-31使用NHC和以11反应可.md,4,0,源池无本题答案,长沙化学刷初赛模拟6.md,04-题库\2026机构初赛模拟题\汇智\题-HZ-06-03-31使用NHC和以11反应可.md
无有效答案,汇智,题-HZ-06-04-41荧光分子可由其前体经过处.md,4,0,源池未见独立答案,长沙冲刺综合6.md,04-题库\2026机构初赛模拟题\汇智\题-HZ-06-04-41荧光分子可由其前体经过处.md
无有效答案,汇智,题-HZ-06-07-711给下列化合物的酸性从大.md,4,0,源池无本题答案,长沙化学刷初赛模拟6.md,04-题库\2026机构初赛模拟题\汇智\题-HZ-06-07-711给下列化合物的酸性从大.md
无有效答案,汇智,题-HZ-09-07-71请你比较DMFNN二甲基.md,4,0,源池无本题答案,长沙化学刷初赛模拟9.md,04-题库\2026机构初赛模拟题\汇智\题-HZ-09-07-71请你比较DMFNN二甲基.md
无有效答案,汇智,题-HZ-10-02-直接空气捕集DirectAi.md,4,0,源池无本题答案,长沙化学刷初赛模拟10.md,04-题库\2026机构初赛模拟题\汇智\题-HZ-10-02-直接空气捕集DirectAi.md
无有效答案,汇智,题-HZ-10-03-磷氮化合物兼具分子型主族化学.md,4,0,源池仅含题面复述,长沙化学刷初赛模拟10.md,04-题库\2026机构初赛模拟题\汇智\题-HZ-10-03-磷氮化合物兼具分子型主族化学.md
无有效答案,汇智,题-HZ-14-01-在药物设计中提高分子的三维立.md,4,0,源池未见独立答案,汇智起航2026年五一期间有机化学初赛模拟卷14.md,04-题库\2026机构初赛模拟题\汇智\题-HZ-14-01-在药物设计中提高分子的三维立.md
无有效答案,汇智,题-HZ-14-02-在物理有机化学中构象偏好常常.md,4,0,源池未见独立答案,汇智起航2026年五一期间有机化学初赛模拟卷14.md,04-题库\2026机构初赛模拟题\汇智\题-HZ-14-02-在物理有机化学中构象偏好常常.md
无有效答案,汇智,题-HZ-14-03-高价碘试剂是有机反应常用的氧.md,4,0,源池未见独立答案,汇智起航2026年五一期间有机化学初赛模拟卷14.md,04-题库\2026机构初赛模拟题\汇智\题-HZ-14-03-高价碘试剂是有机反应常用的氧.md
无有效答案,汇智,题-HZ-14-04-苯炔是一种活泼的中间体在构建.md,4,0,源池未见独立答案,汇智起航2026年五一期间有机化学初赛模拟卷14.md,04-题库\2026机构初赛模拟题\汇智\题-HZ-14-04-苯炔是一种活泼的中间体在构建.md
无有效答案,汇智,题-HZ-14-05-51观察该反应给出合理的反应.md,4,0,源池未见独立答案,汇智起航2026年五一期间有机化学初赛模拟卷14.md,04-题库\2026机构初赛模拟题\汇智\题-HZ-14-05-51观察该反应给出合理的反应.md
无有效答案,汇智,题-HZ-14-06-Stevens重排是季铵盐或.md,4,0,源池未见独立答案,汇智起航2026年五一期间有机化学初赛模拟卷14.md,04-题库\2026机构初赛模拟题\汇智\题-HZ-14-06-Stevens重排是季铵盐或.md
无有效答案,汇智,题-HZ-14-07-生物活性分子中常含氮杂环结构.md,4,0,源池未见独立答案,汇智起航2026年五一期间有机化学初赛模拟卷14.md,04-题库\2026机构初赛模拟题\汇智\题-HZ-14-07-生物活性分子中常含氮杂环结构.md
无有效答案,汇智,题-HZ-14-08-81Brnsted酸可介导1.md,4,0,源池未见独立答案,汇智起航2026年五一期间有机化学初赛模拟卷14.md,04-题库\2026机构初赛模拟题\汇智\题-HZ-14-08-81Brnsted酸可介导1.md
无有效答案,汇智,题-HZ-14-09-91Mannich反应是典型.md,4,0,源池未见独立答案,汇智起航2026年五一期间有机化学初赛模拟卷14.md,04-题库\2026机构初赛模拟题\汇智\题-HZ-14-09-91Mannich反应是典型.md
无有效答案,汇智,题-HZ-14-10-Axrightarrow2m.md,4,0,源池无本题答案,汇智起航2026年五一期间有机化学初赛模拟卷14.md,04-题库\2026机构初赛模拟题\汇智\题-HZ-14-10-Axrightarrow2m.md
无有效答案,汇智,题-HZ-34-01-11在电解精炼金属产生的阳极.md,4,0,源池仅含题面复述,改汇智起航2026年暑假（刷题班）全国化学初赛模拟卷6(4).md,04-题库\2026机构初赛模拟题\汇智\题-HZ-34-01-11在电解精炼金属产生的阳极.md
无有效答案,汇智,题-HZ-34-02-21键角是化学键的一个重要的.md,4,0,源池未见独立答案,改汇智起航2026年暑假（刷题班）全国化学初赛模拟卷6(4).md,04-题库\2026机构初赛模拟题\汇智\题-HZ-34-02-21键角是化学键的一个重要的.md
无有效答案,汇智,题-HZ-34-03-二氧化碳的活化是一个可以将过.md,4,0,源池未见独立答案,改汇智起航2026年暑假（刷题班）全国化学初赛模拟卷6(4).md,04-题库\2026机构初赛模拟题\汇智\题-HZ-34-03-二氧化碳的活化是一个可以将过.md
无有效答案,汇智,题-HZ-34-04-41荧光分子可由其前体经过处.md,4,0,源池未见独立答案,改汇智起航2026年暑假（刷题班）全国化学初赛模拟卷6(4).md,04-题库\2026机构初赛模拟题\汇智\题-HZ-34-04-41荧光分子可由其前体经过处.md
无有效答案,汇智,题-HZ-34-05-氨是最重要的化学产品之一其在.md,4,0,源池仅含题面复述,改汇智起航2026年暑假（刷题班）全国化学初赛模拟卷6(4).md,04-题库\2026机构初赛模拟题\汇智\题-HZ-34-05-氨是最重要的化学产品之一其在.md
无有效答案,汇智,题-HZ-34-06-61电化学手段是分离一些金属.md,4,0,源池仅含题面复述,改汇智起航2026年暑假（刷题班）全国化学初赛模拟卷6(4).md,04-题库\2026机构初赛模拟题\汇智\题-HZ-34-06-61电化学手段是分离一些金属.md
无有效答案,汇智,题-HZ-34-07-氟是电负性最大的元素在有机化.md,4,0,源池未见独立答案,改汇智起航2026年暑假（刷题班）全国化学初赛模拟卷6(4).md,04-题库\2026机构初赛模拟题\汇智\题-HZ-34-07-氟是电负性最大的元素在有机化.md
无有效答案,汇智,题-HZ-34-08-硫可以通过被氧化或亲核进攻等.md,4,0,源池未见独立答案,改汇智起航2026年暑假（刷题班）全国化学初赛模拟卷6(4).md,04-题库\2026机构初赛模拟题\汇智\题-HZ-34-08-硫可以通过被氧化或亲核进攻等.md
无有效答案,汇智,题-HZ-34-09-91扩环反应的重要应用之一是.md,4,0,源池未见独立答案,改汇智起航2026年暑假（刷题班）全国化学初赛模拟卷6(4).md,04-题库\2026机构初赛模拟题\汇智\题-HZ-34-09-91扩环反应的重要应用之一是.md
无有效答案,汇智,题-HZ-37-07-逆配合物inversecoo.md,4,0,源池无本题答案,长沙冲刺无机综合.md,04-题库\2026机构初赛模拟题\汇智\题-HZ-37-07-逆配合物inversecoo.md
无有效答案,汇智,题-HZ-64-01-11在电解精炼金属产生的阳极.md,4,0,源池未见独立答案,改汇智起航2026年暑假（刷题班）全国化学初赛模拟卷64.md,04-题库\2026机构初赛模拟题\汇智\题-HZ-64-01-11在电解精炼金属产生的阳极.md
无有效答案,汇智,题-HZ-64-02-21键角是化学键的一个重要的.md,4,0,源池未见独立答案,改汇智起航2026年暑假（刷题班）全国化学初赛模拟卷64.md,04-题库\2026机构初赛模拟题\汇智\题-HZ-64-02-21键角是化学键的一个重要的.md
无有效答案,汇智,题-HZ-64-03-二氧化碳的活化是一个可以将过.md,4,0,源池未见独立答案,改汇智起航2026年暑假（刷题班）全国化学初赛模拟卷64.md,04-题库\2026机构初赛模拟题\汇智\题-HZ-64-03-二氧化碳的活化是一个可以将过.md
无有效答案,汇智,题-HZ-64-04-41荧光分子可由其前体经过处.md,4,0,源池未见独立答案,改汇智起航2026年暑假（刷题班）全国化学初赛模拟卷64.md,04-题库\2026机构初赛模拟题\汇智\题-HZ-64-04-41荧光分子可由其前体经过处.md
无有效答案,汇智,题-HZ-64-05-氨是最重要的化学产品之一其在.md,4,0,源池仅含题面复述,改汇智起航2026年暑假（刷题班）全国化学初赛模拟卷64.md,04-题库\2026机构初赛模拟题\汇智\题-HZ-64-05-氨是最重要的化学产品之一其在.md
无有效答案,汇智,题-HZ-64-06-61电化学手段是分离一些金属.md,4,0,源池仅含题面复述,改汇智起航2026年暑假（刷题班）全国化学初赛模拟卷64.md,04-题库\2026机构初赛模拟题\汇智\题-HZ-64-06-61电化学手段是分离一些金属.md
无有效答案,汇智,题-HZ-64-07-mathrm光催化fracm.md,4,0,源池未见独立答案,改汇智起航2026年暑假（刷题班）全国化学初赛模拟卷64.md,04-题库\2026机构初赛模拟题\汇智\题-HZ-64-07-mathrm光催化fracm.md
无有效答案,汇智,题-HZ-64-08-硫可以通过被氧化或亲核进攻等.md,4,0,源池未见独立答案,改汇智起航2026年暑假（刷题班）全国化学初赛模拟卷64.md,04-题库\2026机构初赛模拟题\汇智\题-HZ-64-08-硫可以通过被氧化或亲核进攻等.md
无有效答案,汇智,题-HZ-64-09-91扩环反应的重要应用之一是.md,4,0,源池未见独立答案,改汇智起航2026年暑假（刷题班）全国化学初赛模拟卷64.md,04-题库\2026机构初赛模拟题\汇智\题-HZ-64-09-91扩环反应的重要应用之一是.md
无有效答案,清北营,题-QBY-04-03-氧化还原滴定作为分析化学中最.md,4,0,源池仅含题面复述,春季模拟4.md,04-题库\2026机构初赛模拟题\清北营\题-QBY-04-03-氧化还原滴定作为分析化学中最.md
无有效答案,清北营,题-QBY-04-07-71画出以下两个分子的优势构.md,4,0,源池无本题答案,春季模拟4.md,04-题库\2026机构初赛模拟题\清北营\题-QBY-04-07-71画出以下两个分子的优势构.md
有答案·带缺陷,清北营,题-QBY-07-03-31金银单质都有绚丽的颜色3.md,456,0,答案存疑,春季模拟7.md,04-题库\2026机构初赛模拟题\清北营\题-QBY-07-03-31金银单质都有绚丽的颜色3.md
无有效答案,清北营,题-QBY-08-10-醛类化合物在有机合成中有重要.md,4,0,源池仅含题面复述,春季模拟8.md,04-题库\2026机构初赛模拟题\清北营\题-QBY-08-10-醛类化合物在有机合成中有重要.md
无有效答案,清北营,题-QBY-12-10-近日上海交通大学的吴华课题组.md,4,0,源池无本题答案,春季模拟12.md,04-题库\2026机构初赛模拟题\清北营\题-QBY-12-10-近日上海交通大学的吴华课题组.md
无有效答案,质心UChO,题-UChO-01-01-是一种具有特殊化学键的阳离子.md,4,0,源池仅含题面复述,4thZCHEM-UChO-Tour1.md,04-题库\2026机构初赛模拟题\质心UChO\题-UChO-01-01-是一种具有特殊化学键的阳离子.md
无有效答案,质心UChO,题-UChO-01-02-为分别测定巴黎绿中及三价砷的.md,4,0,源池仅含题面复述,4thZCHEM-UChO-Tour1.md,04-题库\2026机构初赛模拟题\质心UChO\题-UChO-01-02-为分别测定巴黎绿中及三价砷的.md
无有效答案,质心UChO,题-UChO-01-03-19世纪一种新的元素X被发现.md,4,0,源池仅含题面复述,4thZCHEM-UChO-Tour1.md,04-题库\2026机构初赛模拟题\质心UChO\题-UChO-01-03-19世纪一种新的元素X被发现.md
无有效答案,质心UChO,题-UChO-01-05-51通常我们认为反应的速率只.md,4,0,源池仅含题面复述,5thZCHEM-UChO-Tour1.md,04-题库\2026机构初赛模拟题\质心UChO\题-UChO-01-05-51通常我们认为反应的速率只.md
无有效答案,质心UChO,题-UChO-01-08-五元芳香杂环是有机化学中一类.md,4,0,源池仅含题面复述,5thZCHEM-UChO-Tour1.md,04-题库\2026机构初赛模拟题\质心UChO\题-UChO-01-08-五元芳香杂环是有机化学中一类.md
无有效答案,质心UChO,题-UChO-02-02-21现将和放入一体积为的真空.md,4,0,源池仅含题面复述,5thZCHEM-UChO-Tour2.md,04-题库\2026机构初赛模拟题\质心UChO\题-UChO-02-02-21现将和放入一体积为的真空.md
无有效答案,质心UChO,题-UChO-02-04-氧气分子有时在细胞内以超氧根.md,4,0,源池仅含题面复述,5thZCHEM-UChO-Tour2.md,04-题库\2026机构初赛模拟题\质心UChO\题-UChO-02-04-氧气分子有时在细胞内以超氧根.md
无有效答案,质心UChO,题-UChO-02-05-51用EDTA标准溶液分别滴.md,4,0,源池仅含题面复述,4thZCHEM-UChO-Tour2.md,04-题库\2026机构初赛模拟题\质心UChO\题-UChO-02-05-51用EDTA标准溶液分别滴.md
无有效答案,质心UChO,题-UChO-02-05-和以19反应可生成三种产物A.md,4,0,源池仅含题面复述,5thZCHEM-UChO-Tour2.md,04-题库\2026机构初赛模拟题\质心UChO\题-UChO-02-05-和以19反应可生成三种产物A.md
无有效答案,质心UChO,题-UChO-02-07-天然产物Clionastat.md,4,0,源池无本题答案,4thZCHEM-UChO-Tour2.md,04-题库\2026机构初赛模拟题\质心UChO\题-UChO-02-07-天然产物Clionastat.md
无有效答案,质心UChO,题-UChO-15-UChO-01-独居石CeLaNdThPO和.md,4,0,源池无本题答案,10thZCHEM-UChO.md,04-题库\2026机构初赛模拟题\质心UChO\题-UChO-15-UChO-01-独居石CeLaNdThPO和.md
无有效答案,质心UChO,题-UChO-15-UChO-02-尼奥斯湖位于非洲喀麦隆西北部.md,4,0,源池无本题答案,10thZCHEM-UChO.md,04-题库\2026机构初赛模拟题\质心UChO\题-UChO-15-UChO-02-尼奥斯湖位于非洲喀麦隆西北部.md
无有效答案,质心UChO,题-UChO-15-UChO-03-熊大站在一棵树旁聚精会神地向.md,4,0,源池仅含题面复述,10thZCHEM-UChO.md,04-题库\2026机构初赛模拟题\质心UChO\题-UChO-15-UChO-03-熊大站在一棵树旁聚精会神地向.md
无有效答案,质心UChO,题-UChO-15-UChO-04-具有特殊光学性质的晶体一直是.md,4,0,源池无本题答案,10thZCHEM-UChO.md,04-题库\2026机构初赛模拟题\质心UChO\题-UChO-15-UChO-04-具有特殊光学性质的晶体一直是.md
无有效答案,质心UChO,题-UChO-15-UChO-05-本题中的气体都视作理想气体5.md,4,0,源池无本题答案,10thZCHEM-UChO.md,04-题库\2026机构初赛模拟题\质心UChO\题-UChO-15-UChO-05-本题中的气体都视作理想气体5.md
无有效答案,质心UChO,题-UChO-15-UChO-06-DNA是一种由核苷酸组成的长.md,4,0,源池无本题答案,10thZCHEM-UChO.md,04-题库\2026机构初赛模拟题\质心UChO\题-UChO-15-UChO-06-DNA是一种由核苷酸组成的长.md
无有效答案,质心UChO,题-UChO-15-UChO-07-虽然不一定合理但答题时本题所.md,4,0,源池无本题答案,10thZCHEM-UChO.md,04-题库\2026机构初赛模拟题\质心UChO\题-UChO-15-UChO-07-虽然不一定合理但答题时本题所.md
无有效答案,质心UChO,题-UChO-15-UChO-09-重排反应是有机化学中最为神奇.md,4,0,源池无本题答案,10thZCHEM-UChO.md,04-题库\2026机构初赛模拟题\质心UChO\题-UChO-15-UChO-09-重排反应是有机化学中最为神奇.md
无有效答案,质心UChO,题-UChO-15-UChO-10-立体化学是有机化学学习的重点.md,4,0,源池无本题答案,10thZCHEM-UChO.md,04-题库\2026机构初赛模拟题\质心UChO\题-UChO-15-UChO-10-立体化学是有机化学学习的重点.md
