机构,卡片（文件名）,本卡题号,题面涉及题号,疑似混入题号,路径
XeChem,题-XeC-06-05-51铜中心在多种生物过程中发,5,5/6,6,04-题库/2026机构初赛模拟题/XeChem/题-XeC-06-05-51铜中心在多种生物过程中发.md
XeChem,题-XeC-06-06-61近日香港城市大学卢振品课,6,5/6/7,5/7,04-题库/2026机构初赛模拟题/XeChem/题-XeC-06-06-61近日香港城市大学卢振品课.md
XeChem,题-XeC-06-07-71分子活性的精准调控是化学,7,6/7,6,04-题库/2026机构初赛模拟题/XeChem/题-XeC-06-07-71分子活性的精准调控是化学.md
XeChem,题-XeC-06-08-画出重排成腙衍生物过程中的关,8,7/9,7/9,04-题库/2026机构初赛模拟题/XeChem/题-XeC-06-08-画出重排成腙衍生物过程中的关.md
XeChem,题-XeC-06-09-已知反应经历了中环螯合环中间,9,8/9,8,04-题库/2026机构初赛模拟题/XeChem/题-XeC-06-09-已知反应经历了中环螯合环中间.md
XeChem,题-XeC-07-01-11如下配体在去质子后与一当,1,1/2/3,2/3,04-题库/2026机构初赛模拟题/XeChem/题-XeC-07-01-11如下配体在去质子后与一当.md
XeChem,题-XeC-07-07-第40届XeChem初装模拟,7,7/8,8,04-题库/2026机构初赛模拟题/XeChem/题-XeC-07-07-第40届XeChem初装模拟.md
XeChem,题-XeC-08-03-无机磷酸盐过量是水体富营养化,3,3/4,4,04-题库/2026机构初赛模拟题/XeChem/题-XeC-08-03-无机磷酸盐过量是水体富营养化.md
XeChem,题-XeC-12-03-是一种极其常见的矿物其常见晶,3,3/4,4,04-题库/2026机构初赛模拟题/XeChem/题-XeC-12-03-是一种极其常见的矿物其常见晶.md
XeChem,题-XeC-13-08-81以下氮杂环丁烷不稳定在室,8,8/9,9,04-题库/2026机构初赛模拟题/XeChem/题-XeC-13-08-81以下氮杂环丁烷不稳定在室.md
XeChem,题-XeC-14-01-112写出A与B的化学式在烧,1,1/2,2,04-题库/2026机构初赛模拟题/XeChem/题-XeC-14-01-112写出A与B的化学式在烧.md
XeChem,题-XeC-14-03-31最经典的ZnZn键合成方,3,3/4,4,04-题库/2026机构初赛模拟题/XeChem/题-XeC-14-03-31最经典的ZnZn键合成方.md
XeChem,题-XeC-14-06-61将101mg三邻甲苯基膦,6,6/7,7,04-题库/2026机构初赛模拟题/XeChem/题-XeC-14-06-61将101mg三邻甲苯基膦.md
XeChem,题-XeC-14-08-81传统的二氟甲基化大致使用,8,8/9,9,04-题库/2026机构初赛模拟题/XeChem/题-XeC-14-08-81传统的二氟甲基化大致使用.md
XeChem,题-XeC-15-06-所有生命的新陈代谢都依赖于持,6,6/7/8,7/8,04-题库/2026机构初赛模拟题/XeChem/题-XeC-15-06-所有生命的新陈代谢都依赖于持.md
XeChem,题-XeC-24-02-1955年Wartik和Ap,2,1/2,1,04-题库/2026机构初赛模拟题/XeChem/题-XeC-24-02-1955年Wartik和Ap.md
XeChem,题-XeC-24-08-贝克曼重排是肟类化合物转化为,8,7/8,7,04-题库/2026机构初赛模拟题/XeChem/题-XeC-24-08-贝克曼重排是肟类化合物转化为.md
chemy,题-CM-01-04-自20世纪50年代以来人们已,4,4/5,5,04-题库/2026机构初赛模拟题/chemy/题-CM-01-04-自20世纪50年代以来人们已.md
chemy,题-CM-03-01-在17世纪后期德国人用Sax,1,1/2,2,04-题库/2026机构初赛模拟题/chemy/题-CM-03-01-在17世纪后期德国人用Sax.md
chemy,题-CM-03-02-132G具有非凡的氧化性质它,2,1/2,1,04-题库/2026机构初赛模拟题/chemy/题-CM-03-02-132G具有非凡的氧化性质它.md
chemy,题-CM-41-08-81通过不同的反应条件可以控,8,3/8,3,04-题库/2026机构初赛模拟题/chemy/题-CM-41-08-81通过不同的反应条件可以控.md
chemy,题-CM-41-10-01对以下化合物在酸性条件下,10,1/2/11,1/2/11,04-题库/2026机构初赛模拟题/chemy/题-CM-41-10-01对以下化合物在酸性条件下.md
伽马,题-GM-09-01-二氧化碳是造成温室效应的主要,1,1/2/3,2/3,04-题库/2026机构初赛模拟题/伽马/题-GM-09-01-二氧化碳是造成温室效应的主要.md
伽马,题-GM-21-05-511光欲发电子迁3哈哈娘6,5,1/5,1,04-题库/2026机构初赛模拟题/伽马/题-GM-21-05-511光欲发电子迁3哈哈娘6.md
化英社,题-HYS-01-05-所谓药有三分毒而毒素也可入药,5,5/6,6,04-题库/2026机构初赛模拟题/化英社/题-HYS-01-05-所谓药有三分毒而毒素也可入药.md
化英社,题-HYS-01-06-卤原子转移反应是实现氧化态转,6,6/7,7,04-题库/2026机构初赛模拟题/化英社/题-HYS-01-06-卤原子转移反应是实现氧化态转.md
化英社,题-HYS-09-03-Li是生产氚的核心原料而氚是,3,3/4,4,04-题库/2026机构初赛模拟题/化英社/题-HYS-09-03-Li是生产氚的核心原料而氚是.md
化英社,题-HYS-10-04-41利用催化剂以发烟硫酸为工,4,4/5,5,04-题库/2026机构初赛模拟题/化英社/题-HYS-10-04-41利用催化剂以发烟硫酸为工.md
化英社,题-HYS-18-06-2026年研究人员开发了一种,6,6/7,7,04-题库/2026机构初赛模拟题/化英社/题-HYS-18-06-2026年研究人员开发了一种.md
化英社,题-HYS-40-06-碳纳米环是一类独特的非平面纳,6,6/7,7,04-题库/2026机构初赛模拟题/化英社/题-HYS-40-06-碳纳米环是一类独特的非平面纳.md
化英社,题-HYS-40-07-mathrm明信比尔定律Am,7,6/7,6,04-题库/2026机构初赛模拟题/化英社/题-HYS-40-07-mathrm明信比尔定律Am.md
方圆,题-FY-02-08-通过改变官能团的亲核或亲电反,8,8/9,9,04-题库/2026机构初赛模拟题/方圆/题-FY-02-08-通过改变官能团的亲核或亲电反.md
方圆,题-FY-08-06-某元素X的黄色含氯化合物A能,6,6/7,7,04-题库/2026机构初赛模拟题/方圆/题-FY-08-06-某元素X的黄色含氯化合物A能.md
汇智,题-HZ-01-02-非过渡金属M为一种灰白色的金,2,2/24,24,04-题库/2026机构初赛模拟题/汇智/题-HZ-01-02-非过渡金属M为一种灰白色的金.md
汇智,题-HZ-01-03-氮和氟都是高电负性的元素其形,3,3/4,4,04-题库/2026机构初赛模拟题/汇智/题-HZ-01-03-氮和氟都是高电负性的元素其形.md
汇智,题-HZ-01-06-2024年5月8日我国第三艘,6,6/7,7,04-题库/2026机构初赛模拟题/汇智/题-HZ-01-06-2024年5月8日我国第三艘.md
汇智,题-HZ-02-08-光延反应Mitsunobur,8,1/8,1,04-题库/2026机构初赛模拟题/汇智/题-HZ-02-08-光延反应Mitsunobur.md
汇智,题-HZ-10-01-铅Pb在中国古代也因烧炼后能,1,1/2/3,2/3,04-题库/2026机构初赛模拟题/汇智/题-HZ-10-01-铅Pb在中国古代也因烧炼后能.md
汇智,题-HZ-37-09-91关于晶格能下列说法正确的,9,1/9,1,04-题库/2026机构初赛模拟题/汇智/题-HZ-37-09-91关于晶格能下列说法正确的.md
质心GChO,题-GChO-23-04-工业上常使用西门子法制备较纯,4,4/5,5,04-题库/2026机构初赛模拟题/质心GChO/题-GChO-23-04-工业上常使用西门子法制备较纯.md
质心GChO,题-GChO-24-02-理论上氯可以形成七氟化物但以,2,2/3,3,04-题库/2026机构初赛模拟题/质心GChO/题-GChO-24-02-理论上氯可以形成七氟化物但以.md
质心GChO,题-GChO-25-02-氟元素的化学十分丰富将全氟乙,2,2/3,3,04-题库/2026机构初赛模拟题/质心GChO/题-GChO-25-02-氟元素的化学十分丰富将全氟乙.md
质心GChO,题-GChO-25-08-蓖麻科植物中含有丰富的结构复,8,8/9,9,04-题库/2026机构初赛模拟题/质心GChO/题-GChO-25-08-蓖麻科植物中含有丰富的结构复.md
质心GChO,题-GChO-34-08-81画出下面反应的关键反应中,8,8/28,28,04-题库/2026机构初赛模拟题/质心GChO/题-GChO-34-08-81画出下面反应的关键反应中.md
质心GChO,题-GChO-53-02-21写出如下聚合产物的结构注,2,2/3,3,04-题库/2026机构初赛模拟题/质心GChO/题-GChO-53-02-21写出如下聚合产物的结构注.md
质心GChO,题-GChO-69-05-51在新近高温高压下制备的氮,5,5/25,25,04-题库/2026机构初赛模拟题/质心GChO/题-GChO-69-05-51在新近高温高压下制备的氮.md
质心GChO,题-GChO-80-03-31键长是决定分子构型的基本,3,3/13,13,04-题库/2026机构初赛模拟题/质心GChO/题-GChO-80-03-31键长是决定分子构型的基本.md
质心GChO,题-GChO-81-07-71请按从大到小的顺序排列下,7,7/27,27,04-题库/2026机构初赛模拟题/质心GChO/题-GChO-81-07-71请按从大到小的顺序排列下.md
