文件夹,文件,KB,行,字符,图引用,断图,mineru,题号,乱码,状态
2026题目,12.7号作业答案.md,20.0,304,12270,39,1,0,47,0,断图1
2026题目,2025.11-培尖线上班L3课后题答案.md,13.5,135,8651,7,0,2,15,0,mineru残留2
2026题目,2025.11-培尖线上班L4课后题答案.md,8.0,119,4630,0,0,2,22,0,mineru残留2
2026题目,2026年中学生化学春季研讨会试题解析.md,179.4,1968,88308,130,0,0,60,0,OK
2026题目,2026年中学生化学春季研讨会试题解析补充说明.md,12.3,99,5381,7,0,0,1,0,OK
2026题目,gamma晶体结构习题.md,30.1,435,16163,22,0,0,84,0,OK
2026题目,亲电加成__课后题.md,1.5,21,832,4,0,0,4,0,OK
2026题目,亲电加成课后题答案.md,3.5,45,1785,6,0,0,2,0,OK
2026题目,作业1.md,14.0,292,7568,38,0,0,52,0,OK
2026题目,作业2及答案.md,24.0,357,14833,57,0,0,57,0,OK
2026题目,北京夏令营-有机巩固练习一-答案.md,7.9,157,4463,17,0,0,16,0,OK
2026题目,北京夏令营-有机巩固练习一.md,9.4,143,6629,22,0,0,16,0,OK
2026题目,北京夏令营-有机巩固练习三-答案.md,5.3,89,3058,19,0,0,9,0,OK
2026题目,北京夏令营-有机巩固练习三.md,7.3,88,4826,15,0,0,8,0,OK
2026题目,北京夏令营-有机巩固练习二-答案.md,5.6,117,3590,24,0,0,5,0,OK
2026题目,北京夏令营-有机巩固练习二.md,9.2,162,6230,24,0,0,9,0,OK
2026题目,北京夏令营-有机巩固练习四-答案.md,5.2,125,3339,27,0,0,14,0,OK
2026题目,北京夏令营-有机巩固练习四.md,7.6,115,5282,23,0,0,15,0,OK
2026题目,北京夏令营-有机综合-答案.md,11.8,308,7532,51,3,0,26,0,断图3
2026题目,北京夏令营-有机综合.md,17.9,331,11102,59,7,0,35,0,断图7
2026题目,卷一-1.md,22.6,320,12243,40,0,0,82,0,OK
2026题目,卷一.md,17.9,260,9104,32,0,0,66,0,OK
2026题目,卷一答案-1.md,28.3,571,15422,49,0,0,66,0,OK
2026题目,卷一答案.md,11.9,339,8107,21,0,0,52,0,OK
2026题目,卷三-1.md,19.7,282,9655,34,0,0,80,0,OK
2026题目,卷三.md,24.8,459,13270,17,0,0,117,0,OK
2026题目,卷三答案-1.md,11.0,246,7328,22,0,0,66,0,OK
2026题目,卷三答案.md,10.2,356,6585,21,0,0,76,0,OK
2026题目,卷二-1.md,22.4,359,11196,35,0,0,93,0,OK
2026题目,卷二.md,15.2,205,7565,11,0,0,62,0,OK
2026题目,卷二答案-1.md,37.0,636,21862,71,0,8,93,0,mineru残留8
2026题目,卷二答案.md,11.2,206,7878,13,0,0,49,0,OK
2026题目,无机化学一_课后习题11.9.md,15.3,204,8772,3,0,2,23,0,mineru残留2
2026题目,晶体题答案.md,15.9,211,10367,8,0,14,37,0,mineru残留14
2026题目,有机作业L6.md,5.5,136,3075,17,0,0,34,0,OK
2026题目,有机化学一_课后习题Ans11.9.md,3.9,123,2313,12,0,0,22,0,OK
2026题目,第1届2ChO化学奥林匹克联考试题.md,19.6,224,9122,15,0,0,76,0,OK
2026题目,第1届2ChO化学奥林匹克联考试题、答案、说明与评分细则.md,37.4,287,21745,19,0,0,79,0,OK
2026题目,第1届2ChO化学奥林匹克联考试题解析.md,58.4,553,24872,19,0,0,74,0,OK
2026题目,第2届2ChO化学奥林匹克联考试题.md,16.2,205,7910,15,0,0,66,0,OK
2026题目,第2届2ChO化学奥林匹克联考试题、答案、说明与评分细则.md,33.7,311,20535,23,0,0,77,0,OK
2026题目,第37届中国化学奥林匹克初赛第7题补充说明_最终版_2ChO化学团队制作.md,22.9,325,10811,2,0,0,2,0,OK
2026题目,第37届中国化学奥林匹克初赛试题解析_最终版_2ChO化学团队制作.md,98.4,1398,49234,53,0,0,67,0,OK
2026题目,第38届中国化学奥林匹克初赛试题解析_最终版_2ChO化学团队制作.md,75.5,948,36407,57,0,0,95,0,OK
2026题目,第39届中国化学奥林匹克初赛试题解析_2ChO化学团队制作.md,193.0,2325,94707,149,0,0,10,0,OK
2026题目,第3届2ChO化学奥林匹克联考试题.md,30.4,374,14556,28,0,0,99,0,OK
2026题目,第3届2ChO化学奥林匹克联考试题、答案、说明与评分细则.md,48.9,451,27287,32,0,0,106,0,OK
2026题目,第3届2ChO化学奥林匹克联考试题解析.md,80.9,936,37777,69,0,0,92,0,OK
2026题目,第4届2ChO化学奥林匹克联考试题.md,26.4,416,14445,30,0,0,96,0,OK
2026题目,第4届2ChO化学奥林匹克联考试题、答案、说明与评分细则.md,56.8,540,33883,35,0,0,107,0,OK
2026题目,第4届2ChO化学奥林匹克联考试题解析.md,100.5,1382,51492,70,0,0,99,0,OK
2026题目,第5届2ChO化学奥林匹克联考试题.md,39.7,577,20534,57,0,0,10,0,OK
2026题目,第5届2ChO化学奥林匹克联考试题、答案、说明与评分细则_20251124版初稿.md,69.8,672,40996,61,0,0,20,0,OK
2026题目,第6届2ChO化学奥林匹克联考试题.md,38.2,452,18149,38,0,0,10,0,OK
2026题目,第6届2ChO化学奥林匹克联考试题、答案、说明与评分细则_20260524版.md,67.2,556,38434,44,0,0,20,0,OK
2026题目,第二周答案.md,5.2,43,2805,0,0,0,7,0,OK
2026题目,第四周答案.md,9.6,159,5261,8,0,0,13,0,OK
2026题目,结构专题进阶2课后作业.md,3.5,60,2154,4,0,0,3,0,OK
2026题目,结构专题进阶2课后作业答案.md,6.2,130,4081,10,0,0,7,0,OK
2026题目,配合物结构习题2025.12.21.md,7.2,105,3208,2,0,0,2,0,OK
2026题目,配合物结构习题答案版.md,15.5,204,8272,9,0,6,24,0,mineru残留6
2026题目2,2.6习题一答案.md,15.0,310,9172,1,0,2,31,0,mineru残留2
2026题目2,2.6习题一解析.md,3.4,36,1637,0,0,0,4,0,OK
2026题目2,2.7习题二答案.md,13.6,178,7667,8,0,0,32,0,OK
2026题目2,2.9试卷一讲评.md,23.8,409,15055,57,0,0,48,0,OK
2026题目2,260609-汇智起航2026年（暑假）全国化学初赛模拟试题5试题.md,24.4,339,12900,17,0,0,88,0,OK
2026题目2,伽马化学2026年暑期模拟1.md,16.1,261,8045,19,0,0,9,0,OK
2026题目2,伽马化学2026年暑期模拟10.md,14.7,183,7820,25,0,0,43,0,OK
2026题目2,伽马化学2026年暑期模拟10答案.md,22.4,239,13927,43,0,0,38,0,OK
2026题目2,伽马化学2026年暑期模拟1答案.md,28.5,528,16530,42,0,0,9,0,OK
2026题目2,伽马化学2026年暑期模拟2.md,22.3,320,11330,24,0,0,9,0,OK
2026题目2,伽马化学2026年暑期模拟2答案.md,33.4,546,18737,45,0,6,9,0,mineru残留6
2026题目2,伽马化学2026年暑期模拟3.md,17.6,287,9532,19,0,0,63,0,OK
2026题目2,伽马化学2026年暑期模拟3答案.md,14.8,386,10719,29,0,0,22,0,OK
2026题目2,伽马化学2026年暑期模拟4.md,20.0,314,10047,22,0,0,81,0,OK
2026题目2,伽马化学2026年暑期模拟4答案.md,32.7,508,18889,46,0,0,91,0,OK
2026题目2,伽马化学2026年暑期模拟5.md,15.7,266,8416,27,0,0,52,0,OK
2026题目2,伽马化学2026年暑期模拟5答案.md,7.5,167,4928,12,0,0,16,0,OK
2026题目2,伽马化学2026年暑期模拟6.md,19.3,300,10653,24,0,0,73,0,OK
2026题目2,伽马化学2026年暑期模拟6答案.md,14.6,304,9789,32,0,0,27,0,OK
2026题目2,伽马化学2026年暑期模拟7.md,19.0,281,9790,19,0,0,67,0,OK
2026题目2,伽马化学2026年暑期模拟7答案.md,12.2,315,8678,19,0,0,28,0,OK
2026题目2,伽马化学2026年暑期模拟8.md,18.7,235,9590,17,0,0,57,0,OK
2026题目2,伽马化学2026年暑期模拟9.md,17.7,288,9109,28,0,0,79,0,OK
2026题目2,伽马化学2026年暑期模拟9答案.md,28.4,406,17415,51,0,0,85,0,OK
2026题目2,无机专题试卷一.md,18.7,213,10448,16,0,0,57,0,OK
2026题目2,无机专题试卷二.md,14.5,140,8161,5,0,0,31,0,OK
2026题目2,有机2.10日晚上习题课.md,14.7,247,8043,35,0,0,47,0,OK
2026题目2,有机化学测试2参考答案.md,20.4,354,12189,46,0,0,40,0,OK
2026题目2,有机化学测试题1.md,13.6,318,9036,56,0,0,53,0,OK
2026题目2,有机化学测试题1答案.md,10.2,156,7206,18,0,0,29,0,OK
2026题目2,有机化学试卷讲解1.md,15.8,357,10640,66,0,0,38,0,OK
2026题目2,有机化学试卷讲解2.md,11.5,197,6183,25,0,0,25,0,OK
2026题目2,答案--无机专题试卷一.md,5.4,138,3641,14,0,0,26,0,OK
2026题目2,答案--无机专题试卷二.md,9.7,302,7128,5,0,2,29,0,mineru残留2
2026题目2,长沙化学刷初赛模拟1.md,63.3,921,37946,67,0,14,152,0,mineru残留14
2026题目2,长沙化学刷初赛模拟10.md,78.9,1208,46451,62,0,16,175,0,mineru残留16
2026题目2,长沙化学刷初赛模拟11.md,71.1,1034,42110,76,0,14,159,0,mineru残留14
2026题目2,长沙化学刷初赛模拟12.md,65.9,639,37380,42,0,0,121,0,OK
2026题目2,长沙化学刷初赛模拟2.md,35.9,447,19276,41,0,0,79,0,OK
2026题目2,长沙化学刷初赛模拟3.md,56.9,930,33379,71,0,4,184,0,mineru残留4
2026题目2,长沙化学刷初赛模拟4.md,54.0,724,30189,60,0,0,139,0,OK
2026题目2,长沙化学刷初赛模拟5.md,23.3,341,12319,19,0,0,89,0,OK
2026题目2,长沙化学刷初赛模拟6.md,33.8,400,24024,33,0,0,74,0,OK
2026题目2,长沙化学刷初赛模拟7.md,44.5,746,27008,71,0,8,114,0,mineru残留8
2026题目2,长沙化学刷初赛模拟8.md,62.9,928,37687,51,0,24,170,0,mineru残留24
2026题目2,长沙化学刷初赛模拟9.md,68.4,931,41390,45,0,10,141,0,mineru残留10
2026题目3,2.10习题三答案.md,16.8,262,10098,23,0,0,38,0,OK
2026题目3,2.10习题三讲评.md,14.7,223,8544,25,0,0,36,0,OK
2026题目3,2.13试卷二讲评.md,20.6,483,12781,15,0,0,23,0,OK
2026题目3,初赛模拟7答案.md,47.4,703,23766,50,0,0,9,0,OK
2026题目3,初赛模拟7试卷.md,34.7,406,15368,28,0,0,6,0,OK
2026题目3,初赛模拟7试卷已优化.md,35.6,439,15594,26,0,0,7,0,OK
2026题目3,初赛模拟9答案.md,30.3,566,17784,49,0,0,93,0,OK
2026题目3,初赛模拟9答案（清晰版）.md,31.0,569,18108,48,0,12,92,0,mineru残留12
2026题目3,春季-有机专题1试卷.md,24.6,478,14545,78,0,0,93,0,OK
2026题目3,春季-有机专题1试卷已优化.md,25.2,474,14751,79,0,0,92,0,OK
2026题目3,春季模拟试题9试题-清晰版.md,17.7,250,8729,15,0,0,84,0,OK
2026题目3,春季模拟试题9试题.md,18.1,259,9011,11,0,0,87,0,OK
2026题目3,第40届决赛模拟1答案.md,41.0,699,23450,63,0,0,75,0,OK
2026题目3,第40届决赛模拟1（清晰版）.md,26.1,358,13293,32,0,0,67,0,OK
2026题目3,第40届初赛模拟10（清晰版）.md,26.2,312,13186,19,0,0,87,0,OK
2026题目3,第40届初赛模拟11（清晰版）.md,33.6,357,17677,27,0,0,86,0,OK
2026题目3,第40届初赛模拟试题10参考答案（清晰版）.md,43.0,554,25799,45,0,2,76,0,mineru残留2
2026题目3,第40届初赛模拟试题11答案-清晰版.md,44.4,555,25812,50,0,0,81,0,OK
2026题目3,第40届化英社化学奥林匹克（初赛）春季联考1.md,24.5,287,13191,21,0,0,67,0,OK
2026题目3,第40届化英社化学奥林匹克（初赛）春季联考1答案1.md,34.2,476,19825,45,0,2,66,0,mineru残留2
2026题目3,第40届化英社化学奥林匹克（初赛）春季联考2.md,26.2,275,13246,28,0,0,69,0,OK
2026题目3,第40届化英社化学奥林匹克（初赛）春季联考2答案.md,36.6,434,20651,54,0,0,64,0,OK
2026题目3,第40届化英社化学奥林匹克（初赛）春季联考3答案.md,48.8,600,27471,46,0,4,8,0,mineru残留4
2026题目3,第40届化英社化学奥林匹克（初赛）春季联考3试卷.md,31.0,354,15087,27,0,0,8,0,OK
2026题目3,第40届化英社化学奥林匹克（初赛）春季联考4参考答案.md,31.5,405,17142,58,0,0,70,0,OK
2026题目3,第40届化英社化学奥林匹克（初赛）春季联考4试卷.md,19.9,194,9079,17,0,0,69,0,OK
2026题目3,第40届化英社化学奥林匹克（初赛）春季联考5.md,27.8,295,13402,21,0,0,63,0,OK
2026题目3,第40届化英社化学奥林匹克（初赛）春季联考5答案.md,38.1,495,20533,41,0,2,59,0,mineru残留2
2026题目3,第40届化英社化学奥林匹克（初赛）春季联考6-final.md,27.0,330,13898,28,0,0,81,0,OK
2026题目3,第40届化英社化学奥林匹克（初赛）春季联考6答案-final.md,38.3,510,21922,39,0,0,69,0,OK
2026题目4,2.5练习题及答案.md,8.8,277,5487,38,0,0,0,0,无题号
2026题目4,2.7杭州有机化学班第三天练习题.md,13.2,284,7804,54,0,0,53,0,OK
2026题目4,2026年寒假杭州有机化学班第五天练习题及答案.md,6.6,133,3415,10,0,0,15,0,OK
2026题目4,2026年寒假杭州有机化学班练习5习题及答案.md,11.8,301,7689,55,0,0,43,0,OK
2026题目4,2026年寒假杭州有机化学班练习题4练习题及答案.md,7.0,133,4385,27,0,0,10,0,OK
2026题目4,2026年清北营寒假班-试卷1-参考答案.md,32.3,437,19049,22,0,0,48,0,OK
2026题目4,2026年清北营寒假班-试卷1.md,19.2,278,8939,12,0,0,60,0,OK
2026题目4,2026年清北营寒假班-试卷2-参考答案.md,34.7,380,20935,44,0,0,59,0,OK
2026题目4,2026年清北营寒假班-试卷2.md,20.7,230,10175,26,0,0,66,0,OK
2026题目4,2026年清北营寒假班-试卷3-参考答案.md,41.6,327,26425,23,0,0,62,0,OK
2026题目4,2026年清北营寒假班-试卷3.md,24.0,299,11509,21,0,0,73,0,OK
2026题目4,2026年清北营寒假班-试卷4-参考答案.md,33.2,449,21019,34,0,0,69,0,OK
2026题目4,2026年清北营寒假班-试卷4.md,18.6,290,9560,25,0,0,67,0,OK
2026题目4,2026年清北营寒假班-试卷5-参考答案.md,40.6,679,24588,14,0,0,62,0,OK
2026题目4,2026年清北营寒假班-试卷5.md,21.9,298,10707,16,0,0,60,0,OK
2026题目4,五一伽马杭州1.md,22.5,395,12109,37,0,0,9,0,OK
2026题目4,五一伽马杭州2.md,16.4,300,9351,41,0,0,71,0,OK
2026题目4,五一伽马杭州3.md,16.5,219,9870,23,0,0,40,0,OK
2026题目4,伽马化学2026年五一模拟2-讲稿.md,19.2,420,11311,54,0,0,41,0,OK
2026题目4,伽马化学2026年五一模拟4-讲稿.md,27.9,444,15583,59,0,0,6,0,OK
2026题目4,伽马化学2026年五一模拟5-讲稿1.md,21.1,412,11944,46,0,0,37,0,OK
2026题目4,伽马化学2026年五一模拟6-讲稿.md,27.4,447,15895,49,0,0,59,0,OK
2026题目4,初赛模拟7答案已优化.md,49.4,724,25171,54,0,0,9,0,OK
2026题目4,化英社2026第40届决赛物化专题2试卷（清晰版）.md,30.8,536,16124,11,0,0,7,0,OK
2026题目4,化英社年后国初模拟1.md,55.0,777,31058,66,0,0,123,0,OK
2026题目4,化英社年后国初模拟2.md,64.5,636,35352,61,0,0,131,0,OK
2026题目4,化英社年后国初模拟3.md,59.4,756,34507,69,0,2,146,0,mineru残留2
2026题目4,春季模拟1.md,45.4,660,28229,40,0,4,123,0,mineru残留4
2026题目4,春季模拟10.md,57.9,900,35449,27,0,0,80,0,OK
2026题目4,春季模拟11.md,77.1,851,45737,56,0,0,175,0,OK
2026题目4,春季模拟12.md,51.4,611,31275,46,0,0,130,0,OK
2026题目4,春季模拟2.md,49.2,509,28622,30,0,0,106,0,OK
2026题目4,春季模拟3.md,53.3,526,30776,42,0,4,97,0,mineru残留4
2026题目4,春季模拟4.md,51.0,473,29823,53,0,0,101,0,OK
2026题目4,春季模拟5.md,53.1,671,31188,59,0,10,111,0,mineru残留10
2026题目4,春季模拟6.md,57.3,760,32814,133,0,0,129,0,OK
2026题目4,春季模拟7.md,59.2,638,33932,46,0,6,132,0,mineru残留6
2026题目4,春季模拟8.md,46.8,651,29379,63,0,0,117,0,OK
2026题目4,春季模拟9.md,57.7,550,31041,46,0,0,109,0,OK
2026题目4,有机化学专题初赛模拟卷1试题及答案.md,36.5,602,22161,81,0,0,112,0,OK
2026题目4,汇智起航2026年五一期间有机化学初赛模拟卷14.md,18.1,336,10613,51,0,0,66,0,OK
2026题目4,汇智起航2026年五一期间有机化学初赛模拟卷1答案5.md,9.7,55,7913,9,0,0,9,0,OK
2026题目4,汇智起航2026年五一期间有机化学初赛模拟卷2.md,53.7,798,31544,83,0,2,151,0,mineru残留2
2026题目4,汇智起航2026年五一期间有机化学初赛模拟卷2答案3.md,34.4,518,21096,69,0,0,69,0,OK
2026题目4,汇智起航2026年寒假有机化学专题初赛模拟卷2及答案.md,67.0,1107,43034,171,0,0,129,0,OK
2026题目4,清北营2026年物化专题班试卷1.md,19.5,268,11072,9,0,0,46,0,OK
2026题目4,清北营2026年物化专题班试卷1答案.md,36.6,410,25086,10,0,0,48,0,OK
2026题目4,清北营2026年物化专题班试卷2.md,15.0,142,8541,5,0,0,39,0,OK
2026题目4,清北营2026年物化专题班试卷2答案.md,28.0,307,18561,10,0,0,45,0,OK
2026题目4,第40届决赛模拟1答案已优化.md,41.2,678,23394,66,0,0,76,0,OK
2026题目4,第40届决赛模拟试题2答案（清晰版）.md,50.5,703,26431,70,0,0,11,0,OK
2026题目4,第40届化英社化学奥林匹克决赛模拟试题3参考答案（清晰版）.md,44.8,650,25794,50,0,0,91,0,OK
2026题目4,第40届化英社化学奥林匹克（决赛）模拟试题3.md,28.8,351,14302,26,0,0,87,0,OK
2026题目4,第40届化英社化学奥林匹克（决赛）模拟试题3（清晰）.md,28.9,351,14252,26,0,0,87,0,OK
2026题目4,第40届化英社化学奥林匹克（初赛）模拟试题13（高清版）.md,25.0,317,12239,31,0,0,79,0,OK
2026题目4,第40届化英社奥林匹克（决赛）模拟试题2试卷（清晰）.md,39.0,386,18625,34,0,0,11,0,OK
2026题目4,第40届化英社奥林匹克（初赛）模拟试题13答案（清晰）.md,41.4,566,24335,50,0,0,75,0,OK
2026题目5,2026年伽马五一班模拟试卷3讲评.md,44.0,768,27827,86,0,0,63,0,OK
2026题目5,五一伽马杭州4.md,25.6,402,13412,47,0,0,9,0,OK
2026题目5,五一伽马杭州5.md,18.4,255,9183,24,0,0,51,0,OK
2026题目5,五一伽马杭州6.md,26.5,372,13304,31,0,0,97,0,OK
2026题目5,五一伽马杭州答案1.md,32.9,672,19407,66,0,0,9,0,OK
2026题目5,五一伽马杭州答案2.md,25.2,498,16365,76,0,2,64,0,mineru残留2
2026题目5,五一伽马杭州答案3-1.md,24.6,382,16443,48,0,0,37,0,OK
2026题目5,五一伽马杭州答案3.md,24.3,382,16221,48,0,0,37,0,OK
2026题目5,五一伽马杭州答案4.md,35.8,647,19603,65,0,0,8,0,OK
2026题目5,五一伽马杭州答案5.md,26.3,471,14716,49,0,8,60,0,mineru残留8
2026题目5,五一伽马杭州答案6.md,38.1,740,22291,58,0,8,98,0,mineru残留8
2026题目5,伽马化学2026年五一模拟1-讲稿.md,40.5,850,24995,132,0,0,12,0,OK
2026题目5,卷1讲评..md,63.9,876,40718,74,0,2,75,0,mineru残留2
2026题目5,卷2-讲评..md,45.4,461,28233,19,0,0,46,0,OK
2026题目5,卷3-讲评.1.md,46.5,790,28582,61,0,4,63,0,mineru残留4
2026题目5,改汇智起航2026年暑假（刷题班）全国化学初赛模拟卷64.md,36.5,731,21661,52,0,0,64,0,OK
2026题目5,改：汇智起航2026年暑假（刷题班）全国化学初赛模拟卷4答案-version2.md,34.8,759,20411,68,0,10,60,0,mineru残留10
2026题目5,汇智起航2026年暑假（冲刺班）结构化学初赛模拟卷1答案-250610-sjh2211111.md,27.0,393,16084,45,0,0,66,0,OK
2026题目5,汇智起航2026年（暑假）无机化学初赛模拟试题1.md,31.9,450,17839,26,0,0,57,0,OK
2026题目5,物化1解析手稿1.md,15.6,446,11961,5,0,0,1,0,OK
2026题目5,讲评-副本1.md,26.6,524,15844,52,0,0,55,0,OK
2026题目5,长沙冲刺无机综合.md,60.5,732,32088,16,0,8,145,0,mineru残留8
2026题目5,长沙冲刺有机1.md,44.6,792,26121,146,0,0,135,0,OK
2026题目5,长沙冲刺有机2.md,55.3,942,32499,192,0,0,170,0,OK
2026题目5,长沙冲刺物化1.md,80.1,1591,53638,1,0,22,112,0,mineru残留22
2026题目5,长沙冲刺物化2.md,61.8,1005,38896,1,0,2,108,0,mineru残留2
2026题目5,长沙冲刺结构.md,46.1,573,25990,34,0,0,153,0,OK
2026题目5,长沙冲刺综合1.md,67.8,1033,43942,80,0,30,155,0,mineru残留30
2026题目5,长沙冲刺综合2.md,53.2,565,29685,14,0,0,107,0,OK
2026题目5,长沙冲刺综合3.md,51.7,743,29249,57,0,10,129,0,mineru残留10
2026题目5,长沙冲刺综合4.md,43.8,647,26180,53,0,24,140,0,mineru残留24
2026题目5,长沙冲刺综合5.md,44.5,762,27880,77,0,2,119,0,mineru残留2
2026题目5,长沙冲刺综合6.md,57.0,844,32609,76,0,18,137,0,mineru残留18
2026题目5,长沙冲刺综合7.md,48.8,637,28086,40,0,2,139,0,mineru残留2
2026题目6,20260228广州模拟测试题.md,23.3,262,11159,11,0,0,76,0,OK
2026题目6,无机专题卷1.md,29.0,313,15303,13,0,0,67,0,OK
2026题目6,无机专题卷1答案.md,11.8,210,7431,4,0,0,57,0,OK
2026题目6,无机专题卷2.md,19.1,204,11175,7,0,0,66,0,OK
2026题目6,无机专题卷2答案.md,16.0,467,10348,1,0,0,32,0,OK
2026题目6,模拟测试卷1.md,17.6,261,10471,31,0,0,55,0,OK
2026题目6,第40届中国化学奥林匹克（初赛）模拟试题1.md,16.1,256,8829,19,0,0,50,0,OK
2026题目6,第40届中国化学奥林匹克（初赛）模拟试题10.md,14.9,201,7257,13,0,0,61,0,OK
2026题目6,第40届中国化学奥林匹克（初赛）模拟试题10参考答案.md,11.0,33,8193,0,0,0,8,0,OK
2026题目6,第40届中国化学奥林匹克（初赛）模拟试题11.md,18.7,200,9886,12,0,0,53,0,OK
2026题目6,第40届中国化学奥林匹克（初赛）模拟试题11参考答案.md,12.7,29,9719,0,0,0,7,0,OK
2026题目6,第40届中国化学奥林匹克（初赛）模拟试题12.md,20.8,316,10590,32,0,0,79,0,OK
2026题目6,第40届中国化学奥林匹克（初赛）模拟试题12参考答案.md,15.0,30,10323,0,0,0,7,0,OK
2026题目6,第40届中国化学奥林匹克（初赛）模拟试题13.md,21.6,264,10619,18,0,0,66,0,OK
2026题目6,第40届中国化学奥林匹克（初赛）模拟试题13参考答案.md,13.2,26,10545,0,0,0,6,0,OK
2026题目6,第40届中国化学奥林匹克（初赛）模拟试题1参考答案.md,13.4,35,10383,0,0,0,7,0,OK
2026题目6,第40届中国化学奥林匹克（初赛）模拟试题2.md,17.1,217,8174,21,0,0,62,0,OK
2026题目6,第40届中国化学奥林匹克（初赛）模拟试题2参考答案.md,14.9,33,11182,0,0,0,8,0,OK
2026题目6,第40届中国化学奥林匹克（初赛）模拟试题3.md,21.2,311,10856,21,0,0,64,0,OK
2026题目6,第40届中国化学奥林匹克（初赛）模拟试题3参考答案.md,13.5,35,11048,0,0,0,8,0,OK
2026题目6,第40届中国化学奥林匹克（初赛）模拟试题4.md,15.4,204,8169,11,0,0,56,0,OK
2026题目6,第40届中国化学奥林匹克（初赛）模拟试题4参考答案.md,13.9,43,11165,3,0,0,8,0,OK
2026题目6,第40届中国化学奥林匹克（初赛）模拟试题5.md,20.3,254,10781,19,0,0,52,0,OK
2026题目6,第40届中国化学奥林匹克（初赛）模拟试题5答案.md,15.8,29,12274,0,0,0,7,0,OK
2026题目6,第40届中国化学奥林匹克（初赛）模拟试题6.md,19.0,226,9728,16,0,0,56,0,OK
2026题目6,第40届中国化学奥林匹克（初赛）模拟试题6答案.md,16.4,25,13134,0,0,0,6,0,OK
2026题目6,第40届中国化学奥林匹克（初赛）模拟试题7.md,13.7,193,6539,10,0,0,65,0,OK
2026题目6,第40届中国化学奥林匹克（初赛）模拟试题7答案.md,13.6,35,9874,0,0,0,7,0,OK
2026题目6,第40届中国化学奥林匹克（初赛）模拟试题8.md,13.2,169,6641,22,0,0,48,0,OK
2026题目6,第40届中国化学奥林匹克（初赛）模拟试题8答案.md,12.5,37,10264,0,0,0,9,0,OK
2026题目6,第40届中国化学奥林匹克（初赛）模拟试题9.md,15.9,215,8460,7,0,0,49,0,OK
2026题目6,第40届中国化学奥林匹克（初赛）模拟试题9参考答案.md,9.9,35,8626,0,0,0,8,0,OK
2026题目7,cm化学试卷-初赛模拟试题3+答案3.md,76.5,1072,40981,111,0,0,225,0,OK
2026题目7,化学试卷-初赛模拟试题1+答案.md,78.2,1062,44194,94,0,0,199,0,OK
2026题目7,化学试卷-初赛模拟试题4+答案.md,66.8,643,33674,62,0,0,179,0,OK
2026题目7,模拟测试卷1参考答案.md,22.0,377,12977,56,0,0,56,0,OK
2026题目7,模拟测试卷2.md,20.7,455,13831,82,0,0,8,0,OK
2026题目7,模拟测试卷2答案.md,17.8,239,11611,29,0,0,7,0,OK
2026题目7,模拟测试卷3.md,18.3,349,11459,54,0,0,53,0,OK
2026题目7,模拟测试卷3参考答案.md,24.9,320,16811,51,0,0,51,0,OK
2026题目7,第40届Chemy化学奥林匹克初赛模拟试题2+答案.md,64.8,1003,36932,76,0,0,214,0,OK
2026题目7,第40届chemy初赛无机模拟19答案.md,40.5,459,23623,35,0,20,79,0,mineru残留20
2026题目7,第40届chemy初赛无机模拟19试题.md,26.2,292,13180,12,0,0,78,0,OK
2026题目7,第40届chemy初赛有机模拟20答案.md,27.7,507,16468,86,0,0,109,0,OK
2026题目7,第40届chemy初赛有机模拟20试题.md,20.7,281,11431,47,0,0,55,0,OK
2026题目7,第40届chemy初赛有机模拟21答案.md,47.4,723,28131,60,0,0,8,0,OK
2026题目7,第40届chemy初赛有机模拟21试题.md,26.9,352,14389,44,0,0,8,0,OK
2026题目7,第40届chemy初赛模拟10答案.md,43.0,662,25816,62,0,0,127,0,OK
2026题目7,第40届chemy初赛模拟10试卷.md,24.8,297,13275,29,0,0,72,0,OK
2026题目7,第40届chemy初赛模拟11答案.md,36.8,497,22213,29,0,22,100,0,mineru残留22
2026题目7,第40届chemy初赛模拟11试卷.md,26.8,307,14580,23,0,0,79,0,OK
2026题目7,第40届chemy初赛模拟12答案.md,43.0,533,25144,39,0,12,124,0,mineru残留12
2026题目7,第40届chemy初赛模拟12试卷.md,31.4,369,16917,26,0,0,104,0,OK
2026题目7,第40届chemy初赛模拟13答案.md,47.4,667,28352,53,0,12,106,0,mineru残留12
2026题目7,第40届chemy初赛模拟13试题.md,33.2,413,18050,31,0,0,91,0,OK
2026题目7,第40届chemy初赛模拟14答案.md,48.6,746,30667,54,0,0,90,0,OK
2026题目7,第40届chemy初赛模拟14试卷.md,32.5,365,18783,31,0,0,91,0,OK
2026题目7,第40届chemy初赛模拟15答案.md,60.7,754,32592,48,0,0,181,0,OK
2026题目7,第40届chemy初赛模拟15试题.md,42.5,386,19950,20,0,0,116,0,OK
2026题目7,第40届chemy初赛模拟16答案.md,36.0,614,21565,53,0,0,117,0,OK
2026题目7,第40届chemy初赛模拟16试题.md,23.1,262,12229,21,0,0,66,0,OK
2026题目7,第40届chemy初赛模拟17试题.md,26.2,313,14548,36,0,0,79,0,OK
2026题目7,第40届chemy初赛模拟18答案.md,40.9,893,25971,68,0,0,105,0,OK
2026题目7,第40届chemy初赛模拟18试题.md,22.3,330,12710,29,0,0,58,0,OK
2026题目7,第41届chemy联赛.md,27.2,349,13425,35,0,0,94,0,OK
2026题目7,第三十九届Chemy化学奥林匹克竞赛联赛试题5.md,26.7,329,13641,20,0,0,105,0,OK
2026题目7,第三十九届Chemy化学奥林匹克竞赛联赛试题答案5与评分标准.md,45.0,534,27050,28,0,26,103,0,mineru残留26
2026题目8,2026年清北营暑假高二班-试卷1-参考答案.md,39.7,398,24287,37,0,2,48,0,mineru残留2
2026题目8,2026年清北营暑假高二班-试卷1.md,21.2,253,10589,28,0,0,60,0,OK
2026题目8,2026年清北营暑假高二班-试卷2-参考答案.md,32.4,404,18481,25,0,0,72,0,OK
2026题目8,2026年清北营暑假高二班-试卷2.md,22.1,283,10819,16,0,0,80,0,OK
2026题目8,2026年清北营暑假高二班-试卷3-参考答案.md,35.6,435,22553,29,0,0,57,0,OK
2026题目8,2026年清北营暑假高二班-试卷3.md,18.6,264,9474,19,0,0,63,0,OK
2026题目8,2026年清北营暑假高二班-试卷4-参考答案.md,36.3,374,22069,33,0,0,60,0,OK
2026题目8,2026年清北营暑假高二班-试卷4.md,22.8,309,11182,22,0,0,76,0,OK
2026题目8,2026年清北营暑假高二班-试卷5-参考答案.md,31.4,409,19266,31,0,0,66,0,OK
2026题目8,2026年清北营暑假高二班-试卷5.md,21.2,270,10422,20,0,0,75,0,OK
2026题目8,2026年清北营暑假高二班-试卷6-参考答案.md,32.6,345,18420,36,0,0,48,0,OK
2026题目8,2026年清北营暑假高二班-试卷6.md,20.6,265,9724,25,0,0,63,0,OK
2026题目8,2026年清北营暑假高二班-试卷7-有机专题-参考答案.md,36.2,345,23489,45,0,0,58,0,OK
2026题目8,2026年清北营暑假高二班-试卷7-有机专题.md,22.8,338,12071,39,0,0,80,0,OK
2026题目8,2026年清北营暑假高二班-试卷8.md,20.0,235,9427,22,0,0,73,0,OK
2026题目8,2026年清北营暑假高二班-试卷9.md,25.6,337,12328,36,0,0,77,0,OK
2026题目8,T1.1.md,2.9,37,1793,6,0,0,12,0,OK
2026题目8,T1.md,3.8,71,2479,11,0,0,19,0,OK
2026题目8,Xechem有机答案.md,30.1,442,16906,84,0,0,72,0,OK
2026题目8,Xechem模拟6.md,22.7,221,11300,23,0,0,49,0,OK
2026题目8,Xechem模拟6答案.md,32.8,359,18699,49,0,0,38,0,OK
2026题目8,Xechem模拟7.md,18.6,218,9920,24,0,0,35,0,OK
2026题目8,Xechem模拟7答案.md,27.0,314,15426,54,0,0,33,0,OK
2026题目8,Xechem模拟8.md,28.0,331,15026,18,0,0,91,0,OK
2026题目8,Xechem模拟9（有机）.md,29.0,373,15377,54,0,0,95,0,OK
2026题目8,Xechem模拟一.md,34.7,334,16457,32,0,0,80,0,OK
2026题目8,Xechem模拟一答案.md,39.4,475,19972,46,0,0,56,0,OK
2026题目8,Xechem模拟三（晶体）.md,14.9,168,8497,13,0,0,41,0,OK
2026题目8,Xechem模拟三（晶体）答案.md,33.3,544,18643,26,0,0,49,0,OK
2026题目8,Xechem模拟二.md,22.7,254,11879,22,0,0,68,0,OK
2026题目8,Xechem模拟二答案.md,26.5,312,15667,43,0,0,41,0,OK
2026题目8,Xechem模拟五.md,22.3,194,11161,9,0,0,41,0,OK
2026题目8,Xechem模拟五答案.md,30.1,379,16160,32,0,0,45,0,OK
2026题目8,Xechem模拟四.md,17.1,165,8436,9,0,0,50,0,OK
2026题目8,Xechem模拟四答案.md,28.1,306,15385,24,0,0,38,0,OK
2026题目8,初赛模拟8讲评_202603012138_22493.md,61.0,784,37554,87,0,0,91,0,OK
2026题目8,暑假班试卷与答案勘误.md,11.6,302,7433,10,0,0,67,0,OK
2026题目8,第40届XeChem初赛模拟试题（十一）.md,26.1,288,12533,23,0,0,61,0,OK
2026题目8,第40届XeChem初赛模拟试题（十一）答案.md,38.4,554,20099,56,0,0,61,0,OK
2026题目8,第40届XeChem初赛模拟试题（十）.md,26.9,269,12348,17,0,0,73,0,OK
2026题目8,第40届XeChem初赛模拟试题（十）答案.md,38.7,481,20133,39,0,0,72,0,OK
2026题目8,第40届chemy初赛有机模拟22答案.md,46.1,707,24341,49,0,0,141,0,OK
2026题目8,第40届chemy初赛模拟17答案.md,43.6,557,26930,45,0,26,103,0,mineru残留26
2026题目8,第42届Chemy联赛决赛试题答案.md,41.2,610,24131,55,0,14,9,0,mineru残留14
2026题目9,2026年清北营暑假高二班-试卷10.md,24.5,328,12273,31,0,0,87,0,OK
2026题目9,2026年清北营暑假高二班-试卷11-参考答案.md,49.9,561,28128,28,0,0,73,0,OK
2026题目9,2026年清北营暑假高二班-试卷11.md,28.9,316,13278,11,0,0,83,0,OK
2026题目9,2026年清北营暑假高二班-试卷13-参考答案.md,38.9,386,25442,53,0,0,62,0,OK
2026题目9,2026年清北营暑假高二班-试卷16-参考答案.md,45.9,582,26961,64,0,0,74,0,OK
2026题目9,2026年清北营暑假高二班-试卷16.md,29.6,388,14199,34,0,0,81,0,OK
2026题目9,一式01.md,23.2,301,12082,38,0,0,66,0,OK
2026题目9,一式01答案.md,33.2,527,19053,49,0,2,78,0,mineru残留2
2026题目9,一式02.md,18.5,230,9886,27,0,0,55,0,OK
2026题目9,一式02答案.md,31.7,530,20227,43,0,0,51,0,OK
2026题目9,一式03.md,20.3,283,11097,26,0,0,68,0,OK
2026题目9,一式03答案.md,30.0,448,18443,40,0,6,69,0,mineru残留6
2026题目9,一式04.md,19.9,290,10570,31,0,0,53,0,OK
2026题目9,一式04答案.md,31.7,483,19849,57,0,6,44,0,mineru残留6
2026题目9,一式05.md,19.4,299,10715,38,0,0,50,0,OK
2026题目9,一式06.md,21.4,340,12866,48,0,0,57,0,OK
2026题目9,一式07.md,19.5,337,10815,33,0,0,52,0,OK
2026题目9,一式08.md,20.9,300,11015,30,0,0,62,0,OK
2026题目9,一式09.md,21.0,287,11153,30,0,0,61,0,OK
2026题目9,一式10.md,23.1,369,12225,37,0,0,73,0,OK
2026题目9,施朱鸣-计算专题-讲评.md,54.1,870,30065,31,0,4,75,0,mineru残留4
2026题目9,第40届化英社化学奥林匹克初赛模拟试题15.md,30.6,391,15360,27,0,0,8,0,OK
2026题目9,第40届化英社化学奥林匹克初赛计算与实验.md,32.4,438,15339,17,0,0,80,0,OK
2026题目9,第40届化英社化学奥林匹克（初赛）夏季模拟14参考答案.md,51.8,624,29177,59,0,2,88,0,mineru残留2
2026题目9,第40届化英社化学奥林匹克（初赛）模拟试题14.md,36.1,456,19351,31,0,0,90,0,OK
2026题目9,第40届化英社化学奥林匹克（初赛）模拟试题15参考答案.md,45.7,595,26250,40,0,4,8,0,mineru残留4
2026题目9,第40届化英社化学奥林匹克（初赛）计算与实验参考答案.md,50.4,748,26973,15,0,14,77,0,mineru残留14
2026题目10,PDF合并_400-496.md,181.8,2412,107099,240,0,0,423,0,OK
2026题目10,一式05答案.md,28.6,405,17662,35,0,0,43,0,OK
2026题目10,一式06答案.md,32.6,606,21618,50,0,0,50,0,OK
2026题目10,一式07答案.md,27.9,471,17679,41,0,6,46,0,mineru残留6
2026题目10,一式08答案.md,35.2,483,22381,40,0,4,49,0,mineru残留4
2026题目10,一式09答案.md,31.5,336,21066,26,0,8,45,0,mineru残留8
2026题目10,一式10答案.md,35.4,550,21385,43,0,0,80,0,OK
2026题目10,北京夏令营-无机巩固练习一-答案1785409364.md,8.7,257,6018,21,0,0,45,0,OK
2026题目10,北京夏令营-无机巩固练习一1785409334.md,13.6,158,7133,4,0,0,53,0,OK
2026题目10,北京夏令营-无机巩固练习三1785602414.md,19.7,220,10188,11,0,0,73,0,OK
2026题目10,北京夏令营-无机巩固练习二-答案1785491473.md,23.3,548,17462,25,0,0,31,0,OK
2026题目10,北京夏令营-无机巩固练习二1785491436.md,17.1,210,9729,4,0,0,42,0,OK
2026题目10,第40届化英社化学奥林匹克决赛夏季模拟试题1.md,35.1,374,15555,11,0,0,86,0,OK
2026题目10,第40届化英社化学奥林匹克决赛夏季模拟试题2.md,49.6,696,27521,60,0,2,65,0,mineru残留2
2026题目10,第40届化英社化学奥林匹克决赛夏季模拟试题2参考答案.md,51.9,688,28749,66,0,4,73,0,mineru残留4
2026题目10,第40届化英社化学奥林匹克初赛夏季初赛模拟11参考答案.md,47.7,633,26450,57,0,0,74,0,OK
2026题目10,第40届化英社化学奥林匹克初赛夏季初赛模拟12参考答案_1.md,35.3,444,18740,46,0,0,49,0,OK
2026题目10,第40届化英社化学奥林匹克初赛夏季初赛模拟13参考答案_1.md,45.5,503,26683,41,0,2,65,0,mineru残留2
2026题目10,第40届化英社化学奥林匹克初赛夏季初赛模拟7参考答案.md,38.4,497,23246,38,0,0,53,0,OK
2026题目10,第40届化英社化学奥林匹克初赛夏季初赛模拟8.md,25.4,324,13529,29,0,0,80,0,OK
2026题目10,第40届化英社化学奥林匹克初赛夏季初赛模拟8参考答案.md,45.0,724,25078,67,0,0,90,0,OK
2026题目10,第40届化英社化学奥林匹克初赛夏季初赛模拟9.md,44.8,508,24279,37,0,0,83,0,OK
2026题目10,第40届化英社化学奥林匹克初赛夏季初赛模拟9参考答案.md,56.8,627,32947,40,0,0,84,0,OK
2026题目10,第40届化英社化学奥林匹克初赛夏季无机专题2参考答案.md,47.7,666,28212,24,0,0,70,0,OK
2026题目10,第40届化英社化学奥林匹克初赛夏季有机专题1参考答案.md,39.0,541,24861,102,0,0,76,0,OK
2026题目10,第40届化英社化学奥林匹克初赛夏季模拟试题1参考答案.md,33.7,429,20706,39,0,0,55,0,OK
2026题目10,第40届化英社化学奥林匹克初赛夏季模拟试题2参考答案.md,44.7,636,23587,63,0,2,73,0,mineru残留2
2026题目10,第40届化英社化学奥林匹克初赛夏季模拟试题3参考答案.md,45.2,581,27376,49,0,0,91,0,OK
2026题目10,第40届化英社化学奥林匹克初赛夏季模拟试题4.md,29.1,374,15301,35,0,0,80,0,OK
2026题目10,第40届化英社化学奥林匹克初赛夏季模拟试题5.md,28.5,293,14888,20,0,0,54,0,OK
2026题目10,第40届化英社化学奥林匹克初赛夏季模拟试题6.md,22.3,241,12242,16,0,0,64,0,OK
2026题目10,第40届化英社化学奥林匹克初赛夏季模拟试题6参考答案.md,38.4,505,24275,36,0,2,58,0,mineru残留2
2026题目10,第40届化英社化学奥林匹克初赛夏季结构专题参考答案.md,39.8,525,21729,45,0,0,73,0,OK
2026题目10,第40届化英社化学奥林匹克竞赛（初赛）夏季有机专题2参考答案.md,29.4,444,17587,69,0,0,53,0,OK
2026题目10,第40届化英社化学奥林匹克（决赛）夏季模拟试题1参考答案.md,49.4,778,25405,43,0,0,81,0,OK
2026题目10,第40届化英社化学奥林匹克（初赛）夏季初赛模拟10.md,32.9,367,16318,41,0,0,90,0,OK
2026题目10,第40届化英社化学奥林匹克（初赛）夏季初赛模拟10参考答案.md,46.9,580,25703,57,0,0,73,0,OK
2026题目10,第40届化英社化学奥林匹克（初赛）夏季初赛模拟13.md,30.9,306,15627,29,0,0,76,0,OK
2026题目10,第40届化英社化学奥林匹克（初赛）夏季初赛模拟2.md,32.8,380,15581,29,0,0,86,0,OK
2026题目10,第40届化英社化学奥林匹克（初赛）夏季初赛模拟5参考答案.md,44.2,583,26641,36,0,0,58,0,OK
2026题目10,第40届化英社化学奥林匹克（初赛）夏季初赛模拟7.md,26.8,319,14191,31,0,0,62,0,OK
2026题目10,第40届化英社化学奥林匹克（初赛）夏季无机专题1参考答案.md,42.6,500,24704,39,0,0,9,0,OK
2026题目10,第40届化英社化学奥林匹克（初赛）夏季模拟试题11.md,34.1,376,16674,36,0,0,88,0,OK
2026题目10,第40届化英社化学奥林匹克（初赛）夏季模拟试题4参考答案.md,40.4,582,23116,61,0,0,79,0,OK
2026题目11,3rdZCHEM-UChO-Tour1.md,8.4,142,4536,9,0,0,41,0,OK
2026题目11,3rdZCHEM-UChO-Tour2.md,15.2,215,9079,21,0,0,50,0,OK
2026题目11,4thZCHEM-UChO-Tour1.md,13.0,208,7781,5,0,0,47,0,OK
2026题目11,4thZCHEM-UChO-Tour2.md,11.6,159,6272,7,0,0,47,0,OK
2026题目11,5thZCHEM-UChO-Tour1.md,11.1,162,6005,6,0,0,49,0,OK
2026题目11,5thZCHEM-UChO-Tour2.md,10.9,179,6252,12,0,0,37,0,OK
2026题目11,6thZCHEM-UChO-Tour1.md,13.5,169,8666,14,0,0,48,0,OK
2026题目11,6thZCHEM-UChO-Tour2.md,12.2,214,7269,19,0,0,37,0,OK
2026题目11,7thZCHEM-UChO-Tour1.md,13.2,180,6581,18,0,0,47,0,OK
2026题目11,7thZCHEM-UChO-Tour2.md,15.1,194,8227,7,0,0,36,0,OK
2026题目11,8thZCHEM-UChO-Tour1.md,18.7,286,9735,13,0,0,57,0,OK
2026题目11,8thZCHEM-UChO-Tour2.md,16.5,266,8937,21,0,0,54,0,OK
2026题目11,9thZCHEM-UChO-Tour1.md,26.8,346,14883,28,0,0,71,0,OK
2026题目11,9thZCHEM-UChO-Tour2.md,27.8,368,15645,24,0,0,76,0,OK
2026题目11,ZCHEM-GChO10解析手稿.md,18.4,387,12395,23,0,0,40,0,OK
2026题目11,ZCHEM-GChO10试题（线下营）.md,11.8,152,7020,7,0,0,42,0,OK
2026题目11,ZCHEM-GChO11解析手稿.md,15.7,394,9972,12,0,0,31,0,OK
2026题目11,ZCHEM-GChO11试题（线下营）.md,13.5,201,8306,15,0,0,46,0,OK
2026题目11,ZCHEM-GChO12参考答案与评分标准.md,25.4,434,16091,38,0,0,64,0,OK
2026题目11,ZCHEM-GChO12试题.md,14.2,208,8222,18,0,0,46,0,OK
2026题目11,ZCHEM-GChO13解析手稿.md,24.6,657,16037,57,0,0,45,0,OK
2026题目11,ZCHEM-GChO13试题.md,10.7,187,5483,16,0,0,48,0,OK
2026题目11,ZCHEM-GChO14试题.md,13.5,226,7092,7,0,0,49,0,OK
2026题目11,ZCHEM-GChO15解析手稿.md,20.4,509,13949,29,0,0,41,0,OK
2026题目11,ZCHEM-GChO15试题（线下营）.md,10.3,194,6116,17,0,0,47,0,OK
2026题目11,ZCHEM-GChO16解析手稿.md,18.9,483,12913,26,0,0,37,0,OK
2026题目11,ZCHEM-GChO16试题（线下营）.md,9.2,159,5398,13,0,0,44,0,OK
2026题目11,ZCHEM-GChO17解析手稿.md,27.2,609,17901,33,0,0,45,0,OK
2026题目11,ZCHEM-GChO17试题（线下营）.md,10.8,148,5750,8,0,0,48,0,OK
2026题目11,ZCHEM-GChO18解析手稿.md,18.0,355,12035,31,0,0,41,0,OK
2026题目11,ZCHEM-GChO18试题（线下营）.md,10.0,172,5547,16,0,0,45,0,OK
2026题目11,ZCHEM-GChO19解析手稿.md,16.1,343,10689,36,0,0,44,0,OK
2026题目11,ZCHEM-GChO19试题（线下营）.md,10.0,202,5766,21,0,0,48,0,OK
2026题目11,ZCHEM-GChO1参考答案与评分标准.md,10.7,255,8400,11,0,0,9,0,OK
2026题目11,ZCHEM-GChO1试题.md,12.7,236,7239,15,0,0,9,0,OK
2026题目11,ZCHEM-GChO20解析手稿.md,22.8,479,14371,40,0,0,53,0,OK
2026题目11,ZCHEM-GChO20试题（线下营）.md,11.5,176,6362,10,0,0,43,0,OK
2026题目11,ZCHEM-GChO21解析手稿.md,27.7,734,19341,84,0,0,46,0,OK
2026题目11,ZCHEM-GChO21试题（线下营）.md,10.5,188,5966,17,0,0,40,0,OK
2026题目11,ZCHEM-GChO22试题（线下营）.md,10.0,147,5457,5,0,0,41,0,OK
2026题目11,ZCHEM-GChO23解析手稿.md,22.4,599,14664,29,0,0,57,0,OK
2026题目11,ZCHEM-GChO23试题（线下营）.md,11.8,219,7247,11,0,0,62,0,OK
2026题目11,ZCHEM-GChO24解析手稿.md,20.6,505,12761,18,0,0,38,0,OK
2026题目11,ZCHEM-GChO24试题（线下营）.md,13.5,175,8310,9,0,0,39,0,OK
2026题目11,ZCHEM-GChO25解析手稿.md,21.5,457,14096,29,0,0,39,0,OK
2026题目11,ZCHEM-GChO25试题（线下营）.md,13.1,201,8005,8,0,0,56,0,OK
2026题目11,ZCHEM-GChO26解析手稿.md,20.1,374,13019,8,0,0,37,0,OK
2026题目11,ZCHEM-GChO26试题（线下营）.md,14.7,274,9596,18,0,0,42,0,OK
2026题目11,ZCHEM-GChO27试题.md,12.2,193,6104,12,0,0,52,0,OK
2026题目11,ZCHEM-GChO28试题.md,12.9,259,7631,32,0,0,40,0,OK
2026题目11,ZCHEM-GChO29解析手稿.md,19.1,491,12132,39,0,0,41,0,OK
2026题目11,ZCHEM-GChO29试题.md,10.7,194,5896,24,0,0,44,0,OK
2026题目11,ZCHEM-GChO2解析手稿.md,27.0,498,17706,45,0,0,39,0,OK
2026题目11,ZCHEM-GChO2试题.md,16.3,257,9891,24,0,0,52,0,OK
2026题目11,ZCHEM-GChO30参考答案与评分标准.md,24.8,587,14749,50,0,0,65,0,OK
2026题目11,ZCHEM-GChO30试题.md,12.6,260,7235,31,0,0,39,0,OK
2026题目11,ZCHEM-GChO31参考答案与评分标准.md,20.4,428,11995,23,0,0,72,0,OK
2026题目11,ZCHEM-GChO31试题.md,10.6,216,6169,16,0,0,42,0,OK
2026题目11,ZCHEM-GChO32参考答案与评分标准.md,22.5,456,13286,31,0,0,87,0,OK
2026题目11,ZCHEM-GChO32试题.md,9.5,167,4761,9,0,0,56,0,OK
2026题目11,ZCHEM-GChO33解析手稿.md,23.2,632,15551,54,0,0,47,0,OK
2026题目11,ZCHEM-GChO33试题.md,10.2,220,5501,19,0,0,47,0,OK
2026题目11,ZCHEM-GChO34解析手稿.md,12.6,266,7967,5,0,0,30,0,OK
2026题目11,ZCHEM-GChO34试题.md,9.9,188,5545,19,0,0,43,0,OK
2026题目11,ZCHEM-GChO35解析手稿.md,25.3,679,16309,60,0,0,53,0,OK
2026题目11,ZCHEM-GChO35试题.md,11.5,202,6153,21,0,0,50,0,OK
2026题目11,ZCHEM-GChO36解析手稿.md,21.6,499,14995,50,0,0,45,0,OK
2026题目11,ZCHEM-GChO36试题.md,11.4,211,6774,25,0,0,47,0,OK
2026题目11,ZCHEM-GChO37解析手稿.md,20.4,474,13193,41,0,0,37,0,OK
2026题目11,ZCHEM-GChO37试题.md,11.1,205,5911,22,0,0,40,0,OK
2026题目11,ZCHEM-GChO38解析手稿.md,13.6,386,8374,14,0,0,29,0,OK
2026题目11,ZCHEM-GChO38试题.md,10.3,226,6083,29,0,0,41,0,OK
2026题目11,ZCHEM-GChO39解析手稿.md,18.6,463,12527,32,0,0,40,0,OK
2026题目11,ZCHEM-GChO39试题.md,11.7,306,7461,31,0,0,44,0,OK
2026题目11,ZCHEM-GChO3参考答案与评分标准.md,23.2,348,14750,11,0,14,44,0,mineru残留14
2026题目11,ZCHEM-GChO3试题.md,11.5,183,6075,9,0,0,42,0,OK
2026题目11,ZCHEM-GChO40解析手稿.md,17.7,585,12173,31,0,0,31,0,OK
2026题目11,ZCHEM-GChO40试题.md,9.6,210,5820,19,0,0,39,0,OK
2026题目11,ZCHEM-GChO41参考答案与评分标准.md,17.4,334,10483,27,0,0,69,0,OK
2026题目11,ZCHEM-GChO41试题.md,9.0,181,4750,16,0,0,43,0,OK
2026题目11,ZCHEM-GChO42参考答案与评分标准.md,20.0,377,12067,24,0,0,62,0,OK
2026题目11,ZCHEM-GChO42试题.md,11.2,172,6046,10,0,0,43,0,OK
2026题目11,ZCHEM-GChO43解析手稿.md,18.3,458,11762,35,0,0,34,0,OK
2026题目11,ZCHEM-GChO43试题（线下营）.md,13.8,200,8742,22,0,0,40,0,OK
2026题目11,ZCHEM-GChO44解析手稿.md,17.3,430,10967,20,0,0,41,0,OK
2026题目11,ZCHEM-GChO44试题（线下营）.md,15.1,247,9532,26,0,0,37,0,OK
2026题目11,ZCHEM-GChO45解析手稿.md,17.1,413,11214,29,0,0,34,0,OK
2026题目11,ZCHEM-GChO45试题.md,13.7,197,8726,13,0,0,39,0,OK
2026题目11,ZCHEM-GChO46解析手稿.md,27.4,1550,20946,22,0,0,35,0,OK
2026题目11,ZCHEM-GChO46试题.md,11.2,145,7022,8,0,0,35,0,OK
2026题目11,ZCHEM-GChO47试题.md,13.0,183,7898,17,0,0,43,0,OK
2026题目11,ZCHEM-GChO48参考答案与评分标准.md,20.4,235,12637,26,0,2,42,0,mineru残留2
2026题目11,ZCHEM-GChO48试题.md,10.7,185,5600,13,0,0,63,0,OK
2026题目11,ZCHEM-GChO49试题.md,10.2,169,5188,18,0,0,51,0,OK
2026题目11,ZCHEM-GChO4解析手稿.md,13.3,456,9392,26,0,0,28,0,OK
2026题目11,ZCHEM-GChO4试题.md,12.9,198,7024,11,0,0,51,0,OK
2026题目11,ZCHEM-GChO50试题.md,13.4,240,6745,16,0,0,54,0,OK
2026题目11,ZCHEM-GChO51参考答案和评分标准.md,24.0,473,15271,44,0,0,77,0,OK
2026题目11,ZCHEM-GChO51试题.md,11.2,172,5790,11,0,0,50,0,OK
2026题目11,ZCHEM-GChO52试题.md,12.1,194,6345,18,0,0,42,0,OK
2026题目11,ZCHEM-GChO53试题.md,15.6,217,9536,26,0,0,57,0,OK
2026题目11,ZCHEM-GChO54试题.md,13.5,194,8321,15,0,0,52,0,OK
2026题目11,ZCHEM-GChO55解析手稿.md,19.3,346,12102,15,0,0,30,0,OK
2026题目11,ZCHEM-GChO55试题.md,14.5,182,8724,13,0,0,40,0,OK
2026题目11,ZCHEM-GChO56解析手稿.md,21.8,672,12481,19,0,0,68,0,OK
2026题目11,ZCHEM-GChO56试题.md,16.3,231,9780,11,0,0,53,0,OK
2026题目11,ZCHEM-GChO57解析手稿.md,20.5,594,12297,16,0,0,48,0,OK
2026题目11,ZCHEM-GChO57试题.md,15.2,242,9668,19,0,0,48,0,OK
2026题目11,ZCHEM-GChO58解析手稿.md,21.2,351,14096,15,0,0,31,0,OK
2026题目11,ZCHEM-GChO58试题.md,16.7,198,10271,7,0,0,46,0,OK
2026题目11,ZCHEM-GChO59解析手稿.md,30.2,592,19480,59,0,0,76,0,OK
2026题目11,ZCHEM-GChO59试题.md,14.2,192,8450,7,0,0,51,0,OK
2026题目11,ZCHEM-GChO60试题.md,16.0,270,8715,30,0,0,48,0,OK
2026题目11,ZCHEM-GChO61试题.md,15.9,252,9761,24,0,0,46,0,OK
2026题目11,ZCHEM-GChO62参考答案与评分标准.md,25.4,465,14705,38,0,0,54,0,OK
2026题目11,ZCHEM-GChO62试题.md,12.4,206,6032,14,0,0,55,0,OK
2026题目11,ZCHEM-GChO63试题.md,13.8,196,8635,5,0,0,43,0,OK
2026题目11,ZCHEM-GChO64试题.md,16.9,233,10377,13,0,0,47,0,OK
2026题目11,ZCHEM-GChO65解析手稿.md,13.1,221,7725,13,0,0,28,0,OK
2026题目11,ZCHEM-GChO65试题.md,12.1,166,6029,5,0,0,47,0,OK
2026题目11,ZCHEM-GChO66试题.md,10.9,170,5924,12,0,0,50,0,OK
2026题目11,ZCHEM-GChO67试题.md,37.3,424,22328,29,0,0,99,0,OK
2026题目11,ZCHEM-GChO68解析手稿.md,18.6,336,11374,23,0,0,51,0,OK
2026题目11,ZCHEM-GChO68试题.md,17.3,237,9333,15,0,0,56,0,OK
2026题目11,ZCHEM-GChO69试题.md,19.0,238,10193,27,0,0,62,0,OK
2026题目11,ZCHEM-GChO6解析手稿.md,13.3,450,9914,24,0,0,15,0,OK
2026题目11,ZCHEM-GChO6试题（线下营）.md,306.2,4842,182886,310,0,0,1107,0,OK
2026题目11,ZCHEM-GChO70解析手稿.md,24.3,473,14865,44,0,0,48,0,OK
2026题目11,ZCHEM-GChO70试题.md,19.1,260,10617,37,0,0,50,0,OK
2026题目11,ZCHEM-GChO71解析手稿.md,20.6,413,11761,31,0,0,50,0,OK
2026题目11,ZCHEM-GChO71试题.md,16.0,239,7960,17,0,0,69,0,OK
2026题目11,ZCHEM-GChO72试题.md,14.5,191,7042,14,0,0,58,0,OK
2026题目11,ZCHEM-GChO73试题.md,29.1,311,14041,23,0,0,82,0,OK
2026题目11,ZCHEM-GChO74试题.md,18.2,240,8832,16,0,0,62,0,OK
2026题目11,ZCHEM-GChO75试题.md,28.6,390,16638,17,0,0,75,0,OK
2026题目11,ZCHEM-GChO76试题.md,14.9,204,8195,12,0,0,45,0,OK
2026题目11,ZCHEM-GChO77试题.md,16.7,209,8516,17,0,0,48,0,OK
2026题目11,ZCHEM-GChO78试题.md,20.4,247,12087,29,0,0,55,0,OK
2026题目11,ZCHEM-GChO79试题.md,16.3,186,9365,17,0,0,45,0,OK
2026题目11,ZCHEM-GChO7解析手稿.md,15.2,457,12058,45,0,0,9,0,OK
2026题目11,ZCHEM-GChO7试题（线下营）.md,14.7,252,9239,22,0,0,46,0,OK
2026题目11,ZCHEM-GChO80试题.md,29.0,432,16335,44,0,0,98,0,OK
2026题目11,ZCHEM-GChO81试题.md,29.6,453,15884,38,0,0,85,0,OK
2026题目11,ZCHEM-GChO82试题.md,27.3,371,13250,15,0,0,86,0,OK
2026题目11,ZCHEM-GChO83试题.md,26.6,420,14707,34,0,0,71,0,OK
2026题目11,ZCHEM-GChO8参考答案与评分标准.md,25.2,488,16714,21,0,2,57,0,mineru残留2
2026题目11,ZCHEM-GChO8试题.md,14.4,198,8862,9,0,0,57,0,OK
2026题目11,ZCHEM-GChO9解析手稿.md,28.6,710,18867,54,0,0,41,0,OK
2026题目11,ZCHEM-GChO9试题.md,14.1,205,7270,10,0,0,50,0,OK
2026题目11,北京夏令营-无机综合-答案.md,12.1,218,8707,7,0,4,27,0,mineru残留4
2026题目11,北京夏令营-无机综合.md,18.6,200,10783,4,0,0,51,0,OK
2026题目11,汇智起航五一初赛模拟1答案.md,42.9,681,27739,47,0,8,88,0,mineru残留8
2026题目11,汇智起航五一初赛模拟1试卷.md,26.4,381,15664,23,0,0,93,0,OK
2026题目11,汇智起航五一初赛模拟2答案.md,27.0,91,19545,0,0,0,9,0,OK
2026题目11,汇智起航五一初赛模拟2试卷.md,37.6,449,20172,21,0,0,66,0,OK
2026题目11,汇智起航五一初赛模拟3答案.md,13.6,144,9727,16,0,0,20,0,OK
2026题目11,汇智起航五一初赛模拟3试卷.md,28.5,344,16395,31,0,0,71,0,OK
2026题目11,汇智起航五一初赛模拟4答案.md,18.4,287,13433,11,0,2,27,0,mineru残留2
2026题目11,汇智起航五一初赛模拟4试卷.md,26.5,333,15490,11,0,0,72,0,OK
2026题目11,汇智起航五一初赛模拟5答案.md,40.5,687,23725,68,0,2,73,0,mineru残留2
2026题目11,汇智起航五一初赛模拟5试卷.md,27.4,355,14975,37,0,0,80,0,OK
2026题目11,汇智起航五一初赛模拟6答案.md,32.2,419,20633,34,0,0,53,0,OK
2026题目11,汇智起航五一初赛模拟6试卷.md,22.2,283,13141,26,0,0,64,0,OK
2026题目11,汇智起航五一初赛模拟7答案.md,36.7,389,21504,27,0,8,59,0,mineru残留8
2026题目11,汇智起航五一初赛模拟7试卷.md,28.8,317,15781,13,0,0,83,0,OK
2026题目11,汇智起航五一初赛模拟8答案.md,28.7,360,17409,27,0,12,58,0,mineru残留12
2026题目11,汇智起航五一初赛模拟8试卷.md,23.7,245,13551,20,0,0,57,0,OK
2026题目12,10thZCHEM-UChO.md,44.8,440,27390,17,0,0,87,0,OK
2026题目12,1stZCHEM-UChO.md,19.0,265,10868,6,0,0,52,0,OK
2026题目12,1stZCHEM-UChO答案.md,37.3,554,23788,18,0,10,47,0,mineru残留10
2026题目12,2ndZCHEM-UChO.md,16.9,238,9748,10,0,0,51,0,OK
2026题目12,2ndZCHEM-UChO答案.md,30.5,618,19885,18,0,6,46,0,mineru残留6
2026题目12,3rdZCHEM-UChO-Tour1答案.md,17.7,347,11337,19,0,0,42,0,OK
2026题目12,3rdZCHEM-UChO-Tour2答案.md,29.6,522,19391,52,0,0,51,0,OK
2026题目12,4thZCHEM-UChO答案.md,42.5,835,28180,51,0,0,73,0,OK
2026题目12,5thZCHEM-UChO答案.md,43.0,1105,28063,57,0,0,84,0,OK
2026题目12,6thZCHEM-UChO-Tour1答案.md,26.3,488,18307,37,0,0,41,0,OK
2026题目12,6thZCHEM-UChO-Tour2答案.md,18.0,413,11752,29,0,0,30,0,OK
2026题目12,7thZCHEM-UChO-Tour1答案.md,29.4,582,17650,38,0,0,49,0,OK
2026题目12,7thZCHEM-UChO-Tour2答案.md,28.3,483,17374,23,0,0,37,0,OK
2026题目12,8thZCHEM-UChO-Tour1答案.md,28.5,493,16544,38,0,0,58,0,OK
2026题目12,8thZCHEM-UChO-Tour2答案.md,31.9,515,20197,42,0,6,54,0,mineru残留6
2026题目12,9thZCHEM-UChO-Tour1答案.md,44.7,522,29482,30,0,0,68,0,OK
2026题目12,9thZCHEM-UChO-Tour2答案.md,43.3,468,28605,27,0,2,60,0,mineru残留2
2026题目12,ZCHEM-GChO22解析手稿.md,22.1,499,15204,17,0,0,40,0,OK
2026题目12,ZCHEM-GChO27参考答案与评分标准.md,25.9,245,17164,17,0,0,46,0,OK
2026题目12,ZCHEM-GChO28参考答案与评分标准.md,28.6,600,18370,62,0,0,39,0,OK
2026题目12,ZCHEM-GChO47参考答案与评分标准.md,24.4,383,16422,55,0,6,36,0,mineru残留6
2026题目12,ZCHEM-GChO49解析手稿.md,22.0,497,14942,58,0,0,44,0,OK
2026题目12,ZCHEM-GChO50参考答案与评分标准.md,29.4,538,17257,32,0,0,89,0,OK
2026题目12,ZCHEM-GChO52参考答案与评分标准.md,22.7,375,13358,29,0,0,71,0,OK
2026题目12,ZCHEM-GChO53参考答案与评分标准.md,31.7,402,20654,50,0,14,49,0,mineru残留14
2026题目12,ZCHEM-GChO54解析手稿.md,15.8,400,10281,25,0,0,37,0,OK
2026题目12,ZCHEM-GChO60参考答案和评分标准.md,26.6,461,15325,40,0,0,46,0,OK
2026题目12,ZCHEM-GChO61参考答案和评分标准.md,31.7,571,20957,51,0,0,44,0,OK
2026题目12,ZCHEM-GChO63解析手稿.md,17.9,397,11570,34,0,0,42,0,OK
2026题目12,ZCHEM-GChO64解析手稿.md,23.2,561,14838,38,0,0,50,0,OK
2026题目12,ZCHEM-GChO66解析手稿.md,16.6,377,10381,24,0,0,36,0,OK
2026题目12,ZCHEM-GChO67参考答案与评分标准.md,47.9,687,26603,61,0,0,101,0,OK
2026题目12,ZCHEM-GChO69解析手稿.md,22.4,330,12933,30,0,0,57,0,OK
2026题目12,ZCHEM-GChO72解析手稿.md,26.2,350,15073,32,0,0,48,0,OK
2026题目12,ZCHEM-GChO73参考答案与评分标准.md,44.8,657,24909,52,0,0,80,0,OK
2026题目12,ZCHEM-GChO74参考答案与评分标准.md,34.4,617,18859,29,0,0,62,0,OK
2026题目12,ZCHEM-GChO75参考答案与评分标准.md,37.3,617,20533,41,0,0,62,0,OK
2026题目12,ZCHEM-GChO76解析手稿.md,22.1,464,14156,32,0,0,39,0,OK
2026题目12,ZCHEM-GChO77解析手稿.md,25.2,552,15568,55,0,0,39,0,OK
2026题目12,ZCHEM-GChO78解析手稿.md,23.3,401,14011,33,0,0,41,0,OK
2026题目12,ZCHEM-GChO79解析手稿.md,20.1,404,12463,24,0,0,36,0,OK
2026题目12,ZCHEM-GChO80参考答案与评分标准.md,45.9,566,29318,57,0,0,92,0,OK
2026题目12,ZCHEM-GChO81参考答案与评分标准.md,39.4,346,24787,23,0,0,49,0,OK
2026题目12,ZCHEM-GChO82参考答案与评分标准.md,39.0,347,23515,11,0,4,55,0,mineru残留4
2026题目12,ZCHEM-GChO83参考答案与评分标准.md,39.5,415,25077,22,0,0,56,0,OK
2026题目12,新-2026年暑假Chemy刷题（15套）_1-199.md,586.5,7542,332971,583,0,72,1670,0,mineru残留72
2026题目12,新-2026年暑假Chemy刷题（15套）_200-391.md,447.6,6563,255472,607,0,64,945,0,mineru残留64
