机构,文件,题名数,探针数,命中,缺失示例
01-质心GChO,01-质心GChO\ZCHEM-GChO10解析手稿.md,1,7,7,
01-质心GChO,01-质心GChO\ZCHEM-GChO10试题（线下营）.md,0,6,6,
01-质心GChO,01-质心GChO\ZCHEM-GChO11解析手稿.md,0,6,6,
01-质心GChO,01-质心GChO\ZCHEM-GChO11试题（线下营）.md,0,6,5,\- 姓名、考号和所属学校必须写在首页左侧指定位置。
01-质心GChO,01-质心GChO\ZCHEM-GChO12参考答案与评分标准.md,0,6,6,
01-质心GChO,01-质心GChO\ZCHEM-GChO12试题.md,0,6,6,
01-质心GChO,01-质心GChO\ZCHEM-GChO13解析手稿.md,1,7,7,
01-质心GChO,01-质心GChO\ZCHEM-GChO13试题.md,1,7,7,
01-质心GChO,01-质心GChO\ZCHEM-GChO14解析手稿.md,1,7,7,
01-质心GChO,01-质心GChO\ZCHEM-GChO14试题.md,0,6,6,
01-质心GChO,01-质心GChO\ZCHEM-GChO15解析手稿.md,1,7,6,每晚22:00前群内更新次日题目易勘误(回放句子注言)
01-质心GChO,01-质心GChO\ZCHEM-GChO15试题（线下营）.md,1,7,7,
01-质心GChO,01-质心GChO\ZCHEM-GChO16解析手稿.md,0,6,6,
01-质心GChO,01-质心GChO\ZCHEM-GChO16试题（线下营）.md,0,6,6,
01-质心GChO,01-质心GChO\ZCHEM-GChO17解析手稿.md,0,6,6,
01-质心GChO,01-质心GChO\ZCHEM-GChO17试题（线下营）.md,0,6,6,
01-质心GChO,01-质心GChO\ZCHEM-GChO18解析手稿.md,0,6,6,
01-质心GChO,01-质心GChO\ZCHEM-GChO18试题（线下营）.md,0,6,6,
01-质心GChO,01-质心GChO\ZCHEM-GChO19解析手稿.md,1,7,6,8分) $+ 2 + 4 - 2 + 4$ 某种晶体含有BaTi，SiO $_{
01-质心GChO,01-质心GChO\ZCHEM-GChO19试题（线下营）.md,0,6,6,
01-质心GChO,01-质心GChO\ZCHEM-GChO1参考答案与评分标准.md,0,2,2,
01-质心GChO,01-质心GChO\ZCHEM-GChO1试题.md,0,6,6,
01-质心GChO,01-质心GChO\ZCHEM-GChO20解析手稿.md,1,7,7,
01-质心GChO,01-质心GChO\ZCHEM-GChO20试题（线下营）.md,0,6,6,
01-质心GChO,01-质心GChO\ZCHEM-GChO21解析手稿.md,0,6,6,
01-质心GChO,01-质心GChO\ZCHEM-GChO21试题（线下营）.md,0,6,6,
01-质心GChO,01-质心GChO\ZCHEM-GChO22解析手稿.md,1,7,7,
01-质心GChO,01-质心GChO\ZCHEM-GChO22试题（线下营）.md,2,8,8,
01-质心GChO,01-质心GChO\ZCHEM-GChO23解析手稿.md,1,7,7,
01-质心GChO,01-质心GChO\ZCHEM-GChO23试题（线下营）.md,1,7,7,
01-质心GChO,01-质心GChO\ZCHEM-GChO24解析手稿.md,2,8,7,10分) pH恒定.有缓冲.
01-质心GChO,01-质心GChO\ZCHEM-GChO24试题（线下营）.md,1,7,7,
01-质心GChO,01-质心GChO\ZCHEM-GChO25解析手稿.md,1,7,4,"10分）写出下列过程的反应方程式。 $SeSO_{3}^{2-}$ 1-1 硒代; Caution: $G_{26}$ 第7题(晶体内构)由于命题失误,选取了与 $; 第1题（10分）写出下列过程的反应方程式。 $SeSO_{3}^{2-}$ 1-"
01-质心GChO,01-质心GChO\ZCHEM-GChO25试题（线下营）.md,1,7,7,
01-质心GChO,01-质心GChO\ZCHEM-GChO26解析手稿.md,1,7,6,10分）写出下列过程的反应方程式。+3
01-质心GChO,01-质心GChO\ZCHEM-GChO26试题（线下营）.md,1,7,7,
01-质心GChO,01-质心GChO\ZCHEM-GChO27参考答案与评分标准.md,0,6,6,
01-质心GChO,01-质心GChO\ZCHEM-GChO27试题.md,0,6,6,
01-质心GChO,01-质心GChO\ZCHEM-GChO28参考答案与评分标准.md,0,6,6,
01-质心GChO,01-质心GChO\ZCHEM-GChO28试题.md,0,6,6,
01-质心GChO,01-质心GChO\ZCHEM-GChO29解析手稿.md,1,7,5,6分）下面是一些单体和聚合物的结构，请补充其对应的聚合物或单体的结构.; 第2题（6分）下面是一些单体和聚合物的结构，请补充其对应的聚合物或单体的结构.
01-质心GChO,01-质心GChO\ZCHEM-GChO29试题.md,1,7,7,
01-质心GChO,01-质心GChO\ZCHEM-GChO2解析手稿.md,0,6,6,
01-质心GChO,01-质心GChO\ZCHEM-GChO2试题.md,0,6,6,
01-质心GChO,01-质心GChO\ZCHEM-GChO30参考答案与评分标准.md,0,6,6,
01-质心GChO,01-质心GChO\ZCHEM-GChO30试题.md,0,6,6,
01-质心GChO,01-质心GChO\ZCHEM-GChO31参考答案与评分标准.md,1,6,6,
01-质心GChO,01-质心GChO\ZCHEM-GChO31试题.md,1,6,6,
01-质心GChO,01-质心GChO\ZCHEM-GChO32参考答案与评分标准.md,0,6,6,
01-质心GChO,01-质心GChO\ZCHEM-GChO32试题.md,0,6,6,
01-质心GChO,01-质心GChO\ZCHEM-GChO33解析手稿.md,0,6,6,
01-质心GChO,01-质心GChO\ZCHEM-GChO33试题.md,0,6,6,
01-质心GChO,01-质心GChO\ZCHEM-GChO34解析手稿.md,1,6,6,
01-质心GChO,01-质心GChO\ZCHEM-GChO34试题.md,1,6,6,
01-质心GChO,01-质心GChO\ZCHEM-GChO35解析手稿.md,0,6,6,
01-质心GChO,01-质心GChO\ZCHEM-GChO35试题.md,0,6,6,
01-质心GChO,01-质心GChO\ZCHEM-GChO36解析手稿.md,0,6,6,
01-质心GChO,01-质心GChO\ZCHEM-GChO36试题.md,0,6,6,
01-质心GChO,01-质心GChO\ZCHEM-GChO37解析手稿.md,0,6,6,
01-质心GChO,01-质心GChO\ZCHEM-GChO37试题.md,0,6,6,
01-质心GChO,01-质心GChO\ZCHEM-GChO38解析手稿.md,1,6,6,
01-质心GChO,01-质心GChO\ZCHEM-GChO38试题.md,1,6,6,
01-质心GChO,01-质心GChO\ZCHEM-GChO39解析手稿.md,0,6,6,
01-质心GChO,01-质心GChO\ZCHEM-GChO39试题.md,0,6,6,
01-质心GChO,01-质心GChO\ZCHEM-GChO3参考答案与评分标准.md,0,6,5,2.有效数字和标答不同，扣0.5分，一道大题最多只扣一次
01-质心GChO,01-质心GChO\ZCHEM-GChO3试题.md,0,6,6,
01-质心GChO,01-质心GChO\ZCHEM-GChO40解析手稿.md,0,6,6,
01-质心GChO,01-质心GChO\ZCHEM-GChO40试题.md,0,6,6,
01-质心GChO,01-质心GChO\ZCHEM-GChO41参考答案与评分标准.md,0,6,6,
01-质心GChO,01-质心GChO\ZCHEM-GChO41试题.md,0,6,6,
01-质心GChO,01-质心GChO\ZCHEM-GChO42参考答案与评分标准.md,0,6,6,
01-质心GChO,01-质心GChO\ZCHEM-GChO42试题.md,0,6,6,
01-质心GChO,01-质心GChO\ZCHEM-GChO43解析手稿.md,0,6,6,
01-质心GChO,01-质心GChO\ZCHEM-GChO43试题（线下营）.md,0,6,6,
01-质心GChO,01-质心GChO\ZCHEM-GChO44解析手稿.md,0,6,6,
01-质心GChO,01-质心GChO\ZCHEM-GChO44试题（线下营）.md,0,6,6,
01-质心GChO,01-质心GChO\ZCHEM-GChO45解析手稿.md,1,7,5,15分) $XY_{n}$ 物质A\~E受热分解，均形成两种气态单质 $X_{2; 第3题(15分) $XY_{n}$ 物质A\~E受热分解，均形成两种气态单质 $
01-质心GChO,01-质心GChO\ZCHEM-GChO45试题.md,0,6,6,
01-质心GChO,01-质心GChO\ZCHEM-GChO46解析手稿.md,1,7,6,16分)元素 $\mathbf{X}$ 和 $\mathbf{Z}$ 具有如下的
01-质心GChO,01-质心GChO\ZCHEM-GChO46试题.md,0,6,6,
01-质心GChO,01-质心GChO\ZCHEM-GChO47参考答案与评分标准.md,0,6,6,
01-质心GChO,01-质心GChO\ZCHEM-GChO47试题.md,0,6,6,
01-质心GChO,01-质心GChO\ZCHEM-GChO48参考答案与评分标准.md,0,6,5,2-2 $\gamma$ -石墨双炔可以简称为石墨双炔，可以以六炔苯为单体进行在
01-质心GChO,01-质心GChO\ZCHEM-GChO48试题.md,0,6,6,
01-质心GChO,01-质心GChO\ZCHEM-GChO49解析手稿.md,0,6,6,
01-质心GChO,01-质心GChO\ZCHEM-GChO49试题.md,0,6,6,
01-质心GChO,01-质心GChO\ZCHEM-GChO4解析手稿.md,0,4,4,
01-质心GChO,01-质心GChO\ZCHEM-GChO4试题.md,0,6,5,说明：本卷为国初模拟题风格。在国初标准难度（例如 $2^{nd}$ ZCHEM-
01-质心GChO,01-质心GChO\ZCHEM-GChO50参考答案与评分标准.md,1,6,6,
01-质心GChO,01-质心GChO\ZCHEM-GChO50试题.md,1,6,6,
01-质心GChO,01-质心GChO\ZCHEM-GChO51参考答案和评分标准.md,0,6,5,夏令营线下刷题营拟于 7.17-7.25 在长沙举行。共 8 套综合试卷，3 套
01-质心GChO,01-质心GChO\ZCHEM-GChO51试题.md,0,6,5,灰灰觉得这张卷子可能题量比较大，请抓紧时间作答，可适当延长时间。
01-质心GChO,01-质心GChO\ZCHEM-GChO52参考答案与评分标准.md,0,6,6,
01-质心GChO,01-质心GChO\ZCHEM-GChO52试题.md,1,7,7,
01-质心GChO,01-质心GChO\ZCHEM-GChO53参考答案与评分标准.md,0,6,5,不写离子方程式不得分。产物写  $2KNiIO_{6}\cdot H_{2}O$
01-质心GChO,01-质心GChO\ZCHEM-GChO53试题.md,0,6,6,
01-质心GChO,01-质心GChO\ZCHEM-GChO54解析手稿.md,0,6,4,"2-1 请写出 $\mathrm{Fe(C_{2}O_{4})_{3}}^{3-; 2-2 $\mathrm{Fe(CO)_5}$ 与1,3-丁二烯反应可得到配合物"
01-质心GChO,01-质心GChO\ZCHEM-GChO54试题.md,0,6,6,
01-质心GChO,01-质心GChO\ZCHEM-GChO55解析手稿.md,0,6,6,
01-质心GChO,01-质心GChO\ZCHEM-GChO55试题.md,0,6,6,
01-质心GChO,01-质心GChO\ZCHEM-GChO56解析手稿.md,0,6,6,
01-质心GChO,01-质心GChO\ZCHEM-GChO56试题.md,0,6,6,
01-质心GChO,01-质心GChO\ZCHEM-GChO57解析手稿.md,0,6,6,
01-质心GChO,01-质心GChO\ZCHEM-GChO57试题.md,0,6,6,
01-质心GChO,01-质心GChO\ZCHEM-GChO58解析手稿.md,0,6,6,
01-质心GChO,01-质心GChO\ZCHEM-GChO58试题.md,0,6,6,
01-质心GChO,01-质心GChO\ZCHEM-GChO59解析手稿.md,0,6,6,
01-质心GChO,01-质心GChO\ZCHEM-GChO59试题.md,0,6,6,
01-质心GChO,01-质心GChO\ZCHEM-GChO60参考答案和评分标准.md,6,7,7,
01-质心GChO,01-质心GChO\ZCHEM-GChO60试题.md,6,7,7,
01-质心GChO,01-质心GChO\ZCHEM-GChO61参考答案和评分标准.md,9,7,7,
01-质心GChO,01-质心GChO\ZCHEM-GChO61试题.md,9,7,7,
01-质心GChO,01-质心GChO\ZCHEM-GChO62参考答案与评分标准.md,9,7,7,
01-质心GChO,01-质心GChO\ZCHEM-GChO62试题.md,9,7,7,
01-质心GChO,01-质心GChO\ZCHEM-GChO63解析手稿.md,7,7,6,10分)写方程式 G: 简单
01-质心GChO,01-质心GChO\ZCHEM-GChO63试题.md,8,6,6,
01-质心GChO,01-质心GChO\ZCHEM-GChO64解析手稿.md,2,6,6,
01-质心GChO,01-质心GChO\ZCHEM-GChO64试题.md,2,6,6,
01-质心GChO,01-质心GChO\ZCHEM-GChO65解析手稿.md,8,7,7,
01-质心GChO,01-质心GChO\ZCHEM-GChO65试题.md,9,7,7,
01-质心GChO,01-质心GChO\ZCHEM-GChO66解析手稿.md,8,8,8,
01-质心GChO,01-质心GChO\ZCHEM-GChO66试题.md,8,8,8,
01-质心GChO,01-质心GChO\ZCHEM-GChO67参考答案与评分标准.md,10,8,4,2）如果方程式中反应物和生成物书写全部正确，只是未配平，得一半分。; 4）如果将要求的化学反应式写为离子方程式且书写正确，可不扣分。; 5）如果将要求的离子方程式写为一般化学反应式且书写正确，得一半分。
01-质心GChO,01-质心GChO\ZCHEM-GChO67试题.md,19,8,8,
01-质心GChO,01-质心GChO\ZCHEM-GChO68解析手稿.md,8,8,8,
01-质心GChO,01-质心GChO\ZCHEM-GChO68试题.md,8,8,8,
01-质心GChO,01-质心GChO\ZCHEM-GChO69解析手稿.md,9,8,8,
01-质心GChO,01-质心GChO\ZCHEM-GChO69试题.md,9,8,8,
01-质心GChO,01-质心GChO\ZCHEM-GChO6解析手稿.md,5,3,1,阅读量较大一个中文难度:晶体题).; 、(比较难的译：不太好的选
01-质心GChO,01-质心GChO\ZCHEM-GChO6试题（线下营）.md,7,8,8,
01-质心GChO,01-质心GChO\ZCHEM-GChO70解析手稿.md,0,6,6,
01-质心GChO,01-质心GChO\ZCHEM-GChO70试题.md,0,6,6,
01-质心GChO,01-质心GChO\ZCHEM-GChO71解析手稿.md,8,8,8,
01-质心GChO,01-质心GChO\ZCHEM-GChO71试题.md,9,8,8,
01-质心GChO,01-质心GChO\ZCHEM-GChO72解析手稿.md,8,8,7,22 分，占 11%） 过渡金属元素 X 的化合物推断
01-质心GChO,01-质心GChO\ZCHEM-GChO72试题.md,9,8,8,
01-质心GChO,01-质心GChO\ZCHEM-GChO73参考答案与评分标准.md,9,8,4,2）如果方程式中反应物和生成物书写全部正确，只是未配平，得一半分。; 4）如果将要求的化学反应式写为离子方程式且书写正确，可不扣分。; 5）如果将要求的离子方程式写为一般化学反应式且书写正确，得一半分。
01-质心GChO,01-质心GChO\ZCHEM-GChO73试题.md,9,8,8,
01-质心GChO,01-质心GChO\ZCHEM-GChO74参考答案与评分标准.md,8,8,4,2）如果方程式中反应物和生成物书写全部正确，只是未配平，得一半分。; 4）如果将要求的化学反应式写为离子方程式且书写正确，可不扣分。; 5）如果将要求的离子方程式写为一般化学反应式且书写正确，得一半分。
01-质心GChO,01-质心GChO\ZCHEM-GChO74试题.md,8,8,8,
01-质心GChO,01-质心GChO\ZCHEM-GChO75参考答案与评分标准.md,8,8,4,2）如果方程式中反应物和生成物书写全部正确，只是未配平，得一半分。; 4）如果将要求的化学反应式写为离子方程式且书写正确，可不扣分。; 5）如果将要求的离子方程式写为一般化学反应式且书写正确，得一半分。
01-质心GChO,01-质心GChO\ZCHEM-GChO75试题.md,18,8,8,
01-质心GChO,01-质心GChO\ZCHEM-GChO76解析手稿.md,9,8,6,氰基乙烯酮负离子（11 分，占 7%; 3) 除特别说明之外，解释说明类问题字数不要超过20字，包括标点符号。请用科学、
01-质心GChO,01-质心GChO\ZCHEM-GChO76试题.md,9,8,7,3) 除特别说明之外，解释说明类问题字数不要超过20字，包括标点符号。请用科学、
01-质心GChO,01-质心GChO\ZCHEM-GChO77解析手稿.md,8,8,6,"电化学与酸碱平衡（25 分，占 14%; 3) 除特别说明之外, 解释说明类问题字数不要超过 20 字, 包括标点符号。请"
01-质心GChO,01-质心GChO\ZCHEM-GChO77试题.md,8,8,7,3) 除特别说明之外，解释说明类问题字数不要超过20字，包括标点符号。请用科学、
01-质心GChO,01-质心GChO\ZCHEM-GChO78解析手稿.md,8,8,5,"3) 除特别说明之外，解释说明类问题字数不要超过20字，包括标点符号。请用科学、; 1- 2 在一些生化分析中, 我们常常需要对蛋白质进行变性处理, 即使其失去二级; 1-3 蛋白质测序指的是蛋白质一级结构, 即氨基酸序列的测定, 事蛋白质化学研究"
01-质心GChO,01-质心GChO\ZCHEM-GChO78试题.md,8,8,7,3) 除特别说明之外，解释说明类问题字数不要超过20字，包括标点符号。请用科学、
01-质心GChO,01-质心GChO\ZCHEM-GChO79解析手稿.md,8,8,7,3) 除特别说明之外，解释说明类问题字数不要超过20字，包括标点符号。请用科学、
01-质心GChO,01-质心GChO\ZCHEM-GChO79试题.md,9,8,7,3) 除特别说明之外，解释说明类问题字数不要超过20字，包括标点符号。请用科学、
01-质心GChO,01-质心GChO\ZCHEM-GChO7解析手稿.md,3,4,1,".（基础热力学题）→满分.; 题长, 临价比较低, 难度适中).; 基准法例：记忆 (看准确称量"
01-质心GChO,01-质心GChO\ZCHEM-GChO7试题（线下营）.md,0,6,6,
01-质心GChO,01-质心GChO\ZCHEM-GChO80参考答案与评分标准.md,8,7,7,
01-质心GChO,01-质心GChO\ZCHEM-GChO80试题.md,8,7,7,
01-质心GChO,01-质心GChO\ZCHEM-GChO81参考答案与评分标准.md,7,8,4,2)如果方程式中反应物和生成物书写全部正确，只是未配平，得一半分。; 4)如果将要求的化学反应式写为离子方程式且书写正确，可不扣分。; 5)如果将要求的离子方程式写为一般化学反应式且书写正确，得一半分。
01-质心GChO,01-质心GChO\ZCHEM-GChO81试题.md,8,8,4,您好！感谢您参加由 O-Box 竞赛空间出品的第 81 届 O-Box 化学国初; 个人奖：本次考试总成绩全国第一的同学将得到一辆 O-Box 专属自行车；二到五名; 团体奖：总成绩前50名中人数最多的教练团队，将获得价值1000元的豪华大餐兑换券
01-质心GChO,01-质心GChO\ZCHEM-GChO82参考答案与评分标准.md,8,8,2,分析化学即将挂科的小李(12 分，占 7%; 正烷烃的熔点探究(40 分，占 15%; 2)如果方程式中反应物和生成物书写全部正确，只是未配平，得一半分。
01-质心GChO,01-质心GChO\ZCHEM-GChO82试题.md,8,8,4,您好！感谢您参加由 O-Box 联考出品的第 82 届 O-Box 化学国初模拟; 个人奖：本次考试总成绩全国第一的同学将得到一辆捷安特自行车；二到十名将获得地平线; 团体奖：总成绩前50名中人数最多的教练团队，将获得价值1000元的豪华大餐兑换券
01-质心GChO,01-质心GChO\ZCHEM-GChO83参考答案与评分标准.md,9,8,2,双重平衡体系(21 分，占 11%; 仿生生物燃料电池的设计(16 分，占 9%; 2)如果方程式中反应物和生成物书写全部正确，只是未配平，得一半分。
01-质心GChO,01-质心GChO\ZCHEM-GChO83试题.md,9,8,4,您好！感谢您参加由 O-Box 联考出品的第 83 届 O-Box 化学国初模拟; 总成绩第二到十名：尤尼克斯疾光快攻羽毛球对拍 NF8SGE；; （我们会核实获奖同学身份，有问题则顺延；如果出现并列情况，我们会优先选择教练监考
01-质心GChO,01-质心GChO\ZCHEM-GChO8参考答案与评分标准.md,0,6,5,2.有效数字和标答不同，扣 0.5 分，一道大题最多只扣一次。
01-质心GChO,01-质心GChO\ZCHEM-GChO8试题.md,0,6,6,
01-质心GChO,01-质心GChO\ZCHEM-GChO9解析手稿.md,0,6,6,
01-质心GChO,01-质心GChO\ZCHEM-GChO9试题.md,0,6,6,
01-质心GChO,01-质心GChO\国初模拟汇编.md,17,6,3,14分）近日，普林斯顿大学某课题组合成并报道了一种新的由K、Ir、O元素组成的复; 1-4雌黄(As₂S3)溶于碱性溶液生成等比例的两种阴离子。请写出离子反应式。; 2-2 将 1.00 mL 的1.00 M 盐酸溶液加入到缓冲液中。 写出主要反
02-质心UChO,02-质心UChO\10thZCHEM-UChO.md,8,8,4,您好！感谢您参加由0-Box联考出品的第10届0-Box化学国决模拟联考！0-B; (我们会核实获奖同学身份，有问题则顺延；如果出现并列情况，我们会优先选择教练监考; 团体奖：总成绩前50名中人数最多的教练团队，将获得价值1000元的豪华大餐兑换券
02-质心UChO,02-质心UChO\1stZCHEM-UChO.md,0,6,5,\- 答题时间4小时。迟到超过半小时者不能进考场。开始考试后1小时内不得离场。时
02-质心UChO,02-质心UChO\1stZCHEM-UChO答案.md,0,6,5,\- 答题时间4小时。迟到超过半小时者不能进考场。开始考试后1小时内不得离场。时
02-质心UChO,02-质心UChO\2ndZCHEM-UChO.md,0,6,5,\- 答题时间4小时。迟到超过半小时者不能进考场。开始考试后1小时内不得离场。时
02-质心UChO,02-质心UChO\2ndZCHEM-UChO答案.md,0,6,5,\- 答题时间4小时。迟到超过半小时者不能进考场。开始考试后1小时内不得离场。时
02-质心UChO,02-质心UChO\3rdZCHEM-UChO-Tour1.md,2,8,8,
02-质心UChO,02-质心UChO\3rdZCHEM-UChO-Tour1答案.md,2,8,8,
02-质心UChO,02-质心UChO\3rdZCHEM-UChO-Tour2.md,3,8,8,
02-质心UChO,02-质心UChO\3rdZCHEM-UChO-Tour2答案.md,3,8,8,
02-质心UChO,02-质心UChO\4thZCHEM-UChO-Tour1.md,0,6,6,
02-质心UChO,02-质心UChO\4thZCHEM-UChO-Tour2.md,0,6,6,
02-质心UChO,02-质心UChO\4thZCHEM-UChO答案.md,0,6,2,1-1-1 写出 $\mathrm{S}_{2}$ 基元的价层分子轨道电子组态，; 1-1-2 写出 $\mathrm{I}_2^+$ 基元的价层分子轨道电子组态，; 试通过计算说明(求出各关键电对的条件标准电极电势 $\varphi^{\circ
02-质心UChO,02-质心UChO\5thZCHEM-UChO-Tour1.md,0,6,6,
02-质心UChO,02-质心UChO\5thZCHEM-UChO-Tour2.md,0,6,6,
02-质心UChO,02-质心UChO\5thZCHEM-UChO答案.md,0,6,3,1-1 M地壳中丰度0.45%，室温下不与强酸、强碱以及王水反应。M可以形成一些; 1-3 将M以及N和H₂O₂作用可形成有色配合物，现以50 mL 1.06×10; 2-1-1 $\mathrm{C_{13}H_{20}}$ 理论上可能有两种 $
02-质心UChO,02-质心UChO\6thZCHEM-UChO-Tour1.md,0,6,6,
02-质心UChO,02-质心UChO\6thZCHEM-UChO-Tour1答案.md,0,6,6,
02-质心UChO,02-质心UChO\6thZCHEM-UChO-Tour2.md,0,6,6,
02-质心UChO,02-质心UChO\6thZCHEM-UChO-Tour2答案.md,0,6,6,
02-质心UChO,02-质心UChO\7thZCHEM-UChO-Tour1.md,8,8,8,
02-质心UChO,02-质心UChO\7thZCHEM-UChO-Tour1答案.md,8,8,8,
02-质心UChO,02-质心UChO\7thZCHEM-UChO-Tour2.md,8,7,7,
02-质心UChO,02-质心UChO\7thZCHEM-UChO-Tour2答案.md,8,7,7,
02-质心UChO,02-质心UChO\8thZCHEM-UChO-Tour1.md,7,8,8,
02-质心UChO,02-质心UChO\8thZCHEM-UChO-Tour1答案.md,7,8,3,22 分，占 12%） $Mg_{3}As_{2}$ 的结构探究; 2）如果方程式中反应物和生成物书写全部正确，只是未配平，得一半分。; 4）如果将要求的化学反应式写为离子方程式且书写正确，可不扣分。
02-质心UChO,02-质心UChO\8thZCHEM-UChO-Tour2.md,7,8,8,
02-质心UChO,02-质心UChO\8thZCHEM-UChO-Tour2答案.md,7,8,3,16 分，占 9%）脒基配体的化学; 2）如果方程式中反应物和生成物书写全部正确，只是未配平，得一半分。; 4）如果将要求的化学反应式写为离子方程式且书写正确，可不扣分。
02-质心UChO,02-质心UChO\9thZCHEM-UChO-Tour1.md,9,8,8,
02-质心UChO,02-质心UChO\9thZCHEM-UChO-Tour1答案.md,9,8,5,"奇怪的实验现象 (7 分, 占 4%; Pt 的多核配合物 (13 分, 占 7%; 过渡金属活化 $\mathbf{N}_2$ (32分，占 $11\%$"
02-质心UChO,02-质心UChO\9thZCHEM-UChO-Tour2.md,9,8,8,
02-质心UChO,02-质心UChO\9thZCHEM-UChO-Tour2答案.md,9,8,8,
03-XeChem,03-XeChem\PDF合并_400-496.md,42,8,8,
03-XeChem,03-XeChem\T1.1.md,0,6,6,
03-XeChem,03-XeChem\T1.md,0,6,6,
03-XeChem,03-XeChem\Xechem有机答案.md,4,8,7,2) 凡题目中要求书写方程式，须配平且系数为最简比。
03-XeChem,03-XeChem\Xechem模拟6.md,8,8,7,2) 凡题目中要求书写方程式，须配平且系数为最简比。
03-XeChem,03-XeChem\Xechem模拟6答案.md,6,8,6,硒化合物的性质（20分，占 $9\%$ ）6-1近日，香港城市大学卢振品课题组报; 2) 凡题目中要求书写方程式，须配平且系数为最简比。
03-XeChem,03-XeChem\Xechem模拟7.md,5,8,8,
03-XeChem,03-XeChem\Xechem模拟7答案.md,6,8,4,全硅芳香环（20分，占 $13\%$; 主族卡宾类似物（15分，占 $9\%$ ）主族元素的价层轨道往往具有较大的能级差; 质子性离子液体（18分，占 $12\%$ ）1-乙基-3-甲基咪唑鎓双(三氟甲磺
03-XeChem,03-XeChem\Xechem模拟8.md,7,8,7,2) 凡题目中要求书写方程式，须配平且系数为最简比。
03-XeChem,03-XeChem\Xechem模拟9（有机）.md,5,8,7,2) 凡题目中要求书写方程式，须配平且系数为最简比。
03-XeChem,03-XeChem\Xechem模拟一.md,7,8,7,2) 凡题目中要求书写方程式，缀配平且系数为最简比。
03-XeChem,03-XeChem\Xechem模拟一答案.md,4,8,6,荧光猝灭动力学（37分，占 $11\%$ ）荧光强度随时间衰减的快慢可以用一个定; 2) 凡题目中要求书写方程式，须配平且系数为最简比。
03-XeChem,03-XeChem\Xechem模拟三（晶体）.md,5,8,7,2) 凡题目中要求书写方程式，须配平且系数为最简比。
03-XeChem,03-XeChem\Xechem模拟三（晶体）答案.md,6,8,5,电池材料 LiMn₂O₄ （33 分，占 17%; 钢系元素卤化物的晶体结构 （32 分，占 18%; 2) 凡题目中要求书写方程式，须配平且系数为最简比。
03-XeChem,03-XeChem\Xechem模拟二.md,8,8,8,
03-XeChem,03-XeChem\Xechem模拟二答案.md,7,8,5,海洋硫循环（12分，占 $7\%$ ）二甲硫醚(DMS)是海洋中挥发性硫的主要存; 碱金属电子盐（20分，占 $10\%$ ）碱金属具有极低的电负性，极易失去电子变; 2) 凡题目中要求书写方程式，须配平且系数为最简比。
03-XeChem,03-XeChem\Xechem模拟五.md,5,8,7,2) 凡题目中要求书写方程式，须配平且系数为最简比。
03-XeChem,03-XeChem\Xechem模拟五答案.md,4,8,5,人工阴离子泵（15分，占7%; 新型三向节点的设计与组装（34 分，占 16%; 2) 凡题目中要求书写方程式，须配平且系数为最简比。
03-XeChem,03-XeChem\Xechem模拟四.md,5,8,7,2) 凡题目中要求书写方程式，须配平且系数为最简比。
03-XeChem,03-XeChem\Xechem模拟四答案.md,5,8,5,氙金（18分，占 $8\%$ ）称有气体因核外电子层全满的稳定电子构型，长期被认; 多核羰基羰（22分，占11%）自从Ni(CO) $_{4}$ 的发现以来，已制备; 第1题 氙金（18分，占 $8\%$ ）称有气体因核外电子层全满的稳定电子构型，
03-XeChem,03-XeChem\初赛模拟8讲评_202603012138_22493.md,8,8,6,10分)书写反应方程式(提示:要求系数为最简整数比;2-1和2-2中自然条件复杂; 2) 凡题目中要求书写方程式，须配平且系数为最简比。
03-XeChem,03-XeChem\第40届XeChem初赛模拟试题（十一）.md,9,8,7,2) 凡题目中要求书写方程式，须配平且系数为最简比。
03-XeChem,03-XeChem\第40届XeChem初赛模拟试题（十一）答案.md,9,8,7,2) 凡题目中要求书写方程式，须配平且系数为最简比。
03-XeChem,03-XeChem\第40届XeChem初赛模拟试题（十）.md,7,8,7,2) 凡题目中要求书写方程式，须配平且系数为最简比。
03-XeChem,03-XeChem\第40届XeChem初赛模拟试题（十）答案.md,7,8,6,"希望我的硅簇晶体物语果然没问题! (35 分, 占 16%; 2) 凡题目中要求书写方程式，须配平且系数为最简比。"
03-XeChem,03-XeChem\（已压缩）PDF合并_1-199.md,110,8,7,2) 凡题目中要求书写方程式，须配平且系数为最简比。
03-XeChem,03-XeChem\（已压缩）PDF合并_200-399.md,78,8,5,1-6 与 D 类似的 Y 配合物中，加入 THF 后可生成 E。已知 E 中 ; 利用可再生能源将 $\mathrm{CO}_{2}$ 电化学还原为高附加值燃料（; 2-2-1 根据研究数据进一步计算总电流密度 $j_{total}$ （单位为 
04-清北营,04-清北营\2026年清北营寒假班-试卷1-参考答案.md,0,6,6,
04-清北营,04-清北营\2026年清北营寒假班-试卷1.md,0,6,6,
04-清北营,04-清北营\2026年清北营寒假班-试卷2-参考答案.md,9,8,7,23 分，占 11%）非金属-金属型 I $^{+}$ -Ag $^{+}$ 配
04-清北营,04-清北营\2026年清北营寒假班-试卷2.md,9,8,8,
04-清北营,04-清北营\2026年清北营寒假班-试卷3-参考答案.md,5,8,8,
04-清北营,04-清北营\2026年清北营寒假班-试卷3.md,7,8,8,
04-清北营,04-清北营\2026年清北营寒假班-试卷4-参考答案.md,9,8,7,25分，占 $14\%$ ） $\mathrm{AgCl}$ 沉淀与 $[\ma
04-清北营,04-清北营\2026年清北营寒假班-试卷4.md,9,8,8,
04-清北营,04-清北营\2026年清北营寒假班-试卷5-参考答案.md,8,8,8,
04-清北营,04-清北营\2026年清北营寒假班-试卷5.md,8,8,8,
04-清北营,04-清北营\2026年清北营暑假高二班-试卷1-参考答案.md,1,7,7,
04-清北营,04-清北营\2026年清北营暑假高二班-试卷1.md,1,7,7,
04-清北营,04-清北营\2026年清北营暑假高二班-试卷10-参考答案.md,6,8,8,
04-清北营,04-清北营\2026年清北营暑假高二班-试卷10.md,6,8,8,
04-清北营,04-清北营\2026年清北营暑假高二班-试卷11-参考答案.md,6,8,8,
04-清北营,04-清北营\2026年清北营暑假高二班-试卷11.md,6,8,8,
04-清北营,04-清北营\2026年清北营暑假高二班-试卷13-参考答案.md,5,8,8,
04-清北营,04-清北营\2026年清北营暑假高二班-试卷13.md,5,8,8,
04-清北营,04-清北营\2026年清北营暑假高二班-试卷16-参考答案.md,10,8,8,
04-清北营,04-清北营\2026年清北营暑假高二班-试卷16.md,10,8,8,
04-清北营,04-清北营\2026年清北营暑假高二班-试卷17-参考答案.md,1,7,7,
04-清北营,04-清北营\2026年清北营暑假高二班-试卷17.md,1,7,7,
04-清北营,04-清北营\2026年清北营暑假高二班-试卷2-参考答案.md,9,8,8,
04-清北营,04-清北营\2026年清北营暑假高二班-试卷2.md,9,8,8,
04-清北营,04-清北营\2026年清北营暑假高二班-试卷3-参考答案.md,9,8,8,
04-清北营,04-清北营\2026年清北营暑假高二班-试卷3.md,9,8,8,
04-清北营,04-清北营\2026年清北营暑假高二班-试卷4-参考答案.md,6,8,8,
04-清北营,04-清北营\2026年清北营暑假高二班-试卷4.md,7,8,8,
04-清北营,04-清北营\2026年清北营暑假高二班-试卷5-参考答案.md,7,8,8,
04-清北营,04-清北营\2026年清北营暑假高二班-试卷5.md,7,8,8,
04-清北营,04-清北营\2026年清北营暑假高二班-试卷6-参考答案.md,4,8,8,
04-清北营,04-清北营\2026年清北营暑假高二班-试卷6.md,4,8,8,
04-清北营,04-清北营\2026年清北营暑假高二班-试卷7-有机专题-参考答案.md,6,8,8,
04-清北营,04-清北营\2026年清北营暑假高二班-试卷7-有机专题.md,6,8,8,
04-清北营,04-清北营\2026年清北营暑假高二班-试卷8-参考答案.md,7,8,8,
04-清北营,04-清北营\2026年清北营暑假高二班-试卷8.md,7,8,8,
04-清北营,04-清北营\2026年清北营暑假高二班-试卷9-参考答案.md,6,8,8,
04-清北营,04-清北营\2026年清北营暑假高二班-试卷9.md,6,8,8,
04-清北营,04-清北营\春季模拟1.md,14,8,8,
04-清北营,04-清北营\春季模拟10.md,10,8,8,
04-清北营,04-清北营\春季模拟11.md,16,8,8,
04-清北营,04-清北营\春季模拟12.md,13,8,8,
04-清北营,04-清北营\春季模拟2.md,18,8,8,
04-清北营,04-清北营\春季模拟3.md,0,6,6,
04-清北营,04-清北营\春季模拟4.md,16,8,8,
04-清北营,04-清北营\春季模拟5.md,4,8,7,28分，占 $13\%$ ） $\mathrm{B = O}$ 双键化合物
04-清北营,04-清北营\春季模拟6.md,4,8,8,
04-清北营,04-清北营\春季模拟7.md,14,8,8,
04-清北营,04-清北营\春季模拟8.md,2,8,8,
04-清北营,04-清北营\春季模拟9.md,6,8,8,
04-清北营,04-清北营\清北营2026年物化专题班试卷1.md,2,8,8,
04-清北营,04-清北营\清北营2026年物化专题班试卷1答案.md,2,8,8,
04-清北营,04-清北营\清北营2026年物化专题班试卷2.md,0,6,6,
04-清北营,04-清北营\清北营2026年物化专题班试卷2答案.md,0,6,6,
05-壹尖培优,05-壹尖培优\20260228广州模拟测试题.md,8,8,8,
05-壹尖培优,05-壹尖培优\无机专题卷1.md,9,8,5,\- 姓名、学校写在指定位置，写在其他位置者按废卷处理。; \- 所有解答必须写在卷面指定位置，写于其他位置无效。; \- 凡要求计算或推演的，须给出过程，无过程即使结果正确也不得分。
05-壹尖培优,05-壹尖培优\无机专题卷1答案.md,9,8,7,44分， $20\%$ ）碳的同素异形体
05-壹尖培优,05-壹尖培优\无机专题卷2.md,9,8,8,
05-壹尖培优,05-壹尖培优\无机专题卷2答案.md,9,8,6,酸雨中的化学平衡（26 分，占 13%; 锰氧化物晶体的化学分析（18分，占 $9\%$
05-壹尖培优,05-壹尖培优\模拟测试卷1.md,3,8,5,\- 姓名、学校写在指定位置，写在其他位置者按废卷处理。; \- 所有解答必须写在卷面指定位置，写于其他位置无效。; \- 凡要求计算或推演的，须给出过程，无过程即使结果正确也不得分。
05-壹尖培优,05-壹尖培优\模拟测试卷1参考答案.md,4,8,7,重排的多种可能性（31分
05-壹尖培优,05-壹尖培优\模拟测试卷2.md,8,8,5,\- 姓名、学校写在指定位置，写在其他位置者按废卷处理。; \- 所有解答必须写在卷面指定位置，写于其他位置无效。; \- 凡要求计算或推演的，须给出过程，无过程即使结果正确也不得分。
05-壹尖培优,05-壹尖培优\模拟测试卷2答案.md,7,8,8,
05-壹尖培优,05-壹尖培优\模拟测试卷3.md,0,6,3,- 姓名、学校写在指定位置，写在其他位置者按废卷处理。; - 所有解答必须写在卷面指定位置，写于其他位置无效。; - 凡要求计算或推演的，须给出过程，无过程即使结果正确也不得分。
05-壹尖培优,05-壹尖培优\模拟测试卷3参考答案.md,0,6,6,
05-壹尖培优,05-壹尖培优\第40届中国化学奥林匹克（初赛）模拟试题1.md,8,8,8,
05-壹尖培优,05-壹尖培优\第40届中国化学奥林匹克（初赛）模拟试题10.md,8,8,8,
05-壹尖培优,05-壹尖培优\第40届中国化学奥林匹克（初赛）模拟试题10参考答案.md,8,6,5,锁催化的碳氢键活化（30分，占 $15\%$
05-壹尖培优,05-壹尖培优\第40届中国化学奥林匹克（初赛）模拟试题11.md,8,8,8,
05-壹尖培优,05-壹尖培优\第40届中国化学奥林匹克（初赛）模拟试题11参考答案.md,6,7,6,高价镨的双核配合物（27 分，占 13%
05-壹尖培优,05-壹尖培优\第40届中国化学奥林匹克（初赛）模拟试题12.md,8,8,8,
05-壹尖培优,05-壹尖培优\第40届中国化学奥林匹克（初赛）模拟试题12参考答案.md,7,8,8,
05-壹尖培优,05-壹尖培优\第40届中国化学奥林匹克（初赛）模拟试题13.md,7,8,8,
05-壹尖培优,05-壹尖培优\第40届中国化学奥林匹克（初赛）模拟试题13参考答案.md,6,5,5,
05-壹尖培优,05-壹尖培优\第40届中国化学奥林匹克（初赛）模拟试题1参考答案.md,7,6,5,不同形态的 $O_{2}$ （26 分，占 13%
05-壹尖培优,05-壹尖培优\第40届中国化学奥林匹克（初赛）模拟试题2.md,6,8,8,
05-壹尖培优,05-壹尖培优\第40届中国化学奥林匹克（初赛）模拟试题2参考答案.md,6,8,8,
05-壹尖培优,05-壹尖培优\第40届中国化学奥林匹克（初赛）模拟试题3.md,7,8,8,
05-壹尖培优,05-壹尖培优\第40届中国化学奥林匹克（初赛）模拟试题3参考答案.md,7,4,4,
05-壹尖培优,05-壹尖培优\第40届中国化学奥林匹克（初赛）模拟试题4.md,7,8,8,
05-壹尖培优,05-壹尖培优\第40届中国化学奥林匹克（初赛）模拟试题4参考答案.md,7,5,5,
05-壹尖培优,05-壹尖培优\第40届中国化学奥林匹克（初赛）模拟试题5.md,6,8,8,
05-壹尖培优,05-壹尖培优\第40届中国化学奥林匹克（初赛）模拟试题5答案.md,5,6,6,
05-壹尖培优,05-壹尖培优\第40届中国化学奥林匹克（初赛）模拟试题6.md,7,8,8,
05-壹尖培优,05-壹尖培优\第40届中国化学奥林匹克（初赛）模拟试题6答案.md,6,4,4,
05-壹尖培优,05-壹尖培优\第40届中国化学奥林匹克（初赛）模拟试题7.md,8,8,8,
05-壹尖培优,05-壹尖培优\第40届中国化学奥林匹克（初赛）模拟试题7答案.md,7,6,6,
05-壹尖培优,05-壹尖培优\第40届中国化学奥林匹克（初赛）模拟试题8.md,9,8,8,
05-壹尖培优,05-壹尖培优\第40届中国化学奥林匹克（初赛）模拟试题8答案.md,9,6,6,
05-壹尖培优,05-壹尖培优\第40届中国化学奥林匹克（初赛）模拟试题9.md,7,8,8,
05-壹尖培优,05-壹尖培优\第40届中国化学奥林匹克（初赛）模拟试题9参考答案.md,8,6,6,
06-伽马,06-伽马\12.7号作业答案.md,5,8,3,Pummerer重排的应用(28分，占 $12\%$; 11-2 在 2022 年，有课题组报道了以下水促进的硫叶立德合成反应：; 11-2-2 观察以下条件，指出水在该反应中的作用。
06-伽马,06-伽马\2025.11-培尖线上班L3课后题答案.md,0,6,0,随着锂电池的广泛应用，锂已成为重要的战略资源，被称为白色石油。据估计，海水中锂的; 1-1 以 $Li_{2}CO_{3}$ 和 $MnO_{2}$ 为原料，充分混; 1-1-2 用酸处理 LMO 时，除离子交换反应之外，也会发生一个副反应，该副反
06-伽马,06-伽马\2025.11-培尖线上班L4课后题答案.md,0,6,0,"将 0.0167 mol 的 $I_{2}$ 和 0.0167 mol 的 $H; 为使处理过程简洁方便, 计算中务必使用如下的约定符号! 在平衡表达式中默认各分压; 甲醇(A)和乙醇(B)混合后的溶液可看成是理想溶液，它们都遵循 Raoult 定"
06-伽马,06-伽马\2026年伽马五一班模拟试卷3讲评.md,35,8,5,□基于此，能不能反推出A的结构？(不要忘了刚刚说的活化的是COOH和OH); □ 根据题目描述，用引发剂引发这个四元环的开环聚合，最后用封端剂封端，据此能否给; 高分子链能以不同程度卷曲的特性叫做“柔性”是聚合物的特有属性，是决定高分子形态的
06-伽马,06-伽马\gamma晶体结构习题.md,7,8,8,
06-伽马,06-伽马\五一伽马杭州1.md,9,8,8,
06-伽马,06-伽马\五一伽马杭州2.md,11,8,8,
06-伽马,06-伽马\五一伽马杭州3.md,9,8,8,
06-伽马,06-伽马\五一伽马杭州4.md,9,8,8,
06-伽马,06-伽马\五一伽马杭州5.md,10,8,8,
06-伽马,06-伽马\五一伽马杭州6.md,9,8,8,
06-伽马,06-伽马\五一伽马杭州答案1.md,9,8,8,
06-伽马,06-伽马\五一伽马杭州答案2.md,10,8,7,2-膦酸异烟酸铜盐（11分，占总分的6%）将CuCl:2H₂O₄、H₂I₃和H₂
06-伽马,06-伽马\五一伽马杭州答案3-1.md,8,8,8,
06-伽马,06-伽马\五一伽马杭州答案3.md,8,8,8,
06-伽马,06-伽马\五一伽马杭州答案4.md,8,8,7,"22分, 11%) 配位聚合物“夜明珠”长余辉现象最早出现在无机材料, 与普通的"
06-伽马,06-伽马\五一伽马杭州答案5.md,9,8,8,
06-伽马,06-伽马\五一伽马杭州答案6.md,11,8,8,
06-伽马,06-伽马\亲电加成__课后题.md,0,5,0,9-1 利用不同的试剂可实现不同双键的环氧化反应。例如以下 2 个反应，写出 X; 7-4-1 烯烃的亲电加成是经典的教科书反应。近日，研究人员报道了氯化氢对烯丙基; 7-4-2 通过同位素标记的底物的反应可以发现，氯化氢对烯丙基硼的加成是顺式选择
06-伽马,06-伽马\亲电加成课后题答案.md,0,6,0,由于 C-B 键对烯烃的超共轭增加烯烃电子密度，使得最具反应性的构象为 C-B ; 7. 在醋酸中环己烯与下列化合物的加成反应速率如下，给出合理解释。; 烯烃与卤素发生亲电加成反应的速度决定步骤是：π电子诱导极化卤素分子，其中负电端卤
06-伽马,06-伽马\伽马化学2026年五一模拟1-讲稿.md,9,8,8,
06-伽马,06-伽马\伽马化学2026年五一模拟2-讲稿.md,7,8,8,
06-伽马,06-伽马\伽马化学2026年五一模拟4-讲稿.md,6,8,8,
06-伽马,06-伽马\伽马化学2026年五一模拟5 - 讲稿(1).md,6,8,7,4.4对于4.3中的蜘蛛丝，滞后性指标为65%， 即输入的能量有 65%转化为热
06-伽马,06-伽马\伽马化学2026年五一模拟5-讲稿1.md,6,8,7,4.4 对于 4.3 中的蜘蛛丝，滞后性指标为 65%，即输入的能量有 65% 
06-伽马,06-伽马\伽马化学2026年五一模拟6-讲稿.md,6,8,8,
06-伽马,06-伽马\伽马化学2026年暑期模拟1.md,9,8,8,
06-伽马,06-伽马\伽马化学2026年暑期模拟10.md,0,6,6,
06-伽马,06-伽马\伽马化学2026年暑期模拟10答案.md,0,6,6,
06-伽马,06-伽马\伽马化学2026年暑期模拟1答案.md,9,8,7,"晶体结构化学 (18 分, 占 10%"
06-伽马,06-伽马\伽马化学2026年暑期模拟2.md,9,8,8,
06-伽马,06-伽马\伽马化学2026年暑期模拟2答案.md,9,8,8,
06-伽马,06-伽马\伽马化学2026年暑期模拟3.md,0,6,6,
06-伽马,06-伽马\伽马化学2026年暑期模拟3答案.md,0,6,6,
06-伽马,06-伽马\伽马化学2026年暑期模拟4.md,9,8,8,
06-伽马,06-伽马\伽马化学2026年暑期模拟4答案.md,9,8,8,
06-伽马,06-伽马\伽马化学2026年暑期模拟5.md,0,6,6,
06-伽马,06-伽马\伽马化学2026年暑期模拟5答案.md,0,6,6,
06-伽马,06-伽马\伽马化学2026年暑期模拟6.md,0,6,6,
06-伽马,06-伽马\伽马化学2026年暑期模拟6答案.md,0,6,6,
06-伽马,06-伽马\伽马化学2026年暑期模拟7.md,1,7,7,
06-伽马,06-伽马\伽马化学2026年暑期模拟7答案.md,0,6,6,
06-伽马,06-伽马\伽马化学2026年暑期模拟8.md,1,7,7,
06-伽马,06-伽马\伽马化学2026年暑期模拟9.md,0,6,6,
06-伽马,06-伽马\伽马化学2026年暑期模拟9答案.md,0,6,6,
06-伽马,06-伽马\作业(1).md,4,8,4,"11-2 在2022年， 有课题组报道了以下促进的硫叶德合成反应：; 11-2-2 观察以下条件， 指出水在该反应中的作用。; 硫叶立德无非发生亲核或者[2,3]-sigma 迁移。 碳酸铯先拔掉羰基alph"
06-伽马,06-伽马\作业1.md,5,8,4,"11-2 在 2022 年，有课题组报道了以下水促进的硫叶立德合成反应：; 11-2-2 观察以下条件，指出水在该反应中的作用。; 硫叶立德无非发生亲核或者[2,3]-sigma迁移。碳酸铯先拔掉羰基alpha位"
06-伽马,06-伽马\作业2及答案.md,0,6,0,近期，四川大学某课题组完成了天然产物(-)-Actinophyllic Acid; 其中 DMSO 为二甲基亚砜，A 到 B 的 catalyst（催化剂）包含一个; 9-1 加入了 $\mathrm{CaCl}_2$ 的 $\mathrm{NaB
06-伽马,06-伽马\无机化学一_课后习题11.9.md,1,7,7,
06-伽马,06-伽马\晶体题答案.md,0,6,0,7-1 计算 $[\mathrm{O}_8]$ 小立方体的棱长；写出一个晶胞中氧; 7-2除上图示出的2种 $[\mathrm{O_8}]$ 小立方体外，该晶体中还; 7-6 简单立方，2个 $\mathrm{A}_3\mathrm{B}_4$ （
06-伽马,06-伽马\有机作业L6.md,1,7,7,
06-伽马,06-伽马\有机化学一_课后习题Ans11.9.md,0,6,0,C. 新加入的甲基使得底物分子的优势构象发生改变，增大了双键间的距离。; D. 新加入的甲基使得底物分子的优势构象发生改变，减小了双键间的距离。; A. 氟诱导吸电子能力强于溴，且 F 与 C 轨道重叠更好，C-F 反键轨道能量
06-伽马,06-伽马\第二周答案.md,1,6,0,化合物(A) $_{n}$ 是一种氮磷化合物高分子，其结构基元中 N 与 P 的; 1-3 将(A) $_{3}$ 与大过量LiN $_{3}$ 反应，生成产物H。; 2. 在染料敏化太阳能电池中，如果 $\mathrm{TiO_2}$ 薄膜的孔隙
06-伽马,06-伽马\第四周答案.md,1,7,0,磁性与角度27分; 1-1 对 x=1，y=2 的底物：完成反应后，研究者在 MS(ESI+) 谱中; 1-2-1 将 M 与叔丁醇钾分散在甲醇中，加入 $[Cu(MeCN)_{4}]
06-伽马,06-伽马\结构专题进阶2课后作业.md,0,6,0,开采的金属 M 有一半以上用于汽车工业中，以生产催化转化器。这对这种金属的价格产; 利用有机物 HL 用于从溶液中以 $ML_{2}$ 复合物的形式沉淀金属 M，进; 下图是简化的 $ML_{2}$ 分子轨道图(示出了其中最重要的相互作用)。金属阳
06-伽马,06-伽马\结构专题进阶2课后作业答案.md,0,6,0,开采的金属 M 有一半以上用于汽车工业中，以生产催化转化器。这对这种金属的价格产; 利用有机物 HL 用于从溶液中以 $ML_{2}$ 复合物的形式沉淀金属 M，进; 下图是简化的 $ML_{2}$ 分子轨道图(示出了其中最重要的相互作用)。金属阳
06-伽马,06-伽马\配合物结构习题2025.12.21.md,0,6,0,将定量的 $MnO_{2}$ 、 $NH_{4}H_{2}PO_{4}$ 与 $; 2 “锰紫”存在两种主要晶型： $\alpha$ 型和 $\beta$ 型。其中; 2-1 给出该多面体的化学式，并指出阳离子 A 与骨架之间的主要相互作用。
06-伽马,06-伽马\配合物结构习题答案版.md,1,7,0,评判分共12分，具体细则如下; 将定量的 $MnO_{2}$ 、 $NH_{4}H_{2}PO_{4}$ 与 $; 2 “锰紫”存在两种主要晶型： $\alpha$ 型和 $\beta$ 型。其中
07-化英社,07-化英社\初赛模拟7答案(已优化).md,8,8,8,
07-化英社,07-化英社\初赛模拟7答案.md,9,8,8,
07-化英社,07-化英社\初赛模拟7答案已优化.md,9,8,8,
07-化英社,07-化英社\初赛模拟7试卷(已优化).md,6,8,8,
07-化英社,07-化英社\初赛模拟7试卷.md,6,8,8,
07-化英社,07-化英社\初赛模拟7试卷已优化.md,7,8,8,
07-化英社,07-化英社\初赛模拟9答案.md,5,8,7,由质量分数可得锆氯比为1:2，还需要两个负电荷以平衡根据元素性质知为 $O^{2
07-化英社,07-化英社\初赛模拟9答案（清晰版）.md,5,8,7,由质量分数可得钴氯比为 1:2，还需要两个负电荷以平衡根据元素性质知为 $O^{
07-化英社,07-化英社\化英社2026第40届决赛物化专题2试卷（清晰版）.md,6,8,8,
07-化英社,07-化英社\化英社寒假初赛模拟 1.md,16,8,8,
07-化英社,07-化英社\化英社寒假初赛模拟 2.md,20,8,8,
07-化英社,07-化英社\化英社寒假初赛模拟 3.md,20,8,8,
07-化英社,07-化英社\化英社年后国初模拟1.md,18,8,8,
07-化英社,07-化英社\化英社年后国初模拟2.md,18,8,8,
07-化英社,07-化英社\化英社年后国初模拟3.md,16,8,8,
07-化英社,07-化英社\施朱鸣-计算专题-讲评.md,8,8,6,"2) 凡题目中要求书写反应方程式，须配平且系数为最简整数比。WX shizhum; 步骤一: 取适量 $\mathrm{MnSO}_{4}$ 溶于水, 加入过量的 "
07-化英社,07-化英社\春季-有机专题1试卷(已优化).md,5,8,8,
07-化英社,07-化英社\春季-有机专题1试卷.md,6,8,8,
07-化英社,07-化英社\春季-有机专题1试卷已优化.md,6,8,8,
07-化英社,07-化英社\春季模拟试题9试题-清晰版.md,5,8,8,
07-化英社,07-化英社\春季模拟试题9试题.md,5,8,8,
07-化英社,07-化英社\第40届决赛模拟1答案(已优化).md,8,8,7,X是一种昂贵的金属元素。从其铂系元素单质矿制备X单质的提纯过程如下：先用硝酸和王
07-化英社,07-化英社\第40届决赛模拟1答案.md,9,8,7,第 40 届化英社化学奥林匹克（决赛）模拟试题 1 参考答案
07-化英社,07-化英社\第40届决赛模拟1答案已优化.md,9,8,7,第 40 届化英社化学奥林匹克（决赛）模拟试题 1 参考答案
07-化英社,07-化英社\第40届决赛模拟1（清晰版）.md,9,8,8,
07-化英社,07-化英社\第40届决赛模拟试题2答案（清晰版）.md,7,8,7,注释：en: 乙二胺；TMEDA: 四甲基乙二胺；KHMDS: 双(三甲基硅烷基
07-化英社,07-化英社\第40届初赛模拟10（清晰版）.md,8,8,8,
07-化英社,07-化英社\第40届初赛模拟11（清晰版）.md,8,8,8,
07-化英社,07-化英社\第40届初赛模拟试题10参考答案（清晰版）.md,8,8,4,26分，占 $13\%$ ）储氢材料-氨硼烷; 22分，占 $10\%$ ）蟌蠻螯合配休; 21分，占 $10\%$ ）双核Pd(III)配合物
07-化英社,07-化英社\第40届初赛模拟试题11答案-清晰版.md,8,8,7,酸钼汤（18分，占9%
07-化英社,07-化英社\第40届化英社化学奥林匹克(初赛)夏季初赛模拟12_1.md,8,8,8,
07-化英社,07-化英社\第40届化英社化学奥林匹克决赛夏季模拟试题1.md,8,8,8,
07-化英社,07-化英社\第40届化英社化学奥林匹克决赛夏季模拟试题2.md,9,8,8,
07-化英社,07-化英社\第40届化英社化学奥林匹克决赛夏季模拟试题2参考答案.md,9,8,8,
07-化英社,07-化英社\第40届化英社化学奥林匹克决赛模拟试题3参考答案（清晰版）.md,9,8,7,"1-5 将 E 和单质 M 混合加热得到氯化物 G, G 和 2 当量四氢噻吩（"
07-化英社,07-化英社\第40届化英社化学奥林匹克初赛夏季初赛模拟11参考答案.md,7,8,5,第 40 届化英社化学奥林匹克（初赛）夏季初赛模拟 11 参考答案; 1-1 酸 A 由三种元素组成，将 2.670 g 酸 A 溶解于水中，加入过量; 1-2 含有元素 Y 的化合物具有丰富的化学性质，易发生多种反应，完成下列反应方
07-化英社,07-化英社\第40届化英社化学奥林匹克初赛夏季初赛模拟12参考答案_1.md,8,8,8,
07-化英社,07-化英社\第40届化英社化学奥林匹克初赛夏季初赛模拟13参考答案_1.md,9,8,7,苦味酸具有酸性，在潮湿环境会和金属反应产生易燃易爆的 $\mathrm{H}_{
07-化英社,07-化英社\第40届化英社化学奥林匹克初赛夏季初赛模拟7参考答案.md,8,8,6,"/三重态卡宾（19分，占 $10\%$; (共5分,层状结构3分,点阵形式2分)</td></tr><tr><td>1-3"
07-化英社,07-化英社\第40届化英社化学奥林匹克初赛夏季初赛模拟8.md,9,8,8,
07-化英社,07-化英社\第40届化英社化学奥林匹克初赛夏季初赛模拟8参考答案.md,10,8,8,
07-化英社,07-化英社\第40届化英社化学奥林匹克初赛夏季初赛模拟9.md,7,8,8,
07-化英社,07-化英社\第40届化英社化学奥林匹克初赛夏季初赛模拟9参考答案.md,8,8,7,简单的晶体结构（24分，占 $16\%$
07-化英社,07-化英社\第40届化英社化学奥林匹克初赛夏季无机专题2参考答案.md,7,8,0,未知矿物的组分测定（26分，占 $12\%$; 膦亚基桥连双核配合物（32 分，占 17%; 苯酚硝化的酶催化动力学研讨 （34 分，占 18%
07-化英社,07-化英社\第40届化英社化学奥林匹克初赛夏季有机专题1参考答案.md,7,8,0,有机化合物的基本性质（14分，占 $6 \%$; 机理实验（26分，占 $12\%$; $[3 + 2]$ -环加成反应（24分，占 $12\%$
07-化英社,07-化英社\第40届化英社化学奥林匹克初赛夏季模拟试题1参考答案.md,7,8,4,HgI₂ 的晶体结构（34 分，占 15%; 金属元素 X 在自然界中丰度较低，约在 2 ppm 左右，通常以化合态存在。将含; 1-2-2 C 的四水合物 $\mathrm{C} \cdot 4 \mathr
07-化英社,07-化英社\第40届化英社化学奥林匹克初赛夏季模拟试题2参考答案.md,8,8,8,
07-化英社,07-化英社\第40届化英社化学奥林匹克初赛夏季模拟试题3参考答案.md,9,8,4,"1798 年, 元素 $\mathbf{M}$ 由法国科学家对某种矿石进行成分分; M 单质与稀酸反应速率较慢, 这可归因于 $M$ 在空气中形成的氧化物保护膜。M; 1-2 当 M 单质遭受中子轰击时, 大部分中子会发生反弹, 但还存在少量中子会"
07-化英社,07-化英社\第40届化英社化学奥林匹克初赛夏季模拟试题4.md,9,8,8,
07-化英社,07-化英社\第40届化英社化学奥林匹克初赛夏季模拟试题5.md,0,6,6,
07-化英社,07-化英社\第40届化英社化学奥林匹克初赛夏季模拟试题6.md,8,8,8,
07-化英社,07-化英社\第40届化英社化学奥林匹克初赛夏季模拟试题6参考答案.md,7,8,7,葫芦脲 Cucurbituril 的转子结构（31分，占 $15\%$
07-化英社,07-化英社\第40届化英社化学奥林匹克初赛夏季结构专题参考答案.md,8,8,0,磺杂炔到有机笼状化合物的华丽转变（28 分，占 15%; 主族金属簇（21分，占 $11\%$; 从休克尔规则到莫比乌斯环（24分，占 $13\%$
07-化英社,07-化英社\第40届化英社化学奥林匹克初赛模拟试题15.md,6,8,8,
07-化英社,07-化英社\第40届化英社化学奥林匹克初赛计算与实验.md,8,8,8,
07-化英社,07-化英社\第40届化英社化学奥林匹克竞赛（初赛）夏季有机专题2参考答案.md,9,8,0,理论与基础（13分，占 $7\%$; 溶剂与同位素（19分，占 $10\%$; 金与炔（22分，占 $12\%$
07-化英社,07-化英社\第40届化英社化学奥林匹克（决赛）夏季模拟试题1参考答案.md,8,8,5,元素化学（30分，占13%）41.8; 碳硼烷在药物化学中的应用（35分，占13%）73.77%; 纳米酶（43分，占18%） 28.47%
07-化英社,07-化英社\第40届化英社化学奥林匹克（决赛）模拟试题3.md,10,8,8,
07-化英社,07-化英社\第40届化英社化学奥林匹克（决赛）模拟试题3（清晰）.md,10,8,8,
07-化英社,07-化英社\第40届化英社化学奥林匹克（初赛）夏季初赛模拟10.md,10,8,8,
07-化英社,07-化英社\第40届化英社化学奥林匹克（初赛）夏季初赛模拟10参考答案.md,9,8,8,
07-化英社,07-化英社\第40届化英社化学奥林匹克（初赛）夏季初赛模拟13.md,9,8,8,
07-化英社,07-化英社\第40届化英社化学奥林匹克（初赛）夏季初赛模拟2.md,8,8,8,
07-化英社,07-化英社\第40届化英社化学奥林匹克（初赛）夏季初赛模拟5参考答案.md,0,6,6,
07-化英社,07-化英社\第40届化英社化学奥林匹克（初赛）夏季初赛模拟7.md,8,8,8,
07-化英社,07-化英社\第40届化英社化学奥林匹克（初赛）夏季无机专题1参考答案.md,9,8,0,火柴中的化学（19分，占 $8\%$; 锡化学（26分，占12%; 镍的反应和分析（30分，占 $14\%$
07-化英社,07-化英社\第40届化英社化学奥林匹克（初赛）夏季模拟14参考答案.md,9,8,6,葡萄酒总 $\mathrm{SO}_2$ 的双模式分析（7分，占 $4 \%$; 向葡萄酒样品中加入 $\mathrm{KBH}_{4}$ 和 $\mathrm{
07-化英社,07-化英社\第40届化英社化学奥林匹克（初赛）夏季模拟试题1.md,6,8,8,
07-化英社,07-化英社\第40届化英社化学奥林匹克（初赛）夏季模拟试题11.md,7,8,8,
07-化英社,07-化英社\第40届化英社化学奥林匹克（初赛）夏季模拟试题3.md,9,8,8,
07-化英社,07-化英社\第40届化英社化学奥林匹克（初赛）夏季模拟试题4参考答案.md,9,8,5,"非金属元素 X 有一段曲折的发现史，最戏剧的是最早发现元素 X 的科学家忘记将其; 1-2-1 X 单质对人类毒性较低，但其化合物常有刺激性气味且有毒。若在空气中加; 2-1-2 磁化实验显示, 基态 $\mathbf{A}$ 的自旋多重态为五重态"
07-化英社,07-化英社\第40届化英社化学奥林匹克（初赛）春季联考1 答案(1).md,9,8,7,电位滴定仪测定CI含量 (15分， 占9%
07-化英社,07-化英社\第40届化英社化学奥林匹克（初赛）春季联考1.md,9,8,8,
07-化英社,07-化英社\第40届化英社化学奥林匹克（初赛）春季联考1答案1.md,9,8,8,
07-化英社,07-化英社\第40届化英社化学奥林匹克（初赛）春季联考2.md,9,8,8,
07-化英社,07-化英社\第40届化英社化学奥林匹克（初赛）春季联考2答案.md,9,8,7,第 40 届化英社化学奥林匹克（初赛）春季联考 2 参考答案
07-化英社,07-化英社\第40届化英社化学奥林匹克（初赛）春季联考3答案.md,7,8,8,
07-化英社,07-化英社\第40届化英社化学奥林匹克（初赛）春季联考3试卷.md,7,8,8,
07-化英社,07-化英社\第40届化英社化学奥林匹克（初赛）春季联考4参考答案.md,7,8,8,
07-化英社,07-化英社\第40届化英社化学奥林匹克（初赛）春季联考4试卷.md,7,8,8,
07-化英社,07-化英社\第40届化英社化学奥林匹克（初赛）春季联考5.md,8,8,8,
07-化英社,07-化英社\第40届化英社化学奥林匹克（初赛）春季联考5答案.md,8,8,8,
07-化英社,07-化英社\第40届化英社化学奥林匹克（初赛）春季联考6-final.md,8,8,8,
07-化英社,07-化英社\第40届化英社化学奥林匹克（初赛）春季联考6答案-final.md,8,8,8,
07-化英社,07-化英社\第40届化英社化学奥林匹克（初赛）模拟试题13（高清版）.md,9,8,8,
07-化英社,07-化英社\第40届化英社化学奥林匹克（初赛）模拟试题14.md,9,8,8,
07-化英社,07-化英社\第40届化英社化学奥林匹克（初赛）模拟试题15参考答案.md,6,8,7,第 40 届化英社化学奥林匹克（初赛）模拟试题 15 参考答案
07-化英社,07-化英社\第40届化英社化学奥林匹克（初赛）计算与实验参考答案.md,8,8,8,
07-化英社,07-化英社\第40届化英社奥林匹克（决赛）模拟试题2试卷（清晰）.md,7,8,7,注释：en: 乙二胺；TMEDA: 四甲基乙二胺；KHMDS: 双(三甲基硅烷基
07-化英社,07-化英社\第40届化英社奥林匹克（初赛）模拟试题13答案（清晰）.md,9,8,6,13分，占 $5\%$ ）有趣的肼; <table><tr><td>碱性:氨&gt;肼(1分)因为氨基的吸电子诱导效应
08-汇智,08-汇智\2.5练习题及答案.md,0,6,0,(2)用纽曼投影式表示以下化合物的优势构象(A 以 C(3)-C(4)轴，B 以; (4) 判断以下哪个化合物的羰基的伸缩振动频率更大?; 4. 下图示出了四个有机化合物指定碳氢键在二甲亚矾(DMSO)中的 pKa 值。
08-汇智,08-汇智\2.7晚-有机小练答案(2).md,2,7,4,"1-4该反应同样经历了鏽离子中间体， 写出以下反应的所有关键中间体。; a)两个产物为骨架异构体b两个产物为立体异构体两个产物为对映异构体d两个产物为非; 以芳香醛和1-苯基乙-1,2-二醇为原料在酸性条件下可以构建环戊烷-2-烯-1-"
08-汇智,08-汇智\2.7杭州有机化学班第三天练习题.md,10,6,6,
08-汇智,08-汇智\2026年寒假杭州有机化学班第五天练习题及答案.md,0,6,0,2026 年寒假杭州有机化学班第五天练习题（2 月 9 日晚自习）; 理解亲电自由基和亲核自由基的区别，经典考题应用。完全建立均裂概念本套练习题中，1; 2. 预测下列反应的产物，给出机理/关键中间体，给出反应的小分子副产物
08-汇智,08-汇智\2026年寒假杭州有机化学班练习5习题及答案.md,4,8,0,"只是一些简单的排序; [2,3]-σ 迁移—让杂原子在碳链上踊ろう!; 只是一些简单的排序"
08-汇智,08-汇智\2026年寒假杭州有机化学班练习题4练习题及答案.md,1,7,1,"以下正离子可以经过 $4\pi$ 电子体系的电环化反应形成环戊烯正离子, 该离子; 如在第一步反应过程中，当碘完全消耗后，立即加入适量的水，反应的主要产物则为顺式邻; 羰基在酸性条件下可以结合质子从而引发分子内的碳正离子重排，完成成环、扩环等碳骨架"
08-汇智,08-汇智\260609-汇智起航2026年（暑假）全国化学初赛模拟试题5试题.md,8,8,4,\- 所有解答必须写在答题卡指定的框内，写于其他位置的解答不予评判。; \- 凡要求计算或推演的，须给出过程，无过程即使结果正确也不得分。; （1）凡题目中要求书写方程式，需配平且系数为最简整数比。
08-汇智,08-汇智\卷1讲评..md,9,8,5,"铁的配合物 I (元素分析与理论实验部分) (29 分, 占 10%; 刚玉及其衍生结构的探究（34分，占 $15\%$; “淡”： $[\mathrm{Fe}(\mathrm{H}_{2}\mathrm"
08-汇智,08-汇智\卷2-讲评..md,6,8,8,
08-汇智,08-汇智\卷3-讲评.(1).md,6,8,2,26分， 占9%) 多级配离子的精确计算; 46分， 占14%) 问题金属与红色溶液; 23分， 占8%) 基础有机化学概念
08-汇智,08-汇智\卷3-讲评.1.md,7,8,6,"20分，占 $12\%$ ) 工业热力学; 1-2-2 称取 1.000 g Emerald Green 固体,用 5 mL"
08-汇智,08-汇智\改汇智起航2026年暑假（刷题班）全国化学初赛模拟卷6(4).md,9,8,6,·所有解答必须写在答题卡指定的框内，写于其他位置的解答不予评判。; •凡要求计算或推演的，须给出过程，无过程即使结果正确也不得分。
08-汇智,08-汇智\改汇智起航2026年暑假（刷题班）全国化学初赛模拟卷64.md,9,8,6,\- 所有解答必须写在答题卡指定的框内，写于其他位置的解答不予评判。; \- 凡要求计算或推演的，须给出过程，无过程即使结果正确也不得分。
08-汇智,08-汇智\改：汇智起航2026年暑假（刷题班）全国化学初赛模拟卷4答案-version2.md,9,8,6,肼的分析（19分，占 $10\%$; 如何发挥G(x(Ⅱ))的还原性(适用更加给电子的原体)
08-汇智,08-汇智\有机化学专题初赛模拟卷1试题及答案.md,14,8,0,基础知识（18分，占 $10\%$; 条件变化对反应的影响（27 分，占 13%; 香草酸的合成（19 分，占 10%
08-汇智,08-汇智\汇智起航2026年(五一期间)有机化学初赛模拟卷1(4).md,10,8,6,·所有解答必须写在答题卡指定的框内，写于其他位置的解答不予评判。; ·凡要求计算或推演的，须给出过程，无过程即使结果正确也不得分。
08-汇智,08-汇智\汇智起航2026年(五一期间)有机化学初赛模拟卷1答案(5).md,4,6,4,淋炔化学 (16分， 10%; 卡宾引发的申联反应 (24分， 10%
08-汇智,08-汇智\汇智起航2026年(五一期间)有机化学初赛模拟卷2答案(3).md,3,8,3,17分， 占8) 邻基参与; 32分， 占18%） 芳香胺官能化一 遗落百年之功; 取代反应是最为基础的一类有机反应之，下列题目将以取代反应为核心， 请按照要求完成
08-汇智,08-汇智\汇智起航2026年五一期间有机化学初赛模拟卷14.md,10,8,6,\- 所有解答必须写在答题卡指定的框内，写于其他位置的解答不予评判。; \- 凡要求计算或推演的，须给出过程，无过程即使结果正确也不得分。
08-汇智,08-汇智\汇智起航2026年五一期间有机化学初赛模拟卷1答案5.md,6,6,5,<table><tr><td>2-1-1σ(C-H)-σ*(C-F)的超共轭作用
08-汇智,08-汇智\汇智起航2026年五一期间有机化学初赛模拟卷2.md,18,8,6,\- 所有解答必须写在答题卡指定的框内，写于其他位置的解答不予评判。; \- 凡要求计算或推演的，须给出过程，无过程即使结果正确也不得分。
08-汇智,08-汇智\汇智起航2026年五一期间有机化学初赛模拟卷2答案3.md,9,8,5,15分，占 $13\%$ ）碳正离子; 对题目2-1至25所题问题进行判断并从有机化学的角度提供合理解释。; 2.2 在基本加热条件下，1、3、5-己三烯和1、3-丁二烯的电环化反应速率哪个
08-汇智,08-汇智\汇智起航2026年寒假有机化学专题初赛模拟卷2及答案.md,24,8,0,有机化学基本概念（18分， $8\%$; β-羟基酮（21 分，12%; 甲酰化反应（16 分，8%
08-汇智,08-汇智\汇智起航2026年暑假（冲刺班）结构化学初赛模拟卷1答案-250610-sjh(2)(2)(1)(1)(1)(1)(1).md,5,8,6,多碘阴离子是碘元素的特征阴离子，1-1 首先考察最简单的多碘化物I₃。; I₃的分子轨道可以认为是I的原子轨道与I₂分子轨道进行作用， 按照这种思路画出价
08-汇智,08-汇智\汇智起航2026年暑假（冲刺班）结构化学初赛模拟卷1答案-250610-sjh2211111.md,6,8,4,"分子结构 (23分, 占13%; 1-1 首先考察最简单的多碘化物 $\mathrm{I}_3$ 。; 1-1-2 $\mathrm{I}_3$ 有对称型和不对称型。不对称型结构可以认"
08-汇智,08-汇智\汇智起航2026年（寒假）有机化学初赛模拟卷2答案-260106-hth.md,13,8,0,有机化学基本概念 （18分， 8%; 有机化学基本概念 （18分， 8%; β-羟基酮 21分， 12%
08-汇智,08-汇智\汇智起航2026年（暑假）无机化学初赛模拟试题1.md,6,8,6,·所有解答必须写在答题卡指定的框内，写于其他位置的解答不予评判。; ·凡要求计算或推演的，须给出过程，无过程即使结果正确也不得分。
08-汇智,08-汇智\汇智起航五一初赛模拟1答案.md,7,8,7,CO₂ 的捕获（28 分，占 12%
08-汇智,08-汇智\汇智起航五一初赛模拟1试卷.md,7,8,6,\- 所有解答必须写在答题卡指定的框内，写于其他位置的解答不予评判。; \- 凡要求计算或推演的，须给出过程，无过程即使结果正确也不得分。
08-汇智,08-汇智\汇智起航五一初赛模拟2答案.md,7,8,6,亲电性与亲核性钼物种（32分，占 $13\%$; 第1题亲电性与亲核性钼物种（32分，占 $13\%$ ）
08-汇智,08-汇智\汇智起航五一初赛模拟2试卷.md,7,8,6,\- 所有解答必须写在答题卡指定的框内，写于其他位置的解答不予评判。; \- 凡要求计算或推演的，须给出过程，无过程即使结果正确也不得分。
08-汇智,08-汇智\汇智起航五一初赛模拟3答案.md,8,6,5,超临界流体 $\mathrm{CO}_{2}$ (15分，占 $9\%$
08-汇智,08-汇智\汇智起航五一初赛模拟3试卷.md,10,8,6,\- 所有解答必须写在答题卡指定的框内，写于其他位置的解答不予评判。; \- 凡要求计算或推演的，须给出过程，无过程即使结果正确也不得分。
08-汇智,08-汇智\汇智起航五一初赛模拟4答案.md,0,4,4,
08-汇智,08-汇智\汇智起航五一初赛模拟4试卷.md,9,8,6,\- 所有解答必须写在答题卡指定的框内，写于其他位置的解答不予评判。; \- 凡要求计算或推演的，须给出过程，无过程即使结果正确也不得分。
08-汇智,08-汇智\汇智起航五一初赛模拟5答案.md,9,8,7,稀溶液（26分，占 $11\%$
08-汇智,08-汇智\汇智起航五一初赛模拟5试卷.md,9,8,6,\- 所有解答必须写在答题卡指定的框内，写于其他位置的解答不予评判。; \- 凡要求计算或推演的，须给出过程，无过程即使结果正确也不得分。
08-汇智,08-汇智\汇智起航五一初赛模拟6答案.md,8,8,8,
08-汇智,08-汇智\汇智起航五一初赛模拟6试卷.md,8,8,6,\- 所有解答必须写在答题卡指定的框内，写于其他位置的解答不予评判。; \- 凡要求计算或推演的，须给出过程，无过程即使结果正确也不得分。
08-汇智,08-汇智\汇智起航五一初赛模拟7答案.md,4,8,7,"<table><tr><td>1-1 化合物A被称为“超级氢化合物”,由氢与三种"
08-汇智,08-汇智\汇智起航五一初赛模拟7试卷.md,4,8,6,\- 所有解答必须写在答题卡指定的框内，写于其他位置的解答不予评判。; \- 凡要求计算或推演的，须给出过程，无过程即使结果正确也不得分。
08-汇智,08-汇智\汇智起航五一初赛模拟8答案.md,8,8,8,
08-汇智,08-汇智\汇智起航五一初赛模拟8试卷.md,8,8,6,\- 所有解答必须写在答题卡指定的框内，写于其他位置的解答不予评判。; \- 凡要求计算或推演的，须给出过程，无过程即使结果正确也不得分。
08-汇智,08-汇智\物化1解析手稿(1).md,0,0,0,
08-汇智,08-汇智\物化1解析手稿1.md,0,0,0,
08-汇智,08-汇智\练习1 (1).md,0,6,1,mel e 更好超共轮Hulr14力3\*花客物本氢更易被正丁基锂去质子化？ B; Medlf3) 三H H(A) Me A(B) ② 1.2 力 （4）判断以下哪; 4.下图示出了四个有机化合物指定碳氢键在二甲亚矾(DMSO)中的 pKa值。选择
08-汇智,08-汇智\练习5.md,0,6,0,0>B>E7C7A /HSVAAN3\~4B(MVMR.° 刀 … 场\$ fG; 2-2所周知， 烯丙基亚矾很容易发生 Mislow 重排使得亚砜消旋化， 际上，; 2-2-2观察全合成， 回答以下问题 （底物羰基完全没有参与反ATBSO 26M
08-汇智,08-汇智\讲评 - 副本(1).md,0,6,4,1-2-2 有趣的是， C的结构为“夹心型”中有机部分的结构和题目中给出配合物中; 1-3 类似的是 2023 年，有人在乙二胺溶剂中将 K₂Biz和[CpRu(M
08-汇智,08-汇智\讲评-副本1.md,0,6,4,"1-2-2 有趣的是, $\mathrm{C}$ 的结构为“夹心型”中有机部分的; 1-3 类似的是 2023 年，有人在乙二胺溶剂中将 $\mathrm{K}_2"
08-汇智,08-汇智\长沙冲刺无机综合.md,15,8,6,\- 所有解答必须写在答题卡指定的框内，写于其他位置的解答不予评判。; \- 凡要求计算或推演的，须给出过程，无过程即使结果正确也不得分。
08-汇智,08-汇智\长沙冲刺有机1.md,18,8,6,\- 所有解答必须写在答题卡指定的框内，写于其他位置的解答不予评判。; \- 凡要求计算或推演的，须给出过程，无过程即使结果正确也不得分。
08-汇智,08-汇智\长沙冲刺有机2.md,23,8,6,\- 所有解答必须写在答题卡指定的框内，写于其他位置的解答不予评判。; \- 凡要求计算或推演的，须给出过程，无过程即使结果正确也不得分。
08-汇智,08-汇智\长沙冲刺物化1.md,0,6,4,\- 所有解答必须写在答题卡指定的框内，写于其他位置的解答不予评判。; \- 凡要求计算或推演的，须给出过程，无过程即使结果正确也不得分。
08-汇智,08-汇智\长沙冲刺物化2.md,10,8,6,\- 所有解答必须写在答题卡指定的框内，写于其他位置的解答不予评判。; \- 凡要求计算或推演的，须给出过程，无过程即使结果正确也不得分。
08-汇智,08-汇智\长沙冲刺结构.md,12,8,6,\- 所有解答必须写在答题卡指定的框内，写于其他位置的解答不予评判。; \- 凡要求计算或推演的，须给出过程，无过程即使结果正确也不得分。
08-汇智,08-汇智\长沙冲刺综合1.md,18,8,6,· 所有解答必须写在答题卡指定的框内，写于其他位置的解答不予评判。; ·凡要求计算或推演的，须给出过程，无过程即使结果正确也不得分。
08-汇智,08-汇智\长沙冲刺综合2.md,13,8,6,\- 所有解答必须写在答题卡指定的框内，写于其他位置的解答不予评判。; · 凡要求计算或推演的，须给出过程，无过程即使结果正确也不得分。
08-汇智,08-汇智\长沙冲刺综合3.md,14,8,6,\- 所有解答必须写在答题卡指定的框内，写于其他位置的解答不予评判。; \- 凡要求计算或推演的，须给出过程，无过程即使结果正确也不得分。
08-汇智,08-汇智\长沙冲刺综合4.md,16,8,6,\- 所有解答必须写在答题卡指定的框内，写于其他位置的解答不予评判。; · 凡要求计算或推演的，须给出过程，无过程即使结果正确也不得分。
08-汇智,08-汇智\长沙冲刺综合5.md,0,6,4,\- 所有解答必须写在答题卡指定的框内，写于其他位置的解答不予评判。; \- 凡要求计算或推演的，须给出过程，无过程即使结果正确也不得分。
08-汇智,08-汇智\长沙冲刺综合6.md,17,8,6,\- 所有解答必须写在答题卡指定的框内，写于其他位置的解答不予评判。; \- 凡要求计算或推演的，须给出过程，无过程即使结果正确也不得分。
08-汇智,08-汇智\长沙冲刺综合7.md,12,8,6,\- 所有解答必须写在答题卡指定的框内，写于其他位置的解答不予评判。; \- 凡要求计算或推演的，须给出过程，无过程即使结果正确也不得分。
08-汇智,08-汇智\长沙化学刷初赛模拟1.md,8,7,5,\- 所有解答必须写在答题卡指定的框内，写于其他位置的解答不予评判。; · 凡要求计算或推演的，须给出过程，无过程即使结果正确也不得分。
08-汇智,08-汇智\长沙化学刷初赛模拟10.md,16,8,6,· 所有解答必须写在答题卡指定的框内，写于其他位置的解答不予评判。; · 凡要求计算或推演的，须给出过程，无过程即使结果正确也不得分。
08-汇智,08-汇智\长沙化学刷初赛模拟11.md,18,8,6,\- 所有解答必须写在答题卡指定的框内，写于其他位置的解答不予评判。; · 凡要求计算或推演的，须给出过程，无过程即使结果正确也不得分。
08-汇智,08-汇智\长沙化学刷初赛模拟12.md,16,8,6,\- 所有解答必须写在答题卡指定的框内，写于其他位置的解答不予评判。; · 凡要求计算或推演的，须给出过程，无过程即使结果正确也不得分。
08-汇智,08-汇智\长沙化学刷初赛模拟2.md,13,8,6,\- 所有解答必须写在答题卡指定的框内，写于其他位置的解答不予评判。; · 凡要求计算或推演的，须给出过程，无过程即使结果正确也不得分。
08-汇智,08-汇智\长沙化学刷初赛模拟3.md,20,8,6,· 所有解答必须写在答题卡指定的框内，写于其他位置的解答不予评判。; · 凡要求计算或推演的，须给出过程，无过程即使结果正确也不得分。
08-汇智,08-汇智\长沙化学刷初赛模拟4.md,18,8,6,\- 所有解答必须写在答题卡指定的框内，写于其他位置的解答不予评判。; · 凡要求计算或推演的，须给出过程，无过程即使结果正确也不得分。
08-汇智,08-汇智\长沙化学刷初赛模拟5.md,8,8,5,"· 所有解答必须写在答题卡指定的框内，写于其他位置的解答不予评判。; · 凡要求计算或推演的，须给出过程，无过程即使结果正确也不得分。; (1) 凡题目中要求书写方程式, 需配平且系数为最简整数比。"
08-汇智,08-汇智\长沙化学刷初赛模拟6.md,14,8,6,\- 所有解答必须写在答题卡指定的框内，写于其他位置的解答不予评判。; · 凡要求计算或推演的，须给出过程，无过程即使结果正确也不得分。
08-汇智,08-汇智\长沙化学刷初赛模拟7.md,0,6,4,· 所有解答必须写在答题卡指定的框内，写于其他位置的解答不予评判。; · 凡要求计算或推演的，须给出过程，无过程即使结果正确也不得分。
08-汇智,08-汇智\长沙化学刷初赛模拟8.md,18,8,6,\- 所有解答必须写在答题卡指定的框内，写于其他位置的解答不予评判。; · 凡要求计算或推演的，须给出过程，无过程即使结果正确也不得分。
08-汇智,08-汇智\长沙化学刷初赛模拟9.md,15,8,6,· 所有解答必须写在答题卡指定的框内，写于其他位置的解答不予评判。; · 凡要求计算或推演的，须给出过程，无过程即使结果正确也不得分。
09-一式,09-一式\一式01.md,8,8,8,
09-一式,09-一式\一式01答案.md,8,8,8,
09-一式,09-一式\一式02.md,9,8,8,
09-一式,09-一式\一式02答案.md,8,8,8,
09-一式,09-一式\一式03.md,8,8,8,
09-一式,09-一式\一式03答案.md,6,8,8,
09-一式,09-一式\一式04.md,6,8,8,
09-一式,09-一式\一式04答案.md,6,8,6,25分，占 $15\%$ ）超分子分离 $\mathbf{C}_{60}$ 与 ; 15分，占 $11\%$ ）不一样的分子夹心
09-一式,09-一式\一式05.md,9,8,8,
09-一式,09-一式\一式05答案.md,8,8,6,16分，占 $12\%$ ）“储宾”的合成和性质; 13分，占8%） 气相刻蚀MAX合成氯终止MXcno
09-一式,09-一式\一式06.md,9,8,8,
09-一式,09-一式\一式06答案.md,9,8,7,20分，占 $12\%$ ） 氰氢化钢
09-一式,09-一式\一式07.md,10,8,8,
09-一式,09-一式\一式07答案.md,10,8,7,27分，占 $12\%$ ）锌铟硫化物(ZIS)的三重奏：序曲、结构与表征
09-一式,09-一式\一式08.md,8,8,8,
09-一式,09-一式\一式08答案.md,8,8,8,
09-一式,09-一式\一式09.md,8,8,8,
09-一式,09-一式\一式09答案.md,4,8,4,28分，占 $11\%$ ）非共价相互作用; 19 分，占 12%）钙钛矿衍生结构; 17分，占 $11\%$ ）NHC-硼化学
09-一式,09-一式\一式10.md,9,8,8,
09-一式,09-一式\一式10答案.md,9,8,8,
10-chemy,10-chemy\cm化学试卷-初赛模拟试题3+答案3.md,0,6,0,"在 17 世纪后期, 德国人用 Saxon 地方的一种沉重的红棕色矿石来给玻璃着; 鬼铜矿得名的另一种说法是它会使工人们反胃腹泻, 严重时发生休克甚至死亡, 就像魔; 1-2 M 的二价离子可以与多种配体形成配合物。M(II)与CN-可以形成黄色的"
10-chemy,10-chemy\化学试卷-初赛模拟试题1+答案.md,17,8,0,"确定未知元素 (20 分, 8%; 饮料中奎宁含量的分析 (19 分, 10%; $Al^{3+}$ 水解过程中的物种转化 (27 分, 13%"
10-chemy,10-chemy\化学试卷-初赛模拟试题4+答案.md,9,8,0,19 分，占比 14%）颜料中的化学; 17 分，占比 13%）NO 分子的生成与转化反应; 8分，占比5%）小分子催化的析氢反应
10-chemy,10-chemy\新-2026年暑假Chemy刷题（15套）_1-199.md,132,8,8,
10-chemy,10-chemy\新-2026年暑假Chemy刷题（15套）_200-391.md,101,8,7,5-4 在压力为数百个 GPa 的极端条件下，硫单质的晶格转变为由原子堆积起来的
10-chemy,10-chemy\暑假班试卷与答案勘误.md,28,5,0,"互相转化的钻配位笼（彩图; <table><tr><td>增加</td><td>题中四次轴、六次轴均为旋转轴; <table><tr><td>原文</td><td>......加热至沸,沉淀溶"
10-chemy,10-chemy\第40届Chemy化学奥林匹克初赛模拟试题2+答案.md,16,8,0,"Zn-I₂ 水系电池 (18 分, 占 9 %; 莱茵夹层的白色沉淀物 (15 分, 占 10 %; 机械降解策略 (14 分, 占 10 %"
10-chemy,10-chemy\第40届chemy初赛无机模拟19答案.md,9,8,5,一氟化硼 BF 是由硼与氟元素形成的不稳定分子。将具有平面三角形分子结构的含硼化; 1-7 与 BF 等电子体的离子有 BO⁻等。孤立的 BO⁻也是不稳定的离子，但; 例如， $\mathrm{Pt(PCy_3)_2}$ (其中 Cy 为环己基)与
10-chemy,10-chemy\第40届chemy初赛无机模拟19试题.md,9,8,6,"一氟化硼 BF 是由硼与氟元素形成的不稳定分子。将具有平面三角形分子结构的含硼化; 1-5 一氧化碳 CO 的存在可以加速化合物 D 的分解, 产生 C 及分子式为"
10-chemy,10-chemy\第40届chemy初赛有机模拟20答案.md,8,8,3,单项选择题 (16分，占 $10\%$; 硼参与的有机反应 (18分，占 $10\%$; 自牺牲高分子 (17分，占 $10\%$
10-chemy,10-chemy\第40届chemy初赛有机模拟20试题.md,7,8,6,"1-7 Mosher 试剂(MTPA-Cl, 结构如下图所示, 根据其手性中心构; 1-7-2 若利用 Mosher 方法测定(-)-Menthol(结构如下图所示"
10-chemy,10-chemy\第40届chemy初赛有机模拟21答案.md,7,8,8,
10-chemy,10-chemy\第40届chemy初赛有机模拟21试题.md,7,8,8,
10-chemy,10-chemy\第40届chemy初赛有机模拟22答案.md,8,8,6,氧化铟锡与手机屏幕（21分，占10%; 1) 凡题目中要求书写的反应方程式，需配平且系数为最简整数比。
10-chemy,10-chemy\第40届chemy初赛有机模拟22试题.md,8,8,8,
10-chemy,10-chemy\第40届chemy初赛模拟10答案.md,4,8,8,
10-chemy,10-chemy\第40届chemy初赛模拟10试卷.md,4,8,8,
10-chemy,10-chemy\第40届chemy初赛模拟11答案.md,10,8,7,二氧化硒与硫代硫酸钠的反应（14分，占7%
10-chemy,10-chemy\第40届chemy初赛模拟11试卷.md,10,8,8,
10-chemy,10-chemy\第40届chemy初赛模拟12答案.md,9,8,8,
10-chemy,10-chemy\第40届chemy初赛模拟12试卷.md,10,8,7,1) 凡题目中要求书写反应方程式，须配平且系数为最简整数比。
10-chemy,10-chemy\第40届chemy初赛模拟13答案.md,10,8,8,
10-chemy,10-chemy\第40届chemy初赛模拟13试题.md,10,8,8,
10-chemy,10-chemy\第40届chemy初赛模拟14答案.md,8,8,8,
10-chemy,10-chemy\第40届chemy初赛模拟14试卷.md,8,8,8,
10-chemy,10-chemy\第40届chemy初赛模拟15答案.md,8,8,7,3. 有机题要求首先骨架准确，接着键的链接方式即结构准确，然后是立体化学。
10-chemy,10-chemy\第40届chemy初赛模拟15试题.md,8,8,7,2) 只有题 4-7 和题 5-2-2 的计算结果要求修约有效数字。
10-chemy,10-chemy\第40届chemy初赛模拟16答案.md,10,8,8,
10-chemy,10-chemy\第40届chemy初赛模拟16试题.md,10,8,8,
10-chemy,10-chemy\第40届chemy初赛模拟17答案.md,9,8,7,1) 凡题目中要求书写反应方程式，须配平且系数为最简整数比。
10-chemy,10-chemy\第40届chemy初赛模拟17试题.md,8,8,8,
10-chemy,10-chemy\第40届chemy初赛模拟18答案.md,7,8,8,
10-chemy,10-chemy\第40届chemy初赛模拟18试题.md,7,8,8,
10-chemy,10-chemy\第41届Chemy联赛试题答案.md,9,8,5,测定氨基酸含量时， 可以采用酸碱滴定法：但是，由于电中性的氨基酸分子通常以内盐的; 氧原子(或答羟甲基）的吸电子效应增强了铵正离子的酸性。; 若答：氧原子（或答羟甲基）的吸电子诱导效应使氮原子碱性变弱， 酸性氢原子倾向于以
10-chemy,10-chemy\第41届chemy联赛.md,10,8,8,
10-chemy,10-chemy\第42届Chemy联赛决赛试题答案.md,8,8,8,
10-chemy,10-chemy\第42届chemy联赛(决赛).md,7,8,8,
10-chemy,10-chemy\第三十九届Chemy化学奥林匹克竞赛联赛试题5.md,9,8,8,
10-chemy,10-chemy\第三十九届Chemy化学奥林匹克竞赛联赛试题答案5与评分标准.md,7,8,8,
11-2ChO,11-2ChO\2026年中学生化学春季研讨会试题解析.md,9,7,0,过渡金属团簇配合物; $Ce^{3+}$ 的 $d \rightarrow f$ 跃迁发光调控; CO 电化学还原制 $C_{2}H_{4}$ 中的阳离子效应研究
11-2ChO,11-2ChO\2026年中学生化学春季研讨会试题解析补充说明.md,0,6,0,时间仓促，补充说明可能存在少量问题，欢迎加入 2ChO 化学团队交流群或发送邮件; 2026 年中学生化学春季研讨会试题版权属 2026 年中学生化学春季研讨会组委; 2026 年中学生化学春季研讨会试题解析补充说明版权属 2ChO 化学团队和负责
11-2ChO,11-2ChO\第1届2ChO化学奥林匹克联考试题.md,8,8,8,
11-2ChO,11-2ChO\第1届2ChO化学奥林匹克联考试题、答案、说明与评分细则.md,8,8,4,2）如果方程式中反应物和生成物书写全部正确，只是未配平，得一半分。; 4）如果将要求的化学反应式写为离子方程式且书写正确，可不扣分。; 解答给出的是分步计算，便于评判。如果采用其他计算方式，公式合理，分析合乎逻辑，结
11-2ChO,11-2ChO\第1届2ChO化学奥林匹克联考试题解析.md,10,8,4,12分，占 $6\%$ ）神金！（命题人：裴楚杭；解析人：崔墨; 18分，占 $8\%$ ）离子含量测定（命题人：裴楚杭；解析人：朱国骏; 20分，占 $8\%$ ）液流锂电池（命题人：崔墨；解析人：崔墨
11-2ChO,11-2ChO\第2届2ChO化学奥林匹克联考试题.md,9,7,7,
11-2ChO,11-2ChO\第2届2ChO化学奥林匹克联考试题、答案、说明与评分细则.md,9,7,3,2）如果方程式中反应物和生成物书写全部正确，只是未配平，得一半分。; 4）如果将要求的化学反应式写为离子方程式且书写正确，可不扣分。; 解答给出的是分步计算，便于评判。如果采用其他计算方式，公式合理，分析合乎逻辑，结
11-2ChO,11-2ChO\第37届中国化学奥林匹克初赛第7题补充说明_最终版_2ChO化学团队制作.md,1,7,0,20分，占 $10\%$ ）生命过程中的物质; 感谢陈俭德、阚云潇、TMS 参与本补充说明的审校工作。; 时间仓促，补充说明可能存在少量问题，欢迎加入 2ChO 化学团队交流群或发送邮件
11-2ChO,11-2ChO\第37届中国化学奥林匹克初赛试题解析_最终版_2ChO化学团队制作.md,12,8,0,14分，占 $7\%$ ）镓的化合物; 12分，占 $6\%$ ）复盐的组成; 13分，占 $8\%$ ）海水中锂的提取
11-2ChO,11-2ChO\第38届中国化学奥林匹克初赛试题解析_最终版_2ChO化学团队制作.md,10,8,0,"炼丹与化学 (22 分，占 8%; 高锰酸钾和碘的氧化还原分析 (18 分, 占 6%; 化学键与机械力 (19 分，占 7%"
11-2ChO,11-2ChO\第39届中国化学奥林匹克初赛试题解析_2ChO化学团队制作.md,10,8,0,"砷化学 (15 分, 7%; 普鲁士蓝类化合物的离子传输 (23 分, 10%; 高分子的制备 (12 分, 5%"
11-2ChO,11-2ChO\第3届2ChO化学奥林匹克联考试题.md,9,7,7,
11-2ChO,11-2ChO\第3届2ChO化学奥林匹克联考试题、答案、说明与评分细则.md,9,7,4,2）如果方程式中反应物和生成物书写全部正确，只是未配平，得一半分。; 4）如果将要求的化学反应式写为离子方程式且书写正确，可不扣分。; 解答给出的是分步计算，便于评判。如果采用其他计算方式，公式合理，分析合乎逻辑，结
11-2ChO,11-2ChO\第3届2ChO化学奥林匹克联考试题解析.md,10,8,4,原砷，启动！（12 分，占 6%）（命题人：裴楚杭；解析人：裴楚杭、王奕淳; 金属杂苯和芳香性（29 分）（命题人：裴楚杭；解析人：裴楚杭; 聚合物（22分）（命题人：裴楚杭；解析人：裴楚杭
11-2ChO,11-2ChO\第4届2ChO化学奥林匹克联考试题.md,10,8,8,
11-2ChO,11-2ChO\第4届2ChO化学奥林匹克联考试题、答案、说明与评分细则.md,10,8,5,2)如果方程式中反应物和生成物书写全部正确，只是未配平，得一半分。; 4)如果将要求的化学反应式写为离子方程式且书写正确，可不扣分。; 解答给出的是分步计算，便于评判。如果采用其他计算方式，公式合理，分析合乎逻辑，结
11-2ChO,11-2ChO\第4届2ChO化学奥林匹克联考试题解析.md,10,8,3,矿物与化学 (21 分) （命题人：徐睿泽；解析人：徐睿泽; 基础的碘量法滴定问题 (25 分) （命题人：朱也天；解析人：朱也天; 力致发光与力促动学 (25 分)（命题人：崔墨；解析人：崔墨
11-2ChO,11-2ChO\第5届2ChO化学奥林匹克联考试题.md,8,8,7,3) 只有题 4.2.3 的计算结果要求修约有效数字。
11-2ChO,11-2ChO\第5届2ChO化学奥林匹克联考试题、答案、说明与评分细则_20251124版初稿.md,8,8,5,2)如果方程式中反应物和生成物书写全部正确，只是未配平，得一半分。; 4)如果将要求的化学反应式写为离子方程式且书写正确，可不扣分。; 解答给出的是分步计算，便于评判。如果采用其他计算方式，公式合理，分析合乎逻辑，结
11-2ChO,11-2ChO\第6届2ChO化学奥林匹克联考试题.md,10,8,8,
11-2ChO,11-2ChO\第6届2ChO化学奥林匹克联考试题、答案、说明与评分细则_20260524版.md,20,8,5,2)如果方程式中反应物和生成物书写全部正确，只是未配平，得一半分。; 4)如果将要求的化学反应式写为离子方程式且书写正确，可不扣分。; 解答给出的是分步计算，便于评判。如果采用其他计算方式，公式合理，分析合乎逻辑，结
12-方圆,12-方圆\2.10习题三答案.md,0,6,0,下图中化合物在 $\mathrm{SbCl}_3$ 的作用下与 $\mathrm; 1-2 A 和 B 在足量 HMPT（三(二甲胺基)膦）的作用下可发生 “脱硫”; 白磷是磷单质的关键同素异形体，是最简单的非金属团簇。团簇在氧化还原过程中形成结构
12-方圆,12-方圆\2.10习题三讲评.md,0,6,0,下图中化合物在 $SbCl_{3}$ 的作用下与 $I_{2}$ 反应可得到 A; 1-2 A 和 B 在足量 HMPT（三(二甲胺基)膦）的作用下可发生“脱硫”反; 白磷是磷单质的关键同素异形体，是最简单的非金属团簇。团簇在氧化还原过程中形成结构
12-方圆,12-方圆\2.13试卷二讲评.md,0,6,1,"\- 姓名、报名号和所属学校必须写在首页左侧指定位置，写在其他地方者按废卷论处。; 在一个体积为1.1042L的已抽空的烧瓶中，放入1.2789g NaO $_{4; 2-1 反应中吡啶的作用至关重要,第一步：在吡啶存在下,NBS 释放出某种阴离子"
12-方圆,12-方圆\2.6习题一答案.md,6,6,0,高价镍物种的推断; 原油中硫含量的测定; 1-2 已知 $S_{4}N_{4}$ 在适当浓度NaOH中溶液中可水解生成两种
12-方圆,12-方圆\2.6习题一解析.md,1,7,0,高价镍物种的推断; 某含高价镍的未知物种A中镍的质量分数为23.39%，将3.000g固体A放入真空; 3-2 已知E的实际结构为三聚体，结构中有对称中心且所有金属原子配位数相同，画出
12-方圆,12-方圆\2.7习题二答案.md,4,6,0,神奇的含硅化合物; 神秘丹药中的元素化学; 1-1 Sn可溶于热的苛性碱溶液。以KOH为例，写出该反应的方程式
12-方圆,12-方圆\2.9试卷一讲评.md,0,6,2,"\- 姓名、报名号和所属学校必须写在首页左侧指定位置，写在其他地方者按废卷论处。; 1-3 ${\mathrm{{IF}}}_{3}$ 水解歧化,产物为三种常见无机; 全氮类物质能够分解产生极稳定的 ${\mathrm{N}}_{2}$ ,具有能量"
12-方圆,12-方圆\卷一-1.md,0,6,6,
12-方圆,12-方圆\卷一.md,9,8,8,
12-方圆,12-方圆\卷一答案-1.md,9,8,8,
12-方圆,12-方圆\卷一答案.md,0,6,6,
12-方圆,12-方圆\卷三-1.md,8,8,8,
12-方圆,12-方圆\卷三.md,10,8,6,\- 试卷装订成册，不得拆散。所有解答必须写在指定的方框内，不得用铅笔填写。草稿; \- 姓名、报名号和所属学校必须写在指定位置，写在其他地方者按废卷论处。
12-方圆,12-方圆\卷三答案-1.md,8,8,7,硼功能化七磷化Zintl簇（共21分，占 $11\%$ ）3-1-1（2分
12-方圆,12-方圆\卷三答案.md,0,6,6,
12-方圆,12-方圆\卷二-1.md,7,8,8,
12-方圆,12-方圆\卷二.md,8,8,8,
12-方圆,12-方圆\卷二答案-1.md,7,8,7,"能量的多级利用(21 分, 11%"
12-方圆,12-方圆\卷二答案.md,8,8,8,
12-方圆,12-方圆\无机专题试卷一.md,0,6,5,\- 姓名、报名号和所属学校必须写在首页左侧指定位置，写在其他地方者按废卷论处。
12-方圆,12-方圆\无机专题试卷二.md,0,6,5,\- 姓名、报名号和所属学校必须写在首页左侧指定位置，写在其他地方者按废卷论处。
12-方圆,12-方圆\有机2.10日晚上习题课.md,8,8,7,环丙烯酮的反应（16分，占 $9\%$
12-方圆,12-方圆\有机化学测试2参考答案.md,7,8,2,9 分） Lewis 碱催化反应; 16 分） 解释有机化学中的常见现象; 1-2 Rauhut-Currier 反应是路易斯碱催化的反应之一。反应的机理为
12-方圆,12-方圆\有机化学测试题1.md,9,8,8,
12-方圆,12-方圆\有机化学测试题1答案.md,0,6,6,
12-方圆,12-方圆\有机化学试卷讲解1.md,9,6,6,
12-方圆,12-方圆\有机化学试卷讲解2.md,5,7,6,1-2 Rauhut-Currier 反应是路易斯碱催化的反应之一。反应的机理为
12-方圆,12-方圆\答案--无机专题试卷一.md,0,5,5,
12-方圆,12-方圆\答案--无机专题试卷二.md,0,5,5,
13-北京夏令营,13-北京夏令营\北京夏令营-无机巩固练习一-答案1785409364.md,3,8,3,钯（Pd）：作为低自旋 d8 金属，倾向于稳定单线态卡宾，形成 Pd=CHCOO; 铜（Cu）：高自旋 d10 金属，可能通过单电子转移生成三线态卡宾（或三线态性质; Cu 催化（ $P_{2}$ 顺式）：三线态卡宾分步加成，首先生成双自由基中间体
13-北京夏令营,13-北京夏令营\北京夏令营-无机巩固练习一1785409334.md,7,8,5,竞赛时间 2 小时。迟到超过半小时者不能进考场。开始考试后 1 小时内不得离场。; \- 试卷装订成册，不得拆散。所有解答必须写在指定的方框内，不得用铅笔填写。草稿; \- 姓名、报名号和所属学校必须写在指定位置，写在其他地方者按废卷论处。
13-北京夏令营,13-北京夏令营\北京夏令营-无机巩固练习三1785602414.md,7,8,5,竞赛时间 2 小时。迟到超过半小时者不能进考场。开始考试后 1 小时内不得离场。; \- 试卷装订成册，不得拆散。所有解答必须写在指定的方框内，不得用铅笔填写。草稿; \- 姓名、报名号和所属学校必须写在指定位置，写在其他地方者按废卷论处。
13-北京夏令营,13-北京夏令营\北京夏令营-无机巩固练习二-答案1785491473.md,0,6,0,2-2 （2 分）通过加热的方式使得过量的过硫酸铵全部分解。; A 中 V 的价电子组态为 d1，在低温下存在交替变化的 V-V 键长可知，形成; 1. 设开始时有 1mo 空气用于煅烧，考虑同时发生两个反应及平衡时各物质的摩尔
13-北京夏令营,13-北京夏令营\北京夏令营-无机巩固练习二1785491436.md,4,8,5,竞赛时间 2 小时。迟到超过半小时者不能进考场。开始考试后 1 小时内不得离场。; \- 试卷装订成册，不得拆散。所有解答必须写在指定的方框内，不得用铅笔填写。草稿; \- 姓名、报名号和所属学校必须写在指定位置，写在其他地方者按废卷论处。
13-北京夏令营,13-北京夏令营\北京夏令营-无机综合-答案.md,5,8,7,复合卤化物的结构 (22 分，占 13%
13-北京夏令营,13-北京夏令营\北京夏令营-无机综合.md,5,8,5,竞赛时间 2 小时。迟到超过半小时者不能进考场。开始考试后 1 小时内不得离场。; \- 试卷装订成册，不得拆散。所有解答必须写在指定的方框内，不得用铅笔填写。草稿; \- 姓名、报名号和所属学校必须写在指定位置，写在其他地方者按废卷论处。
13-北京夏令营,13-北京夏令营\北京夏令营-有机巩固练习一-答案.md,3,5,5,
13-北京夏令营,13-北京夏令营\北京夏令营-有机巩固练习一.md,4,8,5,竞赛时间 2 小时。迟到超过半小时者不能进考场。开始考试后 1 小时内不得离场。; \- 试卷装订成册，不得拆散。所有解答必须写在指定的方框内，不得用铅笔填写。草稿; \- 姓名、报名号和所属学校必须写在指定位置，写在其他地方者按废卷论处。
13-北京夏令营,13-北京夏令营\北京夏令营-有机巩固练习三-答案.md,2,7,6,产物8分，机理每个关键中间体2分共8分，合计16分
13-北京夏令营,13-北京夏令营\北京夏令营-有机巩固练习三.md,3,8,5,竞赛时间 2 小时。迟到超过半小时者不能进考场。开始考试后 1 小时内不得离场。; \- 试卷装订成册，不得拆散。所有解答必须写在指定的方框内，不得用铅笔填写。草稿; \- 姓名、报名号和所属学校必须写在指定位置，写在其他地方者按废卷论处。
13-北京夏令营,13-北京夏令营\北京夏令营-有机巩固练习二-答案.md,3,7,5,16分，每个结构2分; 参考答案（对应来源：有机化学测试2（组卷）第5题
13-北京夏令营,13-北京夏令营\北京夏令营-有机巩固练习二.md,3,8,5,竞赛时间 2 小时。迟到超过半小时者不能进考场。开始考试后 1 小时内不得离场。; \- 试卷装订成册，不得拆散。所有解答必须写在指定的方框内，不得用铅笔填写。草稿; \- 姓名、报名号和所属学校必须写在指定位置，写在其他地方者按废卷论处。
13-北京夏令营,13-北京夏令营\北京夏令营-有机巩固练习四-答案.md,2,6,6,
13-北京夏令营,13-北京夏令营\北京夏令营-有机巩固练习四.md,3,8,5,竞赛时间 2 小时。迟到超过半小时者不能进考场。开始考试后 1 小时内不得离场。; \- 试卷装订成册，不得拆散。所有解答必须写在指定的方框内，不得用铅笔填写。草稿; \- 姓名、报名号和所属学校必须写在指定位置，写在其他地方者按废卷论处。
13-北京夏令营,13-北京夏令营\北京夏令营-有机综合-答案.md,1,7,6,12 分，每个结构 2 分
13-北京夏令营,13-北京夏令营\北京夏令营-有机综合.md,6,8,5,竞赛时间 2 小时。迟到超过半小时者不能进考场。开始考试后 1 小时内不得离场。; \- 试卷装订成册，不得拆散。所有解答必须写在指定的方框内，不得用铅笔填写。草稿; \- 姓名、报名号和所属学校必须写在指定位置，写在其他地方者按废卷论处。
