"File","ReferencedKP"
"提炼-第25届初赛试题解析.md","03-知识点/化学原理/电化学]]"
"提炼-第25届初赛试题解析.md","[[03-知识点/化学原理/配合物]]"
"提炼-第25届初赛试题解析.md","[[03-知识点/综合/元素推断]]"
"提炼-第25届初赛试题解析.md","[[03-知识点/分析化学/氧化还原滴定]]"
"提炼-第25届初赛试题解析.md","[[03-知识点/无机和结构化学/金属有机化合物]]"
"提炼-第25届初赛试题解析.md","[[03-知识点/化学原理/化学平衡]]"
"提炼-第25届初赛试题解析.md","[[03-知识点/无机和结构化学/晶胞]]"
"提炼-第25届初赛试题解析.md","[[03-知识点/无机和结构化学/金刚石型结构]]"
"提炼-第25届初赛试题解析.md","[[03-知识点/有机化学/Diels-Alder反应]]"
"提炼-第25届初赛试题解析.md","[[03-知识点/有机化学/芳香亲电取代反应"
"提炼-第26届初赛试题解析.md","03-知识点/化学原理/配合物]]"
"提炼-第26届初赛试题解析.md","[[03-知识点/无机和结构化学/硼化学]]"
"提炼-第26届初赛试题解析.md","[[03-知识点/分析化学/热重分析]]"
"提炼-第26届初赛试题解析.md","[[03-知识点/分析化学/氧化还原滴定]]"
"提炼-第26届初赛试题解析.md","[[03-知识点/无机和结构化学/晶胞]]"
"提炼-第26届初赛试题解析.md","[[03-知识点/有机化学/芳香性]]"
"提炼-第26届初赛试题解析.md","[[03-知识点/化学原理/电化学]]"
"提炼-第26届初赛试题解析.md","[[03-知识点/有机化学/芳香亲电取代反应"
"提炼-第27届初赛试题解析.md","03-知识点/化学原理/氧化还原反应方程式配平]]"
"提炼-第27届初赛试题解析.md","[[03-知识点/化学原理/配合物]]"
"提炼-第27届初赛试题解析.md","[[03-知识点/无机和结构化学/晶胞]]"
"提炼-第27届初赛试题解析.md","[[03-知识点/综合/元素推断]]"
"提炼-第27届初赛试题解析.md","[[03-知识点/分析化学/氧化还原滴定]]"
"提炼-第27届初赛试题解析.md","[[03-知识点/有机化学/有机反应机理"
"提炼-第28届初赛试题解析.md","03-知识点/化学原理/理想气体状态方程]]"
"提炼-第28届初赛试题解析.md","[[03-知识点/化学原理/盖斯定律]]"
"提炼-第28届初赛试题解析.md","[[03-知识点/有机化学/自由基]]"
"提炼-第28届初赛试题解析.md","[[03-知识点/化学原理/杂化轨道理论]]"
"提炼-第28届初赛试题解析.md","[[03-知识点/有机化学/缩聚反应]]"
"提炼-第28届初赛试题解析.md","[[03-知识点/有机化学/金属有机与羰基化学]]"
"提炼-第28届初赛试题解析.md","[[03-知识点/化学原理/化学平衡]]"
"提炼-第28届初赛试题解析.md","[[03-知识点/化学原理/氧化还原反应方程式配平]]"
"提炼-第28届初赛试题解析.md","[[03-知识点/化学原理/配合物"
"提炼-第35届初赛试题解析.md","03-知识点/化学原理/氧化还原反应方程式配平]]"
"提炼-第35届初赛试题解析.md","[[03-知识点/化学原理/盖斯定律]]"
"提炼-第35届初赛试题解析.md","[[03-知识点/无机和结构化学/晶胞]]"
"提炼-第35届初赛试题解析.md","[[03-知识点/化学原理/杂化轨道理论]]"
"提炼-第35届初赛试题解析.md","[[03-知识点/化学原理/配合物]]"
"提炼-第35届初赛试题解析.md","[[03-知识点/综合/元素推断]]"
"提炼-第35届初赛试题解析.md","[[03-知识点/有机化学/共振论]]"
"提炼-第35届初赛试题解析.md","[[03-知识点/有机化学/自由基]]"
"提炼-第35届初赛试题解析.md","[[03-知识点/有机化学/端基效应"
"提炼-第39届初赛试题解析.md","03-知识点/无机和结构化学/砷]]"
"提炼-第39届初赛试题解析.md","[[03-知识点/无机和结构化学/锡]]"
"提炼-第39届初赛试题解析.md","[[03-知识点/无机和结构化学/稀有气体化合物]]"
"提炼-第39届初赛试题解析.md","[[03-知识点/有机化学/立体电子效应]]"
"提炼-第39届初赛试题解析.md","[[03-知识点/无机和结构化学/普鲁士蓝与滕氏蓝]]"
"提炼-第39届初赛试题解析.md","[[03-知识点/无机和结构化学/晶胞投影图分析]]"
"提炼-第39届初赛试题解析.md","[[03-知识点/化学原理/杂化轨道理论]]"
"提炼-第39届初赛试题解析.md","[[03-知识点/无机和结构化学/晶体场理论]]"
"提炼-第39届初赛试题解析.md","[[03-知识点/化学原理/Nernst方程]]"
"提炼-第39届初赛试题解析.md","[[03-知识点/化学原理/平衡常数]]"
"提炼-第39届初赛试题解析.md","[[03-知识点/有机化学/亲核加成]]"
"提炼-第39届初赛试题解析.md","[[03-知识点/有机化学/自由基"
"提炼-无机化学第12章-碱金属和碱土金属.md","03-知识点/无机和结构化学/碱金属和碱土金属"
"赵鑫光-电化学基础-竞赛题集.md","03-知识点/化学原理/电化学]]"
"赵鑫光-电化学基础-竞赛题集.md","[[03-知识点/化学原理/标准电极电势]]"
"赵鑫光-电化学基础-竞赛题集.md","[[03-知识点/化学原理/原电池]]"
"赵鑫光-电化学基础-竞赛题集.md","[[03-知识点/化学原理/电解池"
"赵鑫光-动力学与平衡-竞赛题集.md","03-知识点/化学原理/化学动力学]]"
"赵鑫光-动力学与平衡-竞赛题集.md","[[03-知识点/化学原理/化学平衡]]"
"赵鑫光-动力学与平衡-竞赛题集.md","[[03-知识点/化学原理/酸碱平衡]]"
"赵鑫光-动力学与平衡-竞赛题集.md","[[03-知识点/化学原理/溶度积]]"
"赵鑫光-动力学与平衡-竞赛题集.md","[[03-知识点/化学原理/缓冲溶液"
"赵鑫光-分子结构-竞赛题集.md","03-知识点/化学原理/Lewis结构式]]"
"赵鑫光-分子结构-竞赛题集.md","[[03-知识点/化学原理/VSEPR理论]]"
"赵鑫光-分子结构-竞赛题集.md","[[03-知识点/化学原理/分子轨道理论]]"
"赵鑫光-分子结构-竞赛题集.md","[[03-知识点/化学原理/杂化轨道理论]]"
"赵鑫光-分子结构-竞赛题集.md","[[03-知识点/无机和结构化学/离子极化"
"赵鑫光-化学基础知识-竞赛题集.md","03-知识点/化学原理/有效数字]]"
"赵鑫光-化学基础知识-竞赛题集.md","[[03-知识点/化学原理/溶液]]"
"赵鑫光-化学基础知识-竞赛题集.md","[[03-知识点/化学原理/溶液依数性"
"赵鑫光-晶体结构-竞赛题集.md","03-知识点/无机和结构化学/晶体结构]]"
"赵鑫光-晶体结构-竞赛题集.md","[[03-知识点/无机和结构化学/离子晶体]]"
"赵鑫光-晶体结构-竞赛题集.md","[[03-知识点/无机和结构化学/金属晶体]]"
"赵鑫光-晶体结构-竞赛题集.md","[[03-知识点/无机和结构化学/分子晶体]]"
"赵鑫光-晶体结构-竞赛题集.md","[[03-知识点/无机和结构化学/原子晶体]]"
"赵鑫光-晶体结构-竞赛题集.md","[[03-知识点/无机和结构化学/钙钛矿"
"赵鑫光-竞赛习题提炼总索引.md","03-知识点/化学原理/原子结构]]"
"赵鑫光-竞赛习题提炼总索引.md","[[03-知识点/化学原理/热力学]]"
"赵鑫光-竞赛习题提炼总索引.md","[[03-知识点/化学原理/化学动力学]]"
"赵鑫光-竞赛习题提炼总索引.md","[[03-知识点/化学原理/化学平衡]]"
"赵鑫光-竞赛习题提炼总索引.md","[[03-知识点/化学原理/电化学]]"
"赵鑫光-竞赛习题提炼总索引.md","[[03-知识点/无机和结构化学/晶体结构]]"
"赵鑫光-竞赛习题提炼总索引.md","[[03-知识点/化学原理/配合物]]"
"赵鑫光-竞赛习题提炼总索引.md","[[03-知识点/分析化学/酸碱滴定]]"
"赵鑫光-竞赛习题提炼总索引.md","[[03-知识点/化学原理/溶液"
"赵鑫光-配位化合物-竞赛题集-OCR忠实版.md","03-知识点/无机和结构化学/配位化合物"
"赵鑫光-配位化合物-竞赛题集.md","03-知识点/化学原理/配合物]]"
"赵鑫光-配位化合物-竞赛题集.md","[[03-知识点/无机和结构化学/晶体场理论]]"
"赵鑫光-配位化合物-竞赛题集.md","[[03-知识点/无机和结构化学/配位化合物]]"
"赵鑫光-配位化合物-竞赛题集.md","[[03-知识点/决赛要求/结构与配位深化/配位平衡"
"赵鑫光-热力学-竞赛题集.md","03-知识点/化学原理/热力学]]"
"赵鑫光-热力学-竞赛题集.md","[[03-知识点/化学原理/熵]]"
"赵鑫光-热力学-竞赛题集.md","[[03-知识点/化学原理/Gibbs自由能]]"
"赵鑫光-热力学-竞赛题集.md","[[03-知识点/化学原理/盖斯定律]]"
"赵鑫光-热力学-竞赛题集.md","[[03-知识点/化学原理/平衡常数"
"赵鑫光-容量分析-竞赛题集.md","03-知识点/分析化学/酸碱滴定]]"
"赵鑫光-容量分析-竞赛题集.md","[[03-知识点/分析化学/络合滴定]]"
"赵鑫光-容量分析-竞赛题集.md","[[03-知识点/分析化学/氧化还原滴定]]"
"赵鑫光-容量分析-竞赛题集.md","[[03-知识点/分析化学/沉淀滴定]]"
"赵鑫光-容量分析-竞赛题集.md","[[03-知识点/分析化学/碘量法]]"
"赵鑫光-容量分析-竞赛题集.md","[[03-知识点/分析化学/容量分析计算"
"赵鑫光-原子结构-竞赛题集.md","03-知识点/化学原理/原子结构]]"
"赵鑫光-原子结构-竞赛题集.md","[[03-知识点/化学原理/量子数]]"
"赵鑫光-原子结构-竞赛题集.md","[[03-知识点/无机和结构化学/屏蔽效应"
"教学逻辑提炼\分析化学\教学逻辑提炼-分析化学网课-配位氧化还原重量与光度法.md","络合滴定]]"
"教学逻辑提炼\分析化学\教学逻辑提炼-分析化学网课-配位氧化还原重量与光度法.md","[[氧化还原滴定]]"
"教学逻辑提炼\分析化学\教学逻辑提炼-分析化学网课-配位氧化还原重量与光度法.md","[[重量分析]]"
"教学逻辑提炼\分析化学\教学逻辑提炼-分析化学网课-配位氧化还原重量与光度法.md","[[光度法"
"教学逻辑提炼\分析化学\教学逻辑提炼-分析化学网课-容量分析概论与酸碱滴定.md","酸碱滴定]]"
"教学逻辑提炼\分析化学\教学逻辑提炼-分析化学网课-容量分析概论与酸碱滴定.md","[[Brønsted酸碱理论]]"
"教学逻辑提炼\分析化学\教学逻辑提炼-分析化学网课-容量分析概论与酸碱滴定.md","[[指示剂"
"教学逻辑提炼\无机化学-周坤-2020\教学逻辑提炼-周坤无机新课-定量化学分析-第一轮.md","化学分析]]"
"教学逻辑提炼\无机化学-周坤-2020\教学逻辑提炼-周坤无机新课-定量化学分析-第一轮.md","[[滴定"
"教学逻辑提炼\无机化学-周坤-2020\教学逻辑提炼-周坤无机新课-晶体配合物与气体-第一轮.md","晶体结构基础]]"
"教学逻辑提炼\无机化学-周坤-2020\教学逻辑提炼-周坤无机新课-晶体配合物与气体-第一轮.md","[[配合物]]"
"教学逻辑提炼\无机化学-周坤-2020\教学逻辑提炼-周坤无机新课-晶体配合物与气体-第一轮.md","[[理想气体状态方程"
"教学逻辑提炼\无机化学-周坤-2020\教学逻辑提炼-周坤无机新课-热力学与化学平衡-第一轮.md","化学热力学]]"
"教学逻辑提炼\无机化学-周坤-2020\教学逻辑提炼-周坤无机新课-热力学与化学平衡-第一轮.md","[[化学平衡]]"
"教学逻辑提炼\无机化学-周坤-2020\教学逻辑提炼-周坤无机新课-热力学与化学平衡-第一轮.md","[[Gibbs自由能"
"教学逻辑提炼\无机化学-周坤-2020\教学逻辑提炼-周坤无机新课-酸碱理论与电化学-第一轮.md","Brønsted酸碱理论]]"
"教学逻辑提炼\无机化学-周坤-2020\教学逻辑提炼-周坤无机新课-酸碱理论与电化学-第一轮.md","[[电化学]]"
"教学逻辑提炼\无机化学-周坤-2020\教学逻辑提炼-周坤无机新课-酸碱理论与电化学-第一轮.md","[[电极电势"
"教学逻辑提炼\无机化学-周坤-2020\教学逻辑提炼-周坤无机新课-原子结构与分子结构-第一轮.md","原子结构]]"
"教学逻辑提炼\无机化学-周坤-2020\教学逻辑提炼-周坤无机新课-原子结构与分子结构-第一轮.md","[[共价键]]"
"教学逻辑提炼\无机化学-周坤-2020\教学逻辑提炼-周坤无机新课-原子结构与分子结构-第一轮.md","[[分子结构补充"
"教学逻辑提炼\学而思 有机化学基础\教学逻辑提炼-学而思有机化学基础-批次A-第三轮起步.md","有机化学基础]]"
"教学逻辑提炼\学而思 有机化学基础\教学逻辑提炼-学而思有机化学基础-批次A-第三轮起步.md","[[烷烃]]"
"教学逻辑提炼\学而思 有机化学基础\教学逻辑提炼-学而思有机化学基础-批次A-第三轮起步.md","[[立体化学"
"教学逻辑提炼\学而思 有机化学基础\教学逻辑提炼-学而思有机化学基础-批次B-SN与E及加成系统.md","SN1反应]]"
"教学逻辑提炼\学而思 有机化学基础\教学逻辑提炼-学而思有机化学基础-批次B-SN与E及加成系统.md","[[SN2反应]]"
"教学逻辑提炼\学而思 有机化学基础\教学逻辑提炼-学而思有机化学基础-批次B-SN与E及加成系统.md","[[E1反应]]"
"教学逻辑提炼\学而思 有机化学基础\教学逻辑提炼-学而思有机化学基础-批次B-SN与E及加成系统.md","[[E2反应]]"
"教学逻辑提炼\学而思 有机化学基础\教学逻辑提炼-学而思有机化学基础-批次B-SN与E及加成系统.md","[[亲电加成"
"教学逻辑提炼\学而思 有机化学基础\教学逻辑提炼-学而思有机化学基础-批次C-芳香性与醇转化网络.md","芳香性]]"
"教学逻辑提炼\学而思 有机化学基础\教学逻辑提炼-学而思有机化学基础-批次C-芳香性与醇转化网络.md","[[醇]]"
"教学逻辑提炼\学而思 有机化学基础\教学逻辑提炼-学而思有机化学基础-批次C-芳香性与醇转化网络.md","[[酚]]"
"教学逻辑提炼\学而思 有机化学基础\教学逻辑提炼-学而思有机化学基础-批次C-芳香性与醇转化网络.md","[[醚"
"教学逻辑提炼\学而思 有机化学基础\教学逻辑提炼-学而思有机化学基础-批次D-羰基亲核加成与转化网络.md","羰基亲核加成]]"
"教学逻辑提炼\学而思 有机化学基础\教学逻辑提炼-学而思有机化学基础-批次D-羰基亲核加成与转化网络.md","[[醛酮]]"
"教学逻辑提炼\学而思 有机化学基础\教学逻辑提炼-学而思有机化学基础-批次D-羰基亲核加成与转化网络.md","[[Aldol缩合"
"教学逻辑提炼\学而思 有机化学基础\教学逻辑提炼-学而思有机化学基础-批次E-酰基取代与活泼亚甲基工具箱.md","有机合成]]"
"教学逻辑提炼\学而思 有机化学基础\教学逻辑提炼-学而思有机化学基础-批次E-酰基取代与活泼亚甲基工具箱.md","[[立体化学]]"
"教学逻辑提炼\学而思 有机化学基础\教学逻辑提炼-学而思有机化学基础-批次E-酰基取代与活泼亚甲基工具箱.md","[[对映选择性"
"教学逻辑提炼\质心 化学原理 上\教学逻辑提炼-质心-分子结构基础-第一轮.md","- ""[[共价键"
"教学逻辑提炼\质心 化学原理 上\教学逻辑提炼-质心-化学计量与气体-第一轮.md","- ""[[理想气体状态方程"
"教学逻辑提炼\质心 化学原理 上\教学逻辑提炼-质心-溶液与相图-第一轮.md","- ""[[溶液"
"教学逻辑提炼\质心 化学原理 上\教学逻辑提炼-质心-原子结构与元素周期律-第一轮.md","- ""[[原子结构"
"教学逻辑提炼\质心 化学原理 上\教学逻辑提炼-质心-综合复习-第一轮.md","- ""[[化学原理"
"教学逻辑提炼\质心 化学原理 下\教学逻辑提炼-质心-沉淀溶解平衡-第一轮.md","- ""[[溶度积"
"教学逻辑提炼\质心 化学原理 下\教学逻辑提炼-质心-化学平衡-第一轮.md","- ""[[化学平衡"
"教学逻辑提炼\质心 化学原理 下\教学逻辑提炼-质心-期中复习-第一轮.md","- ""[[化学原理"
"教学逻辑提炼\质心 化学原理 下\教学逻辑提炼-质心-热力学初步-第一轮.md","- ""[[化学热力学"
"教学逻辑提炼\质心 化学原理 下\教学逻辑提炼-质心-酸碱理论-第一轮.md","- ""[[酸碱质子理论"
"教学逻辑提炼\质心 元素化学和结构化学 上\教学逻辑提炼-质心-非金属元素小结-第一轮.md","非金属元素"
"教学逻辑提炼\质心 元素化学和结构化学 上\教学逻辑提炼-质心-硫与氮-第一轮.md","氧族元素]]"
"教学逻辑提炼\质心 元素化学和结构化学 上\教学逻辑提炼-质心-硫与氮-第一轮.md","[[硫"
"教学逻辑提炼\质心 元素化学和结构化学 上\教学逻辑提炼-质心-配位化学-第一轮.md","配合物]]"
"教学逻辑提炼\质心 元素化学和结构化学 上\教学逻辑提炼-质心-配位化学-第一轮.md","[[配位化学"
"教学逻辑提炼\质心 元素化学和结构化学 上\教学逻辑提炼-质心-氧族元素-第一轮.md","氧族元素]]"
"教学逻辑提炼\质心 元素化学和结构化学 上\教学逻辑提炼-质心-氧族元素-第一轮.md","[[硫"
"教学逻辑提炼\质心 元素化学和结构化学 下\教学逻辑提炼-质心-氮族元素与铜副族-第一轮.md","氮族元素]]"
"教学逻辑提炼\质心 元素化学和结构化学 下\教学逻辑提炼-质心-氮族元素与铜副族-第一轮.md","[[铜副族"
"教学逻辑提炼\质心 元素化学和结构化学 下\教学逻辑提炼-质心-铬-第一轮.md","过渡金属通性]]"
"教学逻辑提炼\质心 元素化学和结构化学 下\教学逻辑提炼-质心-铬-第一轮.md","[[铬"
"教学逻辑提炼\质心 元素化学和结构化学 下\教学逻辑提炼-质心-碱金属和碱土金属-第一轮.md","碱金属]]"
"教学逻辑提炼\质心 元素化学和结构化学 下\教学逻辑提炼-质心-碱金属和碱土金属-第一轮.md","[[碱土金属"
"教学逻辑提炼\质心 元素化学和结构化学 下\教学逻辑提炼-质心-晶体结构-第一轮.md","晶体结构基础]]"
"教学逻辑提炼\质心 元素化学和结构化学 下\教学逻辑提炼-质心-晶体结构-第一轮.md","[[离子晶体"
"教学逻辑提炼\质心 元素化学和结构化学 下\教学逻辑提炼-质心-钪钛钒-第一轮.md","过渡金属通性]]"
"教学逻辑提炼\质心 元素化学和结构化学 下\教学逻辑提炼-质心-钪钛钒-第一轮.md","[[钛]]"
"教学逻辑提炼\质心 元素化学和结构化学 下\教学逻辑提炼-质心-钪钛钒-第一轮.md","[[钒"
"教学逻辑提炼\质心 元素化学和结构化学 下\教学逻辑提炼-质心-铁系元素-第一轮.md","铁系元素化学]]"
"教学逻辑提炼\质心 元素化学和结构化学 下\教学逻辑提炼-质心-铁系元素-第一轮.md","[[铂系元素"
"教学逻辑提炼\质心 元素化学和结构化学 下\教学逻辑提炼-质心-ds区元素-第一轮.md","铜副族]]"
"教学逻辑提炼\质心 元素化学和结构化学 下\教学逻辑提炼-质心-ds区元素-第一轮.md","[[锌副族"
"教学逻辑提炼\质心 元素化学和结构化学 下\教学逻辑提炼-质心-p区金属串讲-第一轮.md","铝族元素]]"
"教学逻辑提炼\质心 元素化学和结构化学 下\教学逻辑提炼-质心-p区金属串讲-第一轮.md","[[锗]]"
"教学逻辑提炼\质心 元素化学和结构化学 下\教学逻辑提炼-质心-p区金属串讲-第一轮.md","[[锑"
"教学逻辑提炼\Zchem 基础有机化学\教学逻辑提炼-Zchem基础有机化学-批次Z-A到Z-E-结构与反应体系.md","有机化学基础]]"
"教学逻辑提炼\Zchem 基础有机化学\教学逻辑提炼-Zchem基础有机化学-批次Z-A到Z-E-结构与反应体系.md","[[烷烃]]"
"教学逻辑提炼\Zchem 基础有机化学\教学逻辑提炼-Zchem基础有机化学-批次Z-A到Z-E-结构与反应体系.md","[[立体化学]]"
"教学逻辑提炼\Zchem 基础有机化学\教学逻辑提炼-Zchem基础有机化学-批次Z-A到Z-E-结构与反应体系.md","[[卤代烃]]"
"教学逻辑提炼\Zchem 基础有机化学\教学逻辑提炼-Zchem基础有机化学-批次Z-A到Z-E-结构与反应体系.md","[[亲核取代"
"教学逻辑提炼\Zchem 基础有机化学\教学逻辑提炼-Zchem基础有机化学-批次Z-F-高阶专题（周环重排波谱）.md","周环反应]]"
"教学逻辑提炼\Zchem 基础有机化学\教学逻辑提炼-Zchem基础有机化学-批次Z-F-高阶专题（周环重排波谱）.md","[[重排反应]]"
"教学逻辑提炼\Zchem 基础有机化学\教学逻辑提炼-Zchem基础有机化学-批次Z-F-高阶专题（周环重排波谱）.md","[[波谱分析]]"
"教学逻辑提炼\Zchem 基础有机化学\教学逻辑提炼-Zchem基础有机化学-批次Z-F-高阶专题（周环重排波谱）.md","[[NMR谱学"
"教学逻辑提炼\Zchem 基础有机化学\教学逻辑提炼-Zchem基础有机化学-批次Z-G-综合复习与例题.md","有机化学基础]]"
"教学逻辑提炼\Zchem 基础有机化学\教学逻辑提炼-Zchem基础有机化学-批次Z-G-综合复习与例题.md","[[有机合成"
"教学逻辑提炼\Zchem 物理化学 上\教学逻辑提炼-Zchem-化学平衡-第一三轮.md","- ""[[化学平衡"
"教学逻辑提炼\Zchem 物理化学 上\教学逻辑提炼-Zchem-热力学-第一三轮.md","- ""[[化学热力学"
"教学逻辑提炼\Zchem 物理化学 下\教学逻辑提炼-Zchem-电化学-第一轮.md","- ""[[电化学"
"教学逻辑提炼\Zchem 物理化学 下\教学逻辑提炼-Zchem-化学动力学-第一轮.md","- ""[[化学动力学"
"教学逻辑提炼\Zchem 物理化学 下\教学逻辑提炼-Zchem-相平衡与胶体-第三轮.md","- ""[[相图"
"教学逻辑提炼\Zchem 有机反应合成与机理\教学逻辑提炼-Zchem-波谱分析与结构表征-第三轮.md","- ""[[NMR谱学"
"教学逻辑提炼\Zchem 有机反应合成与机理\教学逻辑提炼-Zchem-羰基化学深化-第三轮.md","- ""[[羰基亲核加成"
"教学逻辑提炼\Zchem 有机反应合成与机理\教学逻辑提炼-Zchem-物理有机与机理判断-第四轮.md","- ""[[有机反应机理"
"教学逻辑提炼\Zchem 有机反应合成与机理\教学逻辑提炼-Zchem-选择性与全合成-第三四轮.md","- ""[[有机合成"
"教学逻辑提炼\Zchem 有机反应合成与机理\教学逻辑提炼-Zchem-周环反应与活性中间体-第三轮.md","- ""[[周环反应"
"教学逻辑提炼\Zchem 元素化学与结构化学\教学逻辑提炼-Zchem-氮族-第一轮.md","氮族元素]]"
"教学逻辑提炼\Zchem 元素化学与结构化学\教学逻辑提炼-Zchem-氮族-第一轮.md","[[磷]]"
"教学逻辑提炼\Zchem 元素化学与结构化学\教学逻辑提炼-Zchem-氮族-第一轮.md","[[砷"
"教学逻辑提炼\Zchem 元素化学与结构化学\教学逻辑提炼-Zchem-卤素-第一轮.md","卤素]]"
"教学逻辑提炼\Zchem 元素化学与结构化学\教学逻辑提炼-Zchem-卤素-第一轮.md","[[03-知识点/无机和结构化学/卤素互化物"
"教学逻辑提炼\Zchem 元素化学与结构化学\教学逻辑提炼-Zchem-硼族与碳族-第一轮.md","硼族元素]]"
"教学逻辑提炼\Zchem 元素化学与结构化学\教学逻辑提炼-Zchem-硼族与碳族-第一轮.md","[[碳族元素]]"
"教学逻辑提炼\Zchem 元素化学与结构化学\教学逻辑提炼-Zchem-硼族与碳族-第一轮.md","[[对角线规则"
"教学逻辑提炼\Zchem 元素化学与结构化学\教学逻辑提炼-Zchem-氢与碱金属碱土金属-第一轮.md","碱金属]]"
"教学逻辑提炼\Zchem 元素化学与结构化学\教学逻辑提炼-Zchem-氢与碱金属碱土金属-第一轮.md","[[碱土金属]]"
"教学逻辑提炼\Zchem 元素化学与结构化学\教学逻辑提炼-Zchem-氢与碱金属碱土金属-第一轮.md","[[氢"
"教学逻辑提炼\Zchem 元素化学与结构化学\教学逻辑提炼-Zchem-钛钒铬锰与稀土-第一轮.md","过渡金属通性]]"
"教学逻辑提炼\Zchem 元素化学与结构化学\教学逻辑提炼-Zchem-钛钒铬锰与稀土-第一轮.md","[[稀土元素]]"
"教学逻辑提炼\Zchem 元素化学与结构化学\教学逻辑提炼-Zchem-钛钒铬锰与稀土-第一轮.md","[[钛]]"
"教学逻辑提炼\Zchem 元素化学与结构化学\教学逻辑提炼-Zchem-钛钒铬锰与稀土-第一轮.md","[[钒]]"
"教学逻辑提炼\Zchem 元素化学与结构化学\教学逻辑提炼-Zchem-钛钒铬锰与稀土-第一轮.md","[[铬]]"
"教学逻辑提炼\Zchem 元素化学与结构化学\教学逻辑提炼-Zchem-钛钒铬锰与稀土-第一轮.md","[[锰"
"教学逻辑提炼\Zchem 元素化学与结构化学\教学逻辑提炼-Zchem-铁系与铂系-第一轮.md","铁系元素化学]]"
"教学逻辑提炼\Zchem 元素化学与结构化学\教学逻辑提炼-Zchem-铁系与铂系-第一轮.md","[[铂系元素"
"教学逻辑提炼\Zchem 元素化学与结构化学\教学逻辑提炼-Zchem-铜锌副族-第一轮.md","铜副族]]"
"教学逻辑提炼\Zchem 元素化学与结构化学\教学逻辑提炼-Zchem-铜锌副族-第一轮.md","[[锌副族]]"
"教学逻辑提炼\Zchem 元素化学与结构化学\教学逻辑提炼-Zchem-铜锌副族-第一轮.md","[[ds区元素"
"教学逻辑提炼\Zchem 元素化学与结构化学\教学逻辑提炼-Zchem-氧族-第一轮.md","氧族元素]]"
"教学逻辑提炼\Zchem 元素化学与结构化学\教学逻辑提炼-Zchem-氧族-第一轮.md","[[硫]]"
"教学逻辑提炼\Zchem 元素化学与结构化学\教学逻辑提炼-Zchem-氧族-第一轮.md","[[硫酸"
"教学逻辑提炼\Zchem 中级无机结构化学\教学逻辑提炼-Zchem-过渡元素的结构化学-第三轮深化.md","过渡金属通性]]"
"教学逻辑提炼\Zchem 中级无机结构化学\教学逻辑提炼-Zchem-过渡元素的结构化学-第三轮深化.md","[[晶体场理论]]"
"教学逻辑提炼\Zchem 中级无机结构化学\教学逻辑提炼-Zchem-过渡元素的结构化学-第三轮深化.md","[[分子轨道理论"
"教学逻辑提炼\Zchem 中级无机结构化学\教学逻辑提炼-Zchem-主族元素的结构化学I-第二轮深化.md","主族元素]]"
"教学逻辑提炼\Zchem 中级无机结构化学\教学逻辑提炼-Zchem-主族元素的结构化学I-第二轮深化.md","[[共价键]]"
"教学逻辑提炼\Zchem 中级无机结构化学\教学逻辑提炼-Zchem-主族元素的结构化学I-第二轮深化.md","[[分子结构补充"
"教学逻辑提炼\Zchem 中级无机结构化学\教学逻辑提炼-Zchem-主族元素的结构化学II-第二轮深化.md","主族元素]]"
"教学逻辑提炼\Zchem 中级无机结构化学\教学逻辑提炼-Zchem-主族元素的结构化学II-第二轮深化.md","[[分子间作用力]]"
"教学逻辑提炼\Zchem 中级无机结构化学\教学逻辑提炼-Zchem-主族元素的结构化学II-第二轮深化.md","[[氢键"
"书籍提炼\提炼-分析化学第六版-第3章-误差与数据处理.md","[""[[误差分析]]"
"书籍提炼\提炼-分析化学第六版-第3章-误差与数据处理.md","[[有效数字"
"书籍提炼\提炼-分析化学第六版-第5-6章-酸碱滴定与配位滴定.md","酸碱滴定]]"
"书籍提炼\提炼-分析化学第六版-第5-6章-酸碱滴定与配位滴定.md","[[络合滴定"
"书籍提炼\提炼-分析化学第六版-第7-10章-氧化还原沉淀重量与光度法.md","[""[[氧化还原滴定]]"
"书籍提炼\提炼-分析化学第六版-第7-10章-氧化还原沉淀重量与光度法.md","[[重量分析]]"
"书籍提炼\提炼-分析化学第六版-第7-10章-氧化还原沉淀重量与光度法.md","[[光度法"
"书籍提炼\提炼-化学竞赛初赛讲义-第10讲-有机化学基本原理.md","[""[[有机化学基础]]"
"书籍提炼\提炼-化学竞赛初赛讲义-第10讲-有机化学基本原理.md","[[有机反应机理"
"书籍提炼\提炼-化学竞赛初赛讲义-第11讲-人名反应与机理推断.md","[""[[人名反应]]"
"书籍提炼\提炼-化学竞赛初赛讲义-第11讲-人名反应与机理推断.md","[[Grignard试剂]]"
"书籍提炼\提炼-化学竞赛初赛讲义-第11讲-人名反应与机理推断.md","[[Aldol缩合"
"书籍提炼\提炼-化学竞赛初赛讲义-第12讲-有机波谱学初步.md","[""[[NMR谱学]]"
"书籍提炼\提炼-化学竞赛初赛讲义-第12讲-有机波谱学初步.md","[[IR光谱]]"
"书籍提炼\提炼-化学竞赛初赛讲义-第12讲-有机波谱学初步.md","[[质谱"
"书籍提炼\提炼-化学竞赛初赛讲义-第13讲-高分子化学简介.md","[""[[高分子化学]]"
"书籍提炼\提炼-化学竞赛初赛讲义-第13讲-高分子化学简介.md","[[聚合反应"
"书籍提炼\提炼-化学竞赛初赛讲义-第1讲-反应方程式.md","[""[[氧化还原反应方程式配平]]"
"书籍提炼\提炼-化学竞赛初赛讲义-第1讲-反应方程式.md","[[离子反应"
"书籍提炼\提炼-化学竞赛初赛讲义-第2讲-原子结构.md","[""[[原子结构]]"
"书籍提炼\提炼-化学竞赛初赛讲义-第2讲-原子结构.md","[[电子排布"
"书籍提炼\提炼-化学竞赛初赛讲义-第3讲-分子结构.md","[""[[共价键]]"
"书籍提炼\提炼-化学竞赛初赛讲义-第3讲-分子结构.md","[[VSEPR理论]]"
"书籍提炼\提炼-化学竞赛初赛讲义-第3讲-分子结构.md","[[杂化轨道理论"
"书籍提炼\提炼-化学竞赛初赛讲义-第4讲-配合物.md","[""[[配合物]]"
"书籍提炼\提炼-化学竞赛初赛讲义-第4讲-配合物.md","[[晶体场理论"
"书籍提炼\提炼-化学竞赛初赛讲义-第5讲-金属有机化学.md","[""[[金属有机化学基础"
"书籍提炼\提炼-化学竞赛初赛讲义-第6讲-推断技术.md","元素推断]]"
"书籍提炼\提炼-化学竞赛初赛讲义-第6讲-推断技术.md","[[元素周期律"
"书籍提炼\提炼-化学竞赛初赛讲义-第7讲-晶体结构.md","[""[[晶体结构基础]]"
"书籍提炼\提炼-化学竞赛初赛讲义-第7讲-晶体结构.md","[[晶格能"
"书籍提炼\提炼-化学竞赛初赛讲义-第8讲-热力学和动力学初步.md","[""[[化学热力学]]"
"书籍提炼\提炼-化学竞赛初赛讲义-第8讲-热力学和动力学初步.md","[[化学动力学]]"
"书籍提炼\提炼-化学竞赛初赛讲义-第8讲-热力学和动力学初步.md","[[Gibbs自由能"
"书籍提炼\提炼-化学竞赛初赛讲义-第9讲-溶液与化学分析.md","[""[[溶液]]"
"书籍提炼\提炼-化学竞赛初赛讲义-第9讲-溶液与化学分析.md","[[酸碱滴定"
"书籍提炼\提炼-化学竞赛初赛讲义-附录A-元素化学复习问题.md","[""[[元素化学]]"
"书籍提炼\提炼-化学竞赛初赛讲义-附录A-元素化学复习问题.md","[[碱金属]]"
"书籍提炼\提炼-化学竞赛初赛讲义-附录A-元素化学复习问题.md","[[卤素"
"书籍提炼\提炼-化学竞赛初赛讲义-附录B-有机化学知识要点.md","[""[[有机化学基础]]"
"书籍提炼\提炼-化学竞赛初赛讲义-附录B-有机化学知识要点.md","[[官能团"
"书籍提炼\提炼-普化原理-第10章-氧化还原电化学.md","氧化还原反应方程式配平]]"
"书籍提炼\提炼-普化原理-第10章-氧化还原电化学.md","[[电极电势]]"
"书籍提炼\提炼-普化原理-第10章-氧化还原电化学.md","[[Nernst方程]]"
"书籍提炼\提炼-普化原理-第10章-氧化还原电化学.md","[[电化学]]"
"书籍提炼\提炼-普化原理-第10章-氧化还原电化学.md","[[Latimer图]]"
"书籍提炼\提炼-普化原理-第10章-氧化还原电化学.md","[[Pourbaix图"
"书籍提炼\提炼-普化原理-第11章-原子结构.md","原子结构]]"
"书籍提炼\提炼-普化原理-第11章-原子结构.md","[[原子轨道]]"
"书籍提炼\提炼-普化原理-第11章-原子结构.md","[[电子排布]]"
"书籍提炼\提炼-普化原理-第11章-原子结构.md","[[量子数]]"
"书籍提炼\提炼-普化原理-第11章-原子结构.md","[[03-知识点/化学原理/原子光谱"
"书籍提炼\提炼-普化原理-第12章-化学键与分子结构.md","共价键]]"
"书籍提炼\提炼-普化原理-第12章-化学键与分子结构.md","[[离子键]]"
"书籍提炼\提炼-普化原理-第12章-化学键与分子结构.md","[[分子轨道理论]]"
"书籍提炼\提炼-普化原理-第12章-化学键与分子结构.md","[[03-知识点/化学原理/键参数]]"
"书籍提炼\提炼-普化原理-第12章-化学键与分子结构.md","[[杂化轨道理论"
"书籍提炼\提炼-普化原理-第13章-晶体与晶体结构.md","晶体结构]]"
"书籍提炼\提炼-普化原理-第13章-晶体与晶体结构.md","[[晶格能]]"
"书籍提炼\提炼-普化原理-第13章-晶体与晶体结构.md","[[离子晶体]]"
"书籍提炼\提炼-普化原理-第13章-晶体与晶体结构.md","[[分子晶体]]"
"书籍提炼\提炼-普化原理-第13章-晶体与晶体结构.md","[[原子晶体]]"
"书籍提炼\提炼-普化原理-第13章-晶体与晶体结构.md","[[金属晶体"
"书籍提炼\提炼-普化原理-第14章-配位化合物.md","配合物]]"
"书籍提炼\提炼-普化原理-第14章-配位化合物.md","[[配位化学]]"
"书籍提炼\提炼-普化原理-第14章-配位化合物.md","[[晶体场理论]]"
"书籍提炼\提炼-普化原理-第14章-配位化合物.md","[[配位键]]"
"书籍提炼\提炼-普化原理-第14章-配位化合物.md","[[03-知识点/化学原理/配合物命名"
"书籍提炼\提炼-普化原理-第15章-元素化学.md","元素化学]]"
"书籍提炼\提炼-普化原理-第15章-元素化学.md","[[碱金属]]"
"书籍提炼\提炼-普化原理-第15章-元素化学.md","[[卤素"
"书籍提炼\提炼-普化原理-第2章-气体.md","理想气体状态方程]]"
"书籍提炼\提炼-普化原理-第2章-气体.md","[[分压定律]]"
"书籍提炼\提炼-普化原理-第2章-气体.md","[[分子运动论"
"书籍提炼\提炼-普化原理-第4章-溶液.md","溶液]]"
"书籍提炼\提炼-普化原理-第4章-溶液.md","[[拉乌尔定律]]"
"书籍提炼\提炼-普化原理-第4章-溶液.md","[[亨利定律]]"
"书籍提炼\提炼-普化原理-第4章-溶液.md","[[渗透压]]"
"书籍提炼\提炼-普化原理-第4章-溶液.md","[[胶体"
"书籍提炼\提炼-普化原理-第5章-化学热力学.md","化学热力学]]"
"书籍提炼\提炼-普化原理-第5章-化学热力学.md","[[Gibbs自由能]]"
"书籍提炼\提炼-普化原理-第5章-化学热力学.md","[[焓]]"
"书籍提炼\提炼-普化原理-第5章-化学热力学.md","[[熵]]"
"书籍提炼\提炼-普化原理-第5章-化学热力学.md","[[热力学第一定律]]"
"书籍提炼\提炼-普化原理-第5章-化学热力学.md","[[热力学第二定律]]"
"书籍提炼\提炼-普化原理-第5章-化学热力学.md","[[标准摩尔生成焓]]"
"书籍提炼\提炼-普化原理-第5章-化学热力学.md","[[标准摩尔熵"
"书籍提炼\提炼-普化原理-第6章-化学平衡.md","化学平衡]]"
"书籍提炼\提炼-普化原理-第6章-化学平衡.md","[[平衡常数]]"
"书籍提炼\提炼-普化原理-第6章-化学平衡.md","[[Le Chatelier原理]]"
"书籍提炼\提炼-普化原理-第6章-化学平衡.md","[[反应商]]"
"书籍提炼\提炼-普化原理-第6章-化学平衡.md","[[多重平衡"
"书籍提炼\提炼-普化原理-第7章-化学反应速率.md","化学动力学]]"
"书籍提炼\提炼-普化原理-第7章-化学反应速率.md","[[速率方程]]"
"书籍提炼\提炼-普化原理-第7章-化学反应速率.md","[[活化能]]"
"书籍提炼\提炼-普化原理-第7章-化学反应速率.md","[[Arrhenius方程]]"
"书籍提炼\提炼-普化原理-第7章-化学反应速率.md","[[反应机理"
"书籍提炼\提炼-普化原理-第8章-酸碱平衡.md","Brønsted酸碱理论]]"
"书籍提炼\提炼-普化原理-第8章-酸碱平衡.md","[[酸碱强度]]"
"书籍提炼\提炼-普化原理-第8章-酸碱平衡.md","[[弱酸]]"
"书籍提炼\提炼-普化原理-第8章-酸碱平衡.md","[[弱碱]]"
"书籍提炼\提炼-普化原理-第8章-酸碱平衡.md","[[缓冲溶液]]"
"书籍提炼\提炼-普化原理-第8章-酸碱平衡.md","[[pH"
"书籍提炼\提炼-普化原理-第9章-沉淀溶解平衡.md","溶度积]]"
"书籍提炼\提炼-普化原理-第9章-沉淀溶解平衡.md","[[沉淀溶解平衡]]"
"书籍提炼\提炼-普化原理-第9章-沉淀溶解平衡.md","[[沉淀转化"
"书籍提炼\提炼-上海中学竞赛课程-第二分册-化学动力学基础.md","[""[[理想气体状态方程]]"
"书籍提炼\提炼-上海中学竞赛课程-第二分册-化学动力学基础.md","[[溶液]]"
"书籍提炼\提炼-上海中学竞赛课程-第二分册-化学动力学基础.md","[[化学平衡]]"
"书籍提炼\提炼-上海中学竞赛课程-第二分册-化学动力学基础.md","[[化学热力学]]"
"书籍提炼\提炼-上海中学竞赛课程-第二分册-化学动力学基础.md","[[化学动力学]]"
"书籍提炼\提炼-上海中学竞赛课程-第二分册-化学动力学基础.md","[[配合物"
"书籍提炼\提炼-上海中学竞赛课程-第二分册-化学平衡.md","[""[[理想气体状态方程]]"
"书籍提炼\提炼-上海中学竞赛课程-第二分册-化学平衡.md","[[溶液]]"
"书籍提炼\提炼-上海中学竞赛课程-第二分册-化学平衡.md","[[化学平衡]]"
"书籍提炼\提炼-上海中学竞赛课程-第二分册-化学平衡.md","[[化学热力学]]"
"书籍提炼\提炼-上海中学竞赛课程-第二分册-化学平衡.md","[[化学动力学]]"
"书籍提炼\提炼-上海中学竞赛课程-第二分册-化学平衡.md","[[配合物"
"书籍提炼\提炼-上海中学竞赛课程-第二分册-化学热力学基础.md","[""[[理想气体状态方程]]"
"书籍提炼\提炼-上海中学竞赛课程-第二分册-化学热力学基础.md","[[溶液]]"
"书籍提炼\提炼-上海中学竞赛课程-第二分册-化学热力学基础.md","[[化学平衡]]"
"书籍提炼\提炼-上海中学竞赛课程-第二分册-化学热力学基础.md","[[化学热力学]]"
"书籍提炼\提炼-上海中学竞赛课程-第二分册-化学热力学基础.md","[[化学动力学]]"
"书籍提炼\提炼-上海中学竞赛课程-第二分册-化学热力学基础.md","[[配合物"
"书籍提炼\提炼-上海中学竞赛课程-第二分册-配位化合物基础.md","[""[[理想气体状态方程]]"
"书籍提炼\提炼-上海中学竞赛课程-第二分册-配位化合物基础.md","[[溶液]]"
"书籍提炼\提炼-上海中学竞赛课程-第二分册-配位化合物基础.md","[[化学平衡]]"
"书籍提炼\提炼-上海中学竞赛课程-第二分册-配位化合物基础.md","[[化学热力学]]"
"书籍提炼\提炼-上海中学竞赛课程-第二分册-配位化合物基础.md","[[化学动力学]]"
"书籍提炼\提炼-上海中学竞赛课程-第二分册-配位化合物基础.md","[[配合物"
"书籍提炼\提炼-上海中学竞赛课程-第二分册-气体.md","[""[[理想气体状态方程]]"
"书籍提炼\提炼-上海中学竞赛课程-第二分册-气体.md","[[溶液]]"
"书籍提炼\提炼-上海中学竞赛课程-第二分册-气体.md","[[化学平衡]]"
"书籍提炼\提炼-上海中学竞赛课程-第二分册-气体.md","[[化学热力学]]"
"书籍提炼\提炼-上海中学竞赛课程-第二分册-气体.md","[[化学动力学]]"
"书籍提炼\提炼-上海中学竞赛课程-第二分册-气体.md","[[配合物"
"书籍提炼\提炼-上海中学竞赛课程-第二分册-溶液和胶体.md","[""[[理想气体状态方程]]"
"书籍提炼\提炼-上海中学竞赛课程-第二分册-溶液和胶体.md","[[溶液]]"
"书籍提炼\提炼-上海中学竞赛课程-第二分册-溶液和胶体.md","[[化学平衡]]"
"书籍提炼\提炼-上海中学竞赛课程-第二分册-溶液和胶体.md","[[化学热力学]]"
"书籍提炼\提炼-上海中学竞赛课程-第二分册-溶液和胶体.md","[[化学动力学]]"
"书籍提炼\提炼-上海中学竞赛课程-第二分册-溶液和胶体.md","[[配合物"
"书籍提炼\提炼-上海中学竞赛课程-第二分册-水中的几种平衡.md","[""[[理想气体状态方程]]"
"书籍提炼\提炼-上海中学竞赛课程-第二分册-水中的几种平衡.md","[[溶液]]"
"书籍提炼\提炼-上海中学竞赛课程-第二分册-水中的几种平衡.md","[[化学平衡]]"
"书籍提炼\提炼-上海中学竞赛课程-第二分册-水中的几种平衡.md","[[化学热力学]]"
"书籍提炼\提炼-上海中学竞赛课程-第二分册-水中的几种平衡.md","[[化学动力学]]"
"书籍提炼\提炼-上海中学竞赛课程-第二分册-水中的几种平衡.md","[[配合物"
"书籍提炼\提炼-上海中学竞赛课程-第三分册-氮族元素.md","[""[[碱金属]]"
"书籍提炼\提炼-上海中学竞赛课程-第三分册-氮族元素.md","[[碱土金属]]"
"书籍提炼\提炼-上海中学竞赛课程-第三分册-氮族元素.md","[[卤素]]"
"书籍提炼\提炼-上海中学竞赛课程-第三分册-氮族元素.md","[[氧族元素]]"
"书籍提炼\提炼-上海中学竞赛课程-第三分册-氮族元素.md","[[氮族元素]]"
"书籍提炼\提炼-上海中学竞赛课程-第三分册-氮族元素.md","[[碳族元素]]"
"书籍提炼\提炼-上海中学竞赛课程-第三分册-氮族元素.md","[[硼族元素]]"
"书籍提炼\提炼-上海中学竞赛课程-第三分册-氮族元素.md","[[过渡金属通性"
"书籍提炼\提炼-上海中学竞赛课程-第三分册-过渡金属.md","[""[[碱金属]]"
"书籍提炼\提炼-上海中学竞赛课程-第三分册-过渡金属.md","[[碱土金属]]"
"书籍提炼\提炼-上海中学竞赛课程-第三分册-过渡金属.md","[[卤素]]"
"书籍提炼\提炼-上海中学竞赛课程-第三分册-过渡金属.md","[[氧族元素]]"
"书籍提炼\提炼-上海中学竞赛课程-第三分册-过渡金属.md","[[氮族元素]]"
"书籍提炼\提炼-上海中学竞赛课程-第三分册-过渡金属.md","[[碳族元素]]"
"书籍提炼\提炼-上海中学竞赛课程-第三分册-过渡金属.md","[[硼族元素]]"
"书籍提炼\提炼-上海中学竞赛课程-第三分册-过渡金属.md","[[过渡金属通性"
"书籍提炼\提炼-上海中学竞赛课程-第三分册-碱金属碱土金属.md","[""[[碱金属]]"
"书籍提炼\提炼-上海中学竞赛课程-第三分册-碱金属碱土金属.md","[[碱土金属]]"
"书籍提炼\提炼-上海中学竞赛课程-第三分册-碱金属碱土金属.md","[[卤素]]"
"书籍提炼\提炼-上海中学竞赛课程-第三分册-碱金属碱土金属.md","[[氧族元素]]"
"书籍提炼\提炼-上海中学竞赛课程-第三分册-碱金属碱土金属.md","[[氮族元素]]"
"书籍提炼\提炼-上海中学竞赛课程-第三分册-碱金属碱土金属.md","[[碳族元素]]"
"书籍提炼\提炼-上海中学竞赛课程-第三分册-碱金属碱土金属.md","[[硼族元素]]"
"书籍提炼\提炼-上海中学竞赛课程-第三分册-碱金属碱土金属.md","[[过渡金属通性"
"书籍提炼\提炼-上海中学竞赛课程-第三分册-卤族元素.md","[""[[碱金属]]"
"书籍提炼\提炼-上海中学竞赛课程-第三分册-卤族元素.md","[[碱土金属]]"
"书籍提炼\提炼-上海中学竞赛课程-第三分册-卤族元素.md","[[卤素]]"
"书籍提炼\提炼-上海中学竞赛课程-第三分册-卤族元素.md","[[氧族元素]]"
"书籍提炼\提炼-上海中学竞赛课程-第三分册-卤族元素.md","[[氮族元素]]"
"书籍提炼\提炼-上海中学竞赛课程-第三分册-卤族元素.md","[[碳族元素]]"
"书籍提炼\提炼-上海中学竞赛课程-第三分册-卤族元素.md","[[硼族元素]]"
"书籍提炼\提炼-上海中学竞赛课程-第三分册-卤族元素.md","[[过渡金属通性"
"书籍提炼\提炼-上海中学竞赛课程-第三分册-碳族硼族元素.md","[""[[碱金属]]"
"书籍提炼\提炼-上海中学竞赛课程-第三分册-碳族硼族元素.md","[[碱土金属]]"
"书籍提炼\提炼-上海中学竞赛课程-第三分册-碳族硼族元素.md","[[卤素]]"
"书籍提炼\提炼-上海中学竞赛课程-第三分册-碳族硼族元素.md","[[氧族元素]]"
"书籍提炼\提炼-上海中学竞赛课程-第三分册-碳族硼族元素.md","[[氮族元素]]"
"书籍提炼\提炼-上海中学竞赛课程-第三分册-碳族硼族元素.md","[[碳族元素]]"
"书籍提炼\提炼-上海中学竞赛课程-第三分册-碳族硼族元素.md","[[硼族元素]]"
"书籍提炼\提炼-上海中学竞赛课程-第三分册-碳族硼族元素.md","[[过渡金属通性"
"书籍提炼\提炼-上海中学竞赛课程-第三分册-氧族元素.md","[""[[碱金属]]"
"书籍提炼\提炼-上海中学竞赛课程-第三分册-氧族元素.md","[[碱土金属]]"
"书籍提炼\提炼-上海中学竞赛课程-第三分册-氧族元素.md","[[卤素]]"
"书籍提炼\提炼-上海中学竞赛课程-第三分册-氧族元素.md","[[氧族元素]]"
"书籍提炼\提炼-上海中学竞赛课程-第三分册-氧族元素.md","[[氮族元素]]"
"书籍提炼\提炼-上海中学竞赛课程-第三分册-氧族元素.md","[[碳族元素]]"
"书籍提炼\提炼-上海中学竞赛课程-第三分册-氧族元素.md","[[硼族元素]]"
"书籍提炼\提炼-上海中学竞赛课程-第三分册-氧族元素.md","[[过渡金属通性"
"书籍提炼\提炼-上海中学竞赛课程-第四分册-胺与酚.md","[""[[烷烃]]"
"书籍提炼\提炼-上海中学竞赛课程-第四分册-胺与酚.md","[[烯烃]]"
"书籍提炼\提炼-上海中学竞赛课程-第四分册-胺与酚.md","[[炔烃]]"
"书籍提炼\提炼-上海中学竞赛课程-第四分册-胺与酚.md","[[芳香性]]"
"书籍提炼\提炼-上海中学竞赛课程-第四分册-胺与酚.md","[[醇]]"
"书籍提炼\提炼-上海中学竞赛课程-第四分册-胺与酚.md","[[酚]]"
"书籍提炼\提炼-上海中学竞赛课程-第四分册-胺与酚.md","[[醚]]"
"书籍提炼\提炼-上海中学竞赛课程-第四分册-胺与酚.md","[[卤代烃]]"
"书籍提炼\提炼-上海中学竞赛课程-第四分册-胺与酚.md","[[醛酮]]"
"书籍提炼\提炼-上海中学竞赛课程-第四分册-胺与酚.md","[[羧酸衍生物]]"
"书籍提炼\提炼-上海中学竞赛课程-第四分册-胺与酚.md","[[胺的化学]]"
"书籍提炼\提炼-上海中学竞赛课程-第四分册-胺与酚.md","[[有机化合物"
"书籍提炼\提炼-上海中学竞赛课程-第四分册-醇、醚与环氧化物.md","[""[[烷烃]]"
"书籍提炼\提炼-上海中学竞赛课程-第四分册-醇、醚与环氧化物.md","[[烯烃]]"
"书籍提炼\提炼-上海中学竞赛课程-第四分册-醇、醚与环氧化物.md","[[炔烃]]"
"书籍提炼\提炼-上海中学竞赛课程-第四分册-醇、醚与环氧化物.md","[[芳香性]]"
"书籍提炼\提炼-上海中学竞赛课程-第四分册-醇、醚与环氧化物.md","[[醇]]"
"书籍提炼\提炼-上海中学竞赛课程-第四分册-醇、醚与环氧化物.md","[[酚]]"
"书籍提炼\提炼-上海中学竞赛课程-第四分册-醇、醚与环氧化物.md","[[醚]]"
"书籍提炼\提炼-上海中学竞赛课程-第四分册-醇、醚与环氧化物.md","[[卤代烃]]"
"书籍提炼\提炼-上海中学竞赛课程-第四分册-醇、醚与环氧化物.md","[[醛酮]]"
"书籍提炼\提炼-上海中学竞赛课程-第四分册-醇、醚与环氧化物.md","[[羧酸衍生物]]"
"书籍提炼\提炼-上海中学竞赛课程-第四分册-醇、醚与环氧化物.md","[[胺的化学]]"
"书籍提炼\提炼-上海中学竞赛课程-第四分册-醇、醚与环氧化物.md","[[有机化合物"
"书籍提炼\提炼-上海中学竞赛课程-第四分册-二烯烃与炔烃.md","[""[[烷烃]]"
"书籍提炼\提炼-上海中学竞赛课程-第四分册-二烯烃与炔烃.md","[[烯烃]]"
"书籍提炼\提炼-上海中学竞赛课程-第四分册-二烯烃与炔烃.md","[[炔烃]]"
"书籍提炼\提炼-上海中学竞赛课程-第四分册-二烯烃与炔烃.md","[[芳香性]]"
"书籍提炼\提炼-上海中学竞赛课程-第四分册-二烯烃与炔烃.md","[[醇]]"
"书籍提炼\提炼-上海中学竞赛课程-第四分册-二烯烃与炔烃.md","[[酚]]"
"书籍提炼\提炼-上海中学竞赛课程-第四分册-二烯烃与炔烃.md","[[醚]]"
"书籍提炼\提炼-上海中学竞赛课程-第四分册-二烯烃与炔烃.md","[[卤代烃]]"
"书籍提炼\提炼-上海中学竞赛课程-第四分册-二烯烃与炔烃.md","[[醛酮]]"
"书籍提炼\提炼-上海中学竞赛课程-第四分册-二烯烃与炔烃.md","[[羧酸衍生物]]"
"书籍提炼\提炼-上海中学竞赛课程-第四分册-二烯烃与炔烃.md","[[胺的化学]]"
"书籍提炼\提炼-上海中学竞赛课程-第四分册-二烯烃与炔烃.md","[[有机化合物"
"书籍提炼\提炼-上海中学竞赛课程-第四分册-芳香烃.md","[""[[烷烃]]"
"书籍提炼\提炼-上海中学竞赛课程-第四分册-芳香烃.md","[[烯烃]]"
"书籍提炼\提炼-上海中学竞赛课程-第四分册-芳香烃.md","[[炔烃]]"
"书籍提炼\提炼-上海中学竞赛课程-第四分册-芳香烃.md","[[芳香性]]"
"书籍提炼\提炼-上海中学竞赛课程-第四分册-芳香烃.md","[[醇]]"
"书籍提炼\提炼-上海中学竞赛课程-第四分册-芳香烃.md","[[酚]]"
"书籍提炼\提炼-上海中学竞赛课程-第四分册-芳香烃.md","[[醚]]"
"书籍提炼\提炼-上海中学竞赛课程-第四分册-芳香烃.md","[[卤代烃]]"
"书籍提炼\提炼-上海中学竞赛课程-第四分册-芳香烃.md","[[醛酮]]"
"书籍提炼\提炼-上海中学竞赛课程-第四分册-芳香烃.md","[[羧酸衍生物]]"
"书籍提炼\提炼-上海中学竞赛课程-第四分册-芳香烃.md","[[胺的化学]]"
"书籍提炼\提炼-上海中学竞赛课程-第四分册-芳香烃.md","[[有机化合物"
"书籍提炼\提炼-上海中学竞赛课程-第四分册-卤代烃与有机金属化合物.md","[""[[烷烃]]"
"书籍提炼\提炼-上海中学竞赛课程-第四分册-卤代烃与有机金属化合物.md","[[烯烃]]"
"书籍提炼\提炼-上海中学竞赛课程-第四分册-卤代烃与有机金属化合物.md","[[炔烃]]"
"书籍提炼\提炼-上海中学竞赛课程-第四分册-卤代烃与有机金属化合物.md","[[芳香性]]"
"书籍提炼\提炼-上海中学竞赛课程-第四分册-卤代烃与有机金属化合物.md","[[醇]]"
"书籍提炼\提炼-上海中学竞赛课程-第四分册-卤代烃与有机金属化合物.md","[[酚]]"
"书籍提炼\提炼-上海中学竞赛课程-第四分册-卤代烃与有机金属化合物.md","[[醚]]"
"书籍提炼\提炼-上海中学竞赛课程-第四分册-卤代烃与有机金属化合物.md","[[卤代烃]]"
"书籍提炼\提炼-上海中学竞赛课程-第四分册-卤代烃与有机金属化合物.md","[[醛酮]]"
"书籍提炼\提炼-上海中学竞赛课程-第四分册-卤代烃与有机金属化合物.md","[[羧酸衍生物]]"
"书籍提炼\提炼-上海中学竞赛课程-第四分册-卤代烃与有机金属化合物.md","[[胺的化学]]"
"书籍提炼\提炼-上海中学竞赛课程-第四分册-卤代烃与有机金属化合物.md","[[有机化合物"
"书籍提炼\提炼-上海中学竞赛课程-第四分册-烷烃与环烷烃.md","[""[[烷烃]]"
"书籍提炼\提炼-上海中学竞赛课程-第四分册-烷烃与环烷烃.md","[[烯烃]]"
"书籍提炼\提炼-上海中学竞赛课程-第四分册-烷烃与环烷烃.md","[[炔烃]]"
"书籍提炼\提炼-上海中学竞赛课程-第四分册-烷烃与环烷烃.md","[[芳香性]]"
"书籍提炼\提炼-上海中学竞赛课程-第四分册-烷烃与环烷烃.md","[[醇]]"
"书籍提炼\提炼-上海中学竞赛课程-第四分册-烷烃与环烷烃.md","[[酚]]"
"书籍提炼\提炼-上海中学竞赛课程-第四分册-烷烃与环烷烃.md","[[醚]]"
"书籍提炼\提炼-上海中学竞赛课程-第四分册-烷烃与环烷烃.md","[[卤代烃]]"
"书籍提炼\提炼-上海中学竞赛课程-第四分册-烷烃与环烷烃.md","[[醛酮]]"
"书籍提炼\提炼-上海中学竞赛课程-第四分册-烷烃与环烷烃.md","[[羧酸衍生物]]"
"书籍提炼\提炼-上海中学竞赛课程-第四分册-烷烃与环烷烃.md","[[胺的化学]]"
"书籍提炼\提炼-上海中学竞赛课程-第四分册-烷烃与环烷烃.md","[[有机化合物"
"书籍提炼\提炼-上海中学竞赛课程-第四分册-烯烃.md","[""[[烷烃]]"
"书籍提炼\提炼-上海中学竞赛课程-第四分册-烯烃.md","[[烯烃]]"
"书籍提炼\提炼-上海中学竞赛课程-第四分册-烯烃.md","[[炔烃]]"
"书籍提炼\提炼-上海中学竞赛课程-第四分册-烯烃.md","[[芳香性]]"
"书籍提炼\提炼-上海中学竞赛课程-第四分册-烯烃.md","[[醇]]"
"书籍提炼\提炼-上海中学竞赛课程-第四分册-烯烃.md","[[酚]]"
"书籍提炼\提炼-上海中学竞赛课程-第四分册-烯烃.md","[[醚]]"
"书籍提炼\提炼-上海中学竞赛课程-第四分册-烯烃.md","[[卤代烃]]"
"书籍提炼\提炼-上海中学竞赛课程-第四分册-烯烃.md","[[醛酮]]"
"书籍提炼\提炼-上海中学竞赛课程-第四分册-烯烃.md","[[羧酸衍生物]]"
"书籍提炼\提炼-上海中学竞赛课程-第四分册-烯烃.md","[[胺的化学]]"
"书籍提炼\提炼-上海中学竞赛课程-第四分册-烯烃.md","[[有机化合物"
"书籍提炼\提炼-上海中学竞赛课程-第四分册-有机化合物的命名.md","[""[[烷烃]]"
"书籍提炼\提炼-上海中学竞赛课程-第四分册-有机化合物的命名.md","[[烯烃]]"
"书籍提炼\提炼-上海中学竞赛课程-第四分册-有机化合物的命名.md","[[炔烃]]"
"书籍提炼\提炼-上海中学竞赛课程-第四分册-有机化合物的命名.md","[[芳香性]]"
"书籍提炼\提炼-上海中学竞赛课程-第四分册-有机化合物的命名.md","[[醇]]"
"书籍提炼\提炼-上海中学竞赛课程-第四分册-有机化合物的命名.md","[[酚]]"
"书籍提炼\提炼-上海中学竞赛课程-第四分册-有机化合物的命名.md","[[醚]]"
"书籍提炼\提炼-上海中学竞赛课程-第四分册-有机化合物的命名.md","[[卤代烃]]"
"书籍提炼\提炼-上海中学竞赛课程-第四分册-有机化合物的命名.md","[[醛酮]]"
"书籍提炼\提炼-上海中学竞赛课程-第四分册-有机化合物的命名.md","[[羧酸衍生物]]"
"书籍提炼\提炼-上海中学竞赛课程-第四分册-有机化合物的命名.md","[[胺的化学]]"
"书籍提炼\提炼-上海中学竞赛课程-第四分册-有机化合物的命名.md","[[有机化合物"
"书籍提炼\提炼-上海中学竞赛课程-第四分册-有机化学准备知识.md","[""[[烷烃]]"
"书籍提炼\提炼-上海中学竞赛课程-第四分册-有机化学准备知识.md","[[烯烃]]"
"书籍提炼\提炼-上海中学竞赛课程-第四分册-有机化学准备知识.md","[[炔烃]]"
"书籍提炼\提炼-上海中学竞赛课程-第四分册-有机化学准备知识.md","[[芳香性]]"
"书籍提炼\提炼-上海中学竞赛课程-第四分册-有机化学准备知识.md","[[醇]]"
"书籍提炼\提炼-上海中学竞赛课程-第四分册-有机化学准备知识.md","[[酚]]"
"书籍提炼\提炼-上海中学竞赛课程-第四分册-有机化学准备知识.md","[[醚]]"
"书籍提炼\提炼-上海中学竞赛课程-第四分册-有机化学准备知识.md","[[卤代烃]]"
"书籍提炼\提炼-上海中学竞赛课程-第四分册-有机化学准备知识.md","[[醛酮]]"
"书籍提炼\提炼-上海中学竞赛课程-第四分册-有机化学准备知识.md","[[羧酸衍生物]]"
"书籍提炼\提炼-上海中学竞赛课程-第四分册-有机化学准备知识.md","[[胺的化学]]"
"书籍提炼\提炼-上海中学竞赛课程-第四分册-有机化学准备知识.md","[[有机化合物"
"书籍提炼\提炼-上海中学竞赛课程-第一分册-分子结构和性质.md","原子结构]]"
"书籍提炼\提炼-上海中学竞赛课程-第一分册-分子结构和性质.md","[[元素周期律]]"
"书籍提炼\提炼-上海中学竞赛课程-第一分册-分子结构和性质.md","[[共价键]]"
"书籍提炼\提炼-上海中学竞赛课程-第一分册-分子结构和性质.md","[[离子键]]"
"书籍提炼\提炼-上海中学竞赛课程-第一分册-分子结构和性质.md","[[晶体结构基础]]"
"书籍提炼\提炼-上海中学竞赛课程-第一分册-分子结构和性质.md","[[金属键]]"
"书籍提炼\提炼-上海中学竞赛课程-第一分册-分子结构和性质.md","[[氧化还原反应方程式配平]]"
"书籍提炼\提炼-上海中学竞赛课程-第一分册-分子结构和性质.md","[[化学热力学"
"书籍提炼\提炼-上海中学竞赛课程-第一分册-共价键理论.md","原子结构]]"
"书籍提炼\提炼-上海中学竞赛课程-第一分册-共价键理论.md","[[元素周期律]]"
"书籍提炼\提炼-上海中学竞赛课程-第一分册-共价键理论.md","[[共价键]]"
"书籍提炼\提炼-上海中学竞赛课程-第一分册-共价键理论.md","[[离子键]]"
"书籍提炼\提炼-上海中学竞赛课程-第一分册-共价键理论.md","[[晶体结构基础]]"
"书籍提炼\提炼-上海中学竞赛课程-第一分册-共价键理论.md","[[金属键]]"
"书籍提炼\提炼-上海中学竞赛课程-第一分册-共价键理论.md","[[氧化还原反应方程式配平]]"
"书籍提炼\提炼-上海中学竞赛课程-第一分册-共价键理论.md","[[化学热力学"
"书籍提炼\提炼-上海中学竞赛课程-第一分册-化学反应中的能量变化.md","原子结构]]"
"书籍提炼\提炼-上海中学竞赛课程-第一分册-化学反应中的能量变化.md","[[元素周期律]]"
"书籍提炼\提炼-上海中学竞赛课程-第一分册-化学反应中的能量变化.md","[[共价键]]"
"书籍提炼\提炼-上海中学竞赛课程-第一分册-化学反应中的能量变化.md","[[离子键]]"
"书籍提炼\提炼-上海中学竞赛课程-第一分册-化学反应中的能量变化.md","[[晶体结构基础]]"
"书籍提炼\提炼-上海中学竞赛课程-第一分册-化学反应中的能量变化.md","[[金属键]]"
"书籍提炼\提炼-上海中学竞赛课程-第一分册-化学反应中的能量变化.md","[[氧化还原反应方程式配平]]"
"书籍提炼\提炼-上海中学竞赛课程-第一分册-化学反应中的能量变化.md","[[化学热力学"
"书籍提炼\提炼-上海中学竞赛课程-第一分册-金属键与金属晶体.md","原子结构]]"
"书籍提炼\提炼-上海中学竞赛课程-第一分册-金属键与金属晶体.md","[[元素周期律]]"
"书籍提炼\提炼-上海中学竞赛课程-第一分册-金属键与金属晶体.md","[[共价键]]"
"书籍提炼\提炼-上海中学竞赛课程-第一分册-金属键与金属晶体.md","[[离子键]]"
"书籍提炼\提炼-上海中学竞赛课程-第一分册-金属键与金属晶体.md","[[晶体结构基础]]"
"书籍提炼\提炼-上海中学竞赛课程-第一分册-金属键与金属晶体.md","[[金属键]]"
"书籍提炼\提炼-上海中学竞赛课程-第一分册-金属键与金属晶体.md","[[氧化还原反应方程式配平]]"
"书籍提炼\提炼-上海中学竞赛课程-第一分册-金属键与金属晶体.md","[[化学热力学"
"书籍提炼\提炼-上海中学竞赛课程-第一分册-晶体学基础.md","原子结构]]"
"书籍提炼\提炼-上海中学竞赛课程-第一分册-晶体学基础.md","[[元素周期律]]"
"书籍提炼\提炼-上海中学竞赛课程-第一分册-晶体学基础.md","[[共价键]]"
"书籍提炼\提炼-上海中学竞赛课程-第一分册-晶体学基础.md","[[离子键]]"
"书籍提炼\提炼-上海中学竞赛课程-第一分册-晶体学基础.md","[[晶体结构基础]]"
"书籍提炼\提炼-上海中学竞赛课程-第一分册-晶体学基础.md","[[金属键]]"
"书籍提炼\提炼-上海中学竞赛课程-第一分册-晶体学基础.md","[[氧化还原反应方程式配平]]"
"书籍提炼\提炼-上海中学竞赛课程-第一分册-晶体学基础.md","[[化学热力学"
"书籍提炼\提炼-上海中学竞赛课程-第一分册-离子键与离子晶体.md","原子结构]]"
"书籍提炼\提炼-上海中学竞赛课程-第一分册-离子键与离子晶体.md","[[元素周期律]]"
"书籍提炼\提炼-上海中学竞赛课程-第一分册-离子键与离子晶体.md","[[共价键]]"
"书籍提炼\提炼-上海中学竞赛课程-第一分册-离子键与离子晶体.md","[[离子键]]"
"书籍提炼\提炼-上海中学竞赛课程-第一分册-离子键与离子晶体.md","[[晶体结构基础]]"
"书籍提炼\提炼-上海中学竞赛课程-第一分册-离子键与离子晶体.md","[[金属键]]"
"书籍提炼\提炼-上海中学竞赛课程-第一分册-离子键与离子晶体.md","[[氧化还原反应方程式配平]]"
"书籍提炼\提炼-上海中学竞赛课程-第一分册-离子键与离子晶体.md","[[化学热力学"
"书籍提炼\提炼-上海中学竞赛课程-第一分册-其他类型晶体.md","原子结构]]"
"书籍提炼\提炼-上海中学竞赛课程-第一分册-其他类型晶体.md","[[元素周期律]]"
"书籍提炼\提炼-上海中学竞赛课程-第一分册-其他类型晶体.md","[[共价键]]"
"书籍提炼\提炼-上海中学竞赛课程-第一分册-其他类型晶体.md","[[离子键]]"
"书籍提炼\提炼-上海中学竞赛课程-第一分册-其他类型晶体.md","[[晶体结构基础]]"
"书籍提炼\提炼-上海中学竞赛课程-第一分册-其他类型晶体.md","[[金属键]]"
"书籍提炼\提炼-上海中学竞赛课程-第一分册-其他类型晶体.md","[[氧化还原反应方程式配平]]"
"书籍提炼\提炼-上海中学竞赛课程-第一分册-其他类型晶体.md","[[化学热力学"
"书籍提炼\提炼-上海中学竞赛课程-第一分册-氧化还原反应.md","原子结构]]"
"书籍提炼\提炼-上海中学竞赛课程-第一分册-氧化还原反应.md","[[元素周期律]]"
"书籍提炼\提炼-上海中学竞赛课程-第一分册-氧化还原反应.md","[[共价键]]"
"书籍提炼\提炼-上海中学竞赛课程-第一分册-氧化还原反应.md","[[离子键]]"
"书籍提炼\提炼-上海中学竞赛课程-第一分册-氧化还原反应.md","[[晶体结构基础]]"
"书籍提炼\提炼-上海中学竞赛课程-第一分册-氧化还原反应.md","[[金属键]]"
"书籍提炼\提炼-上海中学竞赛课程-第一分册-氧化还原反应.md","[[氧化还原反应方程式配平]]"
"书籍提炼\提炼-上海中学竞赛课程-第一分册-氧化还原反应.md","[[化学热力学"
"书籍提炼\提炼-上海中学竞赛课程-第一分册-元素周期表与元素周期律.md","原子结构]]"
"书籍提炼\提炼-上海中学竞赛课程-第一分册-元素周期表与元素周期律.md","[[元素周期律]]"
"书籍提炼\提炼-上海中学竞赛课程-第一分册-元素周期表与元素周期律.md","[[共价键]]"
"书籍提炼\提炼-上海中学竞赛课程-第一分册-元素周期表与元素周期律.md","[[离子键]]"
"书籍提炼\提炼-上海中学竞赛课程-第一分册-元素周期表与元素周期律.md","[[晶体结构基础]]"
"书籍提炼\提炼-上海中学竞赛课程-第一分册-元素周期表与元素周期律.md","[[金属键]]"
"书籍提炼\提炼-上海中学竞赛课程-第一分册-元素周期表与元素周期律.md","[[氧化还原反应方程式配平]]"
"书籍提炼\提炼-上海中学竞赛课程-第一分册-元素周期表与元素周期律.md","[[化学热力学"
"书籍提炼\提炼-上海中学竞赛课程-第一分册-原子结构.md","原子结构]]"
"书籍提炼\提炼-上海中学竞赛课程-第一分册-原子结构.md","[[元素周期律]]"
"书籍提炼\提炼-上海中学竞赛课程-第一分册-原子结构.md","[[共价键]]"
"书籍提炼\提炼-上海中学竞赛课程-第一分册-原子结构.md","[[离子键]]"
"书籍提炼\提炼-上海中学竞赛课程-第一分册-原子结构.md","[[晶体结构基础]]"
"书籍提炼\提炼-上海中学竞赛课程-第一分册-原子结构.md","[[金属键]]"
"书籍提炼\提炼-上海中学竞赛课程-第一分册-原子结构.md","[[氧化还原反应方程式配平]]"
"书籍提炼\提炼-上海中学竞赛课程-第一分册-原子结构.md","[[化学热力学"
"书籍提炼\提炼-无机化学第6版-第11-18章-主族元素化学.md","主族元素"
"书籍提炼\提炼-无机化学第6版-第11-18章-主族元素化学.md","氧族"
"书籍提炼\提炼-无机化学第6版-第11-18章-主族元素化学.md","氮族"
"书籍提炼\提炼-无机化学第6版-第21章-配位反应机理.md","[""[[配合物]]"
"书籍提炼\提炼-无机化学第6版-第21章-配位反应机理.md","[[配位化学]]"
"书籍提炼\提炼-无机化学第6版-第21章-配位反应机理.md","[[配合物稳定性"
"书籍提炼\提炼-无机化学第6版-第22章-d区金属有机化学.md","[""[[金属有机化学基础]]"
"书籍提炼\提炼-无机化学第6版-第22章-d区金属有机化学.md","[[过渡金属通性"
"书籍提炼\提炼-无机化学第6版-第23章-f区元素化学.md","[""[[f区元素]]"
"书籍提炼\提炼-无机化学第6版-第23章-f区元素化学.md","[[镧系元素]]"
"书籍提炼\提炼-无机化学第6版-第23章-f区元素化学.md","[[锕系元素"
"书籍提炼\提炼-无机化学第6版-第24-25章-材料化学与催化.md","过渡金属催化]]"
"书籍提炼\提炼-无机化学第6版-第24-25章-材料化学与催化.md","[[材料化学"
"书籍提炼\提炼-无机化学第6版-第5章-氧化还原反应180-212.md","电极电势"
"书籍提炼\提炼-无机化学第五版-第4章-化学平衡.md","[""[[化学平衡]]"
"书籍提炼\提炼-无机化学第五版-第4章-化学平衡.md","[[平衡常数"
"书籍提炼\提炼-无机化学第五版-第5章-原子结构.md","[""[[原子结构]]"
"书籍提炼\提炼-无机化学第五版-第5章-原子结构.md","[[电子排布"
"书籍提炼\提炼-无机化学第五版-第6章-分子结构.md","[""[[共价键]]"
"书籍提炼\提炼-无机化学第五版-第6章-分子结构.md","[[杂化轨道理论]]"
"书籍提炼\提炼-无机化学第五版-第6章-分子结构.md","[[VSEPR理论"
"书籍提炼\提炼-无机化学第五版-第7章-晶体结构.md","[""[[晶体结构基础]]"
"书籍提炼\提炼-无机化学第五版-第7章-晶体结构.md","[[离子晶体]]"
"书籍提炼\提炼-无机化学第五版-第7章-晶体结构.md","[[晶格能"
"书籍提炼\提炼-无机化学第五版-第8章-酸碱解离平衡.md","Brønsted酸碱理论]]"
"书籍提炼\提炼-无机化学第五版-第8章-酸碱解离平衡.md","[[弱酸]]"
"书籍提炼\提炼-无机化学第五版-第8章-酸碱解离平衡.md","[[弱碱"
"书籍提炼\提炼-ABOC-第10章-光谱与自由基.md","光谱分析"
"书籍提炼\提炼-ABOC-第1章-绪论.md","有机化合物"
"书籍提炼\提炼-ABOC-第1章-绪论.md","结构式"
"书籍提炼\提炼-ABOC-第3章-烯烃加成.md","Markovnikov规则"
"书籍提炼\提炼-ABOC-第5章-芳香与胺.md","芳香亲电取代"
"书籍提炼\提炼-ABOC-第6章-缩合反应.md","羟醛缩合"
"书籍提炼\提炼-Atkins物理化学-主题04-纯物质的物理转变.md","[""[[相图]]"
"书籍提炼\提炼-Atkins物理化学-主题04-纯物质的物理转变.md","[[03-知识点/决赛要求/物理化学深化/Raoult与Henry定律"
"书籍提炼\提炼-Atkins物理化学-主题05-简单混合物.md","[""[[溶液]]"
"书籍提炼\提炼-Atkins物理化学-主题05-简单混合物.md","[[03-知识点/决赛要求/物理化学深化/Raoult与Henry定律]]"
"书籍提炼\提炼-Atkins物理化学-主题05-简单混合物.md","[[03-知识点/决赛要求/物理化学深化/Raoult与Henry定律"
"书籍提炼\提炼-Atkins物理化学-主题10-分子对称性.md","[""[[03-知识点/决赛要求/结构与配位深化/分子对称性初步]]"
"书籍提炼\提炼-Atkins物理化学-主题10-分子对称性.md","[[03-知识点/无机和结构化学/点群初步"
"书籍提炼\提炼-Atkins物理化学-主题13-14-统计热力学与分子相互作用.md","[""[[统计热力学]]"
"书籍提炼\提炼-Atkins物理化学-主题13-14-统计热力学与分子相互作用.md","[[Boltzmann分布"
"书籍提炼\提炼-Atkins物理化学-主题15-固体.md","[""[[晶体结构基础]]"
"书籍提炼\提炼-Atkins物理化学-主题15-固体.md","[[离子晶体"
"书籍提炼\提炼-Atkins物理化学-主题17-19-动力学与表面过程.md","化学动力学]]"
"书籍提炼\提炼-Atkins物理化学-主题17-19-动力学与表面过程.md","[[表面与界面化学]]"
"书籍提炼\提炼-Atkins物理化学-主题17-19-动力学与表面过程.md","[[过渡金属催化"
"书籍提炼\提炼-Atkins物理化学-主题2-3-热力学定律.md","[""[[化学热力学]]"
"书籍提炼\提炼-Atkins物理化学-主题2-3-热力学定律.md","[[热力学第一定律]]"
"书籍提炼\提炼-Atkins物理化学-主题2-3-热力学定律.md","[[热力学第二定律"
"书籍提炼\提炼-Atkins物理化学-主题6-化学平衡.md","[""[[化学平衡]]"
"书籍提炼\提炼-Atkins物理化学-主题6-化学平衡.md","[[平衡常数"
"书籍提炼\提炼-Atkins物理化学-主题7-8-9-量子理论与结构.md","[""[[原子结构]]"
"书籍提炼\提炼-Atkins物理化学-主题7-8-9-量子理论与结构.md","[[原子轨道]]"
"书籍提炼\提炼-Atkins物理化学-主题7-8-9-量子理论与结构.md","[[分子轨道理论"
"书籍提炼\提炼-Clayden-第11章-伴随羰基氧失去的亲核取代.md","酰卤"
"书籍提炼\提炼-Clayden-第12章-平衡速率和机理.md","反应动力学"
"书籍提炼\提炼-Clayden-第13章-核磁共振氢谱.md","化学位移"
"书籍提炼\提炼-Clayden-第16章-构象分析.md","环己烷构象"
"书籍提炼\提炼-Clayden-第18章-光谱法综述.md","波谱分析"
"书籍提炼\提炼-Clayden-第18章-光谱法综述.md","IR光谱"
"书籍提炼\提炼-Clayden-第20章-烯醇和烯醇盐.md","酮式-烯醇式互变"
"书籍提炼\提炼-Clayden-第21章-芳香亲电取代.md","芳香化学"
"书籍提炼\提炼-Clayden-第23章-化学选择性和保护基.md","化学选择性"
"书籍提炼\提炼-Clayden-第23章-化学选择性和保护基.md","保护基"
"书籍提炼\提炼-Clayden-第24章-区域选择性.md","Markovnikov规则"
"书籍提炼\提炼-Clayden-第25章-烯醇盐的烷基化.md","烷基化"
"书籍提炼\提炼-Clayden-第26章-羟醛反应和Claisen反应.md","[[03-知识点/有机化学/Claisen缩合"
"书籍提炼\提炼-Clayden-第27章-有机化学中的硫硅磷.md","Horner-Wadsworth-Emmons"
"书籍提炼\提炼-Clayden-第2章-有机结构.md","结构式"
"书籍提炼\提炼-Clayden-第2章-有机结构.md","同分异构"
"书籍提炼\提炼-Clayden-第34章-环加成反应.md","环加成反应"
"书籍提炼\提炼-Clayden-第35章-σ重排和电环化反应.md","σ迁移"
"书籍提炼\提炼-Clayden-第38章-卡宾的合成与反应.md","卡宾化学"
"书籍提炼\提炼-Clayden-第39章-探寻反应机理.md","反应动力学"
"书籍提炼\提炼-Clayden-第3章-有机结构的确定.md","波谱分析"
"书籍提炼\提炼-Clayden-第3章-有机结构的确定.md","IR光谱"
"书籍提炼\提炼-Clayden-第41章-不对称合成.md","手性催化"
"书籍提炼\提炼-Clayden-第41章-不对称合成.md","对映选择性"
"书籍提炼\提炼-Clayden-第42章-生命中的有机化学.md","生物有机化学"
"书籍提炼\提炼-Clayden-第42章-生命中的有机化学.md","氨基酸"
"书籍提炼\提炼-Clayden-第42章-生命中的有机化学.md","核酸"
"书籍提炼\提炼-Clayden-第5章-有机反应.md","亲核试剂"
"书籍提炼\提炼-Clayden-第5章-有机反应.md","亲电试剂"
"书籍提炼\提炼-Clayden-第7章-离域与共轭.md","共轭体系"
"书籍提炼\提炼-Clayden-第7章-离域与共轭.md","共轭二烯烃"
"书籍提炼\提炼-Clayden-第8章-酸性碱性和pKa.md","pKa"
"书籍提炼\提炼-Steed-Atwood-超分子化学第7章-模板和自组装.md","03-知识点/决赛要求/金属有机与超分子/超分子聚合物"
"书籍提炼\提炼-Steed-Atwood-超分子化学基础(Ch1,3,5).md","03-知识点/决赛要求/金属有机与超分子/超分子作用力"
"书籍提炼\主族元素化学-专题素材库.md","- ""[[03-知识点/无机和结构化学/硼族元素"
"网课资料\分析化学\资料提炼-周坤-定量化学分析.md","03-知识点/化学原理/有效数字]]"
"网课资料\分析化学\资料提炼-周坤-定量化学分析.md","[[03-知识点/分析化学/误差]]"
"网课资料\分析化学\资料提炼-周坤-定量化学分析.md","[[03-知识点/化学原理/滴定分析基本原理]]"
"网课资料\分析化学\资料提炼-周坤-定量化学分析.md","[[03-知识点/分析化学/酸碱滴定]]"
"网课资料\分析化学\资料提炼-周坤-定量化学分析.md","[[03-知识点/分析化学/络合滴定]]"
"网课资料\分析化学\资料提炼-周坤-定量化学分析.md","[[03-知识点/分析化学/氧化还原滴定]]"
"网课资料\分析化学\资料提炼-周坤-定量化学分析.md","[[03-知识点/分析化学/重量分析]]"
"网课资料\分析化学\资料提炼-周坤-定量化学分析.md","[[03-知识点/分析化学/指示剂]]"
"网课资料\分析化学\资料提炼-周坤-定量化学分析.md","[[03-知识点/分析化学/终点误差"
"网课资料\无机化学-新课-周坤-2020-难度适中\资料提炼\资料提炼-周坤-电化学与溶液.md","03-知识点/化学原理/原电池]]"
"网课资料\无机化学-新课-周坤-2020-难度适中\资料提炼\资料提炼-周坤-电化学与溶液.md","[[03-知识点/化学原理/Nernst方程]]"
"网课资料\无机化学-新课-周坤-2020-难度适中\资料提炼\资料提炼-周坤-电化学与溶液.md","[[03-知识点/化学原理/标准电极电势]]"
"网课资料\无机化学-新课-周坤-2020-难度适中\资料提炼\资料提炼-周坤-电化学与溶液.md","[[03-知识点/化学原理/化学电源]]"
"网课资料\无机化学-新课-周坤-2020-难度适中\资料提炼\资料提炼-周坤-电化学与溶液.md","[[03-知识点/化学原理/电解池]]"
"网课资料\无机化学-新课-周坤-2020-难度适中\资料提炼\资料提炼-周坤-电化学与溶液.md","[[03-知识点/化学原理/Latimer图]]"
"网课资料\无机化学-新课-周坤-2020-难度适中\资料提炼\资料提炼-周坤-电化学与溶液.md","[[03-知识点/决赛要求/结构与配位深化/配合物稳定性]]"
"网课资料\无机化学-新课-周坤-2020-难度适中\资料提炼\资料提炼-周坤-电化学与溶液.md","[[03-知识点/化学原理/酸碱平衡"
"网课资料\无机化学-新课-周坤-2020-难度适中\资料提炼\资料提炼-周坤-晶体结构与配位化学.md","03-知识点/化学原理/七大晶系]]"
"网课资料\无机化学-新课-周坤-2020-难度适中\资料提炼\资料提炼-周坤-晶体结构与配位化学.md","[[03-知识点/无机和结构化学/密堆积]]"
"网课资料\无机化学-新课-周坤-2020-难度适中\资料提炼\资料提炼-周坤-晶体结构与配位化学.md","[[03-知识点/无机和结构化学/离子晶体]]"
"网课资料\无机化学-新课-周坤-2020-难度适中\资料提炼\资料提炼-周坤-晶体结构与配位化学.md","[[03-知识点/无机和结构化学/Pauling规则]]"
"网课资料\无机化学-新课-周坤-2020-难度适中\资料提炼\资料提炼-周坤-晶体结构与配位化学.md","[[03-知识点/化学原理/配合物]]"
"网课资料\无机化学-新课-周坤-2020-难度适中\资料提炼\资料提炼-周坤-晶体结构与配位化学.md","[[03-知识点/化学原理/配位键]]"
"网课资料\无机化学-新课-周坤-2020-难度适中\资料提炼\资料提炼-周坤-晶体结构与配位化学.md","[[03-知识点/无机和结构化学/晶体场理论]]"
"网课资料\无机化学-新课-周坤-2020-难度适中\资料提炼\资料提炼-周坤-晶体结构与配位化学.md","[[03-知识点/无机和结构化学/18电子规则]]"
"网课资料\无机化学-新课-周坤-2020-难度适中\资料提炼\资料提炼-周坤-晶体结构与配位化学.md","[[03-知识点/决赛要求/结构与配位深化/Jahn-Teller效应"
"网课资料\无机化学-新课-周坤-2020-难度适中\资料提炼\资料提炼-周坤-热力学与化学平衡.md","03-知识点/化学原理/热力学]]"
"网课资料\无机化学-新课-周坤-2020-难度适中\资料提炼\资料提炼-周坤-热力学与化学平衡.md","[[03-知识点/化学原理/焓]]"
"网课资料\无机化学-新课-周坤-2020-难度适中\资料提炼\资料提炼-周坤-热力学与化学平衡.md","[[03-知识点/化学原理/盖斯定律]]"
"网课资料\无机化学-新课-周坤-2020-难度适中\资料提炼\资料提炼-周坤-热力学与化学平衡.md","[[03-知识点/化学原理/标准生成焓]]"
"网课资料\无机化学-新课-周坤-2020-难度适中\资料提炼\资料提炼-周坤-热力学与化学平衡.md","[[03-知识点/化学原理/标准态]]"
"网课资料\无机化学-新课-周坤-2020-难度适中\资料提炼\资料提炼-周坤-热力学与化学平衡.md","[[03-知识点/化学原理/熵]]"
"网课资料\无机化学-新课-周坤-2020-难度适中\资料提炼\资料提炼-周坤-热力学与化学平衡.md","[[03-知识点/化学原理/Gibbs自由能]]"
"网课资料\无机化学-新课-周坤-2020-难度适中\资料提炼\资料提炼-周坤-热力学与化学平衡.md","[[03-知识点/化学原理/化学平衡]]"
"网课资料\无机化学-新课-周坤-2020-难度适中\资料提炼\资料提炼-周坤-热力学与化学平衡.md","[[03-知识点/化学原理/平衡常数]]"
"网课资料\无机化学-新课-周坤-2020-难度适中\资料提炼\资料提炼-周坤-热力学与化学平衡.md","[[03-知识点/化学原理/反应商]]"
"网课资料\无机化学-新课-周坤-2020-难度适中\资料提炼\资料提炼-周坤-热力学与化学平衡.md","[[03-知识点/化学原理/等温方程]]"
"网课资料\无机化学-新课-周坤-2020-难度适中\资料提炼\资料提炼-周坤-热力学与化学平衡.md","[[03-知识点/化学原理/Le Chatelier原理]]"
"网课资料\无机化学-新课-周坤-2020-难度适中\资料提炼\资料提炼-周坤-热力学与化学平衡.md","[[03-知识点/化学原理/原电池]]"
"网课资料\无机化学-新课-周坤-2020-难度适中\资料提炼\资料提炼-周坤-热力学与化学平衡.md","[[03-知识点/化学原理/Nernst方程]]"
"网课资料\无机化学-新课-周坤-2020-难度适中\资料提炼\资料提炼-周坤-热力学与化学平衡.md","[[03-知识点/化学原理/标准电极电势"
"网课资料\无机化学-新课-周坤-2020-难度适中\资料提炼\资料提炼-周坤-原子结构与分子结构.md","03-知识点/化学原理/原子结构]]"
"网课资料\无机化学-新课-周坤-2020-难度适中\资料提炼\资料提炼-周坤-原子结构与分子结构.md","[[03-知识点/化学原理/量子数]]"
"网课资料\无机化学-新课-周坤-2020-难度适中\资料提炼\资料提炼-周坤-原子结构与分子结构.md","[[03-知识点/化学原理/原子轨道]]"
"网课资料\无机化学-新课-周坤-2020-难度适中\资料提炼\资料提炼-周坤-原子结构与分子结构.md","[[03-知识点/化学原理/电子排布]]"
"网课资料\无机化学-新课-周坤-2020-难度适中\资料提炼\资料提炼-周坤-原子结构与分子结构.md","[[03-知识点/化学原理/元素周期律]]"
"网课资料\无机化学-新课-周坤-2020-难度适中\资料提炼\资料提炼-周坤-原子结构与分子结构.md","[[03-知识点/化学原理/电离能]]"
"网课资料\无机化学-新课-周坤-2020-难度适中\资料提炼\资料提炼-周坤-原子结构与分子结构.md","[[03-知识点/化学原理/电负性]]"
"网课资料\无机化学-新课-周坤-2020-难度适中\资料提炼\资料提炼-周坤-原子结构与分子结构.md","[[03-知识点/化学原理/离子键]]"
"网课资料\无机化学-新课-周坤-2020-难度适中\资料提炼\资料提炼-周坤-原子结构与分子结构.md","[[03-知识点/化学原理/共价键]]"
"网课资料\无机化学-新课-周坤-2020-难度适中\资料提炼\资料提炼-周坤-原子结构与分子结构.md","[[03-知识点/化学原理/金属键]]"
"网课资料\无机化学-新课-周坤-2020-难度适中\资料提炼\资料提炼-周坤-原子结构与分子结构.md","[[03-知识点/化学原理/Lewis结构式]]"
"网课资料\无机化学-新课-周坤-2020-难度适中\资料提炼\资料提炼-周坤-原子结构与分子结构.md","[[03-知识点/化学原理/杂化轨道理论]]"
"网课资料\无机化学-新课-周坤-2020-难度适中\资料提炼\资料提炼-周坤-原子结构与分子结构.md","[[03-知识点/化学原理/VSEPR理论]]"
"网课资料\无机化学-新课-周坤-2020-难度适中\资料提炼\资料提炼-周坤-原子结构与分子结构.md","[[03-知识点/化学原理/分子轨道理论]]"
"网课资料\无机化学-新课-周坤-2020-难度适中\资料提炼\资料提炼-周坤-原子结构与分子结构.md","[[03-知识点/化学原理/离域π键]]"
"网课资料\无机化学-新课-周坤-2020-难度适中\资料提炼\资料提炼-周坤-原子结构与分子结构.md","[[03-知识点/化学原理/等电子体]]"
"网课资料\无机化学-新课-周坤-2020-难度适中\资料提炼\资料提炼-周坤-原子结构与分子结构.md","[[03-知识点/化学原理/键能]]"
"网课资料\无机化学-新课-周坤-2020-难度适中\资料提炼\资料提炼-周坤-原子结构与分子结构.md","[[03-知识点/化学原理/键级]]"
"网课资料\无机化学-新课-周坤-2020-难度适中\资料提炼\资料提炼-周坤-原子结构与分子结构.md","[[03-知识点/化学原理/键长]]"
"网课资料\无机化学-新课-周坤-2020-难度适中\资料提炼\资料提炼-周坤-原子结构与分子结构.md","[[03-知识点/化学原理/键角]]"
"网课资料\无机化学-新课-周坤-2020-难度适中\资料提炼\资料提炼-周坤-原子结构与分子结构.md","[[03-知识点/无机和结构化学/离子极化]]"
"网课资料\无机化学-新课-周坤-2020-难度适中\资料提炼\资料提炼-周坤-原子结构与分子结构.md","[[03-知识点/化学原理/分子间力]]"
"网课资料\无机化学-新课-周坤-2020-难度适中\资料提炼\资料提炼-周坤-原子结构与分子结构.md","[[03-知识点/化学原理/氢键"
"网课资料\学而思 有机化学基础\资料提炼-学而思有机化学基础-批次A-绪论烷烃立体化学.md","03-知识点/有机化学/自由基]]"
"网课资料\学而思 有机化学基础\资料提炼-学而思有机化学基础-批次A-绪论烷烃立体化学.md","[[03-知识点/有机化学/立体化学]]"
"网课资料\学而思 有机化学基础\资料提炼-学而思有机化学基础-批次A-绪论烷烃立体化学.md","[[03-知识点/有机化学/构象异构]]"
"网课资料\学而思 有机化学基础\资料提炼-学而思有机化学基础-批次A-绪论烷烃立体化学.md","[[03-知识点/有机化学/对映异构"
"网课资料\学而思 有机化学基础\资料提炼-学而思有机化学基础-批次B-卤代烃烯烃炔烃与二烯烃.md","03-知识点/有机化学/卤代烃]]"
"网课资料\学而思 有机化学基础\资料提炼-学而思有机化学基础-批次B-卤代烃烯烃炔烃与二烯烃.md","[[03-知识点/有机化学/消除反应]]"
"网课资料\学而思 有机化学基础\资料提炼-学而思有机化学基础-批次B-卤代烃烯烃炔烃与二烯烃.md","[[03-知识点/有机化学/烯烃]]"
"网课资料\学而思 有机化学基础\资料提炼-学而思有机化学基础-批次B-卤代烃烯烃炔烃与二烯烃.md","[[03-知识点/有机化学/炔烃]]"
"网课资料\学而思 有机化学基础\资料提炼-学而思有机化学基础-批次B-卤代烃烯烃炔烃与二烯烃.md","[[03-知识点/有机化学/自由基]]"
"网课资料\学而思 有机化学基础\资料提炼-学而思有机化学基础-批次B-卤代烃烯烃炔烃与二烯烃.md","[[03-知识点/有机化学/碳正离子]]"
"网课资料\学而思 有机化学基础\资料提炼-学而思有机化学基础-批次B-卤代烃烯烃炔烃与二烯烃.md","[[03-知识点/有机化学/炔负离子"
"网课资料\学而思 有机化学基础\资料提炼-学而思有机化学基础-批次C-芳香烃与醇酚醚.md","03-知识点/有机化学/芳香性]]"
"网课资料\学而思 有机化学基础\资料提炼-学而思有机化学基础-批次C-芳香烃与醇酚醚.md","[[03-知识点/有机化学/芳香亲电取代反应]]"
"网课资料\学而思 有机化学基础\资料提炼-学而思有机化学基础-批次C-芳香烃与醇酚醚.md","[[03-知识点/有机化学/醇]]"
"网课资料\学而思 有机化学基础\资料提炼-学而思有机化学基础-批次C-芳香烃与醇酚醚.md","[[03-知识点/有机化学/互变异构"
"网课资料\学而思 有机化学基础\资料提炼-学而思有机化学基础-批次D-醛酮.md","03-知识点/有机化学/亚胺]]"
"网课资料\学而思 有机化学基础\资料提炼-学而思有机化学基础-批次D-醛酮.md","[[03-知识点/有机化学/烯胺]]"
"网课资料\学而思 有机化学基础\资料提炼-学而思有机化学基础-批次D-醛酮.md","[[03-知识点/有机化学/Beckmann重排]]"
"网课资料\学而思 有机化学基础\资料提炼-学而思有机化学基础-批次D-醛酮.md","[[03-知识点/有机化学/Cannizzaro反应"
"网课资料\学而思 有机化学基础\资料提炼-学而思有机化学基础-批次E-羧酸羧衍缩合前置与含氮延伸.md","03-知识点/有机化学/羧酸]]"
"网课资料\学而思 有机化学基础\资料提炼-学而思有机化学基础-批次E-羧酸羧衍缩合前置与含氮延伸.md","[[03-知识点/有机化学/Mannich反应]]"
"网课资料\学而思 有机化学基础\资料提炼-学而思有机化学基础-批次E-羧酸羧衍缩合前置与含氮延伸.md","[[03-知识点/有机化学/安息香缩合"
"网课资料\质心 化学原理 下\资料提炼-质心-化学平衡.md","03-知识点/化学原理/化学平衡]]"
"网课资料\质心 化学原理 下\资料提炼-质心-化学平衡.md","[[03-知识点/化学原理/平衡常数]]"
"网课资料\质心 化学原理 下\资料提炼-质心-化学平衡.md","[[03-知识点/化学原理/反应商]]"
"网课资料\质心 化学原理 下\资料提炼-质心-化学平衡.md","[[03-知识点/化学原理/Gibbs自由能]]"
"网课资料\质心 化学原理 下\资料提炼-质心-化学平衡.md","[[03-知识点/化学原理/Le Chatelier原理"
"网课资料\质心 化学原理 下\资料提炼-质心-热力学初步.md","03-知识点/化学原理/焓]]"
"网课资料\质心 化学原理 下\资料提炼-质心-热力学初步.md","[[03-知识点/化学原理/盖斯定律]]"
"网课资料\质心 化学原理 下\资料提炼-质心-热力学初步.md","[[03-知识点/化学原理/标准态]]"
"网课资料\质心 化学原理 下\资料提炼-质心-热力学初步.md","[[03-知识点/化学原理/标准生成焓]]"
"网课资料\质心 化学原理 下\资料提炼-质心-热力学初步.md","[[03-知识点/化学原理/键能]]"
"网课资料\质心 化学原理 下\资料提炼-质心-热力学初步.md","[[03-知识点/化学原理/熵]]"
"网课资料\质心 化学原理 下\资料提炼-质心-热力学初步.md","[[03-知识点/化学原理/Gibbs自由能]]"
"网课资料\质心 化学原理 下\资料提炼-质心-热力学初步.md","[[03-知识点/化学原理/反应商]]"
"网课资料\质心 化学原理 下\资料提炼-质心-热力学初步.md","[[03-知识点/化学原理/平衡常数]]"
"网课资料\质心 化学原理 下\资料提炼-质心-热力学初步.md","[[03-知识点/化学原理/等温方程"
"网课资料\质心 化学原理 下\资料提炼-质心-酸碱理论与沉淀溶解平衡.md","03-知识点/化学原理/共轭酸碱对]]"
"网课资料\质心 化学原理 下\资料提炼-质心-酸碱理论与沉淀溶解平衡.md","[[03-知识点/化学原理/酸碱强度]]"
"网课资料\质心 化学原理 下\资料提炼-质心-酸碱理论与沉淀溶解平衡.md","[[03-知识点/化学原理/pH]]"
"网课资料\质心 化学原理 下\资料提炼-质心-酸碱理论与沉淀溶解平衡.md","[[03-知识点/化学原理/弱酸]]"
"网课资料\质心 化学原理 下\资料提炼-质心-酸碱理论与沉淀溶解平衡.md","[[03-知识点/化学原理/弱碱]]"
"网课资料\质心 化学原理 下\资料提炼-质心-酸碱理论与沉淀溶解平衡.md","[[03-知识点/化学原理/两性物质]]"
"网课资料\质心 化学原理 下\资料提炼-质心-酸碱理论与沉淀溶解平衡.md","[[03-知识点/化学原理/缓冲溶液]]"
"网课资料\质心 化学原理 下\资料提炼-质心-酸碱理论与沉淀溶解平衡.md","[[03-知识点/化学原理/质子守恒]]"
"网课资料\质心 化学原理 下\资料提炼-质心-酸碱理论与沉淀溶解平衡.md","[[03-知识点/化学原理/电荷守恒]]"
"网课资料\质心 化学原理 下\资料提炼-质心-酸碱理论与沉淀溶解平衡.md","[[03-知识点/无机和结构化学/软硬酸碱理论]]"
"网课资料\质心 化学原理 下\资料提炼-质心-酸碱理论与沉淀溶解平衡.md","[[03-知识点/化学原理/溶度积]]"
"网课资料\质心 化学原理 下\资料提炼-质心-酸碱理论与沉淀溶解平衡.md","[[03-知识点/化学原理/沉淀溶解平衡"
"网课资料\Zchem 基础有机化学\资料提炼-Zchem基础有机化学-批次Z-A到Z-E-结构与反应体系.md","03-知识点/化学原理/共价键]]"
"网课资料\Zchem 基础有机化学\资料提炼-Zchem基础有机化学-批次Z-A到Z-E-结构与反应体系.md","[[03-知识点/化学原理/酸碱理论]]"
"网课资料\Zchem 基础有机化学\资料提炼-Zchem基础有机化学-批次Z-A到Z-E-结构与反应体系.md","[[03-知识点/有机化学/构象异构]]"
"网课资料\Zchem 基础有机化学\资料提炼-Zchem基础有机化学-批次Z-A到Z-E-结构与反应体系.md","[[03-知识点/有机化学/自由基]]"
"网课资料\Zchem 基础有机化学\资料提炼-Zchem基础有机化学-批次Z-A到Z-E-结构与反应体系.md","[[03-知识点/有机化学/立体化学]]"
"网课资料\Zchem 基础有机化学\资料提炼-Zchem基础有机化学-批次Z-A到Z-E-结构与反应体系.md","[[03-知识点/有机化学/卤代烃]]"
"网课资料\Zchem 基础有机化学\资料提炼-Zchem基础有机化学-批次Z-A到Z-E-结构与反应体系.md","[[03-知识点/有机化学/消除反应]]"
"网课资料\Zchem 基础有机化学\资料提炼-Zchem基础有机化学-批次Z-A到Z-E-结构与反应体系.md","[[03-知识点/有机化学/醇]]"
"网课资料\Zchem 基础有机化学\资料提炼-Zchem基础有机化学-批次Z-A到Z-E-结构与反应体系.md","[[03-知识点/有机化学/烯烃]]"
"网课资料\Zchem 基础有机化学\资料提炼-Zchem基础有机化学-批次Z-A到Z-E-结构与反应体系.md","[[03-知识点/有机化学/炔烃]]"
"网课资料\Zchem 基础有机化学\资料提炼-Zchem基础有机化学-批次Z-A到Z-E-结构与反应体系.md","[[03-知识点/有机化学/芳香性]]"
"网课资料\Zchem 基础有机化学\资料提炼-Zchem基础有机化学-批次Z-A到Z-E-结构与反应体系.md","[[03-知识点/有机化学/醛酮]]"
"网课资料\Zchem 基础有机化学\资料提炼-Zchem基础有机化学-批次Z-A到Z-E-结构与反应体系.md","[[03-知识点/有机化学/羧酸]]"
"网课资料\Zchem 基础有机化学\资料提炼-Zchem基础有机化学-批次Z-A到Z-E-结构与反应体系.md","[[03-知识点/有机化学/羧酸衍生物]]"
"网课资料\Zchem 基础有机化学\资料提炼-Zchem基础有机化学-批次Z-A到Z-E-结构与反应体系.md","[[03-知识点/有机化学/缩合反应"
"网课资料\Zchem 基础有机化学\资料提炼-Zchem基础有机化学-批次Z-F-周环反应与重排反应与波谱分析.md","03-知识点/有机化学/周环反应]]"
"网课资料\Zchem 基础有机化学\资料提炼-Zchem基础有机化学-批次Z-F-周环反应与重排反应与波谱分析.md","[[03-知识点/有机化学/Diels-Alder反应]]"
"网课资料\Zchem 基础有机化学\资料提炼-Zchem基础有机化学-批次Z-F-周环反应与重排反应与波谱分析.md","[[03-知识点/有机化学/电环化反应]]"
"网课资料\Zchem 基础有机化学\资料提炼-Zchem基础有机化学-批次Z-F-周环反应与重排反应与波谱分析.md","[[03-知识点/有机化学/σ迁移反应]]"
"网课资料\Zchem 基础有机化学\资料提炼-Zchem基础有机化学-批次Z-F-周环反应与重排反应与波谱分析.md","[[03-知识点/有机化学/重排反应]]"
"网课资料\Zchem 基础有机化学\资料提炼-Zchem基础有机化学-批次Z-F-周环反应与重排反应与波谱分析.md","[[03-知识点/有机化学/邻基参与]]"
"网课资料\Zchem 基础有机化学\资料提炼-Zchem基础有机化学-批次Z-F-周环反应与重排反应与波谱分析.md","[[03-知识点/有机化学/Wagner-Meerwein重排]]"
"网课资料\Zchem 基础有机化学\资料提炼-Zchem基础有机化学-批次Z-F-周环反应与重排反应与波谱分析.md","[[03-知识点/有机化学/Favorskii重排]]"
"网课资料\Zchem 基础有机化学\资料提炼-Zchem基础有机化学-批次Z-F-周环反应与重排反应与波谱分析.md","[[03-知识点/有机化学/Baeyer-Villiger重排]]"
"网课资料\Zchem 基础有机化学\资料提炼-Zchem基础有机化学-批次Z-F-周环反应与重排反应与波谱分析.md","[[03-知识点/有机化学/红外光谱]]"
"网课资料\Zchem 基础有机化学\资料提炼-Zchem基础有机化学-批次Z-F-周环反应与重排反应与波谱分析.md","[[03-知识点/有机化学/质谱"
"网课资料\Zchem 基础有机化学\资料提炼-Zchem基础有机化学-批次Z-G-综合复习与例题.md","03-知识点/有机化学/立体化学]]"
"网课资料\Zchem 基础有机化学\资料提炼-Zchem基础有机化学-批次Z-G-综合复习与例题.md","[[03-知识点/有机化学/消除反应]]"
"网课资料\Zchem 基础有机化学\资料提炼-Zchem基础有机化学-批次Z-G-综合复习与例题.md","[[03-知识点/有机化学/亲核取代]]"
"网课资料\Zchem 基础有机化学\资料提炼-Zchem基础有机化学-批次Z-G-综合复习与例题.md","[[03-知识点/有机化学/芳香性]]"
"网课资料\Zchem 基础有机化学\资料提炼-Zchem基础有机化学-批次Z-G-综合复习与例题.md","[[03-知识点/化学原理/共振结构]]"
"网课资料\Zchem 基础有机化学\资料提炼-Zchem基础有机化学-批次Z-G-综合复习与例题.md","[[03-知识点/有机化学/重氮盐]]"
"网课资料\Zchem 基础有机化学\资料提炼-Zchem基础有机化学-批次Z-G-综合复习与例题.md","[[03-知识点/有机化学/糖类"
"习题提炼\习题-普化原理-第10章-氧化还原电化学.md","[""[[理想气体状态方程]]"
"习题提炼\习题-普化原理-第10章-氧化还原电化学.md","[[溶液]]"
"习题提炼\习题-普化原理-第10章-氧化还原电化学.md","[[化学平衡]]"
"习题提炼\习题-普化原理-第10章-氧化还原电化学.md","[[化学热力学]]"
"习题提炼\习题-普化原理-第10章-氧化还原电化学.md","[[化学动力学]]"
"习题提炼\习题-普化原理-第10章-氧化还原电化学.md","[[配合物"
"习题提炼\习题-普化原理-第11章-原子结构.md","原子结构]]"
"习题提炼\习题-普化原理-第11章-原子结构.md","[[元素周期律]]"
"习题提炼\习题-普化原理-第11章-原子结构.md","[[共价键]]"
"习题提炼\习题-普化原理-第11章-原子结构.md","[[离子键]]"
"习题提炼\习题-普化原理-第11章-原子结构.md","[[晶体结构基础]]"
"习题提炼\习题-普化原理-第11章-原子结构.md","[[金属键]]"
"习题提炼\习题-普化原理-第11章-原子结构.md","[[氧化还原反应方程式配平]]"
"习题提炼\习题-普化原理-第11章-原子结构.md","[[化学热力学"
"习题提炼\习题-普化原理-第12章-化学键与分子结构.md","原子结构]]"
"习题提炼\习题-普化原理-第12章-化学键与分子结构.md","[[元素周期律]]"
"习题提炼\习题-普化原理-第12章-化学键与分子结构.md","[[共价键]]"
"习题提炼\习题-普化原理-第12章-化学键与分子结构.md","[[离子键]]"
"习题提炼\习题-普化原理-第12章-化学键与分子结构.md","[[晶体结构基础]]"
"习题提炼\习题-普化原理-第12章-化学键与分子结构.md","[[金属键]]"
"习题提炼\习题-普化原理-第12章-化学键与分子结构.md","[[氧化还原反应方程式配平]]"
"习题提炼\习题-普化原理-第12章-化学键与分子结构.md","[[化学热力学"
"习题提炼\习题-普化原理-第13章-晶体与晶体结构.md","原子结构]]"
"习题提炼\习题-普化原理-第13章-晶体与晶体结构.md","[[元素周期律]]"
"习题提炼\习题-普化原理-第13章-晶体与晶体结构.md","[[共价键]]"
"习题提炼\习题-普化原理-第13章-晶体与晶体结构.md","[[离子键]]"
"习题提炼\习题-普化原理-第13章-晶体与晶体结构.md","[[晶体结构基础]]"
"习题提炼\习题-普化原理-第13章-晶体与晶体结构.md","[[金属键]]"
"习题提炼\习题-普化原理-第13章-晶体与晶体结构.md","[[氧化还原反应方程式配平]]"
"习题提炼\习题-普化原理-第13章-晶体与晶体结构.md","[[化学热力学"
"习题提炼\习题-普化原理-第14章-配位化合物.md","[""[[配合物]]"
"习题提炼\习题-普化原理-第14章-配位化合物.md","[[晶体场理论]]"
"习题提炼\习题-普化原理-第14章-配位化合物.md","[[配位化学"
"习题提炼\习题-普化原理-第15章-元素化学.md","[""[[元素化学]]"
"习题提炼\习题-普化原理-第15章-元素化学.md","[[碱金属]]"
"习题提炼\习题-普化原理-第15章-元素化学.md","[[卤素"
"习题提炼\习题-普化原理-第2章-气体.md","[""[[理想气体状态方程]]"
"习题提炼\习题-普化原理-第2章-气体.md","[[溶液]]"
"习题提炼\习题-普化原理-第2章-气体.md","[[化学平衡]]"
"习题提炼\习题-普化原理-第2章-气体.md","[[化学热力学]]"
"习题提炼\习题-普化原理-第2章-气体.md","[[化学动力学]]"
"习题提炼\习题-普化原理-第2章-气体.md","[[配合物"
"习题提炼\习题-普化原理-第4章-溶液.md","[""[[理想气体状态方程]]"
"习题提炼\习题-普化原理-第4章-溶液.md","[[溶液]]"
"习题提炼\习题-普化原理-第4章-溶液.md","[[化学平衡]]"
"习题提炼\习题-普化原理-第4章-溶液.md","[[化学热力学]]"
"习题提炼\习题-普化原理-第4章-溶液.md","[[化学动力学]]"
"习题提炼\习题-普化原理-第4章-溶液.md","[[配合物"
"习题提炼\习题-普化原理-第5章-化学热力学.md","[""[[理想气体状态方程]]"
"习题提炼\习题-普化原理-第5章-化学热力学.md","[[溶液]]"
"习题提炼\习题-普化原理-第5章-化学热力学.md","[[化学平衡]]"
"习题提炼\习题-普化原理-第5章-化学热力学.md","[[化学热力学]]"
"习题提炼\习题-普化原理-第5章-化学热力学.md","[[化学动力学]]"
"习题提炼\习题-普化原理-第5章-化学热力学.md","[[配合物"
"习题提炼\习题-普化原理-第6章-化学平衡.md","[""[[理想气体状态方程]]"
"习题提炼\习题-普化原理-第6章-化学平衡.md","[[溶液]]"
"习题提炼\习题-普化原理-第6章-化学平衡.md","[[化学平衡]]"
"习题提炼\习题-普化原理-第6章-化学平衡.md","[[化学热力学]]"
"习题提炼\习题-普化原理-第6章-化学平衡.md","[[化学动力学]]"
"习题提炼\习题-普化原理-第6章-化学平衡.md","[[配合物"
"习题提炼\习题-普化原理-第7章-化学反应速率.md","[""[[理想气体状态方程]]"
"习题提炼\习题-普化原理-第7章-化学反应速率.md","[[溶液]]"
"习题提炼\习题-普化原理-第7章-化学反应速率.md","[[化学平衡]]"
"习题提炼\习题-普化原理-第7章-化学反应速率.md","[[化学热力学]]"
"习题提炼\习题-普化原理-第7章-化学反应速率.md","[[化学动力学]]"
"习题提炼\习题-普化原理-第7章-化学反应速率.md","[[配合物"
"习题提炼\习题-普化原理-第8章-酸碱平衡.md","[""[[理想气体状态方程]]"
"习题提炼\习题-普化原理-第8章-酸碱平衡.md","[[溶液]]"
"习题提炼\习题-普化原理-第8章-酸碱平衡.md","[[化学平衡]]"
"习题提炼\习题-普化原理-第8章-酸碱平衡.md","[[化学热力学]]"
"习题提炼\习题-普化原理-第8章-酸碱平衡.md","[[化学动力学]]"
"习题提炼\习题-普化原理-第8章-酸碱平衡.md","[[配合物"
"习题提炼\习题-普化原理-第9章-沉淀溶解平衡.md","[""[[理想气体状态方程]]"
"习题提炼\习题-普化原理-第9章-沉淀溶解平衡.md","[[溶液]]"
"习题提炼\习题-普化原理-第9章-沉淀溶解平衡.md","[[化学平衡]]"
"习题提炼\习题-普化原理-第9章-沉淀溶解平衡.md","[[化学热力学]]"
"习题提炼\习题-普化原理-第9章-沉淀溶解平衡.md","[[化学动力学]]"
"习题提炼\习题-普化原理-第9章-沉淀溶解平衡.md","[[配合物"
