relpath,module,status,has_status,importance,difficulty,syllabus_code,n_source_extracts,body_lines,has_teaching_section,n_aliases,inbound_refs
03-知识点/README.md,(根目录),(缺失),否,,,,0,28,是,0,1
03-知识点/知识点.md,(根目录),已填充,是,,,,0,56,是,0,10
03-知识点/决赛要求/README.md,决赛要求,已填充,是,,,,0,41,否,0,10
03-知识点/决赛要求/材料化学.md,决赛要求,已填充,是,3,4,,1,262,是,2,36
03-知识点/决赛要求/物理化学深化/Boltzmann统计初步.md,决赛要求,已填充,是,4,5,决赛04,1,516,是,3,11
03-知识点/决赛要求/物理化学深化/Debye-Hückel极限定律.md,决赛要求,已填充,是,4,5,决赛-物理化学深化,1,188,是,3,9
03-知识点/决赛要求/物理化学深化/Langmuir吸附等温式.md,决赛要求,已填充,是,4,4,决赛09,1,145,是,3,4
03-知识点/决赛要求/物理化学深化/Raoult与Henry定律.md,决赛要求,已填充,是,5,4,决赛05,2,379,是,4,82
03-知识点/决赛要求/物理化学深化/临界胶束浓度.md,决赛要求,已填充,是,4,4,决赛09,1,114,是,1,10
03-知识点/决赛要求/物理化学深化/亥姆霍兹自由能.md,决赛要求,已填充,是,4,4,决赛04,1,65,是,3,6
03-知识点/决赛要求/物理化学深化/光化学基础.md,决赛要求,已填充,是,4,4,决赛07,1,115,是,1,10
03-知识点/决赛要求/物理化学深化/克拉佩隆方程.md,决赛要求,已填充,是,4,4,决赛05,1,60,是,4,12
03-知识点/决赛要求/物理化学深化/分子光谱.md,决赛要求,已填充,是,4,5,决赛-物理化学深化,1,368,是,5,17
03-知识点/决赛要求/物理化学深化/分子间相互作用深化.md,决赛要求,已填充,是,4,4,决赛03,1,114,是,1,11
03-知识点/决赛要求/物理化学深化/化学动力学深化.md,决赛要求,已填充,是,5,4,决赛07,5,673,是,3,126
03-知识点/决赛要求/物理化学深化/化学势与平衡.md,决赛要求,已填充,是,4,4,决赛04,1,136,是,1,48
03-知识点/决赛要求/物理化学深化/卡诺循环.md,决赛要求,已填充,是,4,4,决赛04,1,67,是,4,6
03-知识点/决赛要求/物理化学深化/双组分相图.md,决赛要求,已填充,是,4,4,决赛05,2,150,是,1,23
03-知识点/决赛要求/物理化学深化/反应机理与近似.md,决赛要求,已填充,是,5,5,决赛08,1,545,是,4,57
03-知识点/决赛要求/物理化学深化/可逆电池.md,决赛要求,已填充,是,4,4,决赛10,1,125,是,1,10
03-知识点/决赛要求/物理化学深化/可逆过程与最大功.md,决赛要求,已填充,是,3,3,决赛04,1,64,是,3,8
03-知识点/决赛要求/物理化学深化/吉布斯-亥姆霍兹方程.md,决赛要求,已填充,是,4,4,决赛04,1,65,是,2,7
03-知识点/决赛要求/物理化学深化/吸附.md,决赛要求,已填充,是,4,4,决赛09,1,113,是,1,11
03-知识点/决赛要求/物理化学深化/固体物理性质.md,决赛要求,已填充,是,4,4,决赛03,1,144,是,1,20
03-知识点/决赛要求/物理化学深化/图-双组分相图-杠杆规则.excalidraw.md,决赛要求,已填充,是,,,,2,12,否,0,0
03-知识点/决赛要求/物理化学深化/图-双组分相图-简单共晶.excalidraw.md,决赛要求,已填充,是,,,,2,12,否,0,0
03-知识点/决赛要求/物理化学深化/图-活度与活度系数-反应商书写.excalidraw.md,决赛要求,已填充,是,,,,1,12,否,0,0
03-知识点/决赛要求/物理化学深化/图-活度与活度系数-正负偏差.excalidraw.md,决赛要求,已填充,是,,,,0,12,否,0,0
03-知识点/决赛要求/物理化学深化/图-温度对速率的影响-Arrhenius直线.excalidraw.md,决赛要求,已填充,是,,,,0,12,否,0,0
03-知识点/决赛要求/物理化学深化/图-温度对速率的影响-Maxwell分布.excalidraw.md,决赛要求,已填充,是,,,,0,12,否,0,0
03-知识点/决赛要求/物理化学深化/图-电导-三层关系.excalidraw.md,决赛要求,已填充,是,,,,0,12,否,0,0
03-知识点/决赛要求/物理化学深化/图-电导-强弱电解质曲线.excalidraw.md,决赛要求,已填充,是,,,,0,12,否,0,0
03-知识点/决赛要求/物理化学深化/图-迁移数-Hittorf法.excalidraw.md,决赛要求,已填充,是,,,,0,12,否,0,0
03-知识点/决赛要求/物理化学深化/图-迁移数-电流分账.excalidraw.md,决赛要求,已填充,是,,,,0,12,否,0,0
03-知识点/决赛要求/物理化学深化/图-速率控制步骤-快平衡慢步骤.excalidraw.md,决赛要求,已填充,是,,,,0,12,否,0,0
03-知识点/决赛要求/物理化学深化/图-速率控制步骤-近似选择.excalidraw.md,决赛要求,已填充,是,,,,0,12,否,0,0
03-知识点/决赛要求/物理化学深化/基元反应.md,决赛要求,已填充,是,5,4,决赛08,1,170,是,2,12
03-知识点/决赛要求/物理化学深化/多相催化.md,决赛要求,已填充,是,4,4,决赛07,1,113,是,1,16
03-知识点/决赛要求/物理化学深化/平行反应.md,决赛要求,已填充,是,3,3,决赛07,1,67,是,3,3
03-知识点/决赛要求/物理化学深化/平衡近似.md,决赛要求,已填充,是,4,4,决赛08,1,154,是,3,3
03-知识点/决赛要求/物理化学深化/接触角.md,决赛要求,已填充,是,4,4,决赛09,1,114,是,1,3
03-知识点/决赛要求/物理化学深化/活度与活度系数.md,决赛要求,已填充,是,4,4,决赛05,1,149,是,2,34
03-知识点/决赛要求/物理化学深化/润湿.md,决赛要求,已填充,是,4,4,决赛09,1,113,是,1,4
03-知识点/决赛要求/物理化学深化/渗透压.md,决赛要求,已填充,是,4,4,决赛05,1,113,是,1,22
03-知识点/决赛要求/物理化学深化/温度对速率的影响.md,决赛要求,已填充,是,4,4,决赛07,1,137,是,1,4
03-知识点/决赛要求/物理化学深化/热力学四大基本方程.md,决赛要求,已填充,是,5,5,决赛04,1,68,是,3,3
03-知识点/决赛要求/物理化学深化/热力学第一定律深化.md,决赛要求,已填充,是,4,4,决赛04,2,113,是,1,18
03-知识点/决赛要求/物理化学深化/热力学第三定律深化.md,决赛要求,已填充,是,4,4,决赛04,1,113,是,1,5
03-知识点/决赛要求/物理化学深化/热力学第二定律深化.md,决赛要求,已填充,是,4,4,决赛04,3,113,是,1,16
03-知识点/决赛要求/物理化学深化/热容与摩尔热容.md,决赛要求,已填充,是,3,3,决赛04,1,70,是,5,6
03-知识点/决赛要求/物理化学深化/焦汤系数.md,决赛要求,已填充,是,3,3,决赛04,1,64,是,4,2
03-知识点/决赛要求/物理化学深化/焦耳实验与理想气体内能.md,决赛要求,已填充,是,3,3,决赛04,1,64,是,4,2
03-知识点/决赛要求/物理化学深化/熵变计算.md,决赛要求,已填充,是,4,4,决赛04,3,70,是,4,6
03-知识点/决赛要求/物理化学深化/理想气体混合物与化学势.md,决赛要求,已填充,是,3,3,决赛04,1,67,是,3,47
03-知识点/决赛要求/物理化学深化/电化学深化.md,决赛要求,已填充,是,5,5,决赛10,3,622,是,4,46
03-知识点/决赛要求/物理化学深化/电导.md,决赛要求,已填充,是,4,4,决赛10,1,149,是,1,6
03-知识点/决赛要求/物理化学深化/电极电势深化.md,决赛要求,已填充,是,4,4,决赛10,3,136,是,1,6
03-知识点/决赛要求/物理化学深化/电极过程热力学.md,决赛要求,已填充,是,4,4,决赛10,1,124,是,1,9
03-知识点/决赛要求/物理化学深化/电池电动势.md,决赛要求,已填充,是,4,4,决赛10,1,136,是,1,9
03-知识点/决赛要求/物理化学深化/相变热力学.md,决赛要求,已填充,是,4,4,决赛05,1,167,是,1,13
03-知识点/决赛要求/物理化学深化/相律与相图.md,决赛要求,已填充,是,4,4,决赛05,2,135,是,1,15
03-知识点/决赛要求/物理化学深化/碰撞理论与过渡态理论.md,决赛要求,已填充,是,5,5,决赛08,1,602,是,4,10
03-知识点/决赛要求/物理化学深化/离子强度与Debye-Hückel极限定律.md,决赛要求,已填充,是,3,3,决赛05,1,69,是,4,15
03-知识点/决赛要求/物理化学深化/稀溶液依数性.md,决赛要求,已填充,是,4,4,决赛05,1,143,是,1,48
03-知识点/决赛要求/物理化学深化/稳态近似.md,决赛要求,已填充,是,5,4,决赛08,1,167,是,3,23
03-知识点/决赛要求/物理化学深化/绝热可逆过程.md,决赛要求,已填充,是,3,3,决赛04,1,72,是,4,5
03-知识点/决赛要求/物理化学深化/胶体与表面活性剂.md,决赛要求,已填充,是,4,4,决赛09,2,113,是,1,15
03-知识点/决赛要求/物理化学深化/胶束.md,决赛要求,已填充,是,4,4,决赛09,1,113,是,1,6
03-知识点/决赛要求/物理化学深化/范特霍夫方程.md,决赛要求,已填充,是,4,4,决赛07,1,66,是,3,17
03-知识点/决赛要求/物理化学深化/范特霍夫等温式.md,决赛要求,已填充,是,4,4,决赛04,1,65,是,3,101
03-知识点/决赛要求/物理化学深化/表面与界面化学.md,决赛要求,已填充,是,3,4,决赛09,1,527,是,3,36
03-知识点/决赛要求/物理化学深化/表面张力.md,决赛要求,已填充,是,3,4,决赛09,1,113,是,1,14
03-知识点/决赛要求/物理化学深化/迁移数.md,决赛要求,已填充,是,4,4,决赛10,1,151,是,1,4
03-知识点/决赛要求/物理化学深化/速率控制步骤.md,决赛要求,已填充,是,4,4,决赛07,1,135,是,1,6
03-知识点/决赛要求/物理化学深化/逸度与非理想气体.md,决赛要求,已填充,是,3,3,决赛05,1,66,是,4,7
03-知识点/决赛要求/物理化学深化/酶催化.md,决赛要求,已填充,是,4,4,决赛07,1,113,是,1,20
03-知识点/决赛要求/物理化学深化/链反应.md,决赛要求,已填充,是,4,5,决赛08,1,173,是,3,4
03-知识点/决赛要求/物理化学深化/麦克斯韦关系式.md,决赛要求,已填充,是,4,4,决赛04,1,124,是,5,15
03-知识点/决赛要求/结构与配位深化/Bohr模型计算.md,决赛要求,已填充,是,4,4,决赛02,1,444,是,3,4
03-知识点/决赛要求/结构与配位深化/Jahn-Teller效应.md,决赛要求,已填充,是,4,4,决赛03,2,434,是,3,69
03-知识点/决赛要求/结构与配位深化/NO配体与亚硝酰配合物.md,决赛要求,已填充,是,2,3,决赛03,5,69,是,5,0
03-知识点/决赛要求/结构与配位深化/VSEPR理论深化.md,决赛要求,已填充,是,4,4,决赛02,3,170,是,3,16
03-知识点/决赛要求/结构与配位深化/d轨道分裂.md,决赛要求,已填充,是,4,4,决赛03,2,135,是,3,26
03-知识点/决赛要求/结构与配位深化/休克尔方法.md,决赛要求,已填充,是,4,4,决赛02,1,300,是,4,13
03-知识点/决赛要求/结构与配位深化/分子对称性初步.md,决赛要求,已填充,是,4,4,决赛02,1,801,是,3,55
03-知识点/决赛要求/结构与配位深化/分子结构深化.md,决赛要求,已填充,是,4,4,决赛02,1,446,是,3,45
03-知识点/决赛要求/结构与配位深化/分子结构补充.md,决赛要求,已填充,是,4,4,决赛02,2,174,是,3,111
03-知识点/决赛要求/结构与配位深化/分子轨道理论深化.md,决赛要求,已填充,是,4,4,决赛02,3,196,是,4,26
03-知识点/决赛要求/结构与配位深化/原子光谱与光谱项.md,决赛要求,已填充,是,4,4,决赛01,1,277,是,4,16
03-知识点/决赛要求/结构与配位深化/原子结构深化.md,决赛要求,已填充,是,4,4,决赛01,3,326,是,2,27
03-知识点/决赛要求/结构与配位深化/原子结构补充.md,决赛要求,已填充,是,4,4,决赛01,3,154,是,2,6
03-知识点/决赛要求/结构与配位深化/原子轨道与波函数.md,决赛要求,已填充,是,4,4,决赛01,2,212,是,4,175
03-知识点/决赛要求/结构与配位深化/反位效应.md,决赛要求,已填充,是,4,4,决赛03,0,252,是,3,15
03-知识点/决赛要求/结构与配位深化/反馈π键.md,决赛要求,已填充,是,5,4,决赛03,0,205,是,5,29
03-知识点/决赛要求/结构与配位深化/异构与结构表征.md,决赛要求,已填充,是,4,4,决赛03,2,201,是,3,44
03-知识点/决赛要求/结构与配位深化/晶体场分裂与磁性.md,决赛要求,已填充,是,4,4,决赛03,2,207,是,5,411
03-知识点/决赛要求/结构与配位深化/晶体结构深化.md,决赛要求,已填充,是,4,4,决赛02; 决赛03,1,640,是,5,71
03-知识点/决赛要求/结构与配位深化/杂化轨道理论深化.md,决赛要求,已填充,是,4,4,决赛02,4,168,是,3,15
03-知识点/决赛要求/结构与配位深化/电子排布与周期性.md,决赛要求,已填充,是,4,4,决赛01,3,206,是,4,10
03-知识点/决赛要求/结构与配位深化/离域与分子稳定性.md,决赛要求,已填充,是,4,4,决赛01; 决赛02,1,215,是,4,118
03-知识点/决赛要求/结构与配位深化/箱中粒子模型.md,决赛要求,已填充,是,4,4,决赛01,1,500,是,3,6
03-知识点/决赛要求/结构与配位深化/配位平衡.md,决赛要求,已填充,是,4,4,决赛03; 决赛12,2,140,是,3,69
03-知识点/决赛要求/结构与配位深化/配体类型与电子给受性质.md,决赛要求,已填充,是,4,4,决赛03; 决赛11,2,218,是,4,15
03-知识点/决赛要求/结构与配位深化/配合物深化.md,决赛要求,骨架,是,4,4,决赛12,5,37,是,1,6
03-知识点/决赛要求/结构与配位深化/配合物稳定性.md,决赛要求,已填充,是,4,4,决赛12,1,486,是,4,67
03-知识点/决赛要求/结构与配位深化/钻穿效应.md,决赛要求,已填充,是,4,4,决赛01,1,226,是,3,28
03-知识点/决赛要求/金属有机与超分子/β_氢消除.md,决赛要求,已填充,是,5,4,决赛11,1,152,是,3,10
03-知识点/决赛要求/金属有机与超分子/主客体化学.md,决赛要求,已填充,是,4,4,决赛15,1,171,是,4,47
03-知识点/决赛要求/金属有机与超分子/催化循环入门.md,决赛要求,已填充,是,5,5,决赛11,1,573,是,3,17
03-知识点/决赛要求/金属有机与超分子/冠醚.md,决赛要求,已填充,是,4,3,决赛15,1,122,是,3,15
03-知识点/决赛要求/金属有机与超分子/分子自组装.md,决赛要求,已填充,是,3,3,决赛13,1,221,是,3,20
03-知识点/决赛要求/金属有机与超分子/分子识别.md,决赛要求,已填充,是,4,3,决赛15,1,145,是,2,18
03-知识点/决赛要求/金属有机与超分子/包结作用.md,决赛要求,已填充,是,4,3,决赛15,1,120,是,4,6
03-知识点/决赛要求/金属有机与超分子/原子簇化学.md,决赛要求,已填充,是,2,2,决赛11,1,60,是,4,1
03-知识点/决赛要求/金属有机与超分子/杯芳烃.md,决赛要求,已填充,是,3,4,决赛15,1,154,是,3,8
03-知识点/决赛要求/金属有机与超分子/环糊精.md,决赛要求,已填充,是,4,3,决赛15,1,124,是,3,11
03-知识点/决赛要求/金属有机与超分子/超分子作用力.md,决赛要求,已填充,是,4,4,决赛14,1,167,是,3,11
03-知识点/决赛要求/金属有机与超分子/超分子聚合物.md,决赛要求,已填充,是,3,3,决赛13,1,166,是,3,16
03-知识点/决赛要求/金属有机与超分子/迁移插入.md,决赛要求,已填充,是,5,5,决赛11,1,151,是,6,27
03-知识点/决赛要求/金属有机与超分子/过渡金属催化基础.md,决赛要求,已填充,是,5,4,51,4,409,是,5,55
03-知识点/决赛要求/金属有机与超分子/金属_碳键.md,决赛要求,已填充,是,4,4,决赛11,1,152,是,3,3
03-知识点/决赛要求/金属有机与超分子/金属有机化学基础.md,决赛要求,已填充,是,4,4,决赛11,2,60,是,4,55
03-知识点/决赛要求/金属有机与超分子/金属有机化学深化.md,决赛要求,已填充,是,5,5,决赛11,2,655,是,4,161
03-知识点/分析化学/EDTA滴定.md,分析化学,已填充,是,4,3,,5,36,是,0,9
03-知识点/分析化学/Lambert-Beer定律.md,分析化学,已填充,是,5,2,20,2,193,是,3,25
03-知识点/分析化学/NMR谱学.md,分析化学,已填充,是,3,3,,8,204,是,8,135
03-知识点/分析化学/Q检验法.md,分析化学,初稿,是,3,2,,1,35,是,0,2
03-知识点/分析化学/README.md,分析化学,已填充,是,,,,0,31,否,0,14
03-知识点/分析化学/偏差.md,分析化学,已填充,是,4,2,19,3,158,是,3,23
03-知识点/分析化学/元素分析.md,分析化学,已填充,是,4,3,,5,270,是,3,12
03-知识点/分析化学/准确度.md,分析化学,已填充,是,4,2,19,3,149,是,2,31
03-知识点/分析化学/分光光度法.md,分析化学,已填充,是,4,2,20,8,217,是,5,82
03-知识点/分析化学/分布分数.md,分析化学,已填充,是,4,3,18,1,171,是,3,34
03-知识点/分析化学/副反应系数.md,分析化学,已填充,是,5,4,18,2,167,是,3,14
03-知识点/分析化学/动态NMR.md,分析化学,已填充,是,3,5,,1,287,是,4,2
03-知识点/分析化学/吸光度.md,分析化学,已填充,是,4,1,20,2,287,是,5,12
03-知识点/分析化学/基准物质.md,分析化学,已填充,是,4,2,18,2,171,是,2,17
03-知识点/分析化学/容量分析计算.md,分析化学,已填充,是,4,3,18,1,162,是,1,10
03-知识点/分析化学/指示剂.md,分析化学,已填充,是,4,2,18,2,233,是,4,65
03-知识点/分析化学/数据处理.md,分析化学,已填充,是,3,2,19,14,281,是,3,36
03-知识点/分析化学/条件电势.md,分析化学,已填充,是,5,4,18,3,166,是,3,23
03-知识点/分析化学/条件稳定常数.md,分析化学,已填充,是,5,4,18,4,167,是,3,20
03-知识点/分析化学/林邦公式.md,分析化学,初稿,是,4,3,,3,35,是,0,2
03-知识点/分析化学/林邦误差公式.md,分析化学,已填充,是,5,4,18,5,165,是,2,23
03-知识点/分析化学/标准溶液.md,分析化学,已填充,是,4,2,18,2,187,是,2,14
03-知识点/分析化学/比色分析.md,分析化学,已填充,是,3,2,20,2,180,是,2,11
03-知识点/分析化学/氘代.md,分析化学,已填充,是,3,3,,1,277,是,4,8
03-知识点/分析化学/氧化还原滴定.md,分析化学,已填充,是,5,4,18,21,207,是,1,83
03-知识点/分析化学/沉淀滴定.md,分析化学,已填充,是,4,3,18,7,177,是,2,42
03-知识点/分析化学/滴定曲线.md,分析化学,已填充,是,5,3,18,2,208,是,2,32
03-知识点/分析化学/热重分析.md,分析化学,已填充,是,3,4,,5,374,是,3,7
03-知识点/分析化学/电荷平衡.md,分析化学,已填充,是,3,2,,5,358,是,3,38
03-知识点/分析化学/碘量法.md,分析化学,已填充,是,3,3,18,7,182,是,3,45
03-知识点/分析化学/磁性测量.md,分析化学,已填充,是,3,4,,2,349,是,3,3
03-知识点/分析化学/精密度.md,分析化学,已填充,是,4,2,19,3,213,是,2,36
03-知识点/分析化学/终点误差.md,分析化学,已填充,是,5,4,18,6,144,是,3,38
03-知识点/分析化学/络合滴定.md,分析化学,已填充,是,5,4,18,20,326,是,3,85
03-知识点/分析化学/萃取.md,分析化学,已填充,是,3,3,18,1,277,是,0,12
03-知识点/分析化学/误差.md,分析化学,已填充,是,4,2,19,2,202,是,3,48
03-知识点/分析化学/质量分数推断.md,分析化学,已填充,是,4,3,,1,331,是,4,25
03-知识点/分析化学/酸碱滴定.md,分析化学,已填充,是,5,3,18,2,426,是,2,122
03-知识点/分析化学/重量分析.md,分析化学,已填充,是,3,2,18,8,226,是,1,34
03-知识点/化学原理/Arrhenius方程.md,化学原理,已填充,是,5,3,7; 决赛07,1,176,是,3,61
03-知识点/化学原理/Brønsted酸碱理论.md,化学原理,已填充,是,5,3,5,1,286,是,7,110
03-知识点/化学原理/Clapeyron方程.md,化学原理,初稿,是,4,3,,4,40,是,0,9
03-知识点/化学原理/Dalton分压定律.md,化学原理,已填充,是,5,2,2,2,167,是,4,118
03-知识点/化学原理/Dulong-Petit定律.md,化学原理,已填充,是,2,2,,1,49,是,0,1
03-知识点/化学原理/Frost图.md,化学原理,已填充,是,4,3,08; 决赛10,2,179,是,1,50
03-知识点/化学原理/Gibbs自由能.md,化学原理,已填充,是,5,4,6,3,258,是,4,239
03-知识点/化学原理/Latimer图.md,化学原理,已填充,是,4,3,08; 决赛10,3,208,是,2,64
03-知识点/化学原理/Le Châtelier原理.md,化学原理,已填充,是,3,2,7,2,184,是,4,61
03-知识点/化学原理/Lewis结构式.md,化学原理,已填充,是,4,2,10,1,99,是,0,148
03-知识点/化学原理/Lewis酸碱理论.md,化学原理,已填充,是,5,3,5,2,251,是,3,63
03-知识点/化学原理/Nernst方程.md,化学原理,已填充,是,5,3,08,1,166,是,2,173
03-知识点/化学原理/Pourbaix图.md,化学原理,已填充,是,4,3,08; 决赛10,2,178,是,1,38
03-知识点/化学原理/README.md,化学原理,已填充,是,,,,0,31,否,0,10
03-知识点/化学原理/Stokes-Einstein方程.md,化学原理,已填充,是,2,3,,1,50,是,0,1
03-知识点/化学原理/VSEPR理论.md,化学原理,已填充,是,5,3,10,2,269,是,2,188
03-知识点/化学原理/pH.md,化学原理,已填充,是,5,2,5,3,176,是,2,93
03-知识点/化学原理/van der Waals方程.md,化学原理,已填充,是,3,3,2,2,264,是,3,19
03-知识点/化学原理/van't Hoff方程.md,化学原理,初稿,是,4,3,,5,39,是,0,18
03-知识点/化学原理/π键.md,化学原理,已填充,是,4,3,10,1,244,是,4,123
03-知识点/化学原理/σ键.md,化学原理,已填充,是,4,2,10,1,217,是,2,30
03-知识点/化学原理/七大晶系.md,化学原理,已填充,是,4,3,24,2,312,是,5,34
03-知识点/化学原理/两性物质.md,化学原理,已填充,是,3,3,,1,33,是,2,20
03-知识点/化学原理/临界点.md,化学原理,已填充,是,4,3,15,3,86,是,5,23
03-知识点/化学原理/亨德森-哈塞尔巴赫方程.md,化学原理,初稿,是,4,2,,1,38,是,0,2
03-知识点/化学原理/体积功.md,化学原理,已填充,是,3,3,6,5,88,是,4,2
03-知识点/化学原理/偶极矩.md,化学原理,已填充,是,3,2,10,1,173,是,2,51
03-知识点/化学原理/催化剂.md,化学原理,骨架,是,3,2,7,5,36,是,1,9
03-知识点/化学原理/元素周期律.md,化学原理,已填充,是,5,2,4,3,379,是,4,200
03-知识点/化学原理/光致变色.md,化学原理,待填充,是,1,2,,1,37,是,0,1
03-知识点/化学原理/共价键.md,化学原理,已填充,是,5,2,10,1,197,是,2,79
03-知识点/化学原理/共振结构.md,化学原理,初稿,是,4,3,,5,38,是,0,8
03-知识点/化学原理/共轭酸碱对.md,化学原理,已填充,是,4,2,5,3,216,是,1,50
03-知识点/化学原理/内能.md,化学原理,已填充,是,4,3,6,1,68,是,2,16
03-知识点/化学原理/分子式确定方法.md,化学原理,已填充,是,4,2,01,1,77,是,4,12
03-知识点/化学原理/分子极性.md,化学原理,已填充,是,4,2,10,2,167,是,3,68
03-知识点/化学原理/分子轨道理论.md,化学原理,初稿,是,3,2,,2,40,是,0,202
03-知识点/化学原理/分子间力.md,化学原理,已填充,是,4,2,11,2,131,是,6,293
03-知识点/化学原理/分散相与连续相.md,化学原理,已填充,是,3,1,3; 决赛06,1,136,是,3,48
03-知识点/化学原理/化学动力学.md,化学原理,已填充,是,4,3,,2,221,是,3,94
03-知识点/化学原理/化学势.md,化学原理,已填充,是,4,5,,1,73,是,2,40
03-知识点/化学原理/化学平衡.md,化学原理,已填充,是,5,2,7,2,267,是,4,259
03-知识点/化学原理/化学平衡计算.md,化学原理,已填充,是,4,3,7,3,88,是,4,12
03-知识点/化学原理/化学方程式.md,化学原理,初稿,是,4,1,,5,41,是,0,20
03-知识点/化学原理/化学热力学.md,化学原理,已填充,是,5,3,6,2,186,是,4,169
03-知识点/化学原理/化学电源.md,化学原理,已填充,是,4,2,8,4,255,是,4,85
03-知识点/化学原理/化学计量.md,化学原理,已填充,是,5,2,3,1,201,是,6,129
03-知识点/化学原理/化学计量点与滴定终点.md,化学原理,已填充,是,4,2,18,3,144,是,4,9
03-知识点/化学原理/半衰期.md,化学原理,已填充,是,4,3,7; 决赛07,5,132,是,3,22
03-知识点/化学原理/原子光谱.md,化学原理,已填充,是,4,2,,1,334,是,2,5
03-知识点/化学原理/原子半径.md,化学原理,已填充,是,4,2,4; 9,2,198,是,6,48
03-知识点/化学原理/原子模型发展.md,化学原理,已填充,是,3,2,9,1,89,是,3,1
03-知识点/化学原理/原子结构.md,化学原理,已填充,是,5,2,9,5,553,是,6,463
03-知识点/化学原理/原子轨道.md,化学原理,已填充,是,5,3,9,2,444,是,5,173
03-知识点/化学原理/原电池.md,化学原理,已填充,是,4,3,8; 决赛10,3,255,是,3,59
03-知识点/化学原理/反应商.md,化学原理,已填充,是,4,2,7,1,211,是,2,88
03-知识点/化学原理/反应级数.md,化学原理,已填充,是,5,3,7; 决赛07,2,197,是,6,83
03-知识点/化学原理/反应自发性.md,化学原理,已填充,是,4,3,6,5,161,是,3,5
03-知识点/化学原理/反应进度.md,化学原理,已填充,是,3,2,3,5,60,是,3,2
03-知识点/化学原理/反应速率.md,化学原理,已填充,是,5,4,7; 决赛07,3,496,是,3,113
03-知识点/化学原理/合成氨.md,化学原理,初稿,是,2,2,,5,41,是,0,8
03-知识点/化学原理/同位素效应.md,化学原理,已填充,是,4,3,,5,166,是,4,41
03-知识点/化学原理/同离子效应.md,化学原理,骨架,是,3,2,7,2,36,是,1,24
03-知识点/化学原理/含氧酸.md,化学原理,已填充,是,3,3,,5,31,是,2,16
03-知识点/化学原理/基尔霍夫定律.md,化学原理,已填充,是,3,3,6,2,64,是,3,5
03-知识点/化学原理/基本反应类型.md,化学原理,已填充,是,5,2,1,3,144,是,0,0
03-知识点/化学原理/密度公式.md,化学原理,已填充,是,3,1,01,5,180,是,3,9
03-知识点/化学原理/对称性与配位构型.md,化学原理,已填充,是,4,4,14; 决赛10,1,234,是,3,12
03-知识点/化学原理/平衡常数.md,化学原理,已填充,是,5,3,7,1,172,是,4,267
03-知识点/化学原理/弱碱.md,化学原理,已填充,是,3,3,,1,30,是,2,16
03-知识点/化学原理/弱酸.md,化学原理,已填充,是,4,3,,1,30,是,3,31
03-知识点/化学原理/恒压热与恒容热.md,化学原理,已填充,是,3,2,,2,89,是,5,0
03-知识点/化学原理/扩散动力学.md,化学原理,已填充,是,2,3,,2,218,是,4,10
03-知识点/化学原理/摩尔电导率.md,化学原理,已填充,是,4,3,17,1,90,是,4,12
03-知识点/化学原理/方程式书写.md,化学原理,已填充,是,4,2,01,5,333,是,4,63
03-知识点/化学原理/晶体场理论.md,化学原理,已填充,是,5,4,12; 决赛03; 决赛12,1,1038,是,9,427
03-知识点/化学原理/有效数字.md,化学原理,已填充,是,3,1,1,2,229,是,2,81
03-知识点/化学原理/杂化轨道理论.md,化学原理,已填充,是,5,4,10,2,315,是,3,356
03-知识点/化学原理/标准态.md,化学原理,已填充,是,4,2,6,1,74,是,2,38
03-知识点/化学原理/标准摩尔熵.md,化学原理,已填充,是,3,2,6,1,77,是,4,6
03-知识点/化学原理/标准摩尔生成焓.md,化学原理,初稿,是,4,2,,1,35,是,0,3
03-知识点/化学原理/标准熵.md,化学原理,已填充,是,4,3,6,5,147,是,4,4
03-知识点/化学原理/标准生成焓.md,化学原理,已填充,是,4,2,6,1,149,是,3,104
03-知识点/化学原理/标准电极电势.md,化学原理,已填充,是,5,4,8; 决赛10,3,269,是,3,117
03-知识点/化学原理/标态.md,化学原理,已填充,是,3,1,2,1,239,是,4,2
03-知识点/化学原理/核反应.md,化学原理,已填充,是,3,2,,5,160,是,4,22
03-知识点/化学原理/气体分子量测定.md,化学原理,已填充,是,3,2,2,1,137,是,3,51
03-知识点/化学原理/氢键.md,化学原理,已填充,是,5,3,11,1,142,是,2,153
03-知识点/化学原理/氧化态.md,化学原理,已填充,是,4,2,8; 决赛10,1,183,是,3,73
03-知识点/化学原理/氧化数.md,化学原理,已填充,是,4,1,,1,30,是,0,3
03-知识点/化学原理/氧化还原反应方程式配平.md,化学原理,已填充,是,4,2,8; 决赛10,1,219,是,3,159
03-知识点/化学原理/沉淀溶解平衡.md,化学原理,已填充,是,4,3,7,1,96,是,4,207
03-知识点/化学原理/沸点.md,化学原理,骨架,是,3,2,11,1,36,是,1,20
03-知识点/化学原理/波尔模型.md,化学原理,已填充,是,3,2,9,1,88,是,4,4
03-知识点/化学原理/洪特规则.md,化学原理,初稿,是,4,2,,5,38,是,0,2
03-知识点/化学原理/活化能.md,化学原理,已填充,是,5,3,7; 决赛07,1,468,是,3,70
03-知识点/化学原理/溶剂化作用.md,化学原理,已填充,是,3,2,11,1,144,是,4,15
03-知识点/化学原理/溶度积.md,化学原理,已填充,是,4,3,7,1,98,是,0,172
03-知识点/化学原理/溶液.md,化学原理,已填充,是,4,2,3,1,90,是,0,54
03-知识点/化学原理/溶液依数性.md,化学原理,已填充,是,4,2,3,2,93,是,5,71
03-知识点/化学原理/溶液浓度.md,化学原理,已填充,是,4,2,3,2,159,是,3,103
03-知识点/化学原理/溶解度.md,化学原理,已填充,是,4,2,3,3,132,是,2,113
03-知识点/化学原理/滴定分析基本原理.md,化学原理,已填充,是,5,2,18,2,231,是,3,62
03-知识点/化学原理/热力学.md,化学原理,已填充,是,4,3,,4,26,是,2,170
03-知识点/化学原理/热力学循环.md,化学原理,已填充,是,3,4,,5,181,是,4,26
03-知识点/化学原理/热力学第一定律.md,化学原理,已填充,是,5,3,6,1,109,是,2,47
03-知识点/化学原理/热力学第二定律.md,化学原理,已填充,是,5,4,6,1,74,是,2,24
03-知识点/化学原理/热力学计算.md,化学原理,已填充,是,4,3,04; 06,1,437,是,3,35
03-知识点/化学原理/焓.md,化学原理,已填充,是,5,3,6,1,157,是,4,159
03-知识点/化学原理/焓变计算.md,化学原理,已填充,是,4,2,6,2,88,是,3,8
03-知识点/化学原理/熵.md,化学原理,已填充,是,5,3,6,2,177,是,2,149
03-知识点/化学原理/物料守恒.md,化学原理,已填充,是,4,2,06; 18,5,312,是,4,19
03-知识点/化学原理/状态函数与过程量.md,化学原理,已填充,是,3,3,6,2,68,是,4,5
03-知识点/化学原理/环烷烃.md,化学原理,已填充,是,3,2,,1,28,是,0,6
03-知识点/化学原理/理想气体.md,化学原理,已填充,是,4,2,2,2,266,是,3,194
03-知识点/化学原理/理想气体状态方程.md,化学原理,已填充,是,5,2,2,2,189,是,4,104
03-知识点/化学原理/电化学.md,化学原理,已填充,是,4,3,08,2,468,是,5,125
03-知识点/化学原理/电子亲合能.md,化学原理,已填充,是,3,3,9,2,301,是,3,26
03-知识点/化学原理/电子排布.md,化学原理,已填充,是,5,3,9,2,338,是,3,194
03-知识点/化学原理/电子排布规则.md,化学原理,已填充,是,4,2,9,5,86,是,4,8
03-知识点/化学原理/电极.md,化学原理,已填充,是,4,2,8,1,243,是,3,21
03-知识点/化学原理/电离能.md,化学原理,已填充,是,4,3,9,3,342,是,3,148
03-知识点/化学原理/电荷守恒.md,化学原理,已填充,是,4,2,06; 18,1,354,是,3,35
03-知识点/化学原理/电解池.md,化学原理,初稿,是,2,2,,1,37,是,0,38
03-知识点/化学原理/电解质溶液.md,化学原理,骨架,是,3,3,7,5,36,是,2,14
03-知识点/化学原理/电负性.md,化学原理,已填充,是,5,2,9,2,334,是,4,145
03-知识点/化学原理/疏水相互作用.md,化学原理,已填充,是,4,3,11,1,140,是,3,17
03-知识点/化学原理/盖斯定律.md,化学原理,已填充,是,4,2,6,1,131,是,2,127
03-知识点/化学原理/离域π键.md,化学原理,已填充,是,4,3,10,4,275,是,4,93
03-知识点/化学原理/离子方程式.md,化学原理,已填充,是,4,2,01,5,503,是,2,26
03-知识点/化学原理/离子键.md,化学原理,已填充,是,4,2,10,1,170,是,2,50
03-知识点/化学原理/稀土元素.md,化学原理,已填充,是,3,3,4; 决赛13,1,479,是,6,33
03-知识点/化学原理/稳定常数.md,化学原理,已填充,是,4,3,7; 决赛12,1,128,是,4,48
03-知识点/化学原理/等温方程.md,化学原理,已填充,是,4,2,6; 7,2,238,是,3,32
03-知识点/化学原理/等电子体.md,化学原理,已填充,是,3,2,10,1,178,是,2,52
03-知识点/化学原理/绿色化学.md,化学原理,待填充,是,1,1,,3,38,是,0,7
03-知识点/化学原理/缓冲溶液.md,化学原理,已填充,是,5,3,5,2,260,是,3,112
03-知识点/化学原理/胶体性质.md,化学原理,已填充,是,2,2,3,1,82,是,5,37
03-知识点/化学原理/能量密度.md,化学原理,已填充,是,2,2,6,4,74,是,3,0
03-知识点/化学原理/自发过程与热力学第二定律表述.md,化学原理,已填充,是,4,3,6,3,63,是,3,1
03-知识点/化学原理/范德华力.md,化学原理,已填充,是,4,2,11,2,146,是,2,53
03-知识点/化学原理/螯合效应.md,化学原理,已填充,是,3,3,12; 决赛12,5,149,是,2,17
03-知识点/化学原理/螯合物.md,化学原理,已填充,是,4,2,12; 决赛12,5,187,是,3,12
03-知识点/化学原理/解离常数.md,化学原理,已填充,是,5,2,7,2,269,是,5,10
03-知识点/化学原理/质子守恒.md,化学原理,骨架,是,3,2,5,1,41,是,1,16
03-知识点/化学原理/软硬酸碱理论.md,化学原理,已填充,是,4,3,5,2,268,是,3,77
03-知识点/化学原理/过渡元素颜色与配位行为.md,化学原理,已填充,是,4,4,13; 决赛10,1,266,是,3,57
03-知识点/化学原理/速率方程.md,化学原理,已填充,是,5,3,7; 决赛07,1,179,是,5,62
03-知识点/化学原理/配位键.md,化学原理,已填充,是,4,2,12; 决赛12,2,177,是,3,86
03-知识点/化学原理/配合反应.md,化学原理,已填充,是,3,2,12; 决赛12,2,161,是,3,33
03-知识点/化学原理/配合物.md,化学原理,已填充,是,5,4,12; 决赛12,1,249,是,4,348
03-知识点/化学原理/配合物几何构型.md,化学原理,已填充,是,4,3,12; 决赛12,1,155,是,2,41
03-知识点/化学原理/配合物命名.md,化学原理,已填充,是,3,2,,1,432,是,1,14
03-知识点/化学原理/配合物异构.md,化学原理,已填充,是,4,3,12; 决赛12,1,194,是,4,40
03-知识点/化学原理/配合物杂化轨道理论.md,化学原理,已填充,是,5,3,12; 决赛12,1,185,是,2,21
03-知识点/化学原理/酶动力学.md,化学原理,已填充,是,2,4,,1,158,是,3,11
03-知识点/化学原理/酶抑制.md,化学原理,待填充,是,2,3,,3,37,是,0,2
03-知识点/化学原理/酸碱反应.md,化学原理,已填充,是,4,2,05; 18,1,425,是,3,18
03-知识点/化学原理/酸碱平衡.md,化学原理,已填充,是,5,4,5,2,304,是,3,163
03-知识点/化学原理/酸碱平衡计算.md,化学原理,已填充,是,4,3,5,3,92,是,3,23
03-知识点/化学原理/酸碱强度.md,化学原理,已填充,是,4,3,,2,30,是,2,14
03-知识点/化学原理/酸碱理论.md,化学原理,已填充,是,5,3,5,1,359,是,7,157
03-知识点/化学原理/量子化学计算.md,化学原理,已填充,是,2,4,,1,30,是,0,2
03-知识点/化学原理/量子数.md,化学原理,已填充,是,5,2,9; 决赛01,2,263,是,3,72
03-知识点/化学原理/量热法.md,化学原理,已填充,是,3,2,6,2,88,是,4,1
03-知识点/化学原理/金属键.md,化学原理,已填充,是,4,2,10,1,172,是,3,41
03-知识点/化学原理/钻穿效应与屏蔽效应.md,化学原理,已填充,是,5,3,9,1,129,是,8,29
03-知识点/化学原理/键参数.md,化学原理,已填充,是,4,2,,1,318,是,2,1
03-知识点/化学原理/键的极性.md,化学原理,已填充,是,3,2,10,5,167,是,3,25
03-知识点/化学原理/键级.md,化学原理,已填充,是,4,3,10,1,184,是,1,36
03-知识点/化学原理/键能.md,化学原理,已填充,是,4,2,10,1,182,是,3,57
03-知识点/化学原理/键角.md,化学原理,已填充,是,4,2,10,2,166,是,2,22
03-知识点/化学原理/键长.md,化学原理,已填充,是,3,2,10,1,199,是,1,22
03-知识点/化学原理/零点能.md,化学原理,已填充,是,2,3,,2,159,是,3,7
03-知识点/化学原理/非理想气体.md,化学原理,初稿,是,3,3,,5,38,是,0,3
03-知识点/化学原理/顺磁性.md,化学原理,初稿,是,3,3,,5,37,是,0,8
03-知识点/化学原理/高自旋与低自旋.md,化学原理,已填充,是,5,3,12; 决赛12,1,609,是,4,38
03-知识点/无机和结构化学/18电子规则.md,无机和结构化学,已填充,是,4,3,,2,374,是,5,115
03-知识点/无机和结构化学/8电子规则.md,无机和结构化学,已填充,是,4,2,10,5,365,是,3,18
03-知识点/无机和结构化学/Born-Haber循环.md,无机和结构化学,已填充,是,4,3,,1,40,是,0,17
03-知识点/无机和结构化学/Bragg方程.md,无机和结构化学,已填充,是,4,2,15; 16; 17,2,133,是,2,41
03-知识点/无机和结构化学/CO2固定.md,无机和结构化学,待填充,是,2,1,,1,44,是,0,10
03-知识点/无机和结构化学/CaF2型结构.md,无机和结构化学,已填充,是,4,3,17,1,91,是,3,19
03-知识点/无机和结构化学/CsCl型结构.md,无机和结构化学,已填充,是,4,2,17,1,139,是,1,22
03-知识点/无机和结构化学/EAN规则.md,无机和结构化学,初稿,是,3,2,,5,41,是,0,4
03-知识点/无机和结构化学/Feltham-Enemark记号.md,无机和结构化学,已填充,是,2,5,,1,400,是,4,8
03-知识点/无机和结构化学/MOF材料.md,无机和结构化学,待填充,是,2,1,,1,42,是,0,6
03-知识点/无机和结构化学/Marcus理论.md,无机和结构化学,待填充,是,2,1,,2,40,是,0,2
03-知识点/无机和结构化学/NO配位.md,无机和结构化学,已填充,是,3,4,,1,254,是,5,8
03-知识点/无机和结构化学/NaCl型结构.md,无机和结构化学,已填充,是,4,2,,4,40,是,0,29
03-知识点/无机和结构化学/NbO型结构.md,无机和结构化学,已填充,是,2,1,决赛04,1,65,是,3,11
03-知识点/无机和结构化学/NiAs型结构.md,无机和结构化学,已填充,是,3,3,17,1,227,是,3,14
03-知识点/无机和结构化学/Pauling规则.md,无机和结构化学,已填充,是,4,3,15,0,163,是,5,30
03-知识点/无机和结构化学/README.md,无机和结构化学,已填充,是,,,,0,31,否,0,4
03-知识点/无机和结构化学/SN2-Si机理.md,无机和结构化学,已填充,是,5,4,13; 36,1,185,是,3,16
03-知识点/无机和结构化学/Tanabe-Sugano图.md,无机和结构化学,已填充,是,5,5,11; 决赛10,1,211,是,5,28
03-知识点/无机和结构化学/λ符号体系.md,无机和结构化学,已填充,是,3,3,13,1,179,是,3,8
03-知识点/无机和结构化学/三价铬水解.md,无机和结构化学,已填充,是,4,3,13,1,50,是,2,7
03-知识点/无机和结构化学/主族元素化学.md,无机和结构化学,已填充,是,4,3,13; 14,2,309,是,3,85
03-知识点/无机和结构化学/主族元素性质总览.md,无机和结构化学,已填充,是,5,3,13,1,270,是,3,11
03-知识点/无机和结构化学/主族元素无机箭头推动法.md,无机和结构化学,已填充,是,5,4,13,2,190,是,3,14
03-知识点/无机和结构化学/二氧化硅结构.md,无机和结构化学,已填充,是,4,2,17,3,103,是,4,20
03-知识点/无机和结构化学/二维材料.md,无机和结构化学,已填充,是,3,4,,3,187,是,5,10
03-知识点/无机和结构化学/价态-氧化态-形式电荷.md,无机和结构化学,已填充,是,4,3,10; 13,3,225,是,3,34
03-知识点/无机和结构化学/体心立方堆积.md,无机和结构化学,已填充,是,4,2,16,5,143,是,2,15
03-知识点/无机和结构化学/储氢材料.md,无机和结构化学,初稿,是,2,2,,5,41,是,0,4
03-知识点/无机和结构化学/元素化学.md,无机和结构化学,已填充,是,5,4,,2,286,是,4,107
03-知识点/无机和结构化学/元素周期表分区.md,无机和结构化学,已填充,是,4,1,4,2,251,是,3,18
03-知识点/无机和结构化学/光谱化学序列.md,无机和结构化学,已填充,是,5,4,13,2,157,是,2,48
03-知识点/无机和结构化学/八面体场.md,无机和结构化学,已填充,是,4,2,,5,40,是,0,1
03-知识点/无机和结构化学/八面体配位.md,无机和结构化学,已填充,是,4,3,,5,304,是,3,20
03-知识点/无机和结构化学/六价铬.md,无机和结构化学,已填充,是,4,2,13,3,47,是,2,11
03-知识点/无机和结构化学/六方ZnS型结构.md,无机和结构化学,已填充,是,4,3,17,1,69,是,2,6
03-知识点/无机和结构化学/六方密堆积.md,无机和结构化学,已填充,是,5,3,16,5,91,是,2,24
03-知识点/无机和结构化学/共价半径.md,无机和结构化学,已填充,是,3,2,9,1,244,是,2,6
03-知识点/无机和结构化学/内层电子转移.md,无机和结构化学,待填充,是,3,2,,1,40,是,0,2
03-知识点/无机和结构化学/分子晶体.md,无机和结构化学,初稿,是,3,2,,1,41,是,0,44
03-知识点/无机和结构化学/分子的对称性判断.md,无机和结构化学,已填充,是,4,3,14,1,107,是,3,15
03-知识点/无机和结构化学/分数坐标.md,无机和结构化学,已填充,是,3,3,,5,203,是,3,22
03-知识点/无机和结构化学/化学键.md,无机和结构化学,已填充,是,5,2,10,3,332,是,8,475
03-知识点/无机和结构化学/单质制备方法.md,无机和结构化学,已填充,是,4,3,13,2,235,是,4,43
03-知识点/无机和结构化学/卤化氢前体.md,无机和结构化学,已填充,是,3,3,,1,189,是,4,8
03-知识点/无机和结构化学/卤素.md,无机和结构化学,已填充,是,5,3,13,3,252,是,6,127
03-知识点/无机和结构化学/卤素互化物.md,无机和结构化学,已填充,是,3,3,,1,430,是,2,14
03-知识点/无机和结构化学/卤素元素.md,无机和结构化学,已填充,是,4,3,决赛04,1,144,是,3,2
03-知识点/无机和结构化学/原子坐标参数.md,无机和结构化学,已填充,是,4,2,16,1,156,是,2,31
03-知识点/无机和结构化学/原子晶体.md,无机和结构化学,已填充,是,4,2,15,1,178,是,2,26
03-知识点/无机和结构化学/反式效应.md,无机和结构化学,已填充,是,4,4,,1,91,是,1,13
03-知识点/无机和结构化学/反萤石型结构.md,无机和结构化学,已填充,是,3,2,17,1,83,是,2,6
03-知识点/无机和结构化学/反轴.md,无机和结构化学,已填充,是,3,3,14,1,240,是,5,1
03-知识点/无机和结构化学/反钙钛矿.md,无机和结构化学,初稿,是,2,1,,3,43,是,0,4
03-知识点/无机和结构化学/填隙.md,无机和结构化学,已填充,是,5,3,16,1,242,是,4,23
03-知识点/无机和结构化学/外层电子转移.md,无机和结构化学,待填充,是,3,2,,1,40,是,0,2
03-知识点/无机和结构化学/多核簇.md,无机和结构化学,已填充,是,3,4,,1,192,是,5,20
03-知识点/无机和结构化学/多电子原子能级.md,无机和结构化学,已填充,是,5,4,9; 决赛01,1,270,是,3,21
03-知识点/无机和结构化学/多金属氧酸盐.md,无机和结构化学,已填充,是,4,4,13; 决赛10,1,152,是,6,21
03-知识点/无机和结构化学/天然冰结构.md,无机和结构化学,已填充,是,4,3,17,1,134,是,3,2
03-知识点/无机和结构化学/密堆积.md,无机和结构化学,已填充,是,5,3,,3,447,是,4,96
03-知识点/无机和结构化学/对称中心.md,无机和结构化学,已填充,是,3,2,14,5,105,是,3,9
03-知识点/无机和结构化学/对称元素.md,无机和结构化学,已填充,是,4,3,14,5,95,是,2,18
03-知识点/无机和结构化学/对称元素与对称操作.md,无机和结构化学,已填充,是,4,2,14,1,96,是,2,2
03-知识点/无机和结构化学/对称性与手性关系.md,无机和结构化学,已填充,是,4,3,14,1,106,是,3,2
03-知识点/无机和结构化学/对角线规则.md,无机和结构化学,已填充,是,3,2,4,1,243,是,3,38
03-知识点/无机和结构化学/小分子活化.md,无机和结构化学,已填充,是,4,5,,4,120,是,1,9
03-知识点/无机和结构化学/尖晶石.md,无机和结构化学,已填充,是,4,4,,1,91,是,2,23
03-知识点/无机和结构化学/层状结构.md,无机和结构化学,已填充,是,4,4,,1,115,是,3,18
03-知识点/无机和结构化学/屏蔽效应.md,无机和结构化学,已填充,是,5,3,9; 决赛01,1,201,是,4,41
03-知识点/无机和结构化学/干冰结构.md,无机和结构化学,已填充,是,3,2,17,2,67,是,3,5
03-知识点/无机和结构化学/归中反应.md,无机和结构化学,已填充,是,3,2,,5,181,是,5,11
03-知识点/无机和结构化学/惰性对效应.md,无机和结构化学,已填充,是,4,3,9; 13,5,179,是,3,37
03-知识点/无机和结构化学/抗磁性.md,无机和结构化学,已填充,是,3,2,13,5,108,是,3,15
03-知识点/无机和结构化学/方酸.md,无机和结构化学,已填充,是,4,4,15; 16; 17; 21,1,202,是,5,12
03-知识点/无机和结构化学/旋转轴.md,无机和结构化学,已填充,是,3,2,14,5,160,是,3,3
03-知识点/无机和结构化学/无机碱.md,无机和结构化学,已填充,是,3,2,13,1,165,是,2,5
03-知识点/无机和结构化学/无机酸.md,无机和结构化学,已填充,是,4,3,13,1,180,是,2,15
03-知识点/无机和结构化学/普鲁士蓝与滕氏蓝.md,无机和结构化学,已填充,是,4,4,8; 12; 17,2,163,是,5,10
03-知识点/无机和结构化学/晶体与非晶体.md,无机和结构化学,已填充,是,4,1,15,1,180,是,4,12
03-知识点/无机和结构化学/晶体基本概念.md,无机和结构化学,已填充,是,3,1,,4,253,是,0,35
03-知识点/无机和结构化学/晶体密度公式.md,无机和结构化学,已填充,是,4,2,,2,224,是,3,40
03-知识点/无机和结构化学/晶体对称性.md,无机和结构化学,已填充,是,4,3,,5,266,是,5,45
03-知识点/无机和结构化学/晶体结构.md,无机和结构化学,已填充,是,4,3,,4,43,是,1,280
03-知识点/无机和结构化学/晶体结构基础.md,无机和结构化学,已填充,是,5,4,决赛04,2,299,是,5,124
03-知识点/无机和结构化学/晶格常数.md,无机和结构化学,已填充,是,3,2,16,1,129,是,2,24
03-知识点/无机和结构化学/晶格能.md,无机和结构化学,已填充,是,4,3,16,1,122,是,3,94
03-知识点/无机和结构化学/晶系与对称性.md,无机和结构化学,已填充,是,4,2,10,3,47,是,2,11
03-知识点/无机和结构化学/晶胞.md,无机和结构化学,已填充,是,5,3,16,2,278,是,3,229
03-知识点/无机和结构化学/晶胞投影图分析.md,无机和结构化学,初稿,是,3,2,,3,42,是,0,31
03-知识点/无机和结构化学/有效核电荷.md,无机和结构化学,已填充,是,5,3,9,2,120,是,2,19
03-知识点/无机和结构化学/桥连配体.md,无机和结构化学,已填充,是,3,4,决赛03; 决赛12,5,121,是,3,6
03-知识点/无机和结构化学/氢.md,无机和结构化学,已填充,是,4,2,13,3,228,是,3,21
03-知识点/无机和结构化学/氢化物.md,无机和结构化学,已填充,是,3,2,13,1,187,是,4,34
03-知识点/无机和结构化学/氢和稀有气体.md,无机和结构化学,已填充,是,2,1,决赛04,1,197,是,6,42
03-知识点/无机和结构化学/氢氧化物.md,无机和结构化学,已填充,是,3,2,13,5,173,是,3,30
03-知识点/无机和结构化学/氧化加成与还原消除.md,无机和结构化学,已填充,是,5,4,12,1,225,是,5,27
03-知识点/无机和结构化学/氧化物.md,无机和结构化学,已填充,是,4,2,13,5,144,是,4,54
03-知识点/无机和结构化学/氧族元素.md,无机和结构化学,已填充,是,3,2,决赛04,6,213,是,4,113
03-知识点/无机和结构化学/氮族元素.md,无机和结构化学,已填充,是,5,4,13,3,258,是,6,105
03-知识点/无机和结构化学/氰化法.md,无机和结构化学,已填充,是,3,3,13,2,52,是,3,2
03-知识点/无机和结构化学/汞.md,无机和结构化学,已填充,是,4,2,13,3,117,是,3,48
03-知识点/无机和结构化学/混合价态.md,无机和结构化学,已填充,是,3,3,,5,168,是,0,9
03-知识点/无机和结构化学/溶剂极性.md,无机和结构化学,已填充,是,3,2,11,1,259,是,4,7
03-知识点/无机和结构化学/溶剂类型.md,无机和结构化学,已填充,是,3,1,11,1,312,是,4,11
03-知识点/无机和结构化学/点群初步.md,无机和结构化学,已填充,是,4,3,14,1,101,是,3,9
03-知识点/无机和结构化学/点阵与晶胞.md,无机和结构化学,已填充,是,4,2,10,1,50,是,2,29
03-知识点/无机和结构化学/点阵类型.md,无机和结构化学,已填充,是,4,3,16,5,277,是,3,8
03-知识点/无机和结构化学/焰色反应.md,无机和结构化学,已填充,是,3,2,,3,187,是,3,24
03-知识点/无机和结构化学/环戊二烯配合物.md,无机和结构化学,已填充,是,3,3,,5,273,是,8,12
03-知识点/无机和结构化学/电解冶金.md,无机和结构化学,已填充,是,3,3,,1,230,是,4,6
03-知识点/无机和结构化学/相对论效应.md,无机和结构化学,已填充,是,4,4,,5,229,是,2,10
03-知识点/无机和结构化学/石墨结构.md,无机和结构化学,已填充,是,5,3,17,5,130,是,2,18
03-知识点/无机和结构化学/砷.md,无机和结构化学,已填充,是,5,3,13,2,170,是,3,32
03-知识点/无机和结构化学/硅.md,无机和结构化学,已填充,是,4,3,13,6,129,是,3,27
03-知识点/无机和结构化学/硅基保护基.md,无机和结构化学,已填充,是,5,3,13; 36; 51,3,250,是,9,15
03-知识点/无机和结构化学/硅烷.md,无机和结构化学,待填充,是,2,1,,1,40,是,0,2
03-知识点/无机和结构化学/硒.md,无机和结构化学,已填充,是,3,3,,1,240,是,2,4
03-知识点/无机和结构化学/硼.md,无机和结构化学,已填充,是,5,3,13,3,122,是,3,10
03-知识点/无机和结构化学/硼化学.md,无机和结构化学,已填充,是,4,5,,4,146,是,3,44
03-知识点/无机和结构化学/硼族元素.md,无机和结构化学,已填充,是,4,3,13,3,262,是,6,62
03-知识点/无机和结构化学/硼的硫族化合物.md,无机和结构化学,已填充,是,3,3,13; 21,1,239,是,5,19
03-知识点/无机和结构化学/硼酸盐.md,无机和结构化学,已填充,是,4,3,,2,95,是,1,23
03-知识点/无机和结构化学/碱土金属.md,无机和结构化学,已填充,是,4,2,13,3,249,是,6,89
03-知识点/无机和结构化学/碱金属.md,无机和结构化学,已填充,是,4,2,13,1,230,是,6,91
03-知识点/无机和结构化学/碱金属和碱土金属.md,无机和结构化学,已填充,是,4,3,决赛04,1,131,是,4,1
03-知识点/无机和结构化学/碳族元素.md,无机和结构化学,已填充,是,4,3,13,3,229,是,6,71
03-知识点/无机和结构化学/碳族和硼族元素.md,无机和结构化学,已填充,是,3,2,决赛04,1,137,是,3,190
03-知识点/无机和结构化学/碳的同素异形体.md,无机和结构化学,已填充,是,4,3,,4,217,是,6,34
03-知识点/无机和结构化学/磁矩.md,无机和结构化学,已填充,是,4,4,,1,129,是,4,49
03-知识点/无机和结构化学/磷.md,无机和结构化学,已填充,是,5,3,13,6,131,是,5,35
03-知识点/无机和结构化学/磷化学.md,无机和结构化学,已填充,是,4,4,,2,149,是,2,50
03-知识点/无机和结构化学/离子半径.md,无机和结构化学,已填充,是,4,2,9,1,240,是,3,39
03-知识点/无机和结构化学/离子晶体.md,无机和结构化学,已填充,是,4,3,,1,42,是,0,134
03-知识点/无机和结构化学/离子极化.md,无机和结构化学,已填充,是,4,3,,1,204,是,4,72
03-知识点/无机和结构化学/稀有气体.md,无机和结构化学,已填充,是,3,3,13,3,141,是,7,20
03-知识点/无机和结构化学/稀有气体化合物.md,无机和结构化学,初稿,是,2,2,,5,42,是,0,59
03-知识点/无机和结构化学/立方ZnS型结构.md,无机和结构化学,已填充,是,5,3,17,1,119,是,3,25
03-知识点/无机和结构化学/立方密堆积.md,无机和结构化学,已填充,是,5,3,16,5,92,是,4,23
03-知识点/无机和结构化学/立方晶系.md,无机和结构化学,已填充,是,4,2,,5,229,是,5,17
03-知识点/无机和结构化学/等径球堆积.md,无机和结构化学,已填充,是,5,4,16; 17,1,240,是,5,109
03-知识点/无机和结构化学/等效点系.md,无机和结构化学,已填充,是,3,4,,1,214,是,4,14
03-知识点/无机和结构化学/等瓣相似.md,无机和结构化学,已填充,是,4,5,,1,133,是,2,19
03-知识点/无机和结构化学/等电子体原理.md,无机和结构化学,初稿,是,3,1,,5,43,是,0,4
03-知识点/无机和结构化学/简单立方堆积.md,无机和结构化学,已填充,是,3,2,16,5,101,是,3,8
03-知识点/无机和结构化学/缔合-离解过程.md,无机和结构化学,已填充,是,4,4,12; 13,1,177,是,6,5
03-知识点/无机和结构化学/群论基础与分子对称性.md,无机和结构化学,已填充,是,4,3,决赛04,1,77,是,4,24
03-知识点/无机和结构化学/能带理论.md,无机和结构化学,骨架,是,2,1,15,1,39,是,1,13
03-知识点/无机和结构化学/角重叠模型.md,无机和结构化学,已填充,是,4,5,,1,111,是,3,8
03-知识点/无机和结构化学/超氧化物与臭氧化物.md,无机和结构化学,已填充,是,3,3,,4,234,是,6,31
03-知识点/无机和结构化学/过渡元素.md,无机和结构化学,已填充,是,4,2,4,2,261,是,3,31
03-知识点/无机和结构化学/过渡金属羰基化合物.md,无机和结构化学,初稿,是,3,2,,2,41,是,0,1
03-知识点/无机和结构化学/配位化合物.md,无机和结构化学,初稿,是,5,2,,5,40,是,2,52
03-知识点/无机和结构化学/配位化学.md,无机和结构化学,已填充,是,5,4,决赛04,1,212,是,3,116
03-知识点/无机和结构化学/配位反应方程式.md,无机和结构化学,已填充,是,4,2,,1,235,是,4,6
03-知识点/无机和结构化学/配位数.md,无机和结构化学,已填充,是,5,2,15; 16,5,192,是,3,36
03-知识点/无机和结构化学/配体交换反应.md,无机和结构化学,已填充,是,4,4,12; 13,1,205,是,4,10
03-知识点/无机和结构化学/配体取代机理.md,无机和结构化学,初稿,是,3,2,,1,40,是,0,2
03-知识点/无机和结构化学/金.md,无机和结构化学,已填充,是,3,2,13,5,90,是,2,23
03-知识点/无机和结构化学/金刚石型结构.md,无机和结构化学,已填充,是,5,3,17,1,118,是,2,22
03-知识点/无机和结构化学/金化学.md,无机和结构化学,已填充,是,3,4,,2,218,是,3,38
03-知识点/无机和结构化学/金属-金属键.md,无机和结构化学,已填充,是,3,4,,5,249,是,4,13
03-知识点/无机和结构化学/金属多重键.md,无机和结构化学,已填充,是,5,4,13; 决赛10,2,204,是,9,43
03-知识点/无机和结构化学/金属晶体.md,无机和结构化学,已填充,是,3,2,15,1,201,是,1,65
03-知识点/无机和结构化学/金红石型结构.md,无机和结构化学,已填充,是,3,3,17,1,158,是,2,17
03-知识点/无机和结构化学/钒.md,无机和结构化学,已填充,是,3,2,13,3,115,是,2,49
03-知识点/无机和结构化学/钒的多酸.md,无机和结构化学,已填充,是,3,3,13,2,51,是,2,5
03-知识点/无机和结构化学/钙.md,无机和结构化学,已填充,是,5,2,13,3,130,是,3,2
03-知识点/无机和结构化学/钙钛矿.md,无机和结构化学,已填充,是,5,4,15; 16; 17,5,302,是,5,57
03-知识点/无机和结构化学/钙钛矿结构.md,无机和结构化学,已填充,是,4,4,17,1,61,是,2,13
03-知识点/无机和结构化学/钛.md,无机和结构化学,已填充,是,3,2,13,3,111,是,2,46
03-知识点/无机和结构化学/钛氧双键.md,无机和结构化学,已填充,是,3,3,13,1,50,是,2,5
03-知识点/无机和结构化学/钛铬锰铁钴镍铜锌基础元素化学.md,无机和结构化学,已填充,是,4,3,13,2,182,是,3,32
03-知识点/无机和结构化学/钠.md,无机和结构化学,已填充,是,5,2,13,4,130,是,3,2
03-知识点/无机和结构化学/钨.md,无机和结构化学,已填充,是,3,2,13,1,151,是,3,14
03-知识点/无机和结构化学/钪、钛、钒、铬、锰.md,无机和结构化学,已填充,是,3,2,决赛04,1,468,是,6,0
03-知识点/无机和结构化学/钪化学.md,无机和结构化学,已填充,是,3,3,,1,203,是,4,12
03-知识点/无机和结构化学/钪系、钛系、钒系.md,无机和结构化学,已填充,是,2,1,决赛04,1,126,是,3,1
03-知识点/无机和结构化学/钴.md,无机和结构化学,已填充,是,4,3,13,3,114,是,3,37
03-知识点/无机和结构化学/钼.md,无机和结构化学,已填充,是,3,2,13,1,87,是,2,19
03-知识点/无机和结构化学/铁.md,无机和结构化学,已填充,是,5,3,13,3,152,是,3,71
03-知识点/无机和结构化学/铁系元素化学.md,无机和结构化学,已填充,是,4,3,决赛04,1,321,是,4,1
03-知识点/无机和结构化学/铁配合物.md,无机和结构化学,已填充,是,4,3,,3,236,是,4,25
03-知识点/无机和结构化学/铂系元素.md,无机和结构化学,已填充,是,2,2,4,2,228,是,3,12
03-知识点/无机和结构化学/铅.md,无机和结构化学,已填充,是,3,2,13,3,76,是,3,10
03-知识点/无机和结构化学/铋.md,无机和结构化学,已填充,是,3,3,13,1,53,是,3,8
03-知识点/无机和结构化学/铍化学.md,无机和结构化学,已填充,是,4,4,,3,139,是,2,22
03-知识点/无机和结构化学/铜.md,无机和结构化学,已填充,是,5,3,13,3,156,是,2,70
03-知识点/无机和结构化学/铜、锌副族.md,无机和结构化学,已填充,是,4,3,决赛04,1,153,是,4,1
03-知识点/无机和结构化学/铝.md,无机和结构化学,已填充,是,4,2,13,6,121,是,5,39
03-知识点/无机和结构化学/铝、锗和锑分族.md,无机和结构化学,已填充,是,3,2,决赛04,1,166,是,4,1
03-知识点/无机和结构化学/铬.md,无机和结构化学,已填充,是,5,3,13,3,120,是,4,82
03-知识点/无机和结构化学/铬的化合物.md,无机和结构化学,已填充,是,3,2,决赛04,2,211,是,3,3
03-知识点/无机和结构化学/银.md,无机和结构化学,已填充,是,4,2,13,3,97,是,2,43
03-知识点/无机和结构化学/锇化学.md,无机和结构化学,已填充,是,3,3,,1,199,是,2,6
03-知识点/无机和结构化学/锌.md,无机和结构化学,已填充,是,4,2,13,3,138,是,2,39
03-知识点/无机和结构化学/锑.md,无机和结构化学,已填充,是,3,2,13,1,53,是,3,7
03-知识点/无机和结构化学/锡.md,无机和结构化学,已填充,是,4,3,13,2,155,是,4,38
03-知识点/无机和结构化学/锰.md,无机和结构化学,已填充,是,5,4,13,3,141,是,3,57
03-知识点/无机和结构化学/镁.md,无机和结构化学,已填充,是,5,2,13,3,137,是,3,3
03-知识点/无机和结构化学/镉.md,无机和结构化学,已填充,是,2,2,13,1,49,是,3,2
03-知识点/无机和结构化学/镍.md,无机和结构化学,已填充,是,4,2,13,3,99,是,3,33
03-知识点/无机和结构化学/镓.md,无机和结构化学,已填充,是,3,3,,1,221,是,3,18
03-知识点/无机和结构化学/镜面.md,无机和结构化学,已填充,是,3,2,14,1,68,是,3,9
03-知识点/无机和结构化学/镧系收缩.md,无机和结构化学,已填充,是,4,3,4; 决赛13,2,280,是,4,49
03-知识点/无机和结构化学/难溶物.md,无机和结构化学,已填充,是,4,3,13,5,150,是,3,9
03-知识点/无机和结构化学/静电力.md,无机和结构化学,已填充,是,3,2,11,2,266,是,5,4
03-知识点/无机和结构化学/非化学计量化合物.md,无机和结构化学,已填充,是,3,3,,2,250,是,0,25
03-知识点/无机和结构化学/非常规氢键.md,无机和结构化学,已填充,是,3,3,决赛04,5,78,是,4,20
03-知识点/无机和结构化学/非整比化合物.md,无机和结构化学,已填充,是,3,3,17,1,74,是,2,28
03-知识点/无机和结构化学/非金属元素小结.md,无机和结构化学,已填充,是,5,5,,1,539,是,3,0
03-知识点/无机和结构化学/高价化合物的成键.md,无机和结构化学,已填充,是,5,5,10; 13,1,177,是,4,22
03-知识点/无机和结构化学/高价碘试剂.md,无机和结构化学,已填充,是,4,4,13; 40; 50; 决赛11,1,281,是,9,10
03-知识点/无机和结构化学/高价金属氟化物水解.md,无机和结构化学,已填充,是,3,4,,1,185,是,3,5
03-知识点/无机和结构化学/高压化学.md,无机和结构化学,已填充,是,4,5,,3,142,是,3,11
03-知识点/无机和结构化学/元素化学/过渡金属通性.md,无机和结构化学,已填充,是,5,3,13,1,445,是,3,144
"03-知识点/有机化学/1,2-迁移与重排.md",有机化学,已填充,是,5,3,32; 34; 39,5,226,是,8,90
03-知识点/有机化学/2+2环加成.md,有机化学,已填充,是,3,3,49,4,338,是,4,24
03-知识点/有机化学/5加2环加成.md,有机化学,已填充,是,4,4,49; 50,1,201,是,3,9
03-知识点/有机化学/ANRORC.md,有机化学,已填充,是,2,4,52,3,501,是,4,9
03-知识点/有机化学/Achmatowicz重排.md,有机化学,已填充,是,4,4,50,2,187,是,2,8
03-知识点/有机化学/Aldol缩合.md,有机化学,初稿,是,3,2,,2,40,是,0,135
03-知识点/有机化学/Arbuzov反应.md,有机化学,已填充,是,4,3,48; 51,1,226,是,5,6
03-知识点/有机化学/Baeyer-Villiger重排.md,有机化学,已填充,是,5,4,39; 47,5,330,是,5,65
03-知识点/有机化学/Baldwin规则.md,有机化学,已填充,是,4,4,50,5,289,是,4,26
03-知识点/有机化学/Bartoli吲哚合成.md,有机化学,已填充,是,2,3,52; 50,2,210,是,4,10
03-知识点/有机化学/Barton反应.md,有机化学,已填充,是,3,4,36,3,334,是,5,14
03-知识点/有机化学/Beckmann重排.md,有机化学,已填充,是,5,4,39; 47,2,289,是,4,72
03-知识点/有机化学/Bent规则.md,有机化学,已填充,是,3,3,21,1,278,是,5,49
03-知识点/有机化学/Birch还原.md,有机化学,已填充,是,4,4,40,5,266,是,5,14
03-知识点/有机化学/Bischler-Napieralski反应.md,有机化学,已填充,是,4,3,52; 50,2,212,是,4,11
03-知识点/有机化学/BrF₃.md,有机化学,已填充,是,3,4,,5,160,是,3,9
03-知识点/有机化学/Bredt规则.md,有机化学,骨架,是,3,2,28,3,43,是,1,7
03-知识点/有机化学/Brook重排.md,有机化学,已填充,是,4,4,50,2,182,是,4,30
03-知识点/有机化学/C-H活化.md,有机化学,初稿,是,3,2,,5,40,是,0,15
03-知识点/有机化学/Cahn-Ingold-Prelog规则.md,有机化学,已填充,是,4,3,,1,57,是,0,1
03-知识点/有机化学/Cannizzaro反应.md,有机化学,已填充,是,4,3,40,5,294,是,4,67
03-知识点/有机化学/Chichibabin反应.md,有机化学,已填充,是,3,3,52,2,179,是,4,16
03-知识点/有机化学/Claisen缩合.md,有机化学,已填充,是,3,3,,1,323,是,2,35
03-知识点/有机化学/Claisen重排.md,有机化学,已填充,是,4,4,49,5,336,是,7,244
03-知识点/有机化学/Clemmensen还原.md,有机化学,骨架,是,2,1,40,2,43,是,1,6
03-知识点/有机化学/Cope消除.md,有机化学,已填充,是,3,3,38,2,249,是,5,14
03-知识点/有机化学/Cope重排.md,有机化学,初稿,是,3,2,,5,40,是,0,47
03-知识点/有机化学/Corey-Chaykovsky反应.md,有机化学,已填充,是,4,4,45; 50,1,233,是,6,9
03-知识点/有机化学/Corey-Kim氧化.md,有机化学,已填充,是,3,3,40; 50,2,237,是,4,8
03-知识点/有机化学/Corey-Seebach反应.md,有机化学,已填充,是,3,4,,1,154,是,5,16
03-知识点/有机化学/Curtin-Hammett原理.md,有机化学,骨架,是,3,2,32,1,43,是,1,9
03-知识点/有机化学/Curtius重排.md,有机化学,已填充,是,5,4,34; 39; 51,2,222,是,4,11
03-知识点/有机化学/D-L构型.md,有机化学,已填充,是,4,2,27,1,248,是,2,12
03-知识点/有机化学/De Mayo反应.md,有机化学,已填充,是,2,5,49; 50,2,180,是,2,5
03-知识点/有机化学/Dess-Martin氧化.md,有机化学,已填充,是,4,3,40; 50,4,224,是,6,25
03-知识点/有机化学/Diels-Alder反应.md,有机化学,已填充,是,5,2,49,2,100,是,2,146
03-知识点/有机化学/Dimroth重排.md,有机化学,已填充,是,2,3,52,2,142,是,4,11
03-知识点/有机化学/Dyotropic重排.md,有机化学,已填充,是,4,5,29; 34; 35; 36; 49; 50,2,275,是,4,12
03-知识点/有机化学/E1cb反应.md,有机化学,已填充,是,4,3,38,1,356,是,5,23
03-知识点/有机化学/E1反应.md,有机化学,已填充,是,5,3,38,2,291,是,3,45
03-知识点/有机化学/E2反应.md,有机化学,已填充,是,5,3,38,2,296,是,4,79
03-知识点/有机化学/Ene反应.md,有机化学,初稿,是,2,1,,5,40,是,0,24
03-知识点/有机化学/Eschenmoser碎片化.md,有机化学,已填充,是,3,5,,1,295,是,4,4
03-知识点/有机化学/Favorskii重排.md,有机化学,已填充,是,3,4,39; 47,5,300,是,4,43
03-知识点/有机化学/Felkin-Anh模型.md,有机化学,骨架,是,3,2,24,3,43,是,1,8
03-知识点/有机化学/Finkelstein反应.md,有机化学,骨架,是,2,1,36,1,43,是,1,6
03-知识点/有机化学/Fischer吲哚合成.md,有机化学,已填充,是,5,4,52; 50,5,343,是,4,30
03-知识点/有机化学/Fischer投影式.md,有机化学,已填充,是,4,2,23,5,345,是,2,25
03-知识点/有机化学/Friedel-Crafts反应.md,有机化学,初稿,是,5,2,,2,43,是,1,29
03-知识点/有机化学/Fries重排.md,有机化学,已填充,是,2,3,41,2,173,是,4,9
03-知识点/有机化学/Gabriel合成.md,有机化学,已填充,是,4,3,44,5,274,是,6,30
03-知识点/有机化学/Grignard试剂.md,有机化学,已填充,是,5,3,51,1,308,是,4,79
03-知识点/有机化学/Grob碎裂化反应.md,有机化学,已填充,是,4,5,28; 32; 38; 39,4,637,是,10,34
03-知识点/有机化学/Grossman规则.md,有机化学,已填充,是,5,3,32; 29; 33,5,397,是,5,40
03-知识点/有机化学/Hammett方程.md,有机化学,骨架,是,3,2,22,1,39,是,1,15
03-知识点/有机化学/Hantzsch吡咯合成.md,有机化学,已填充,是,2,3,52; 50,2,157,是,4,16
03-知识点/有机化学/Haworth式.md,有机化学,已填充,是,2-3,2-3,53,1,75,是,3,4
03-知识点/有机化学/Heck反应.md,有机化学,已填充,是,5,4,50; 51,4,301,是,4,24
03-知识点/有机化学/Hofmann消除.md,有机化学,初稿,是,3,2,,2,41,是,3,17
03-知识点/有机化学/Horner-Wadsworth-Emmons反应.md,有机化学,已填充,是,3,4,48,1,354,是,4,11
03-知识点/有机化学/Kekulé式.md,有机化学,已填充,是,4,2,23,1,308,是,2,2
03-知识点/有机化学/Knoevenagel缩合.md,有机化学,初稿,是,2,1,,2,40,是,1,24
03-知识点/有机化学/Kulinkovich反应.md,有机化学,已填充,是,2,3,50; 51,2,226,是,4,6
03-知识点/有机化学/Larock吲哚合成.md,有机化学,已填充,是,4,4,52; 50,2,224,是,4,13
03-知识点/有机化学/Lawesson试剂.md,有机化学,已填充,是,3,4,47; 49; 决赛11,1,255,是,10,24
03-知识点/有机化学/Lewis式.md,有机化学,已填充,是,5,2,23; 21,2,31,是,6,25
03-知识点/有机化学/Lindlar催化剂.md,有机化学,已填充,是,3,3,37; 43,4,245,是,7,23
03-知识点/有机化学/Mannich反应.md,有机化学,初稿,是,2,1,,5,40,是,0,56
03-知识点/有机化学/Meisenheimer复合物.md,有机化学,已填充,是,4,3,42,2,169,是,5,17
03-知识点/有机化学/Michael加成.md,有机化学,初稿,是,4,3,,2,41,是,1,53
03-知识点/有机化学/Mitsunobu反应.md,有机化学,已填充,是,4,4,36; 44,5,269,是,7,29
03-知识点/有机化学/MukaiyamaAldol.md,有机化学,已填充,是,2,3,45; 46,2,173,是,4,10
03-知识点/有机化学/NBS.md,有机化学,已填充,是,4,3,,5,163,是,3,14
03-知识点/有机化学/NHK反应.md,有机化学,已填充,是,3,4,50; 51,2,218,是,4,7
03-知识点/有机化学/NMR分析.md,有机化学,初稿,是,3,2,,1,40,是,0,1
03-知识点/有机化学/Nazarov环化.md,有机化学,已填充,是,3,4,49,5,279,是,4,12
03-知识点/有机化学/Neber重排.md,有机化学,已填充,是,2,3,39; 47,2,159,是,4,8
03-知识点/有机化学/Negishi偶联.md,有机化学,已填充,是,3,3,50; 51,3,219,是,4,18
03-知识点/有机化学/Newman投影式.md,有机化学,已填充,是,3,2,23,2,162,是,2,17
03-知识点/有机化学/Paal-Knorr合成.md,有机化学,已填充,是,5,3,52; 50,2,237,是,6,29
03-知识点/有机化学/Peterson烯化反应.md,有机化学,已填充,是,3,4,48; 51,1,295,是,5,13
03-知识点/有机化学/Pictet-Spengler反应.md,有机化学,已填充,是,4,3,52; 50,2,216,是,4,14
03-知识点/有机化学/Pinacol重排.md,有机化学,已填充,是,4,3,39,1,293,是,6,50
03-知识点/有机化学/Prevost反应与Woodward反应.md,有机化学,已填充,是,4,4,37; 43,1,271,是,9,30
03-知识点/有机化学/Pummerer重排.md,有机化学,已填充,是,3,4,,2,125,是,2,9
03-知识点/有机化学/R-S构型.md,有机化学,已填充,是,5,3,24,1,335,是,4,35
03-知识点/有机化学/README.md,有机化学,已填充,是,,,,0,31,否,0,12
03-知识点/有机化学/Reformatsky反应.md,有机化学,已填充,是,3,3,45,3,261,是,4,14
03-知识点/有机化学/Ritter反应.md,有机化学,已填充,是,3,3,45; 47,3,240,是,4,12
03-知识点/有机化学/Robinson托品酮合成.md,有机化学,已填充,是,3,5,50,1,81,是,3,4
03-知识点/有机化学/Robinson环化.md,有机化学,已填充,是,4,4,45; 46,2,291,是,7,19
03-知识点/有机化学/SEAr定位规则.md,有机化学,已填充,是,5,3,41,1,306,是,11,96
03-知识点/有机化学/SN1反应.md,有机化学,已填充,是,5,4,32; 36; 44,2,539,是,7,130
03-知识点/有机化学/SN2Ar反应.md,有机化学,初稿,是,3,3,,1,40,是,0,1
03-知识点/有机化学/SN2反应.md,有机化学,已填充,是,5,4,32; 36; 44,2,543,是,7,168
03-知识点/有机化学/SNAr.md,有机化学,已填充,是,4,4,42,5,221,是,4,65
03-知识点/有机化学/SOCl₂氯化.md,有机化学,已填充,是,3,2,36; 44,1,392,是,5,3
03-知识点/有机化学/Sakurai烯丙基化.md,有机化学,已填充,是,4,4,13; 28; 31; 32,2,423,是,7,25
03-知识点/有机化学/Semipinacol重排.md,有机化学,已填充,是,4,4,39,1,312,是,5,15
03-知识点/有机化学/Simmons-Smith反应.md,有机化学,已填充,是,3,4,37; 43,5,255,是,8,24
03-知识点/有机化学/Skraup合成.md,有机化学,已填充,是,4,3,52; 50,2,211,是,4,13
03-知识点/有机化学/Stille偶联.md,有机化学,已填充,是,2,3,50; 51,3,372,是,4,18
03-知识点/有机化学/Suzuki偶联.md,有机化学,已填充,是,5,4,50; 51,5,297,是,4,33
03-知识点/有机化学/Swern氧化.md,有机化学,已填充,是,4,3,40; 50,5,209,是,3,48
03-知识点/有机化学/Tishchenko反应.md,有机化学,已填充,是,3,3,40,2,235,是,4,12
03-知识点/有机化学/TosMIC.md,有机化学,已填充,是,2,3,45; 47,2,234,是,3,8
03-知识点/有机化学/UV-Vis光谱.md,有机化学,已填充,是,1,2,30,4,297,是,5,31
03-知识点/有机化学/Ugi反应.md,有机化学,已填充,是,2,4,45; 47,2,244,是,5,12
03-知识点/有机化学/Wacker氧化.md,有机化学,已填充,是,4,3,40; 51,5,288,是,4,16
03-知识点/有机化学/Wagner-Meerwein重排.md,有机化学,已填充,是,4,4,39,5,209,是,5,37
03-知识点/有机化学/Walden翻转.md,有机化学,已填充,是,4,3,36; 44,3,153,是,3,9
03-知识点/有机化学/Wharton碎片化反应.md,有机化学,已填充,是,3,5,,1,296,是,3,8
03-知识点/有机化学/Wittig反应.md,有机化学,已填充,是,4,3,45,1,94,是,0,66
03-知识点/有机化学/Wolff-Kishner还原.md,有机化学,已填充,是,5,3,47; 51,3,226,是,5,11
03-知识点/有机化学/Wolff重排.md,有机化学,初稿,是,2,3,,4,40,是,0,4
03-知识点/有机化学/Woodward-Hoffmann规则.md,有机化学,初稿,是,3,4,,1,40,是,0,7
03-知识点/有机化学/Wurtz偶联.md,有机化学,已填充,是,2,3,51,2,268,是,6,30
03-知识点/有机化学/Zaitsev规则.md,有机化学,已填充,是,4,2,38,2,149,是,3,11
03-知识点/有机化学/Zincke反应.md,有机化学,已填充,是,2,2,52,2,436,是,4,12
03-知识点/有机化学/sp2杂化.md,有机化学,已填充,是,5,2,21,4,230,是,1,14
03-知识点/有机化学/sp3杂化.md,有机化学,已填充,是,5,2,21,4,235,是,1,22
03-知识点/有机化学/sp杂化.md,有机化学,已填充,是,4,2,21,1,228,是,1,12
03-知识点/有机化学/¹H NMR.md,有机化学,已填充,是,3,3,30,1,267,是,7,67
03-知识点/有机化学/α效应.md,有机化学,已填充,是,4,4,22; 28; 32; 35,2,479,是,6,20
03-知识点/有机化学/β-硅基效应.md,有机化学,已填充,是,5,4,13; 28; 34,2,422,是,6,52
03-知识点/有机化学/σ络合物.md,有机化学,已填充,是,4,3,41,4,177,是,3,5
03-知识点/有机化学/σ迁移反应.md,有机化学,已填充,是,5,4,49,5,377,是,8,93
03-知识点/有机化学/三元环开环.md,有机化学,已填充,是,2,3,37; 43,1,200,是,3,4
03-知识点/有机化学/不对称合成.md,有机化学,已填充,是,3,4,,1,331,是,7,45
03-知识点/有机化学/不对称氢化.md,有机化学,已填充,是,3,4,50; 51,3,266,是,5,20
03-知识点/有机化学/中间体.md,有机化学,已填充,是,5,3,32; 34,5,562,是,6,46
03-知识点/有机化学/串联反应.md,有机化学,已填充,是,3,3,50,5,96,是,4,11
03-知识点/有机化学/乙酰乙酸乙酯合成法.md,有机化学,已填充,是,5,4,38; 46,3,87,是,4,28
03-知识点/有机化学/二糖与多糖.md,有机化学,已填充,是,4,3,54,1,297,是,4,8
03-知识点/有机化学/互变异构.md,有机化学,已填充,是,4,3,25,1,286,是,3,26
03-知识点/有机化学/亚胺.md,有机化学,已填充,是,4,2,45,2,151,是,6,30
03-知识点/有机化学/亲核体与亲电体.md,有机化学,已填充,是,5,2,31; 32,5,181,是,6,40
03-知识点/有机化学/亲核加成.md,有机化学,已填充,是,5,3,45,1,300,是,5,158
03-知识点/有机化学/亲核取代.md,有机化学,已填充,是,5,3,36; 44,2,593,是,4,103
03-知识点/有机化学/亲核性与碱性比较.md,有机化学,已填充,是,4,3,36; 44,1,169,是,3,0
03-知识点/有机化学/亲电加成.md,有机化学,已填充,是,5,3,43,1,263,是,5,86
03-知识点/有机化学/人名反应.md,有机化学,已填充,是,5,3,10,5,130,是,0,27
03-知识点/有机化学/休克尔规则.md,有机化学,已填充,是,5,4,28,1,272,是,3,22
03-知识点/有机化学/优先离域原则.md,有机化学,已填充,是,3,4,28; 32,3,201,是,4,8
03-知识点/有机化学/保护基策略.md,有机化学,已填充,是,3,4,50,5,264,是,16,68
03-知识点/有机化学/偶联反应.md,有机化学,初稿,是,3,2,,2,40,是,5,16
03-知识点/有机化学/光氧化还原催化.md,有机化学,已填充,是,2,4,40; 50,5,304,是,5,41
03-知识点/有机化学/全合成.md,有机化学,已填充,是,3,2,50,1,114,是,2,36
03-知识点/有机化学/共振论.md,有机化学,已填充,是,5,4,22; 28; 29,5,672,是,6,136
03-知识点/有机化学/共轭体系电子计数.md,有机化学,已填充,是,4,2,,1,262,是,5,4
03-知识点/有机化学/共轭效应.md,有机化学,已填充,是,5,4,22; 28; 29; 32,1,704,是,15,128
03-知识点/有机化学/内消旋体与外消旋体.md,有机化学,已填充,是,5,3,24,1,297,是,5,7
03-知识点/有机化学/前线轨道理论.md,有机化学,已填充,是,5,4,49,1,275,是,4,81
03-知识点/有机化学/加成反应.md,有机化学,已填充,是,5,2,37,2,329,是,2,36
03-知识点/有机化学/加聚反应.md,有机化学,已填充,是,4,2,55,1,160,是,3,7
03-知识点/有机化学/动力学同位素效应.md,有机化学,已填充,是,4,4,32,1,289,是,3,42
03-知识点/有机化学/动力学控制.md,有机化学,已填充,是,5,3,32,5,312,是,3,21
03-知识点/有机化学/区域选择性.md,有机化学,已填充,是,4,3,37; 41; 43,2,368,是,4,66
03-知识点/有机化学/半缩醛.md,有机化学,已填充,是,3,2,45,5,184,是,2,7
03-知识点/有机化学/协同反应.md,有机化学,已填充,是,4,3,49,5,199,是,4,160
03-知识点/有机化学/单糖.md,有机化学,已填充,是,2-3,2-3,53,1,76,是,2,1
03-知识点/有机化学/卡宾.md,有机化学,已填充,是,4,3,34,1,104,是,2,90
03-知识点/有机化学/卤代内酯化反应.md,有机化学,已填充,是,3,4,37; 43,2,258,是,7,26
03-知识点/有机化学/卤代烃.md,有机化学,待填充,是,4,3,,4,37,是,3,18
03-知识点/有机化学/原子经济性与反应选择性.md,有机化学,已填充,是,4,3,36,1,352,是,5,106
03-知识点/有机化学/双羟化反应.md,有机化学,已填充,是,4,4,37; 43,2,352,是,12,49
03-知识点/有机化学/反应势能图.md,有机化学,已填充,是,5,3,32,5,384,是,6,32
03-知识点/有机化学/反应机理.md,有机化学,已填充,是,5,5,,2,428,是,7,310
03-知识点/有机化学/反应机理表示法.md,有机化学,已填充,是,5,3,32; 29; 33,5,751,是,9,95
03-知识点/有机化学/反式共平面.md,有机化学,已填充,是,5,3,21; 22; 28; 32; 38,5,494,是,7,106
03-知识点/有机化学/反极化与亲卤取代.md,有机化学,已填充,是,3,4,44,2,265,是,5,14
03-知识点/有机化学/反马氏加成.md,有机化学,已填充,是,4,3,37; 43,5,160,是,3,35
03-知识点/有机化学/取代反应.md,有机化学,已填充,是,5,2,36,2,266,是,3,35
03-知识点/有机化学/取代反应的立体化学.md,有机化学,已填充,是,4,3,36; 44,1,137,是,5,3
03-知识点/有机化学/叶立德.md,有机化学,已填充,是,4,4,48,5,276,是,3,7
03-知识点/有机化学/吡咯.md,有机化学,已填充,是,4,3,52,2,138,是,2,16
03-知识点/有机化学/吡啶化学.md,有机化学,已填充,是,5,4,52; 50,5,394,是,7,65
03-知识点/有机化学/含硅化合物.md,有机化学,已填充,是,3,3,48,3,238,是,3,3
03-知识点/有机化学/含硫化合物.md,有机化学,已填充,是,3,3,48,1,270,是,4,15
03-知识点/有机化学/呋喃.md,有机化学,已填充,是,4,3,52,2,163,是,6,21
03-知识点/有机化学/周环反应.md,有机化学,已填充,是,4,3,49,1,113,是,1,146
03-知识点/有机化学/噻吩.md,有机化学,已填充,是,4,3,52,1,140,是,2,10
03-知识点/有机化学/固相合成.md,有机化学,已填充,是,3,4,50; 54,2,211,是,4,4
03-知识点/有机化学/场效应.md,有机化学,已填充,是,3,3,29; 31,5,407,是,4,83
03-知识点/有机化学/多肽合成.md,有机化学,已填充,是,4,4,55,3,336,是,4,14
03-知识点/有机化学/天然产物化学.md,有机化学,骨架,是,2,1,50,2,39,是,1,8
03-知识点/有机化学/天然产物合成.md,有机化学,已填充,是,5,难,50-有机合成,5,258,是,3,50
03-知识点/有机化学/安息香缩合.md,有机化学,已填充,是,2,3,45,5,201,是,4,35
03-知识点/有机化学/官能团.md,有机化学,已填充,是,5,1,21,1,100,是,2,141
03-知识点/有机化学/官能团转化.md,有机化学,骨架,是,4,3,36,5,39,是,3,9
03-知识点/有机化学/对映异构.md,有机化学,已填充,是,5,4,24; 27,2,265,是,3,38
03-知识点/有机化学/影响亲核性的因素.md,有机化学,已填充,是,5,3,31; 32; 36,1,179,是,3,5
03-知识点/有机化学/手性中心.md,有机化学,已填充,是,4,2,27,5,267,是,3,34
03-知识点/有机化学/手性轴.md,有机化学,已填充,是,4,3,27,2,303,是,3,8
03-知识点/有机化学/手性面.md,有机化学,已填充,是,3,3,27,1,303,是,3,7
03-知识点/有机化学/扩环反应.md,有机化学,已填充,是,2,4,39; 50,1,224,是,4,5
03-知识点/有机化学/旋光异构.md,有机化学,已填充,是,4,3,,5,247,是,5,76
03-知识点/有机化学/无水无氧条件.md,有机化学,已填充,是,4,2,51,1,160,是,0,3
03-知识点/有机化学/有机光化学.md,有机化学,已填充,是,2,3,49; 30,4,302,是,5,28
03-知识点/有机化学/有机分子的几何构型.md,有机化学,已填充,是,4,2,21,1,196,是,4,28
03-知识点/有机化学/有机分子轨道.md,有机化学,已填充,是,5,4,22,3,334,是,2,19
03-知识点/有机化学/有机化学基础.md,有机化学,已填充,是,5,1,21,2,136,是,2,195
03-知识点/有机化学/有机反应的本质.md,有机化学,骨架,是,5,1,31,5,39,是,1,7
03-知识点/有机化学/有机合成.md,有机化学,已填充,是,5,3,50,1,174,是,4,176
03-知识点/有机化学/有机波谱分析.md,有机化学,已填充,是,4,3,30,5,393,是,8,69
03-知识点/有机化学/有机还原反应.md,有机化学,已填充,是,5,3,40,1,340,是,6,27
03-知识点/有机化学/有机酸碱性.md,有机化学,已填充,是,5,3,35,5,340,是,6,69
03-知识点/有机化学/有机金属试剂.md,有机化学,骨架,是,3,2,51,5,39,是,1,9
03-知识点/有机化学/有机锂试剂.md,有机化学,已填充,是,4,4,45; 46; 51,2,328,是,5,28
03-知识点/有机化学/有机锌试剂.md,有机化学,已填充,是,3,3,45,5,134,是,4,5
03-知识点/有机化学/杂原子ene反应.md,有机化学,已填充,是,2,5,49,1,226,是,3,3
03-知识点/有机化学/杂环化合物.md,有机化学,已填充,是,4,3,52,1,460,是,12,80
03-知识点/有机化学/杂环合成.md,有机化学,已填充,是,3,4,53,4,385,是,5,30
03-知识点/有机化学/杂环芳香性.md,有机化学,已填充,是,4,3,28; 41; 52,4,330,是,4,14
03-知识点/有机化学/构象分析.md,有机化学,初稿,是,4,3,,2,42,是,8,53
03-知识点/有机化学/构象异构.md,有机化学,已填充,是,5,3,24; 21,5,350,是,7,133
03-知识点/有机化学/构造异构.md,有机化学,已填充,是,4,2,24,1,369,是,2,22
03-知识点/有机化学/楔形式.md,有机化学,已填充,是,3,2,23,1,333,是,5,11
03-知识点/有机化学/氧化反应.md,有机化学,已填充,是,4,3,40,5,487,是,4,56
03-知识点/有机化学/氧化还原反应.md,有机化学,已填充,是,5,3,36; 38; 40; 44,5,275,是,4,167
03-知识点/有机化学/氨基酸与等电点.md,有机化学,已填充,是,4,3,54,1,348,是,11,85
03-知识点/有机化学/消除反应.md,有机化学,已填充,是,5,3,36; 38; 44,4,338,是,8,158
03-知识点/有机化学/消除反应的立体化学.md,有机化学,已填充,是,4,3,38,1,164,是,3,1
03-知识点/有机化学/溶剂效应.md,有机化学,已填充,是,4,3,31; 36; 44,5,372,是,3,39
03-知识点/有机化学/溶剂解反应.md,有机化学,已填充,是,2,3,44,1,187,是,4,20
03-知识点/有机化学/炔烃.md,有机化学,已填充,是,4,4,37; 43,3,464,是,10,242
03-知识点/有机化学/炔负离子.md,有机化学,已填充,是,4,3,38; 51,2,88,是,5,17
03-知识点/有机化学/热力学控制.md,有机化学,已填充,是,5,3,32,5,329,是,2,20
03-知识点/有机化学/烯烃.md,有机化学,已填充,是,5,3,37; 43,2,301,是,7,75
03-知识点/有机化学/烯烃复分解.md,有机化学,已填充,是,4,4,50; 51,5,299,是,10,54
03-知识点/有机化学/烯胺.md,有机化学,已填充,是,4,3,45,1,169,是,4,14
03-知识点/有机化学/烯醇.md,有机化学,已填充,是,4,3,46,2,339,是,3,28
03-知识点/有机化学/烯醇负离子.md,有机化学,已填充,是,5,4,46,4,313,是,14,56
03-知识点/有机化学/环化反应.md,有机化学,已填充,是,3,3,39,5,143,是,3,16
03-知识点/有机化学/环张力.md,有机化学,已填充,是,3,2,28,1,138,是,4,20
03-知识点/有机化学/环氧化反应.md,有机化学,已填充,是,4,4,37; 43,5,360,是,13,39
03-知识点/有机化学/环氧化合物开环.md,有机化学,已填充,是,4,3,,1,261,是,5,10
03-知识点/有机化学/环状分子的立体选择性.md,有机化学,已填充,是,5,4,24; 25; 50,2,438,是,5,11
03-知识点/有机化学/生物碱.md,有机化学,已填充,是,3,3,55,5,164,是,2,19
03-知识点/有机化学/甲酸.md,有机化学,初稿,是,2,1,,1,40,是,0,1
03-知识点/有机化学/电子效应.md,有机化学,已填充,是,4,3,21,3,88,是,2,113
03-知识点/有机化学/电子转移.md,有机化学,已填充,是,5,3,31,5,324,是,3,9
03-知识点/有机化学/电环化反应.md,有机化学,已填充,是,5,4,49,4,354,是,5,80
03-知识点/有机化学/直接加成与共轭加成.md,有机化学,已填充,是,5,4,37; 45,1,331,是,8,62
03-知识点/有机化学/相转移催化.md,有机化学,骨架,是,2,1,50,2,43,是,2,6
03-知识点/有机化学/硬软亲核试剂.md,有机化学,已填充,是,4,4,32; 45,2,272,是,6,19
03-知识点/有机化学/硼氢化反应.md,有机化学,已填充,是,5,4,37; 43,5,359,是,7,52
03-知识点/有机化学/碳正离子.md,有机化学,已填充,是,4,3,28; 34,2,151,是,2,243
03-知识点/有机化学/碳负离子.md,有机化学,已填充,是,5,3,34,5,305,是,2,40
03-知识点/有机化学/离去基与pKa.md,有机化学,已填充,是,5,3,31; 32; 36; 38,3,186,是,5,29
03-知识点/有机化学/离子对机理.md,有机化学,已填充,是,4,4,32; 39,3,271,是,6,17
03-知识点/有机化学/空间位阻效应.md,有机化学,已填充,是,4,2,,1,257,是,5,9
03-知识点/有机化学/立体化学.md,有机化学,已填充,是,5,3,24; 27,1,416,是,10,269
03-知识点/有机化学/立体电子效应.md,有机化学,初稿,是,3,2,,2,43,是,0,82
03-知识点/有机化学/立体选择性.md,有机化学,已填充,是,4,4,24; 25; 50,1,415,是,6,53
03-知识点/有机化学/端基效应.md,有机化学,已填充,是,5,5,29; 34; 35,5,537,是,9,70
03-知识点/有机化学/糖化学.md,有机化学,已填充,是,4,3,53-糖类; 52-杂环化合物; 50-有机合成; 45-亲核加成反应; 47-羧酸及羧酸衍生物,2,291,是,7,39
03-知识点/有机化学/糖的构型与变旋.md,有机化学,已填充,是,4,3,53,1,394,是,7,19
03-知识点/有机化学/糖类.md,有机化学,已填充,是,2,2,53,1,77,是,5,38
03-知识点/有机化学/糖苷.md,有机化学,已填充,是,2-3,2-3,53,1,77,是,2,9
03-知识点/有机化学/系统命名法.md,有机化学,已填充,是,5,3,26,1,403,是,8,21
03-知识点/有机化学/红外光谱.md,有机化学,初稿,是,3,2,,1,45,是,0,37
03-知识点/有机化学/给体-受体相互作用.md,有机化学,已填充,是,5,5,22; 28; 32,5,508,是,6,99
03-知识点/有机化学/缩合反应.md,有机化学,已填充,是,3,3,45; 46; 47; 39,5,376,是,7,45
03-知识点/有机化学/缩聚反应.md,有机化学,已填充,是,4,2,55,4,178,是,3,8
03-知识点/有机化学/缩醛.md,有机化学,已填充,是,4,2,45,1,147,是,4,19
03-知识点/有机化学/羧酸.md,有机化学,已填充,是,5,2,47,2,104,是,5,40
03-知识点/有机化学/羧酸衍生物.md,有机化学,已填充,是,5,3,47,1,262,是,16,119
03-知识点/有机化学/羰基α位烷基化.md,有机化学,已填充,是,4,3,46,1,197,是,4,6
03-知识点/有机化学/羰基亲核加成.md,有机化学,已填充,是,5,3,37; 45,4,174,是,6,95
03-知识点/有机化学/聚酰亚胺.md,有机化学,已填充,是,3,3,52,4,136,是,4,1
03-知识点/有机化学/肽键.md,有机化学,已填充,是,4,3,54,1,107,是,3,10
03-知识点/有机化学/胺的化学.md,有机化学,已填充,是,4,3,41-芳香亲电取代反应; 42-芳香亲核取代反应; 44-脂肪族亲核取代反应; 45-亲核加成反应; 49-周环反应,1,356,是,9,130
03-知识点/有机化学/脂肪酸生物合成.md,有机化学,已填充,是,3,4,50,1,91,是,3,7
03-知识点/有机化学/膦化合物.md,有机化学,已填充,是,4,3,48,1,21,是,6,20
03-知识点/有机化学/膦化学.md,有机化学,已填充,是,1,4,,1,283,是,5,73
03-知识点/有机化学/自由基.md,有机化学,已填充,是,5,3,34; 32; 36,1,506,是,8,216
03-知识点/有机化学/自由基取代.md,有机化学,已填充,是,5,3,36,2,290,是,3,30
03-知识点/有机化学/臭氧化反应.md,有机化学,已填充,是,5,4,37; 43,1,359,是,9,29
03-知识点/有机化学/芳香亲核取代.md,有机化学,已填充,是,4,4,42,2,326,是,3,74
03-知识点/有机化学/芳香亲电取代反应.md,有机化学,已填充,是,5,4,41,2,338,是,12,108
03-知识点/有机化学/芳香体系中吸电子基作用.md,有机化学,已填充,是,4,3,41; 42,1,188,是,4,7
03-知识点/有机化学/芳香性.md,有机化学,已填充,是,5,4,28,1,316,是,12,237
03-知识点/有机化学/苯炔.md,有机化学,已填充,是,4,3,34,1,291,是,3,43
03-知识点/有机化学/苯胺.md,有机化学,已填充,是,4,2,41; 42,2,221,是,4,8
03-知识点/有机化学/苯胺合成.md,有机化学,初稿,是,2,2,,2,42,是,0,2
03-知识点/有机化学/苯酚.md,有机化学,已填充,是,4,2,41,1,385,是,2,28
03-知识点/有机化学/药物化学.md,有机化学,已填充,是,4,中,50-有机合成,5,275,是,8,43
03-知识点/有机化学/莽草酸途径.md,有机化学,已填充,是,3,5,50,1,78,是,2,7
03-知识点/有机化学/诱导效应.md,有机化学,已填充,是,5,3,28; 32,5,692,是,6,79
03-知识点/有机化学/负氢转移.md,有机化学,已填充,是,3,3,34; 39,5,622,是,7,86
03-知识点/有机化学/质子转移可行性.md,有机化学,已填充,是,4,2,35,2,282,是,6,187
03-知识点/有机化学/质谱.md,有机化学,已填充,是,2,3,30,2,309,是,5,73
03-知识点/有机化学/超共轭效应.md,有机化学,已填充,是,4,3,21,5,95,是,0,108
03-知识点/有机化学/超分子识别.md,有机化学,已填充,是,3,3,56,1,275,是,3,33
03-知识点/有机化学/路易斯酸.md,有机化学,骨架,是,4,3,35,5,39,是,1,4
03-知识点/有机化学/轨道观点下的稳定性.md,有机化学,已填充,是,4,3,21; 22; 28,1,193,是,4,2
03-知识点/有机化学/辅酶与生物氧化还原.md,有机化学,已填充,是,2,4,51,1,90,是,7,16
03-知识点/有机化学/过氧化物效应.md,有机化学,已填充,是,5,3,37; 38,5,313,是,6,39
03-知识点/有机化学/过渡态.md,有机化学,已填充,是,4,3,32,1,322,是,3,41
03-知识点/有机化学/过渡金属催化.md,有机化学,初稿,是,4,3,,5,41,是,2,14
03-知识点/有机化学/过碘酸氧化.md,有机化学,已填充,是,4,3,40; 50; 13,1,225,是,7,23
03-知识点/有机化学/还原糖.md,有机化学,已填充,是,2-3,2-3,53,1,72,是,2,2
03-知识点/有机化学/逆合成分析.md,有机化学,已填充,是,5,4,50,2,334,是,6,63
03-知识点/有机化学/邻二醇切断.md,有机化学,已填充,是,2,3,37; 43,3,240,是,6,40
03-知识点/有机化学/邻基参与.md,有机化学,已填充,是,3,4,39,5,289,是,4,53
03-知识点/有机化学/酯化反应.md,有机化学,骨架,是,4,3,47,1,43,是,5,16
03-知识点/有机化学/酰基亲核取代.md,有机化学,已填充,是,5,3,47,5,310,是,4,29
03-知识点/有机化学/醇.md,有机化学,已填充,是,5,2,40; 44,1,320,是,17,135
03-知识点/有机化学/醛酮.md,有机化学,已填充,是,4,3,45-亲核加成反应; 46-羰基α位反应; 47-羧酸及羧酸衍生物; 39-重排反应; 50-有机合成,1,409,是,12,289
03-知识点/有机化学/重排反应.md,有机化学,已填充,是,4,3,39,1,296,是,4,66
03-知识点/有机化学/重氮化合物.md,有机化学,已填充,是,5,4,34; 39; 51,2,313,是,6,11
03-知识点/有机化学/重氮盐.md,有机化学,已填充,是,5,4,41; 42,1,294,是,6,23
03-知识点/有机化学/金属有机与羰基化学.md,有机化学,已填充,是,4,4,决赛11,2,264,是,3,31
03-知识点/有机化学/鎓离子.md,有机化学,已填充,是,3,4,37; 43,5,327,是,9,64
03-知识点/有机化学/铜锂试剂.md,有机化学,已填充,是,4,4,51,1,292,是,5,7
03-知识点/有机化学/锯架式.md,有机化学,已填充,是,3,2,23,1,362,是,3,11
03-知识点/有机化学/非对映异构.md,有机化学,已填充,是,4,3,24,5,324,是,4,17
03-知识点/有机化学/非对映选择性.md,有机化学,已填充,是,5,4,24,2,466,是,3,11
03-知识点/有机化学/顺反异构.md,有机化学,已填充,是,4,2,24,1,297,是,5,38
03-知识点/有机化学/马氏规则.md,有机化学,已填充,是,5,3,37,1,288,是,4,50
03-知识点/有机化学/高分子化学.md,有机化学,已填充,是,2,3,55,5,369,是,5,95
03-知识点/有机化学/高分子重复单元.md,有机化学,已填充,是,3,2,55,2,354,是,3,14
03-知识点/物理化学/README.md,物理化学,已填充,是,,,,0,22,否,0,1
03-知识点/物理化学/多重平衡.md,物理化学,待填充,是,3,3,,2,31,是,2,25
03-知识点/物理化学/平均聚合度.md,物理化学,已填充,是,3,3,,1,433,是,5,2
03-知识点/物理化学/热力学驱动力.md,物理化学,已填充,是,4,3,,3,229,是,4,4
03-知识点/物理化学/相图.md,物理化学,待填充,是,4,3,,3,31,是,2,46
03-知识点/物理化学/相图与相平衡.md,物理化学,已填充,是,4,3,,1,268,是,4,75
03-知识点/综合/README.md,综合,已填充,是,,,,0,21,否,0,1
03-知识点/综合/元素推断.md,综合,已填充,是,5,3,,5,370,是,3,118
03-知识点/综合/化学式推断.md,综合,已填充,是,4,3,,5,233,是,3,23
03-知识点/综合/生物化学.md,综合,已填充,是,3,中,53-糖类; 54-氨基酸; 52-杂环化合物; 46-羰基α位反应; 50-有机合成; 51-金属有机,5,408,是,3,19
03-知识点/高中化学基础/README.md,高中化学基础,已填充,是,,,,0,32,否,0,1
03-知识点/高中化学基础/元素周期律基础.md,高中化学基础,已填充,是,4,入门,,1,104,是,0,1
03-知识点/高中化学基础/分子空间结构与杂化.md,高中化学基础,已填充,是,4,入门,,1,95,是,0,0
03-知识点/高中化学基础/分子结构基础.md,高中化学基础,已填充,是,4,入门,,5,92,是,0,9
03-知识点/高中化学基础/化学键基础.md,高中化学基础,已填充,是,4,入门,,1,108,是,0,4
03-知识点/高中化学基础/原子结构基础.md,高中化学基础,已填充,是,4,入门,,2,95,是,0,4
03-知识点/高中化学基础/氧化还原反应基础.md,高中化学基础,已填充,是,4,入门,,1,92,是,0,3
03-知识点/高中化学基础/氯及其化合物.md,高中化学基础,已填充,是,3,入门,,1,101,是,0,0
03-知识点/高中化学基础/物质分类与离子反应.md,高中化学基础,已填充,是,3,入门,,1,86,是,0,0
03-知识点/高中化学基础/物质的量与气体计算.md,高中化学基础,已填充,是,4,入门,,1,117,是,0,4
03-知识点/高中化学基础/配合物基础.md,高中化学基础,已填充,是,3,入门,,5,107,是,0,4
03-知识点/高中化学基础/钠及其化合物.md,高中化学基础,已填充,是,3,入门,,1,100,是,0,0
03-知识点/高中化学基础/铁及其化合物.md,高中化学基础,已填充,是,3,入门,,1,105,是,0,0
