"Num","Title","Score","ImageCount","Images"
"1","闪烁体的结构和性能","14","3","4db6e83159932194a57efc608fb1f6658ed761a2377cec9efa590de916040a68.jpg, 2286a55eeaca3b7b3f062b4136fce854d5c0e4b74a80240db84e3df6444c5b6c.jpg, eedd05eeed46ce0f204718802bf2b061467d60ab54ec81783122d6aa99694a2f.jpg"
"2","Co 的配合物","27","6","1d3348016738ba08636785c23a18b7eb1aa03483d0344d951e65966736afcc0c.jpg, c37eeb27cd60c50a9d53767ba76771ad273c5be53af22c67cf2f07cb496d422d.jpg, 5691c47c613fc574430137adbeee1f92e80f8d3bc178c2d3c9da47ec279953ee.jpg, 42b682f3c49953f604537269d7dca09b3b23cd83900f91c8cb14afb97a81049d.jpg, f3dc90eefc3d27ce3db596b4c1fb6ef952856e9d50ccc78f00b66865bd3b4a39.jpg, c04909352b4563c2466ea8ab7ca25e7c9e17c996377dbd980a34ccf6a1758aaa.jpg"
"3","晶体交错生长","28","5","70a9c12b1903e974343d3343ae3185e49ce5571893751dc31b17f82e3bf86af3.jpg, d929b583455bc1b5d7b172b0878d38fad3a84b5abde257c06a36cb02e2d83a6b.jpg, 0a611ddffb2fe315d03d617d777033311eec107a8091bc43709ed3f4b771c279.jpg, 2b23e08f8d083819749cda35e43eafe6e08f9638a1976127be79a484ab106ab5.jpg, c87ce009bcdc6d1345fdd65c1ecff89dbfe37e79413802e1487da30d5caf0542.jpg"
"4","电化学 CO₂ 还原","28","1","3d472cf57265efb6d02d9c285e9bdf81182480f5fbd1960e3301892f7e37f912.jpg"
"5","水相变中的热力学与动力学","40","1","2cc49f20493c799e9afc7f837e64f72c99588a22674c8bc643bbb3be85cd052f.jpg"
"6","功能有机分子的光致酸碱化","25","9","fe0adeea55850388ac83b2f1f7e81c5b6df4ab546c1c93528e088df485ee36ee.jpg, 93ff1f5a6e83d2029bc72eec8973800d3be1653d60331a8d5aca95f95535adea.jpg, b93263f0ad36ca98092825054213ac8c8e95797213ade5e5419003171944621f.jpg, e36b1ccee14c63e6df3299a76c28b82aa6756327ca827ad8432a569e36780151.jpg, dc740e1b732aa2b08877bbd10a64720636a6a8679982a9a06023e2d900e8ddaf.jpg, 667122426bd81c4dbdaa3a9a7f7abbd656ce36a1d232c8507a5969de6c813196.jpg, 8bb687df959c40c65a045cd42fd38d2b2bd48e358a2a12367faf1f9ae36ff283.jpg, 550e863ab1a753a11520995828d50c02fc44e2e05ce49a317d6b2a906e2fd7fc.jpg, 72e57f1d6e0e0e2a7ec28f12f2b91d0b48c8c102067ad3eb0a5b5cc92aff4c2c.jpg"
"7","四氮唑类化合物及其反应性","25","4","94e62d0f603f137b5bb9edc9eb57680b972f866b016e60617ae03e0571901cf7.jpg, 9c2e8d5b61db245bc317b19f7053702ed90d3506af45278fcbb2c72857594572.jpg, 955424d3e7587e6598f1be635212e3ed2e0e538a214d5b4898f9b8161cfb2cb4.jpg, f468b0d1a8b9d7ba54e64beaac141d9f4dd9c3dfadb92881179ea460554785cf.jpg"
"8","常见有机化合物提纯分离方法","18","6","e6cb32932aea72bbcd4b08c9b6f0b5d751474d88d4f7e404a03fcf03c70db7f5.jpg, 05d450d1527d8814dec1a68b4299c377db056372b49294325f0c8f3992286e82.jpg, 064bca3d52af9763206f1c78ae5d675b395a9ca57c504264f8f1be58b84dbc60.jpg, 1f9e55e4a8baffbc2764f8f717c168a36bb1b62f43b068e577213dfbb23fa5c6.jpg, f81e4c5e030703f1c95a8fe4812cba1c9f72a96b3fce72e3b0f280707979de0f.jpg, 07cfc0c54cd0fce9be09bcb3c76d4ae692898f89c5087bbb5ca36a1d6b9c2a23.jpg"
"9","四级碳手性中心的构建","29","24","09a6e50dacf915e64cf7ad3ec88fdec73dd0986dd72436632a2be31182f6c20d.jpg, 84e763b34eb74901d8a2c8592dff409b94fb96b30ca71aae7b942432ed36b8d8.jpg, bdf619404913c1d2de31b070ea3451fee1a2694d953e777c3998dba66c5d5d35.jpg, 251acf95af4a9de967257e4f0ee6387f1dc51de79d86eb18ad0d45735e11c876.jpg, 7345bb580c30105454cc31ce3fc99bc124668bb5146c4bc8d1a17948ebde12fe.jpg, 5d44bcfe285eaafc94eabe9645759bdcad0fe0802cef09bc03aa716821429a49.jpg, cd802bb940066425153d8689222b76ae7be061129df2eee865a666f15ca3205c.jpg, 8a38bf9583e76313a5323b10ca07bfd4a69e44ee40b51c14b68edb2878eff59d.jpg, c5b8a5023ddbd6868d45ebcbc6cb4dcbca985a04d31c673155ef6c2b7cea644c.jpg, 3c05c2ce3a10d0adc57bfef89b55d2603421429fe36e2f316b0ac32b6b3ce0f6.jpg, 4e84f5bbeeea0bda5f97cae07c11c1c1e98d2687fec7dba86708e00d2e6fa1d9.jpg, 2c14d551a4ba5bb0c4fbab98311208ac89cfcc75e9a74918d24fe8c8c0a1291a.jpg, 95e89eafef97763745c7cdd745e48cfcda0ae11201ffd197c2e80cc2c0b87b59.jpg, a966d62a7e809c89ef01f85e3c03ed6a4e98a87aa47573f8247a2a80b73d4692.jpg, f8927aaa24c6e34fb3f461f0c2ff02facdd2495ccf335a76b84e608a703d9442.jpg, 8263e8d700173a3c9619a90c1ae5030cfcb93b9bf68f558b0a42964738008568.jpg, 590e56f7debcf5b8f7918ccc42fb4e09c44aff2981dbca1fd3458a5ac3346412.jpg, f78bb9971b46a52142d2b79278e40c70a8f2f2b4281d8203ce96be897083f3ed.jpg, 8e2d3ded360c18ce148cdd3018a0bfe569e15cab596c77d7ac17cb462a45d139.jpg, 4243fe236ef8c0477b6288ec426959a323eed317aa36ff39eee6157cea840116.jpg, 9a9bb62b6a007b56af66a448073273aa012ce93eea6bd3003fbe74229ffd8abf.jpg, a2c400bb424280226fcada6dbec313b1cbb2adebc204bfdfdb3133d823bfb9f6.jpg, 321c59cf2731730e43f90b9ed550b641d144d6bfe522590f87ae4dc41947d9af.jpg, 5609b4eb512587eca01f4af937887b8d33c4aea9ecd752598efd7fa1a4081969.jpg"
"10","卡宾化学","33","26","cf1ebf7944f4d1914a9d710b814990bcceb833e1930d52efc3acbc2c6f8bb85f.jpg, 8287bd48d54e1807f1daa71160196a93264d281eb2b28ac5c7ed3741124e7e52.jpg, ed60a8a705899703533accaec47947e7dc4ee8ae0b0885f26e9216f577b1fc83.jpg, 70ce8abccef35027bd75ee72672ac874e18a9360d6f1bb9bf9793079ffbd2e44.jpg, c62dbba6404ef7edcee17af0ca53e31a703976b6315feb22d272e682f6d82359.jpg, 4c50502907f9467a2cc715c5ac5c6803bddda422515aa66d3964cf4d5108b5c0.jpg, e3a76a7b5dc8fddf54cf75cfc139f75c5d19c04a1ecb61f032a8f0e387e6a6f3.jpg, b59497533068b17585a90645650ba1a885bb049a6eb0f100dd825db33116479d.jpg, f59e8a80c6da8d0741e28c2638d4734c9a701fe32c5074314c0ebc86eab84dc0.jpg, d8fbee1e6e4f9c84d77edc8a13c681413d08472802f150180fe2902b6f8cdded.jpg, 6d36014a80817fc3e92d79bd817f4dce2a48fd7a7c3b1c6d7bee646952209923.jpg, 3396e2f336dc6ce0ef85093248dbeb48ba76a91c47887fb0081197fb33044087.jpg, bd0cd09099f92f5ebff4e37d83d36bc8a06538085b660adf2b40f0a72821c630.jpg, 248789eb5b2c87a868a4cac9371e7e843ee8045da2a652d6343f57f37cb89149.jpg, 7475442e8abb9600b56c3220c535a6532c4d0fd61ba60a9a89d52ecfa9720119.jpg, 78845a5bae78305676890fdb985acaafaf42a569117549065ea7c1c724609a0b.jpg, c3f2725d9932298cb5fc7e2c2c12e23fdf454bcf34838001d204e35cb44079b7.jpg, 9490f592f7fcc1ed4b597ed3732f68a3322c2157928f61729fbc17370171d8a6.jpg, b1e6dfb2110ac002ed310927a0830f696c3baf85999b507f9b21e8ae499a9526.jpg, 25c379ef60cde145e0907f0e9c13baec856f56b94518e33cd5050f35071d2dc0.jpg, 4c9e3e44af8e66d2609ab27e17a7b635e37357802e309c9f39b7fce65a447184.jpg, c1141752d43be2f818ea765146af78d3bce74b01b498b7a8283488be8855d3be.jpg, c820b23a6b62bcbf0f2d5a395d843cc78d40135dcd0616f061f76665bd3f469b.jpg, 6957e854ad7fdb990064b090707091d08a98f90a3e3204748749b7046d63541a.jpg, 2cc66145ad6aa8319bb5d590e41a02f63545774624a8bc8ba950604ec48d1ba7.jpg, 14ed87122331103a38ddc097fb8ce812e36e015dc9ac429ad5cc52376c9beade.jpg"
