broken_name,substring_candidates,occurrences,sample_sources
分析化学,00-首页/模块连接推进-分析化学.md | 01-考纲导航/基础要求-分析化学.md | 04-课件/习题课/第二轮分析化学习题课.md | 04-课件/复习课/第二轮分析化学复习.md | 07-资料提炼/书籍提炼/提炼-分析化学第六版-第3章-误差与数据处理.md | 07-资料提炼/书籍提炼/提炼-分析化学第六版-第5-6章-酸碱滴定与配位滴定.md,35,00-首页/图片索引.md; 03-知识点/分析化学/萃取.md; 03-知识点/化学原理/方程式书写.md
还原反应,02-考纲条目/基础要求/有机化学/40-氧化还原反应.md | 03-知识点/化学原理/氧化还原反应方程式配平.md | 03-知识点/有机化学/有机还原反应.md | 03-知识点/有机化学/氧化还原反应.md | 03-知识点/高中化学基础/氧化还原反应基础.md | 04-课件/学生讲义/2026-06-23-氧化还原反应.md,31,04-题库/教材习题/ABOC/题-093-ABOC-Ch2-2.4-1-查阅有关资料 通过键能数据判断烯醇和酮谁更稳定.md; 04-题库/教材习题/ABOC/题-094-ABOC-Ch2-2.4-3-右侧物质的烯醇含量在水中高还是环己烷中高 提示 氢键.md; 04-题库/教材习题/ABOC/题-095-ABOC-Ch2-2.5-工业制备 DMSO 当然不会利用这个方法 而是在     m.md
基本反应,03-知识点/化学原理/基本反应类型.md | 07-资料提炼/书籍提炼/提炼-ABOC-第2章-基本反应.md,28,04-题库/教材习题/ABOC/题-093-ABOC-Ch2-2.4-1-查阅有关资料 通过键能数据判断烯醇和酮谁更稳定.md; 04-题库/教材习题/ABOC/题-094-ABOC-Ch2-2.4-3-右侧物质的烯醇含量在水中高还是环己烷中高 提示 氢键.md; 04-题库/教材习题/ABOC/题-095-ABOC-Ch2-2.5-工业制备 DMSO 当然不会利用这个方法 而是在     m.md
浓度,03-知识点/决赛要求/物理化学深化/临界胶束浓度.md | 03-知识点/化学原理/化学平衡计算.md | 03-知识点/化学原理/溶液浓度.md | 04-专题与题型/题型/题型-浓度计算.md | 04-题库/教材习题/无机化学例题与习题/Ch08-酸碱解离平衡/例题/例8.3-三元酸起始浓度计算.md | 04-题库/教材习题/无机化学例题与习题/Ch08-酸碱解离平衡/例题/例8.4-混合弱酸离子浓度.md,27,04-题库/教材习题/化学竞赛初赛讲义/题-050-初赛讲义-溶液与化学分析-习题9.23.md; 04-题库/教材习题/化学竞赛初赛讲义/题-051-初赛讲义-溶液与化学分析-习题9.25.md; 04-题库/教材习题/化学竞赛初赛讲义/题-051-初赛讲义-溶液与化学分析-习题9.26.md
推断技术,04-题库/教材习题/化学竞赛初赛讲义/答案/第6讲-推断技术-答案.md | 04-题库/教材习题/化学竞赛初赛讲义/题-017-初赛讲义-推断技术-习题6.17.md | 04-题库/教材习题/化学竞赛初赛讲义/题-018-初赛讲义-推断技术-习题6.18.md | 04-题库/教材习题/化学竞赛初赛讲义/题-019-初赛讲义-推断技术-习题6.19.md | 04-题库/教材习题/化学竞赛初赛讲义/题-020-初赛讲义-推断技术-习题6.20.md | 04-题库/教材习题/化学竞赛初赛讲义/题-021-初赛讲义-推断技术-习题6.21.md,23,04-题库/教材习题/化学竞赛初赛讲义/题-019-初赛讲义-推断技术-习题6.19.md; 04-题库/教材习题/化学竞赛初赛讲义/题-020-初赛讲义-推断技术-习题6.20.md; 04-题库/教材习题/化学竞赛初赛讲义/题-021-初赛讲义-推断技术-习题6.21.md
物质推断,04-题库/教材习题/无机化学例题与习题/Ch12-碱金属和碱土金属/例题/例12.6-物质推断题.md | 04-题库/教材习题/无机化学例题与习题/Ch13-硼族元素/例题/Ch13-例13.6-物质推断.md | 04-题库/教材习题/无机化学例题与习题/Ch14-碳族元素/例题/Ch14-例14.8-物质推断.md | 04-题库/真题/第38届初赛/题-038-1-2-炼丹物质推断.md,19,04-题库/教材习题/化学竞赛初赛讲义/题-019-初赛讲义-推断技术-习题6.19.md; 04-题库/教材习题/化学竞赛初赛讲义/题-021-初赛讲义-推断技术-习题6.21.md; 04-题库/教材习题/化学竞赛初赛讲义/题-022-初赛讲义-推断技术-习题6.23.md
沉淀转化,03-知识点/无机和结构化学/难溶物.md | 04-专题与题型/题型/题型-沉淀转化.md | 04-题库/教材习题/无机化学例题与习题/Ch09-沉淀溶解平衡/例题/例9.8-沉淀转化的条件.md,17,04-专题与题型/题型/题型-溶解度判断.md; 04-题库/分析化学/氧化还原与沉淀滴定/碘量法测铜近终点加KSCN.md; 04-题库/教材习题/上海中学竞赛课程/题-060-上海中学-离子反应-习题1.md
烷烃,03-知识点/化学原理/环烷烃.md | 03-知识点/有机化学/Wurtz偶联.md | 03-知识点/有机化学/构象异构.md | 04-课件/学生讲义/2026-06-23-烷烃烯烃炔烃.md | 04-题库/教材习题/上海中学竞赛课程/题-064-上海中学-烷烃与环烷烃-习题1.md | 04-题库/有机化学/自由基反应/题-有机-自由基-烷烃卤代选择性计算.md,16,04-题库/教材习题/上海中学竞赛课程/题-064-上海中学-烷烃与环烷烃-习题1.md; 07-资料提炼/书籍提炼/提炼-上海中学竞赛课程-第四分册-二烯烃与炔烃.md; 07-资料提炼/书籍提炼/提炼-上海中学竞赛课程-第四分册-卤代烃与有机金属化合物.md
配平,03-知识点/化学原理/方程式书写.md | 03-知识点/化学原理/氧化还原反应方程式配平.md | 04-专题与题型/题型/题型-方程式配平.md | 04-专题与题型/题型/题型-氧化还原方程式配平.md | 04-题库/教材习题/无机化学例题与习题/Ch10-氧化还原反应/习题/10.23-10.24-配平题.md | 04-题库/教材习题/无机化学例题与习题/Ch12-碱金属和碱土金属/习题/12.19-12.29-完成配平方程式.md,15,04-题库/教材习题/上海中学竞赛课程/题-025-上海中学-氮族元素-习题5.md; 04-题库/教材习题/化学竞赛初赛讲义/题-001-初赛讲义-反应方程式-习题1.2.md; 04-题库/教材习题/化学竞赛初赛讲义/题-002-初赛讲义-反应方程式-习题1.22.md
mineru/...,03-知识点/无机和结构化学/硼族元素.md | 03-知识点/无机和结构化学/稀有气体.md,14,00-首页/工作日志/2026-05-10.md; 00-首页/工作日志/2026-05-18.md; 00-首页/规则-配图来源优先级.md
电解,03-知识点/决赛要求/物理化学深化/图-电导-强弱电解质曲线.excalidraw.md | 03-知识点/决赛要求/物理化学深化/离子强度与Debye-Hückel极限定律.md | 03-知识点/化学原理/电化学.md | 03-知识点/化学原理/电解池.md | 03-知识点/化学原理/电解质溶液.md | 03-知识点/无机和结构化学/单质制备方法.md,13,03-知识点/无机和结构化学/电解冶金.md; 04-题库/教材习题/上海中学竞赛课程/题-059-上海中学-电化学-习题1.md; 04-题库/教材习题/化学竞赛初赛讲义/题-050-初赛讲义-热力学和动力学初步-习题8.16.md
KP,00-首页/KP-提炼-题库挂接巡检表.md | 00-首页/KP复习清单.md | 00-首页/待建KP优先级清单.md | 00-首页/活跃任务/任务卡-KP-review-cycle字段启用方案.md | 00-首页/活跃任务/任务卡-主族元素KP填充.md | 00-首页/活跃任务/任务卡-元素推断KP填充.md,13,11-模板/模板-专题.md; 11-模板/模板-复盘记录.md; 11-模板/模板-课件大纲.md
异构体,02-考纲条目/基础要求/有机化学/25-互变异构体.md | 03-知识点/有机化学/非对映异构.md | 03-知识点/有机化学/顺反异构.md | 04-专题与题型/题型/题型-异构体计数.md | 04-题库/教材习题/ABOC/题-192-ABOC-Ch1-1.4.2-2-孤对电子被溶剂化 且直立异构体偶极矩小于平伏异构体 极性溶剂.md | 04-题库/教材习题/无机化学例题与习题/Ch11-配位化学基础/例题/例11.1-配合物几何异构体.md,12,04-题库/真题/第32届决赛/理论/题-032决-1-Ir化合物异构体.md; 04-题库/真题/第37届初赛/题-037-5-2-2-HSNO异构体.md; 04-题库/真题/第39届决赛/理论/题-39决理-7-四氮唑类化合物及其反应性.md
硫酸,04-题库/教材习题/ABOC/题-080-ABOC-Ch1-1.1.2-在下图的框中使用推电子箭头描述以下反应可能的两种机理 硫酸 .md | 04-题库/教材习题/ABOC/题-133-ABOC-Ch5-5.4.4-写出苯酚在浓硫酸或无水氯化锌的作用下与邻苯二甲酸酐反应生成酚.md | 04-题库/教材习题/无机化学例题与习题/Ch16-氧族元素/例题/例16.7-硫酸盐热稳定性.md | 04-题库/真题/第25届初赛/分析化学/题-025-4-2-硫代硫酸钠滴定.md | 04-题库/真题/第27届初赛/无机和结构化学/题-027-1-2-KCN与CuSO4反应.md | 04-题库/真题/第29届初赛/分析化学/题-029-4-2-硫酸亚铁铵滴定方程式.md,11,04-题库/教材习题/上海中学竞赛课程/题-008-上海中学-氧族元素-习题1.md; 04-题库/教材习题/上海中学竞赛课程/题-009-上海中学-氧族元素-习题3.md; 04-题库/教材习题/上海中学竞赛课程/题-010-上海中学-氧族元素-习题4.md
分子轨道,02-考纲条目/基础要求/有机化学/22-分子轨道理论.md | 03-知识点/决赛要求/结构与配位深化/休克尔方法.md | 03-知识点/决赛要求/结构与配位深化/分子轨道理论深化.md | 03-知识点/化学原理/分子轨道理论.md | 03-知识点/化学原理/原子结构.md | 03-知识点/有机化学/有机分子轨道.md,11,04-题库/教材习题/化学竞赛初赛讲义/题-008-初赛讲义-分子结构-习题3.11.md; 04-题库/教材习题/化学竞赛初赛讲义/题-008-初赛讲义-分子结构-习题3.12.md; 04-题库/教材习题/化学竞赛初赛讲义/题-009-初赛讲义-分子结构-习题3.19.md
KP-1,03-知识点/化学原理/平衡常数.md | 04-题库/真题/第25届初赛/化学原理/题-025-6-1-NO2浓度变化计算.md | 04-题库/真题/第30届初赛/化学原理/题-030-6-1-295K下N2O4NO2分压计算.md | 04-题库/真题/第30届初赛/化学原理/题-030-6-2-315K下N2O4NO2分压计算.md,11,11-模板/Agent提示词-知识库使用.md; 11-模板/模板-专题.md; 11-模板/模板-专题练习卷.md
上海中学竞赛课程-化学-第1分册,06-外部资料导入/上海中学竞赛教程/（已压缩）上海中学竞赛课程-化学-第1分册.md,10,04-课件/学生讲义/2026-06-23-元素周期表与周期律.md; 04-课件/学生讲义/2026-06-23-共价键理论.md; 04-课件/学生讲义/2026-06-23-其他类型晶体.md
wikilink,03-知识点/无机和结构化学/硼族元素.md | 03-知识点/无机和结构化学/碱金属.md | 04-题库/真题/第26届初赛/分析化学/题-026-3-3-KI碘量法滴定Cu.md,9,00-首页/工作日志/2026-05-05.md; 00-首页/工作日志/2026-06-22.md; 00-首页/工作日志/2026-06-23.md
分子构型,03-知识点/有机化学/立体化学.md | 04-专题与题型/题型/题型-分子构型判断.md | 04-题库/教材习题/无机化学例题与习题/Ch06-分子结构和共价键理论/例题/例6.2-VSEPR判断分子构型基础.md,9,04-题库/化学原理/Ch12-化学键与分子结构/12-25.md; 04-题库/化学原理/Ch12-化学键与分子结构/12-27.md; 04-题库/化学原理/Ch12-化学键与分子结构/12-28.md
卤化物,03-知识点/无机和结构化学/卤素互化物.md | 03-知识点/有机化学/卤代烃.md | 05-真题库/真题-分析-氧化还原滴定-001.md | 07-资料提炼/书籍提炼/提炼-Clayden-第21章-芳香亲电取代.md,9,04-题库/教材习题/上海中学竞赛课程/题-001-上海中学-卤族元素-习题1.md; 04-题库/教材习题/上海中学竞赛课程/题-002-上海中学-卤族元素-习题2.md; 04-题库/教材习题/上海中学竞赛课程/题-003-上海中学-卤族元素-习题3.md
电极电位,03-知识点/化学原理/电极.md,9,04-题库/教材习题/上海中学竞赛课程/题-004-上海中学-卤族元素-习题4.md; 04-题库/教材习题/上海中学竞赛课程/题-007-上海中学-卤族元素-习题7.md; 04-题库/教材习题/上海中学竞赛课程/题-011-上海中学-氧族元素-习题5.md
有机化合物,04-题库/教材习题/上海中学竞赛课程/题-063-上海中学-有机化合物命名-习题1.md | 04-题库/真题/第28届初赛/无机和结构化学/题-028-5-1-二茂铁制备反应方程式.md | 04-题库/真题/第39届决赛/理论/题-39决理-8-常见有机化合物提纯分离方法.md | 07-资料提炼/书籍提炼/提炼-上海中学竞赛课程-第四分册-有机化合物的命名.md,9,07-资料提炼/书籍提炼/提炼-上海中学竞赛课程-第四分册-二烯烃与炔烃.md; 07-资料提炼/书籍提炼/提炼-上海中学竞赛课程-第四分册-卤代烃与有机金属化合物.md; 07-资料提炼/书籍提炼/提炼-上海中学竞赛课程-第四分册-有机化合物的命名.md
专题-主族元素化学,03-知识点/无机和结构化学/主族元素化学.md | 03-知识点/无机和结构化学/主族元素性质总览.md | 03-知识点/无机和结构化学/元素化学.md | 03-知识点/无机和结构化学/碳族和硼族元素.md | 04-题库/真题/第27届初赛/无机和结构化学/题-027-3-1-硫脲结构式.md | 07-资料提炼/书籍提炼/提炼-普化原理-第15章-元素化学.md,9,07-资料提炼/教学逻辑提炼/Zchem 中级无机结构化学/教学逻辑提炼-Zchem-主族元素的结构化学II-第二轮深化.md; 07-资料提炼/教学逻辑提炼/质心 元素化学和结构化学 下/教学逻辑提炼-质心-p区金属串讲-第一轮.md; 07-资料提炼/教学逻辑提炼/质心 元素化学和结构化学 下/教学逻辑提炼-质心-氮族元素与铜副族-第一轮.md
Note Name,03-知识点/无机和结构化学/碱金属.md | 03-知识点/无机和结构化学/钠.md,9,skills/obsidian-markdown/SKILL.md; skills/obsidian-markdown/references/EMBEDS.md
酸性,03-知识点/无机和结构化学/无机酸.md | 03-知识点/无机和结构化学/氧化物.md | 03-知识点/有机化学/Bent规则.md | 03-知识点/有机化学/有机酸碱性.md | 03-知识点/有机化学/环氧化合物开环.md | 04-题库/教材习题/ABOC/题-100-ABOC-Ch2-2.7.2-2-解释环丙烷的氢酸性和乙烯接近.md,8,04-题库/化学原理/Ch08-酸碱平衡/08-27.md; 04-题库/化学原理/Ch08-酸碱平衡/08-28.md; 04-题库/真题/第34届决赛/理论/题-34决理-2-1-2-硅酸盐结构与酸性.md
亚硝酸,03-知识点/有机化学/Barton反应.md | 04-题库/真题/第31届初赛/无机和结构化学/题-031-1-2-钚氧化方程式.md | 04-题库/真题/第34届初赛/无机和结构化学/题-034-2-3-2-亚硝酸铵分解.md,8,07-资料提炼/教学逻辑提炼/质心 元素化学和结构化学 上/教学逻辑提炼-质心-非金属元素小结-第一轮.md; 12-教学洞察/教学洞察-氧族与氮族元素.md
<KP>,03-知识点/化学原理/平衡常数.md | 04-题库/真题/第25届初赛/化学原理/题-025-6-1-NO2浓度变化计算.md | 04-题库/真题/第30届初赛/化学原理/题-030-6-1-295K下N2O4NO2分压计算.md | 04-题库/真题/第30届初赛/化学原理/题-030-6-2-315K下N2O4NO2分压计算.md,8,11-模板/模板-健康检查报告.md
轨道对称性,03-知识点/化学原理/原子结构.md | 04-题库/真题/第25届决赛/理论/题-025决-1-2-1-双缩脲Cu配合物结构.md | 04-题库/真题/第30届初赛/无机和结构化学/题-030-4-2-立方晶系判断.md | 04-题库/真题/第33届初赛/无机和结构化学/题-033-6-3-B原子坐标.md,7,00-首页/图片索引.md; 00-首页/工作日志/2026-05-22.md; 00-首页/工作日志/2026-06-15.md
燃烧热,03-知识点/化学原理/能量密度.md | 03-知识点/化学原理/量热法.md,7,00-首页/图片索引.md; 04-题库/化学原理/Ch05-化学热力学/05-28.md; 04-题库/有机化学/有机结构基础与电子效应/题-有机-结构-共轭稳定化能计算.md
原子结构-超级充实版（课堂填空）,03-知识点/化学原理/原子结构.md | 07-资料提炼/书籍提炼/提炼-普化原理-第11章-原子结构.md,7,00-首页/工作日志/2026-06-30.md; 04-课件/学生讲义/原子结构-前置知识速查.md; 09-审计报告/审计报告-教学逻辑链路一致性审计-2026-06-30.md
13,00-首页/工作日志/2026-06-13.md | 00-首页/活跃任务/任务卡-2026-07-13-任务_task_178.md | 02-考纲条目/决赛要求/决赛13-超分子聚合物.md | 02-考纲条目/基础要求/无机和结构化学/13-元素化学.md | 04-课件/学生讲义/2026-07-13-分子轨道式相关真题小问总集.md | 04-题库/化学原理/Ch02-气体/02-13.md,7,04-专题与题型/专题/专题-情境化元素推断综合训练.md; 04-专题与题型/专题/专题-氢与卤素.md; 04-专题与题型/专题/专题-氧族与氮族元素.md
氮氧化物,03-知识点/无机和结构化学/氧化物.md,7,04-专题与题型/题型/题型-氮族化合物推断.md; 04-题库/真题/第30届初赛/无机和结构化学/题-030-2-3-棕色物质中NO键长变化.md; 07-资料提炼/教学逻辑提炼/质心 元素化学和结构化学 上/教学逻辑提炼-质心-硫与氮-第一轮.md
有机结构基础与电子效应,03-知识点/有机化学/电子效应.md | 04-专题与题型/专题/专题-有机结构基础与电子效应.md | 04-课件/备课大纲/2026-06-05-有机结构基础与电子效应-提高班.md | 04-课件/新授课/2026-06-05-有机结构基础与电子效应-提高班.md | 04-课件/新授课/2026-06-22-有机结构基础与电子效应速查卡-提高班.md | 07-资料提炼/书籍提炼/提炼-Clayden-第2章-有机结构.md,7,04-课件/新授课/2026-06-04-亲核取代与消除反应-提高班.md; 04-课件/新授课/2026-06-05-周环反应-提高班.md; 04-课件/新授课/2026-06-05-自由基反应-提高班.md
过氧化物,03-知识点/无机和结构化学/氧化物.md | 03-知识点/有机化学/反马氏加成.md | 03-知识点/有机化学/过氧化物效应.md | 04-题库/教材习题/无机化学第5版/题-009-过氧化物方程式.md | 04-题库/真题/第37届决赛/理论/第二场/题-37决理-2-2-过氧化物的制备.md,7,04-题库/教材习题/无机化学例题与习题/Ch12-碱金属和碱土金属/例题/例12.1-完成配平化学反应方程式.md; 04-题库/真题/第30届决赛/理论/题-030决-2-氮氧化合物推断.md; 04-题库/真题/第30届初赛/无机和结构化学/题-030-3-3-1-FeO4中铁价电子组态.md
多步合成,04-题库/有机化学/有机合成与金属有机/题-有机-合成-连续多步合成路线综合.md,7,04-题库/有机化学/有机合成与金属有机/题-有机-合成-连续多步合成路线综合.md; 04-题库/真题/第28届决赛/理论/题-028决-9-山梨醇生物质转化.md; 04-题库/真题/第30届决赛/理论/题-030决-8-串联反应合成.md
羧酸及羧酸衍生物,02-考纲条目/基础要求/有机化学/47-羧酸及羧酸衍生物.md | 03-知识点/有机化学/羧酸.md | 03-知识点/有机化学/羧酸衍生物.md,7,07-资料提炼/书籍提炼/提炼-ABOC-第2章-基本反应.md; 07-资料提炼/教学逻辑提炼/学而思 有机化学基础/教学逻辑提炼-学而思有机化学基础-批次E-酰基取代与活泼亚甲基工具箱.md; 07-资料提炼/网课资料/学而思 有机化学基础/资料提炼-学而思有机化学基础-批次E-羧酸羧衍缩合前置与含氮延伸.md
KP-2,03-知识点/化学原理/平衡常数.md | 04-题库/真题/第25届初赛/化学原理/题-025-6-1-NO2浓度变化计算.md | 04-题库/真题/第30届初赛/化学原理/题-030-6-1-295K下N2O4NO2分压计算.md | 04-题库/真题/第30届初赛/化学原理/题-030-6-2-315K下N2O4NO2分压计算.md,7,11-模板/Agent提示词-知识库使用.md; 11-模板/模板-专题.md; 11-模板/模板-专题练习卷.md
真实气体,07-资料提炼/书籍提炼/提炼-普化原理-第2章-气体.md,6,00-首页/工作日志/2026-06-01.md; 07-资料提炼/教学逻辑提炼/无机化学-周坤-2020/周坤无机新课-知识库自用授课顺序总表.md; 07-资料提炼/教学逻辑提炼/无机化学-周坤-2020/教学逻辑提炼-周坤无机新课-晶体配合物与气体-第一轮.md
热力学初步,02-考纲条目/基础要求/化学原理/06-热力学初步.md | 03-知识点/化学原理/化学热力学.md | 03-知识点/化学原理/热力学.md | 04-专题与题型/专题/专题-热力学初步.md | 04-课件/备课大纲/2026-06-02-热力学初步-基础班.md | 04-课件/学生讲义/热力学初步-超级充实版（自学完整）.md,6,04-课件/备课大纲/2026-06-02-化学动力学初步-基础班.md; 04-课件/备课大纲/2026-06-02-化学平衡-基础班.md; 04-课件/备课大纲/2026-06-02-热力学初步-基础班.md
叠氮酸,04-题库/教材习题/ABOC/题-150-ABOC-Ch5-5.11.3-如果把羧酸换成叠氮酸 产物应该是什么.md,6,04-题库/教材习题/上海中学竞赛课程/题-017-上海中学-氮族元素-习题4.md; 07-资料提炼/教学逻辑提炼/质心 元素化学和结构化学 上/教学逻辑提炼-质心-非金属元素小结-第一轮.md; 12-教学洞察/教学洞察-氧族与氮族元素.md
萃取平衡,03-知识点/分析化学/萃取.md,6,04-题库/教材习题/上海中学竞赛课程/题-058-上海中学-水中平衡-习题1.md; 04-题库/教材习题/化学竞赛初赛讲义/题-072-初赛讲义-溶液与化学分析-习题9.45.md; 04-题库/教材习题/化学竞赛初赛讲义/题-073-初赛讲义-溶液与化学分析-习题9.46.md
酸效应,04-题库/分析化学/络合滴定与重量分析/EDTA络合滴定中酸效应系数的计算.md,6,04-题库/教材习题/无机化学例题与习题/Ch09-沉淀溶解平衡/习题/9.1-9.10-选择题.md; 04-题库/教材习题/无机化学例题与习题/Ch09-沉淀溶解平衡/习题/9.21-9.30-计算题.md; 04-题库/教材习题/无机化学例题与习题/Ch09-沉淀溶解平衡/例题/例9.2-酸度对溶解度的影响.md
质量分数,03-知识点/分析化学/质量分数推断.md | 04-题库/真题/第29届初赛/分析化学/题-029-4-3-腐殖质质量分数计算.md,6,04-题库/教材习题/无机化学例题与习题/Ch11-配位化学基础/例题/例11.10-配合物化学式推导.md; 04-题库/真题/第26届初赛/化学原理/题-026-1-2-配合物热重分析.md; 04-题库/真题/第29届初赛/无机和结构化学/题-029-3-2-拜耳法铝损失率.md
矿物化学式,04-题库/真题/第29届初赛/无机和结构化学/题-029-5-2-复合氧化物化学式.md | 04-题库/真题/第31届初赛/无机和结构化学/题-031-4-1-高压NaCl晶体化学式.md | 04-题库/真题/第33届初赛/无机和结构化学/题-033-6-1-晶体化学式.md | 04-题库/真题/第33届初赛/无机和结构化学/题-033-6-4-替换后化学式.md,6,04-题库/教材习题/无机化学例题与习题/Ch12-碱金属和碱土金属/习题/12.9-12.18-填空题.md; 04-题库/教材习题/无机化学例题与习题/Ch13-硼族元素/习题/Ch13-填空题.md; 04-题库/教材习题/无机化学例题与习题/Ch14-碳族元素/习题/Ch14-填空题.md
熔沸点,03-知识点/化学原理/沸点.md,6,04-题库/真题/第30届初赛/无机和结构化学/题-030-1-2-碱金属性质递变非单调性.md; 07-资料提炼/教学逻辑提炼/质心 化学原理 上/教学逻辑提炼-质心-综合复习-第一轮.md
硝酸,03-知识点/有机化学/Barton反应.md | 04-题库/教材习题/ABOC/题-098-ABOC-Ch2-2.7.1-2-综合学过的知识 描述铜与浓硝酸反应的机理.md | 04-题库/真题/第27届初赛/分析化学/题-027-4-1-硝酸酸化理由.md | 04-题库/真题/第27届初赛/分析化学/题-027-4-2-硝酸汞水合物化学式.md | 04-题库/真题/第27届初赛/无机和结构化学/题-027-1-6-NaN3制备.md | 04-题库/真题/第30届初赛/无机和结构化学/题-030-2-1-棕色环形成反应方程式.md,6,04-题库/真题/第34届决赛/理论/题-34决理-2-1-1-硅化学与腐蚀.md; 07-资料提炼/教学逻辑提炼/质心 元素化学和结构化学 上/教学逻辑提炼-质心-硫与氮-第一轮.md; 12-教学洞察/教学洞察-氧族与氮族元素.md
专题-卤素,03-知识点/无机和结构化学/卤素.md,6,07-资料提炼/书籍提炼/提炼-上海中学竞赛课程-第三分册-卤族元素.md; 07-资料提炼/教学逻辑提炼/Zchem 元素化学与结构化学/教学逻辑提炼-Zchem-卤素-第一轮.md; 07-资料提炼/教学逻辑提炼/质心 元素化学和结构化学 上/教学逻辑提炼-质心-氧族元素-第一轮.md
专题-分子结构,04-专题与题型/专题/专题-分子结构与杂化.md | 04-专题与题型/专题/专题-分子结构基础.md | 04-题库/真题/第31届初赛/无机和结构化学/题-031-2-2-P4S5结构.md | 04-题库/真题/第33届初赛/无机和结构化学/题-033-7-1-2-Pt2F11结构.md | 07-资料提炼/书籍提炼/提炼-Clayden-第4章-分子结构.md | 07-资料提炼/书籍提炼/提炼-普化原理-第12章-化学键与分子结构.md,6,07-资料提炼/教学逻辑提炼/Zchem 元素化学与结构化学/教学逻辑提炼-Zchem-卤素-第一轮.md; 07-资料提炼/教学逻辑提炼/无机化学-周坤-2020/周坤无机新课-知识库自用授课顺序总表.md; 07-资料提炼/教学逻辑提炼/无机化学-周坤-2020/教学逻辑提炼-周坤无机新课-原子结构与分子结构-第一轮.md
专题-氧族元素,03-知识点/无机和结构化学/氧族元素.md,6,07-资料提炼/教学逻辑提炼/质心 元素化学和结构化学 上/教学逻辑提炼-质心-氧族元素-第一轮.md; 07-资料提炼/教学逻辑提炼/质心 元素化学和结构化学 上/教学逻辑提炼-质心-氧族元素深化-第一轮.md; 12-教学洞察/教学洞察-氢与卤素.md
03-知识点/有机化学/有机反应机理,03-知识点/有机化学/反应机理.md | 03-知识点/知识点.md | 04-题库/真题/第27届决赛/理论/题-027决-10~11-有机反应与机理.md | 04-题库/真题/第27届初赛/有机化学/题-027-9-1-同位素标记反应历程.md | 04-题库/真题/第31届初赛/有机化学/题-031-8-2-反应类型与立体化学.md | 04-题库/经典例题/有机化学/索引.md,6,09-审计报告/2026-06-07-断链检测.md; 09-审计报告/2026-06-08-断链检测.md
KP-XX,03-知识点/化学原理/平衡常数.md | 04-题库/真题/第25届初赛/化学原理/题-025-6-1-NO2浓度变化计算.md | 04-题库/真题/第30届初赛/化学原理/题-030-6-1-295K下N2O4NO2分压计算.md | 04-题库/真题/第30届初赛/化学原理/题-030-6-2-315K下N2O4NO2分压计算.md,6,11-模板/Agent-10-备课-轻量.md; 11-模板/Agent提示词-知识库使用.md; 11-模板/模板-备课大纲.md
source,03-知识点/化学原理/化学电源.md,6,11-模板/Agent提示词-知识库维护.md; 11-模板/模板-合并迁移计划.md; 11-模板/模板-差异对照表.md
教学逻辑提炼-质心-钪钛钒(Sc Ti V)-第一轮,03-知识点/无机和结构化学/简单立方堆积.md | 03-知识点/无机和结构化学/钛.md | 03-知识点/无机和结构化学/钪化学.md | 03-知识点/无机和结构化学/钪系、钛系、钒系.md,6,12-教学洞察/教学洞察-钛钒铬锰.md; 12-教学洞察/教学洞察-银金汞钼钨.md
超分子化学,"04-课件/学生讲义/2026-06-23-超分子化学.md | 04-题库/真题/第26届初赛/无机和结构化学/题-026-5-2-氢键二维结构.md | 07-资料提炼/书籍提炼/提炼-Steed-Atwood-超分子化学基础(Ch1,3,5).md | 07-资料提炼/书籍提炼/提炼-Steed-Atwood-超分子化学第7章-模板和自组装.md | mineru/03-教材书籍/超分子化学（斯蒂德，阿特伍德）/超分子化学135章.md | mineru/03-教材书籍/超分子化学（斯蒂德，阿特伍德）/超分子化学斯蒂德,阿特伍德目录11-18.md",5,"00-首页/图片索引.md; 07-资料提炼/书籍提炼/提炼-Steed-Atwood-超分子化学基础(Ch1,3,5).md; 07-资料提炼/书籍提炼/提炼-Steed-Atwood-超分子化学第7章-模板和自组装.md"
稀溶液的通性,02-考纲条目/决赛要求/决赛05-稀溶液的通性.md | 03-知识点/化学原理/溶液.md | 07-资料提炼/书籍提炼/提炼-普化原理-第4章-溶液.md,5,00-首页/工作日志/2026-05-15.md; 07-资料提炼/书籍提炼/提炼-Atkins物理化学-主题05-简单混合物.md
外消旋化,03-知识点/有机化学/内消旋体与外消旋体.md | 04-题库/真题/第38届初赛/题-038-10-2-1-亚砜外消旋化选择.md | 04-题库/真题/第38届初赛/题-038-10-2-2-外消旋化解释.md,5,00-首页/工作日志/2026-05-22.md; 04-题库/真题/第36届决赛/理论/第二场/题-36决理-2-10-Wharton碎片化反应.md; 04-题库/真题/第37届决赛/理论/第二场/题-37决理-2-9-重排反应.md
知识点名,03-知识点/知识点.md,5,00-首页/工作日志/2026-05-24.md; 11-模板/Agent提示词-知识库构建.md; 11-模板/模板-资料提炼.md
配体,00-首页/学生讲义Word/media/光谱化学序列配体排序图.关系图.md | 03-知识点/决赛要求/结构与配位深化/NO配体与亚硝酰配合物.md | 03-知识点/决赛要求/结构与配位深化/配体类型与电子给受性质.md | 03-知识点/化学原理/晶体场理论.md | 03-知识点/化学原理/螯合物.md | 03-知识点/无机和结构化学/桥连配体.md,5,00-首页/工作日志/2026-06-01.md; 03-知识点/决赛要求/结构与配位深化/配体类型与电子给受性质.md; 07-资料提炼/教学逻辑提炼/无机化学-周坤-2020/教学逻辑提炼-周坤无机新课-晶体配合物与气体-第一轮.md
配位化合物基础,03-知识点/化学原理/配合物.md | 03-知识点/无机和结构化学/配位化合物.md | 04-课件/学生讲义/2026-06-23-配位化合物基础.md | 04-课件/学生讲义/配位化合物基础-第一轮基础版（普化原理）.md | 04-课件/学生讲义/配位化合物基础-超级充实版（自学完整）.md | 04-题库/教学改编题/无机和结构化学/题-改编-配位化合物基础-第一轮练习题组.md,5,00-首页/工作日志/2026-06-24.md; mineru/03-教材书籍/无机化学第6版Weller/index.md; 备课思路/教学过程总表-结构化学模块.md
04-课件/学生讲义/原子结构-超级充实版（课堂填空）,03-知识点/化学原理/原子结构.md | 07-资料提炼/书籍提炼/提炼-普化原理-第11章-原子结构.md,5,00-首页/活跃任务/任务卡-PPT制作方法探究与试点.md; 00-首页/活跃任务/任务卡-习题配套建设.md; 00-首页/活跃任务/任务卡-备课体系深度优化与审计.md
提炼-分析化学第六版-第8章-酸碱滴定法,03-知识点/分析化学/酸碱滴定.md | 03-知识点/化学原理/滴定分析基本原理.md | 04-题库/真题/第29届初赛/分析化学/题-029-4-2-硫酸亚铁铵滴定方程式.md,5,03-知识点/分析化学/指示剂.md; 03-知识点/分析化学/滴定曲线.md; 03-知识点/分析化学/酸碱滴定.md
化学平衡常数,03-知识点/化学原理/化学平衡.md | 03-知识点/化学原理/平衡常数.md | 04-题库/真题/第25届决赛/理论/题-025决-3-恒压反应器化学平衡.md | 04-题库/真题/第25届初赛/化学原理/题-025-6-1-NO2浓度变化计算.md | 04-题库/真题/第28届初赛/化学原理/题-028-6-1-肌红蛋白氧结合平衡常数.md | 04-题库/真题/第30届初赛/化学原理/题-030-6-1-295K下N2O4NO2分压计算.md,5,04-题库/化学原理/Ch06-化学平衡/06-30.md; 04-题库/化学原理/Ch06-化学平衡/06-31.md; 04-题库/教材习题/上海中学竞赛课程/题-055-上海中学-化学平衡-习题1.md
离子分离,04-题库/教材习题/无机化学例题与习题/Ch14-碳族元素/例题/Ch14-例14.7-离子分离.md,5,04-题库/化学原理/Ch09-沉淀溶解平衡/09-26.md; 04-题库/教材习题/无机化学例题与习题/Ch15-氮族元素/习题/分离鉴别制备15.55-15.61.md; 04-题库/教材习题/无机化学例题与习题/Ch16-氧族元素/习题/分离鉴别制备16.51-16.57.md
06-外部资料导入/...,06-外部资料导入/外部资料导入.md,5,04-题库/教学改编题/无机和结构化学/错误模式知识库.md; 98-索引/exercise-build-workflow.md; 98-索引/handout-image-standards.md
共轭二烯,03-知识点/有机化学/共轭体系电子计数.md | 03-知识点/有机化学/共轭效应.md | 04-题库/有机化学/加成反应/题-有机-加成-共轭二烯12与14加成.md | 04-题库/有机化学/加成反应/题-有机-加成-共轭二烯12与14加成选择性.md,5,04-题库/教材习题/ABOC/题-076-ABOC-Ch7-7.2.1-1-D-A底物推断（六苯基苯）.md; 04-题库/有机化学/加成反应/题-有机-加成-共轭二烯12与14加成.md; 04-题库/有机化学/加成反应/题-有机-加成-共轭二烯12与14加成选择性.md
电动势,03-知识点/决赛要求/物理化学深化/电池电动势.md | 04-专题与题型/题型/题型-电池电动势计算.md | 04-题库/教材习题/无机化学例题与习题/Ch10-氧化还原反应/例题/例10.1-电池符号表示与电动势计算.md | 04-题库/教材习题/无机化学例题与习题/Ch10-氧化还原反应/例题/例10.3-浓差电池电动势之比.md | 04-题库/教材习题/无机化学例题与习题/Ch10-氧化还原反应/例题/例10.8-元素电势图与电动势吉布斯自由能.md | 04-题库/真题/第36届初赛/题-036-6-1-非水溶剂电池电动势计算.md,5,04-题库/教材习题/化学竞赛初赛讲义/题-045-初赛讲义-热力学和动力学初步-习题8.47.md; 04-题库/教材习题/无机化学例题与习题/Ch10-氧化还原反应/习题/10.1-10.12-选择题.md; 04-题库/教材习题/无机化学例题与习题/Ch10-氧化还原反应/例题/例10.10-电势-pH图.md
Henry定律,03-知识点/决赛要求/物理化学深化/Raoult与Henry定律.md | 03-知识点/无机和结构化学/稀有气体.md,5,04-题库/教材习题/化学竞赛初赛讲义/题-065-初赛讲义-溶液与化学分析-习题9.24.md; 04-题库/教材习题/化学竞赛初赛讲义/题-066-初赛讲义-溶液与化学分析-习题9.27.md; 备课思路/教学过程总表-化学原理收尾模块.md
姜泰勒效应,04-题库/教材习题/无机化学例题与习题/Ch11-配位化学基础/例题/例11.7-姜泰勒效应.md,5,04-题库/教材习题/无机化学例题与习题/Ch11-配位化学基础/例题/例11.7-姜泰勒效应.md; 07-资料提炼/教学逻辑提炼/质心 元素化学和结构化学 上/教学逻辑提炼-质心-配位化学-第一轮.md
物质鉴别,04-专题与题型/题型/题型-两性物质鉴别.md,5,04-题库/教材习题/无机化学例题与习题/Ch12-碱金属和碱土金属/习题/12.30-12.34-分离鉴别与制备.md; 04-题库/教材习题/无机化学例题与习题/Ch12-碱金属和碱土金属/例题/例12.3-鉴别各组物质.md; 04-题库/教材习题/无机化学例题与习题/Ch15-氮族元素/习题/分离鉴别制备15.55-15.61.md
对称性分析,04-题库/真题/第25届决赛/理论/题-025决-1-2-1-双缩脲Cu配合物结构.md | 04-题库/真题/第30届初赛/无机和结构化学/题-030-4-2-立方晶系判断.md | 04-题库/真题/第33届初赛/无机和结构化学/题-033-6-3-B原子坐标.md,5,04-题库/有机化学/波谱分析/题-有机-波谱-NMR-ReplacementTest信号数判断.md; 04-题库/真题/第26届决赛/理论/题-026决-1-8-Bi6多核离子结构.md; 04-题库/真题/第38届初赛/题-038-5-2-1-SrSb晶胞坐标.md
催化机理,04-题库/教材习题/ABOC/题-078-ABOC-Ch8-8.6-金属催化机理.md | 04-题库/有机化学/活性中间体与反应机理/题-有机-中间体-亚胺正离子催化机理.md | 04-题库/真题/第34届决赛/理论/题-34决理-1-6-2-催化机理研究.md | 07-资料提炼/书籍提炼/提炼-普化原理-第7章-化学反应速率.md,5,04-题库/真题/第26届决赛/理论/题-026决-3-铁卟啉催化动力学.md; 04-题库/真题/第33届决赛/理论/题-33决理-2-催化动力学光度法测定锰.md; 04-题库/真题/第34届决赛/理论/题-34决理-1-6-2-催化机理研究.md
选择性控制,03-知识点/有机化学/非对映选择性.md | 04-题库/真题/第30届初赛/有机化学/题-030-9-1-2-HCl与K2CO3条件产物差异原因.md,5,07-资料提炼/书籍提炼/提炼-ABOC-PhaseD-习题拆题清单.md; 07-资料提炼/书籍提炼/提炼-ABOC-第11章-解题训练.md
等瓣类似,04-课件/新授课/2026-06-22-金属有机电子计数与等瓣类似入门-提高班.md,5,07-资料提炼/书籍提炼/提炼-化学竞赛初赛讲义-第5讲-金属有机化学.md; 备课思路/第三轮总体备课框架.md
类卤素,03-知识点/无机和结构化学/卤素.md,5,07-资料提炼/教学逻辑提炼/Zchem 元素化学与结构化学/教学逻辑提炼-Zchem-卤素-第一轮.md
金属有机试剂,03-知识点/有机化学/Wurtz偶联.md,5,07-资料提炼/教学逻辑提炼/Zchem 有机反应合成与机理/教学逻辑提炼-Zchem-羰基化学深化-第三轮.md
拟卤素,03-知识点/无机和结构化学/卤素.md,5,07-资料提炼/教学逻辑提炼/质心 元素化学和结构化学 上/教学逻辑提炼-质心-氧族元素-第一轮.md; 07-资料提炼/教学逻辑提炼/质心 元素化学和结构化学 上/教学逻辑提炼-质心-硫与氮-第一轮.md; 12-教学洞察/教学洞察-氢与卤素.md
KP-晶体结构基础,03-知识点/化学原理/平衡常数.md | 03-知识点/无机和结构化学/晶体与非晶体.md | 03-知识点/无机和结构化学/晶体结构.md | 03-知识点/无机和结构化学/晶体结构基础.md | 04-题库/真题/第25届决赛/理论/题-025决-2-Pb氧化物推断计算.md | 04-题库/真题/第25届初赛/化学原理/题-025-6-1-NO2浓度变化计算.md,5,07-资料提炼/教学逻辑提炼/质心 元素化学和结构化学 下/教学逻辑提炼-质心-晶体结构-第一轮.md
KP-离子晶体,03-知识点/化学原理/平衡常数.md | 03-知识点/无机和结构化学/晶体与非晶体.md | 03-知识点/无机和结构化学/离子晶体.md | 04-题库/真题/第25届初赛/化学原理/题-025-6-1-NO2浓度变化计算.md | 04-题库/真题/第30届初赛/化学原理/题-030-6-1-295K下N2O4NO2分压计算.md | 04-题库/真题/第30届初赛/化学原理/题-030-6-2-315K下N2O4NO2分压计算.md,5,07-资料提炼/教学逻辑提炼/质心 元素化学和结构化学 下/教学逻辑提炼-质心-晶体结构-第一轮.md
决赛要求-结构与配位化学深化,03-知识点/无机和结构化学/配位化学.md | 04-专题与题型/专题/专题-配位化学.md | 04-题库/真题/第26届初赛/化学原理/题-026-1-1-Zn氨配位现象与方程.md | 04-题库/真题/第30届初赛/有机化学/题-030-7-2-A和D中Rh氧化态及电子数.md | 04-题库/真题/第34届初赛/分析化学/题-034-5-2-2-固相反应方程式.md,5,09-审计报告/2026-07-12-全库逐文件深度审计.md
KP-A,03-知识点/化学原理/平衡常数.md | 04-题库/真题/第25届初赛/化学原理/题-025-6-1-NO2浓度变化计算.md | 04-题库/真题/第30届初赛/化学原理/题-030-6-1-295K下N2O4NO2分压计算.md | 04-题库/真题/第30届初赛/化学原理/题-030-6-2-315K下N2O4NO2分压计算.md,5,11-模板/模板-复习课.md
KP-B,03-知识点/化学原理/平衡常数.md | 04-题库/真题/第25届初赛/化学原理/题-025-6-1-NO2浓度变化计算.md | 04-题库/真题/第30届初赛/化学原理/题-030-6-1-295K下N2O4NO2分压计算.md | 04-题库/真题/第30届初赛/化学原理/题-030-6-2-315K下N2O4NO2分压计算.md,5,11-模板/模板-复习课.md
过渡态理论,03-知识点/决赛要求/物理化学深化/碰撞理论与过渡态理论.md | 03-知识点/有机化学/过渡态.md | 04-题库/真题/第33届初赛/有机化学/题-033-8-4-2-过渡态结构.md,4,00-首页/图片索引.md; 03-知识点/化学原理/同位素效应.md; 04-题库/教材习题/物理化学Atkins/主题17-19-动力学与表面过程-习题.md
KP名,03-知识点/化学原理/平衡常数.md | 04-题库/真题/第25届初赛/化学原理/题-025-6-1-NO2浓度变化计算.md | 04-题库/真题/第30届初赛/化学原理/题-030-6-1-295K下N2O4NO2分压计算.md | 04-题库/真题/第30届初赛/化学原理/题-030-6-2-315K下N2O4NO2分压计算.md,4,00-首页/工作日志/2026-05-14.md; 00-首页/讲义生产SOP与双向映射规范.md
自由基环化,03-知识点/有机化学/自由基.md | 05-真题库/真题-自由基-开环环化-001.md,4,00-首页/工作日志/2026-05-10.md; 04-题库/有机化学/自由基反应/题-有机-自由基-分子内环化与Baldwin规则.md; 05-真题库/真题-自由基-开环环化-001.md
D/L构型,03-知识点/有机化学/立体化学.md,4,00-首页/工作日志/2026-05-18.md; 04-题库/有机化学/有机结构基础与电子效应/题-有机-结构-糖类D-L构型与环状结构.md; 04-题库/有机化学/有机结构基础与电子效应/题-有机-结构-糖类旋光性与变旋光现象.md
酚的亲核性,04-题库/真题/第30届初赛/有机化学/题-030-9-1-2-HCl与K2CO3条件产物差异原因.md,4,00-首页/工作日志/2026-05-22.md; 00-首页/活跃任务/任务卡-竞赛拓展批量填充-P1-5.md; 04-题库/真题/第34届初赛/有机化学/题-034-10-2-亚砜活化反应产物推断.md
04-课件/备课大纲/2026-05-23-氧化还原与电化学-基础班,00-首页/工作日志/2026-05-23.md | 03-知识点/化学原理/电化学.md | 04-题库/化学原理/Ch05-化学热力学/05-23.md | 04-题库/真题/第25届初赛/化学原理/题-025-1-2-Ti红氧化与CuCl沉淀.md | 04-题库/真题/第26届初赛/化学原理/题-026-8-4-UCl3加入pH4缓冲液.md | 04-题库/真题/第27届初赛/无机和结构化学/题-027-3-4-硫脲溶解金离子方程式.md,4,00-首页/工作日志/2026-05-24.md; 00-首页/工作日志/2026-05-27.md
03-知识点/无机和结构化学/配位场理论,03-知识点/化学原理/晶体场理论.md | 03-知识点/知识点.md | 04-题库/教学改编题/无机和结构化学/无机和结构化学.md | 04-题库/真题/第26届初赛/化学原理/题-026-1-1-Zn氨配位现象与方程.md,4,00-首页/工作日志/2026-07-23.md; 09-审计报告/归档首页/模块连接推进-无机和结构化学.md
04-专题与题型/,04-专题与题型/专题与题型.md,4,03-知识点/README.md; 04-课件/备课大纲/2026-06-10-有效数字等2个知识点.md; 04-课件/备课大纲/2026-06-10-理想气体状态方程等4个知识点-v2.md
提炼-分析化学第六版-第1章-定量分析概论,04-题库/真题/第25届初赛/分析化学/题-025-4-3-Co氧化数与氧缺陷计算.md,4,03-知识点/分析化学/基准物质.md; 03-知识点/分析化学/标准溶液.md
题-Ch21-配位反应机理-习题,03-知识点/化学原理/配合反应.md | 03-知识点/有机化学/共轭效应.md | 03-知识点/有机化学/反应机理.md | 04-题库/教材习题/无机化学第6版Weller/Ch21-配位反应机理-习题.md | 04-题库/真题/第26届初赛/化学原理/题-026-1-1-Zn氨配位现象与方程.md | 04-题库/真题/第27届初赛/有机化学/题-027-9-1-同位素标记反应历程.md,4,03-知识点/无机和结构化学/Marcus理论.md; 03-知识点/无机和结构化学/内层电子转移.md; 03-知识点/无机和结构化学/外层电子转移.md
簇合物结构,04-题库/真题/第33届决赛/理论/题-33决理-6-银硫簇合物结构.md,4,03-知识点/无机和结构化学/磷化学.md; 04-题库/化学原理/Ch15-元素化学/15-33.md; 04-题库/真题/第33届初赛/无机和结构化学/题-033-5-3-氧配位类型数目.md
化学计量与气体,00-首页/活跃任务/任务卡-化学计量与气体补备课大纲.md | 03-知识点/化学原理/化学计量.md | 04-专题与题型/专题/专题-化学计量与气体.md | 04-课件/备课大纲/2026-06-09-化学计量与气体-基础班.md | 04-课件/新授课/2026-05-09-化学计量与气体.md | 04-题库/真题/第27届初赛/化学原理/题-027-2-8-甲烷燃烧体积比.md,4,04-专题与题型/专题/专题-化学热力学.md; 04-课件/备课大纲/2026-06-02-定量化学分析-基础班.md; 04-课件/备课大纲/2026-06-02-气体与溶液-基础班.md
07-资料提炼/书籍提炼/提炼-Clayden-第2章-有机结构基础,03-知识点/有机化学/共轭效应.md | 04-题库/真题/第26届初赛/无机和结构化学/题-026-2-1-BCl元素推断.md | 07-资料提炼/书籍提炼/提炼-Clayden-第2章-有机结构.md | 07-资料提炼/资料提炼.md,4,04-专题与题型/题型/题型-R-S构型判断.md; 04-专题与题型/题型/题型-中间体判断.md; 04-专题与题型/题型/题型-供体受体判断.md
误差处理与分光光度法,03-知识点/分析化学/分光光度法.md | 03-知识点/分析化学/误差.md | 04-专题与题型/专题/专题-误差处理与分光光度法.md | 04-课件/备课大纲/2026-06-03-误差处理与分光光度法-提高班.md | 04-课件/学生讲义/2026-06-23-误差处理与分光光度法.md | 04-课件/新授课/2026-06-03-误差处理与分光光度法-提高班.md,4,04-专题与题型/题型/题型-分光光度法计算.md; 04-专题与题型/题型/题型-有效数字.md; 04-专题与题型/题型/题型-误差分析.md
定量化学分析,04-专题与题型/专题/专题-定量化学分析.md | 04-课件/备课大纲/2026-06-02-定量化学分析-基础班.md | 04-课件/新授课/2026-06-02-定量化学分析-基础班.md | 07-资料提炼/教学逻辑提炼/无机化学-周坤-2020/教学逻辑提炼-周坤无机新课-定量化学分析-第一轮.md | 07-资料提炼/网课资料/分析化学/资料提炼-周坤-定量化学分析.md | 07-资料提炼/网课资料/无机化学-新课-周坤-2020-难度适中/学生讲义/15第十章定量化学分析讲义学生版.md,4,04-专题与题型/题型/题型-有效数字.md; 04-专题与题型/题型/题型-误差分析.md; 04-专题与题型/题型/题型-重量分析计算.md
04-课件/学生讲义/2026-06-23-有机波谱分析/,00-首页/工作日志/2026-06-23.md | 03-知识点/有机化学/有机波谱分析.md | 04-课件/学生讲义/2026-06-23-有机波谱分析.md | 04-题库/化学原理/Ch06-化学平衡/06-23.md | 07-资料提炼/书籍提炼/提炼-Clayden-第3章-有机结构的确定.md,4,04-课件/学生讲义/README.md
04-课件/学生讲义/2026-06-23-过渡金属催化/,00-首页/工作日志/2026-06-23.md | 03-知识点/无机和结构化学/过渡元素.md | 03-知识点/有机化学/过渡金属催化.md | 04-课件/学生讲义/2026-06-23-过渡金属催化.md | 04-题库/化学原理/Ch06-化学平衡/06-23.md | 07-资料提炼/书籍提炼/提炼-普化原理-第7章-化学反应速率.md,4,04-课件/学生讲义/README.md
04-课件/学生讲义/2026-06-23-周环反应/,00-首页/工作日志/2026-06-23.md | 03-知识点/有机化学/Claisen重排.md | 03-知识点/有机化学/协同反应.md | 03-知识点/有机化学/周环反应.md | 04-课件/学生讲义/2026-06-23-周环反应.md | 04-题库/化学原理/Ch06-化学平衡/06-23.md,4,04-课件/学生讲义/README.md
热化学方程式,03-知识点/化学原理/化学方程式.md | 03-知识点/化学原理/方程式书写.md | 04-题库/真题/第31届初赛/无机和结构化学/题-031-3-2-A热解方程式.md | 04-题库/真题/第31届初赛/无机和结构化学/题-031-3-4-B分解方程式.md | 04-题库/真题/第31届初赛/无机和结构化学/题-031-5-2-制备A方程式.md | 04-题库/真题/第31届初赛/无机和结构化学/题-031-5-3-B与浓硫酸反应.md,4,04-题库/化学原理/Ch05-化学热力学/05-28.md; 04-题库/教材习题/上海中学竞赛课程/题-051-上海中学-化学反应能量变化-习题1.md; 12-教学洞察/教学洞察-物化综合计算.md
水的离子积,04-题库/教材习题/无机化学例题与习题/Ch10-氧化还原反应/例题/例10.9-元素电势图与水的离子积.md,4,04-题库/化学原理/Ch08-酸碱平衡/08-25.md; 04-题库/化学原理/Ch08-酸碱平衡/08-26.md; 04-题库/教材习题/无机化学例题与习题/Ch08-酸碱解离平衡/习题/8.13-8.25-填空题.md
多元弱酸,03-知识点/化学原理/弱酸.md | 04-题库/教材习题/无机化学例题与习题/Ch08-酸碱解离平衡/例题/例8.2-多元弱酸分步解离.md,4,04-题库/化学原理/Ch08-酸碱平衡/08-26.md; 04-题库/教材习题/无机化学例题与习题/Ch08-酸碱解离平衡/习题/8.1-8.12-选择题.md; 04-题库/教材习题/无机化学例题与习题/Ch08-酸碱解离平衡/例题/例8.2-多元弱酸分步解离.md
Giese反应,03-知识点/化学原理/电离能.md | 03-知识点/无机和结构化学/硒.md,4,04-题库/教材习题/ABOC/题-041-ABOC-FT0-Stream-光化学与自由基反应.md; 07-资料提炼/书籍提炼/提炼-ABOC-PhaseD-习题拆题清单.md; 07-资料提炼/书籍提炼/提炼-ABOC-第11章-解题训练.md
酸催化,03-知识点/有机化学/环氧化反应.md | 04-题库/真题/第32届初赛/有机化学/题-032-10-4-Nazarov产物D.md | 07-资料提炼/书籍提炼/提炼-普化原理-第7章-化学反应速率.md,4,04-题库/教材习题/ABOC/题-066-ABOC-Ch2-2.3-缩醛形成机理.md; 04-题库/真题/第34届决赛/理论/题-34决理-1-9-1-酰胺转化与环化.md; 04-题库/真题/第38届初赛/题-038-6-2-2-氢溴酸作用.md
缺陷,04-题库/真题/第25届初赛/分析化学/题-025-4-3-Co氧化数与氧缺陷计算.md,4,04-题库/教材习题/化学竞赛初赛讲义/题-035-初赛讲义-晶体结构-习题7.32.md; 04-题库/教材习题/化学竞赛初赛讲义/题-036-初赛讲义-晶体结构-习题7.33.md
误差分析,02-考纲条目/基础要求/分析化学/19-误差分析.md | 03-知识点/分析化学/误差.md | 04-专题与题型/题型/题型-误差分析.md | 06-外部资料导入/分析化学/L1误差分析酸碱滴定_笔记.md,4,04-题库/教材习题/化学竞赛初赛讲义/题-055-初赛讲义-溶液与化学分析-习题9.32.md; 04-题库/真题/第31届决赛/理论/题-031决-4-EDTA滴定分析.md; 04-题库/真题/第34届决赛/理论/题-34决理-2-4-2-赖氨酸滴定方法.md
滴定误差,03-知识点/分析化学/误差.md | 04-题库/真题/第29届初赛/分析化学/题-029-4-2-硫酸亚铁铵滴定方程式.md,4,04-题库/教材习题/化学竞赛初赛讲义/题-057-初赛讲义-溶液与化学分析-习题9.34.md; 04-题库/教材习题/化学竞赛初赛讲义/题-058-初赛讲义-溶液与化学分析-习题9.36.md; 04-题库/教材习题/化学竞赛初赛讲义/题-067-初赛讲义-溶液与化学分析-习题9.35.md
沉淀平衡,03-知识点/无机和结构化学/难溶物.md | 04-题库/教材习题/无机化学例题与习题/Ch11-配位化学基础/例题/例11.9-配位平衡与沉淀平衡.md,4,04-题库/教材习题/化学竞赛初赛讲义/题-070-初赛讲义-溶液与化学分析-习题9.40.md; 04-题库/教材习题/无机化学例题与习题/Ch11-配位化学基础/习题/11.25-11.46-简答与计算题.md; 04-题库/教材习题/无机化学例题与习题/Ch11-配位化学基础/例题/例11.9-配位平衡与沉淀平衡.md
盐类水解,03-知识点/有机化学/溶剂解反应.md | 04-题库/教材习题/无机化学例题与习题/Ch08-酸碱解离平衡/例题/例8.6-盐类水解平衡计算.md | 04-题库/真题/第27届决赛/理论/题-027决-9-选择题综合.md | 04-题库/真题/第27届初赛/无机和结构化学/题-027-5-3-反钙钛矿水解方程式.md,4,04-题库/教材习题/无机化学例题与习题/Ch08-酸碱解离平衡/习题/8.1-8.12-选择题.md; 04-题库/教材习题/无机化学例题与习题/Ch08-酸碱解离平衡/习题/8.13-8.25-填空题.md; 04-题库/教材习题/无机化学例题与习题/Ch08-酸碱解离平衡/习题/8.26-弱酸弱碱pH计算.md
共轭酸碱,03-知识点/化学原理/Brønsted酸碱理论.md | 03-知识点/化学原理/共轭酸碱对.md | 03-知识点/有机化学/共轭效应.md | 04-题库/教材习题/无机化学例题与习题/Ch08-酸碱解离平衡/例题/例8.7-共轭酸碱关系计算.md,4,04-题库/教材习题/无机化学例题与习题/Ch08-酸碱解离平衡/习题/8.1-8.12-选择题.md; 04-题库/教材习题/无机化学例题与习题/Ch08-酸碱解离平衡/习题/8.13-8.25-填空题.md; 04-题库/教材习题/无机化学例题与习题/Ch08-酸碱解离平衡/习题/8.34-8.36-碱性比较与酸碱质子理论.md
Henderson-Hasselbalch方程,03-知识点/化学原理/缓冲溶液.md | 03-知识点/无机和结构化学/氮族元素.md | 03-知识点/无机和结构化学/砷.md | 03-知识点/无机和结构化学/硒.md | 03-知识点/无机和结构化学/硼族元素.md | 03-知识点/无机和结构化学/碱土金属.md,4,04-题库/教材习题/无机化学例题与习题/Ch08-酸碱解离平衡/例题/例8.8-强碱滴定弱酸求Ka.md; 04-题库/教材习题/无机化学例题与习题/Ch08-酸碱解离平衡/例题/例8.9-弱酸NaOH混合求Ka.md; 04-题库/真题/第26届决赛/理论/题-026决-2-EDTA滴定BiPb.md
羰基配合物,03-知识点/化学原理/配合物.md | 04-题库/真题/第35届决赛/理论/第一场/题-35决理-1-2-磷的羰基配合物化学.md | 07-资料提炼/书籍提炼/提炼-普化原理-第14章-配位化合物.md,4,04-题库/教材习题/无机化学例题与习题/Ch11-配位化学基础/例题/例11.5-EAN规则.md; 04-题库/真题/第35届决赛/理论/第一场/题-35决理-1-2-磷的羰基配合物化学.md; 07-资料提炼/教学逻辑提炼/Zchem 中级无机结构化学/教学逻辑提炼-Zchem-过渡元素的结构化学-第三轮深化.md
制备,03-知识点/无机和结构化学/单质制备方法.md | 03-知识点/有机化学/Bent规则.md | 03-知识点/有机化学/Gabriel合成.md | 03-知识点/有机化学/胺的化学.md | 03-知识点/有机化学/醇.md | 04-题库/教材习题/ABOC/题-095-ABOC-Ch2-2.5-工业制备 DMSO 当然不会利用这个方法 而是在     m.md,4,04-题库/教材习题/无机化学例题与习题/Ch14-碳族元素/习题/Ch14-制备与鉴别题.md; 04-题库/教材习题/无机化学例题与习题/Ch20-钛副族和钒副族/习题/20.35-20.39-分离鉴别与制备.md; 04-题库/教材习题/无机化学例题与习题/Ch21-铬副族和锰副族/习题/21.50-21.56-分离鉴别与制备.md
鉴别,04-专题与题型/题型/题型-两性物质鉴别.md | 04-专题与题型/题型/题型-实验鉴别.md | 04-题库/教材习题/无机化学例题与习题/Ch12-碱金属和碱土金属/习题/12.30-12.34-分离鉴别与制备.md | 04-题库/教材习题/无机化学例题与习题/Ch12-碱金属和碱土金属/例题/例12.3-鉴别各组物质.md | 04-题库/教材习题/无机化学例题与习题/Ch13-硼族元素/习题/Ch13-制备与鉴别题.md | 04-题库/教材习题/无机化学例题与习题/Ch13-硼族元素/例题/Ch13-例13.3-鉴别物质.md,4,04-题库/教材习题/无机化学例题与习题/Ch14-碳族元素/习题/Ch14-制备与鉴别题.md; 04-题库/教材习题/无机化学例题与习题/Ch20-钛副族和钒副族/习题/20.35-20.39-分离鉴别与制备.md; 04-题库/教材习题/无机化学例题与习题/Ch21-铬副族和锰副族/习题/21.50-21.56-分离鉴别与制备.md
反应活性,04-题库/有机化学/亲核取代与消除反应/题-有机-取代-SN2反应活性排序.md,4,04-题库/有机化学/亲核取代与消除反应/题-有机-取代-SN2反应活性排序.md; 04-题库/真题/第30届决赛/理论/题-030决-7-醇→卤代烃反应.md; 04-题库/真题/第34届决赛/理论/题-34决理-1-3-1-超氧离子分子轨道.md
羟汞化反应,04-题库/真题/第26届初赛/有机化学/题-026-11-1-羟汞化反应产物.md,4,04-题库/有机化学/加成反应/题-有机-加成-烯烃加成反应立体化学.md; 04-题库/有机化学/加成反应/题-有机-加成-羟汞化脱汞反应区域选择性.md; 04-题库/真题/第26届初赛/有机化学/题-026-11-1-羟汞化反应产物.md
酸性比较,04-题库/有机化学/有机结构基础与电子效应/题-有机-结构-碳氢酸性比较与pKa分析.md | 04-题库/真题/第37届初赛/题-037-8-4-α氢酸性比较.md | 04-题库/真题/第38届初赛/题-038-8-1-酸性比较.md | 04-题库/真题/第38届初赛/题-038-8-3-2-化合物3与4酸性比较.md,4,04-题库/有机化学/有机结构基础与电子效应/题-有机-结构-共振与酸性判断冲突分析.md; 04-题库/有机化学/有机结构基础与电子效应/题-有机-结构-碳氢酸性比较与pKa分析.md; 04-题库/真题/第38届初赛/题-038-8-1-酸性比较.md
官能团鉴定,03-知识点/有机化学/官能团.md,4,04-题库/有机化学/波谱分析/题-有机-波谱-IR-3000以上吸收峰判断.md; 04-题库/有机化学/波谱分析/题-有机-波谱-NMR-C4H6O2推结构.md
化学键振动,03-知识点/无机和结构化学/化学键.md | 07-资料提炼/书籍提炼/提炼-Clayden-第4章-分子结构.md | 07-资料提炼/书籍提炼/提炼-普化原理-第12章-化学键与分子结构.md,4,04-题库/有机化学/波谱分析/题-有机-波谱-IR-C与N键波数排序.md; 04-题库/有机化学/波谱分析/题-有机-波谱-IR约化质量与波数关系.md
同位素峰,04-题库/有机化学/波谱分析/题-有机-波谱-MS-含Cl同位素峰强度比.md | 04-题库/有机化学/波谱分析/题-有机-波谱-MS-含双Cl同位素峰强度比.md,4,04-题库/有机化学/波谱分析/题-有机-波谱-MS-含Cl同位素峰强度比.md; 04-题库/有机化学/波谱分析/题-有机-波谱-MS-含双Cl同位素峰强度比.md
可逆反应,03-知识点/化学原理/化学平衡.md,4,04-题库/有机化学/活性中间体与反应机理/题-有机-中间体-动力学与热力学产物预测.md; 04-题库/真题/第38届初赛/题-038-9-2-1-三乙基苯产率变化.md; 04-题库/真题/第38届初赛/题-038-9-2-2-产率变化原因.md
碳负离子稳定性,03-知识点/有机化学/碳负离子.md,4,04-题库/有机化学/活性中间体与反应机理/题-有机-中间体-碳正离子碳负离子自由基稳定性比较.md; 04-题库/真题/第38届初赛/题-038-8-3-1-化合物3酸性解释.md; 04-题库/真题/第38届初赛/题-038-8-3-2-化合物3与4酸性比较.md
自由基稳定性,03-知识点/有机化学/自由基.md | 04-专题与题型/题型/题型-自由基稳定性比较.md | 04-题库/有机化学/活性中间体与反应机理/题-有机-中间体-碳正离子碳负离子自由基稳定性比较.md,4,04-题库/有机化学/活性中间体与反应机理/题-有机-中间体-碳正离子碳负离子自由基稳定性比较.md; 04-题库/有机化学/自由基反应/题-有机-自由基-烷烃卤代选择性计算.md
配位聚合物,03-知识点/有机化学/高分子化学.md | 04-题库/真题/第26届初赛/化学原理/题-026-1-1-Zn氨配位现象与方程.md | 04-题库/真题/第34届决赛/理论/题-34决理-2-1-3-硅烷配位聚合物.md,4,04-题库/真题/第25届决赛/理论/题-025决-1-3-2-AgSCN聚合物结构.md; 04-题库/真题/第34届决赛/理论/题-34决理-2-1-3-硅烷配位聚合物.md; 04-题库/真题/第34届决赛/理论/题-34决理-2-3-1-MOF5结构与化学式.md
氧化还原方程式配平,04-专题与题型/题型/题型-氧化还原方程式配平.md | 04-题库/真题/第25届初赛/化学原理/题-025-1-2-Ti红氧化与CuCl沉淀.md | 04-题库/真题/第26届初赛/化学原理/题-026-8-4-UCl3加入pH4缓冲液.md | 04-题库/真题/第27届初赛/无机和结构化学/题-027-3-4-硫脲溶解金离子方程式.md | 04-题库/真题/第27届初赛/有机化学/题-027-7-有机推断ABCDF.md | 04-题库/真题/第28届初赛/无机和结构化学/题-028-8-1-生成C和D的反应方程式.md,4,04-题库/真题/第25届初赛/分析化学/题-025-4-1-固溶体溶解反应.md; 04-题库/真题/第32届初赛/无机和结构化学/题-032-1-1-氮化硅制备方程式.md; 备课思路/第二轮总体备课框架.md
歧化,03-知识点/无机和结构化学/归中反应.md | 03-知识点/有机化学/Cannizzaro反应.md | 03-知识点/有机化学/Tishchenko反应.md | 04-专题与题型/题型/题型-硫的歧化反应.md | 04-题库/有机化学/羰基化学与缩合反应/题-有机-羰基-Cannizzaro歧化反应机理.md | 04-题库/真题/第29届初赛/无机和结构化学/题-029-1-4-硫酸银与硫歧化方程式.md,4,04-题库/真题/第27届初赛/无机和结构化学/题-027-1-5-Fe(OH)2转化为Fe3O4.md; 07-资料提炼/书籍提炼/提炼-无机化学第6版-第5章-氧化还原反应180-212.md; 10-附件/图注/Frost图-氮元素实例.md
"""化学平衡""",03-知识点/化学原理/化学平衡.md | 04-题库/真题/第25届决赛/理论/题-025决-3-恒压反应器化学平衡.md | 04-题库/真题/第25届初赛/化学原理/题-025-6-1-NO2浓度变化计算.md | 04-题库/真题/第30届初赛/化学原理/题-030-6-1-295K下N2O4NO2分压计算.md | 04-题库/真题/第30届初赛/化学原理/题-030-6-2-315K下N2O4NO2分压计算.md | 04-题库/真题/第30届初赛/化学原理/题-030-6-3-体积比及物质的量之比.md,4,04-题库/真题/第30届初赛/化学原理/题-030-6-1-295K下N2O4NO2分压计算.md; 04-题库/真题/第30届初赛/化学原理/题-030-6-2-315K下N2O4NO2分压计算.md; 04-题库/真题/第30届初赛/化学原理/题-030-6-3-体积比及物质的量之比.md
氧化学,03-知识点/有机化学/环氧化反应.md,4,04-题库/真题/第34届决赛/理论/题-34决理-1-3-1-超氧离子分子轨道.md; 04-题库/真题/第34届决赛/理论/题-34决理-1-3-化合物杂化轨道.md
电化学合成,03-知识点/化学原理/电化学.md | 04-题库/真题/第29届初赛/化学原理/题-029-6-1-铝离子电池电极反应.md | 04-题库/真题/第34届决赛/理论/题-34决理-2-5-6-合成氨电化学合成.md | 07-资料提炼/书籍提炼/提炼-普化原理-第10章-氧化还原电化学.md,4,04-题库/真题/第34届决赛/理论/题-34决理-2-5-4-合成氨催化剂与电化学.md; 04-题库/真题/第34届决赛/理论/题-34决理-2-5-6-合成氨电化学合成.md
金属氢化物,03-知识点/无机和结构化学/氢化物.md,4,07-资料提炼/教学逻辑提炼/Zchem 中级无机结构化学/教学逻辑提炼-Zchem-主族元素的结构化学II-第二轮深化.md
电化学腐蚀,03-知识点/化学原理/电化学.md | 04-题库/真题/第29届初赛/化学原理/题-029-6-1-铝离子电池电极反应.md | 07-资料提炼/书籍提炼/提炼-普化原理-第10章-氧化还原电化学.md,4,07-资料提炼/教学逻辑提炼/Zchem 物理化学 下/教学逻辑提炼-Zchem-电化学-第一轮.md
单组分相图,03-知识点/物理化学/相图.md | 03-知识点/物理化学/相图与相平衡.md,4,07-资料提炼/教学逻辑提炼/Zchem 物理化学 下/教学逻辑提炼-Zchem-相平衡与胶体-第三轮.md
有机化学绪论,04-题库/经典例题/有机化学/索引.md,4,07-资料提炼/教学逻辑提炼/学而思 有机化学基础/教学逻辑提炼-学而思有机化学基础-批次A-第三轮起步.md; 07-资料提炼/网课资料/学而思 有机化学基础/资料提炼-学而思有机化学基础-批次A-绪论烷烃立体化学.md
KP-惰性电子对效应,03-知识点/化学原理/平衡常数.md | 03-知识点/无机和结构化学/惰性对效应.md | 04-题库/真题/第25届初赛/化学原理/题-025-6-1-NO2浓度变化计算.md | 04-题库/真题/第30届初赛/化学原理/题-030-6-1-295K下N2O4NO2分压计算.md | 04-题库/真题/第30届初赛/化学原理/题-030-6-2-315K下N2O4NO2分压计算.md | 04-题库/真题/第31届初赛/无机和结构化学/题-031-4-2-钠氦化合物结构.md,4,07-资料提炼/教学逻辑提炼/质心 元素化学和结构化学 下/教学逻辑提炼-质心-p区金属串讲-第一轮.md; 07-资料提炼/教学逻辑提炼/质心 元素化学和结构化学 下/教学逻辑提炼-质心-氮族元素与铜副族-第一轮.md
KP-密堆积,03-知识点/化学原理/平衡常数.md | 03-知识点/无机和结构化学/密堆积.md | 03-知识点/无机和结构化学/等径球堆积.md | 04-题库/真题/第25届初赛/化学原理/题-025-6-1-NO2浓度变化计算.md | 04-题库/真题/第25届初赛/无机和结构化学/题-025-7-2-立方与六方金刚石对比.md | 04-题库/真题/第30届初赛/化学原理/题-030-6-1-295K下N2O4NO2分压计算.md,4,07-资料提炼/教学逻辑提炼/质心 元素化学和结构化学 下/教学逻辑提炼-质心-晶体结构-第一轮.md
KP-碱金属,03-知识点/化学原理/平衡常数.md | 03-知识点/无机和结构化学/碱金属.md | 04-题库/真题/第25届初赛/化学原理/题-025-6-1-NO2浓度变化计算.md | 04-题库/真题/第30届初赛/化学原理/题-030-6-1-295K下N2O4NO2分压计算.md | 04-题库/真题/第30届初赛/化学原理/题-030-6-2-315K下N2O4NO2分压计算.md | 04-题库/真题/第30届初赛/无机和结构化学/题-030-1-2-碱金属性质递变非单调性.md,4,07-资料提炼/教学逻辑提炼/质心 元素化学和结构化学 下/教学逻辑提炼-质心-碱金属和碱土金属-第一轮.md
KP-锂的特殊性,03-知识点/化学原理/平衡常数.md | 04-题库/真题/第25届初赛/化学原理/题-025-6-1-NO2浓度变化计算.md | 04-题库/真题/第30届初赛/化学原理/题-030-6-1-295K下N2O4NO2分压计算.md | 04-题库/真题/第30届初赛/化学原理/题-030-6-2-315K下N2O4NO2分压计算.md,4,07-资料提炼/教学逻辑提炼/质心 元素化学和结构化学 下/教学逻辑提炼-质心-碱金属和碱土金属-第一轮.md
KP-铍,03-知识点/化学原理/平衡常数.md | 04-题库/真题/第25届初赛/化学原理/题-025-6-1-NO2浓度变化计算.md | 04-题库/真题/第30届初赛/化学原理/题-030-6-1-295K下N2O4NO2分压计算.md | 04-题库/真题/第30届初赛/化学原理/题-030-6-2-315K下N2O4NO2分压计算.md,4,07-资料提炼/教学逻辑提炼/质心 元素化学和结构化学 下/教学逻辑提炼-质心-碱金属和碱土金属-第一轮.md
KP-18电子规则,03-知识点/决赛要求/金属有机与超分子/金属有机化学深化.md | 03-知识点/化学原理/平衡常数.md | 03-知识点/无机和结构化学/18电子规则.md | 03-知识点/无机和结构化学/8电子规则.md | 04-题库/真题/第25届初赛/化学原理/题-025-6-1-NO2浓度变化计算.md | 04-题库/真题/第30届初赛/化学原理/题-030-6-1-295K下N2O4NO2分压计算.md,4,07-资料提炼/教学逻辑提炼/质心 元素化学和结构化学 下/教学逻辑提炼-质心-铁系元素-第一轮.md
KP-配体对电势的影响,03-知识点/化学原理/平衡常数.md | 04-题库/真题/第25届初赛/化学原理/题-025-6-1-NO2浓度变化计算.md | 04-题库/真题/第30届初赛/化学原理/题-030-6-1-295K下N2O4NO2分压计算.md | 04-题库/真题/第30届初赛/化学原理/题-030-6-2-315K下N2O4NO2分压计算.md,4,07-资料提炼/教学逻辑提炼/质心 元素化学和结构化学 下/教学逻辑提炼-质心-铁系元素-第一轮.md
{KP名},03-知识点/化学原理/平衡常数.md | 04-题库/真题/第25届初赛/化学原理/题-025-6-1-NO2浓度变化计算.md | 04-题库/真题/第30届初赛/化学原理/题-030-6-1-295K下N2O4NO2分压计算.md | 04-题库/真题/第30届初赛/化学原理/题-030-6-2-315K下N2O4NO2分压计算.md,4,11-模板/Agent-7-KP优化-轻量.md; 11-模板/模板-教学过程总表.md
KP-X,03-知识点/化学原理/平衡常数.md | 04-题库/真题/第25届初赛/化学原理/题-025-6-1-NO2浓度变化计算.md | 04-题库/真题/第30届初赛/化学原理/题-030-6-1-295K下N2O4NO2分压计算.md | 04-题库/真题/第30届初赛/化学原理/题-030-6-2-315K下N2O4NO2分压计算.md,4,11-模板/Agent提示词-知识库使用.md; 11-模板/模板-复盘记录.md; 11-模板/模板-课件大纲.md
target,03-知识点/分析化学/终点误差.md | 03-知识点/无机和结构化学/碳族元素.md | 03-知识点/无机和结构化学/稀有气体.md,4,11-模板/Agent提示词-知识库维护.md; 11-模板/模板-差异对照表.md
<target>,03-知识点/分析化学/终点误差.md | 03-知识点/无机和结构化学/碳族元素.md | 03-知识点/无机和结构化学/稀有气体.md,4,11-模板/Agent提示词-知识库维护.md; 11-模板/模板-合并迁移计划.md
题型-,"04-专题与题型/题型/题型-1,2与1,4加成判断.md | 04-专题与题型/题型/题型-HSAB规则应用.md | 04-专题与题型/题型/题型-Lewis结构式书写.md | 04-专题与题型/题型/题型-R-S构型判断.md | 04-专题与题型/题型/题型-SN1-SN2-E1-E2竞争判断.md | 04-专题与题型/题型/题型-两性物质鉴别.md",4,11-模板/模板-专题.md; 11-模板/模板-知识点.md; 11-模板/模板-考纲条目.md
04-专题与题型/专题-XXX,04-专题与题型/专题与题型.md,3,00-首页/Agent标准作业流程.md; 备课思路/提炼→教学转化标准操作.md
模板效应,11-模板/模板.md,3,00-首页/图片索引.md; 07-资料提炼/书籍提炼/提炼-Steed-Atwood-超分子化学第7章-模板和自组装.md
反应机理同源谱系图,03-知识点/有机化学/反应机理.md | 04-题库/真题/第27届初赛/有机化学/题-027-9-1-同位素标记反应历程.md | 04-题库/真题/第31届初赛/有机化学/题-031-8-2-反应类型与立体化学.md,3,00-首页/工作日志/2026-05-06.md; 00-首页/知识库待补充清单.md; 09-审计报告/归档首页/知识库待补充清单.md
