"Dir","Src","Target"
"01-考纲导航","01-考纲导航/基础要求-实验要求（暂不要求）.md","实验安全"
"01-考纲导航","01-考纲导航/基础要求-实验要求（暂不要求）.md","溶液配制"
"01-考纲导航","01-考纲导航/基础要求-实验要求（暂不要求）.md","定量仪器读数"
"01-考纲导航","01-考纲导航/基础要求-实验要求（暂不要求）.md","有效数字与实验读数"
"01-考纲导航","01-考纲导航/基础要求-实验要求（暂不要求）.md","常见离子检出"
"01-考纲导航","01-考纲导航/基础要求-实验要求（暂不要求）.md","离子分离方法"
"01-考纲导航","01-考纲导航/基础要求-实验要求（暂不要求）.md","有机官能团定性鉴定"
"01-考纲导航","01-考纲导航/基础要求-实验要求（暂不要求）.md","制备实验流程"
"01-考纲导航","01-考纲导航/基础要求-实验要求（暂不要求）.md","中间过程检测"
"01-考纲导航","01-考纲导航/基础要求-实验要求（暂不要求）.md","固液分离"
"01-考纲导航","01-考纲导航/基础要求-实验要求（暂不要求）.md","洗涤试剂选择"
"01-考纲导航","01-考纲导航/基础要求-实验要求（暂不要求）.md","重结晶"
"01-考纲导航","01-考纲导航/基础要求-实验要求（暂不要求）.md","滴定基本操作"
"01-考纲导航","01-考纲导航/基础要求-实验要求（暂不要求）.md","比色分析操作"
"01-考纲导航","01-考纲导航/基础要求-实验要求（暂不要求）.md","分光光度法操作"
"01-考纲导航","01-考纲导航/基础要求-实验要求（暂不要求）.md","废弃物处理"
"01-考纲导航","01-考纲导航/基础要求-实验要求（暂不要求）.md","原始实验记录"
"01-考纲导航","01-考纲导航/基础要求-实验要求（暂不要求）.md","逐级稀释"
"01-考纲导航","01-考纲导航/基础要求-实验要求（暂不要求）.md","比浊法"
"01-考纲导航","01-考纲导航/基础要求-实验要求（暂不要求）.md","限量分析"
"01-考纲导航","01-考纲导航/基础要求-实验要求（暂不要求）.md","实验操作专题"
"01-考纲导航","01-考纲导航/基础要求-实验要求（暂不要求）.md","实验数据处理专题"
"01-考纲导航","01-考纲导航/基础要求-实验要求（暂不要求）.md","实验分离与纯化专题"
"01-考纲导航","01-考纲导航/基础要求-实验要求（暂不要求）.md","实验定量分析专题"
"02-考纲条目","02-考纲条目/基础要求/分析化学/19-误差分析.md","68-实验记录与废弃物处理"
"02-考纲条目","02-考纲条目/基础要求/分析化学/20-分光光度法.md","分光光度法定量分析"
"02-考纲条目","02-考纲条目/基础要求/分析化学/20-分光光度法.md","显色体系分析"
"02-考纲条目","02-考纲条目/基础要求/分析化学/20-分光光度法.md","67-分光光度与比色分析操作"
"03-知识点","03-知识点/物理化学图片索引/物理化学第11版-固体物理-图片索引.md","pchem_solid_xxx.jpg"
"03-知识点","03-知识点/物理化学图片索引/物理化学第11版-第13章统计热力学-图片索引.md","pchem_ch13_stat_xxx.jpg"
"04-题库","04-题库/README.md","知识点名"
"04-题库","04-题库/分析化学/容量分析与酸碱滴定/硼酸甘露醇强化滴定.md","极弱酸强化"
"04-题库","04-题库/分析化学/容量分析与酸碱滴定/题-容量-01-多元酸分步滴定判断.md","多元酸分步滴定"
"04-题库","04-题库/分析化学/容量分析与酸碱滴定/题-容量-01-多元酸分步滴定判断.md","酸碱指示剂选择"
"04-题库","04-题库/分析化学/容量分析与酸碱滴定/题-容量-01-多元酸分步滴定判断.md","计量点pH计算"
"04-题库","04-题库/分析化学/容量分析与酸碱滴定/题-容量-02-混合碱双指示剂法.md","混合碱分析"
"04-题库","04-题库/分析化学/容量分析与酸碱滴定/题-容量-02-混合碱双指示剂法.md","酸碱滴定计算"
"04-题库","04-题库/分析化学/容量分析与酸碱滴定/题-容量-03-硼酸强化滴定.md","硼酸滴定"
"04-题库","04-题库/分析化学/容量分析与酸碱滴定/题-容量-03-硼酸强化滴定.md","络合滴定强化"
"04-题库","04-题库/分析化学/容量分析与酸碱滴定/题-容量-03-硼酸强化滴定.md","弱酸强化滴定"
"04-题库","04-题库/分析化学/容量分析与酸碱滴定/题-容量-04-酸碱滴定终点误差计算.md","酸碱滴定误差"
"04-题库","04-题库/分析化学/氧化还原与沉淀滴定/K2Cr2O7法测铁中H3PO4的作用.md","掩蔽"
"04-题库","04-题库/分析化学/氧化还原与沉淀滴定/题-氧沉-01-KMnO4滴定H2O2.md","高锰酸钾滴定"
"04-题库","04-题库/分析化学/氧化还原与沉淀滴定/题-氧沉-01-KMnO4滴定H2O2.md","过氧化氢测定"
"04-题库","04-题库/分析化学/氧化还原与沉淀滴定/题-氧沉-02-碘量法测定铜合金.md","铜的测定"
"04-题库","04-题库/分析化学/氧化还原与沉淀滴定/题-氧沉-03-银量法测定氯化物.md","Mohr法"
"04-题库","04-题库/分析化学/氧化还原与沉淀滴定/题-氧沉-03-银量法测定氯化物.md","氯化物测定"
"04-题库","04-题库/分析化学/络合滴定与重量分析/题-络重-01-EDTA滴定水的硬度.md","水的硬度"
"04-题库","04-题库/分析化学/络合滴定与重量分析/题-络重-01-EDTA滴定水的硬度.md","络合滴定应用"
"04-题库","04-题库/分析化学/络合滴定与重量分析/题-络重-02-返滴定测铝含量.md","返滴定法"
"04-题库","04-题库/分析化学/络合滴定与重量分析/题-络重-02-返滴定测铝含量.md","铝的测定"
"04-题库","04-题库/分析化学/络合滴定与重量分析/题-络重-02-返滴定测铝含量.md","EDTA返滴定"
"04-题库","04-题库/分析化学/络合滴定与重量分析/题-络重-03-选择性滴定判断.md","EDTA选择性滴定"
"04-题库","04-题库/分析化学/络合滴定与重量分析/题-络重-03-选择性滴定判断.md","酸度控制"
"04-题库","04-题库/分析化学/络合滴定与重量分析/题-络重-03-选择性滴定判断.md","络合滴定条件"
"04-题库","04-题库/分析化学/误差与数据处理/四舍六入五成双修约规则.md","修约规则"
"04-题库","04-题库/分析化学/误差与数据处理/题-误差-02-Q检验法判断异常值.md","异常值判断"
"04-题库","04-题库/教学改编题/无机和结构化学/索引.md","题-改编-原子结构基础-第一轮练习题组"
"04-题库","04-题库/教学改编题/无机和结构化学/索引.md","题-改编-元素周期表与周期律-第一轮练习题组"
"04-题库","04-题库/教学改编题/无机和结构化学/索引.md","题-改编-分子结构基础-第一轮练习题组"
"04-题库","04-题库/教学改编题/无机和结构化学/索引.md","题-改编-配位化合物基础-第一轮练习题组"
"04-题库","04-题库/教学改编题/无机和结构化学/索引.md","题-改编-晶体学与晶体结构-第一轮练习题组"
"04-题库","04-题库/教学改编题/无机和结构化学/错误模式知识库.md","` 前缀，不能只检查 `![[media/`。题组文件使用 `![[mineru/..."
"04-题库","04-题库/教材习题/ABOC/题-038-ABOC-FT0-Jack-Mutilin全合成.md","全合成策略"
"04-题库","04-题库/教材习题/ABOC/题-065-ABOC-Ch2-2.2.2-CrO3氧化醇机理.md","铬试剂"
"04-题库","04-题库/教材习题/ABOC/题-076-ABOC-Ch7-7.2.1-1-D-A底物推断（六苯基苯）.md","逆向分析"
"04-题库","04-题库/教材习题/Clayden/题-282-Clayden-Ch8-P11-选择合适的碱去质子化给定分子.md","碱的选择"
"04-题库","04-题库/教材习题/Clayden/题-291-Clayden-Ch14-P1-五个分子手性判断.md","螺环化合物"
"04-题库","04-题库/教材习题/Clayden/题-306-Clayden-Ch15-P8-ZnCl2与NaI催化剂在取代中的作用.md","催化反应"
"04-题库","04-题库/教材习题/Clayden/题-311-Clayden-Ch17-P2-Tamoxifen消除步骤和50规则.md","烯烃异构化"
"04-题库","04-题库/教材习题/Clayden/题-334-Clayden-Ch20-P7-亚硝化烯醇加脱羧异常步骤.md","α-卤代"
"04-题库","04-题库/教材习题/Clayden/题-354-Clayden-Ch10-P10-Amelfolide合成路线设计.md","酰胺化反应"
"04-题库","04-题库/教材习题/Clayden/题-377-Clayden-Ch16-P5-环己酮缩醛化困难与构象关系.md","1,3-二轴向相互作用"
"04-题库","04-题库/教材习题/Clayden/题-407-Clayden-Ch26-P6-甲醛Aldol失败-Cannizzaro产物.md","碱的选择"
"04-题库","04-题库/教材习题/Clayden/题-409-Clayden-Ch26-P8-碳上酰化失败分析.md","碱的选择"
"04-题库","04-题库/教材习题/Clayden/题-412-Clayden-Ch26-P11-特定烯醇等价体使反应可行.md","Stork烯胺合成"
"04-题库","04-题库/教材习题/Clayden/题-426-Clayden-Ch23-P3-Birch还原产物预测.md","二负离子"
"04-题库","04-题库/教材习题/Clayden/题-431-Clayden-Ch23-P8-二胺选择性保护策略.md","正交保护"
"04-题库","04-题库/教材习题/Clayden/题-438-Clayden-Ch24-P7-邻位锂化区域选择性.md","双负离子"
"04-题库","04-题库/教材习题/Clayden/题-439-Clayden-Ch24-P8-多步序列中区域和化学选择性.md","苄基化学"
"04-题库","04-题库/教材习题/Clayden/题-448-Clayden-Ch25-P7-烯醇等价体与Br2和RCH2Br反应.md","卤代反应"
"04-题库","04-题库/教材习题/Clayden/题-455-Clayden-Ch28-P1-单基团C-X切断练习.md","Williamson醚合成"
"04-题库","04-题库/教材习题/Clayden/题-456-Clayden-Ch28-P2-单基团C-C切断练习.md","对称性利用"
"04-题库","04-题库/教材习题/Clayden/题-459-Clayden-Ch28-P5-反应失败分析.md","推断题"
"04-题库","04-题库/教材习题/Clayden/题-465-Clayden-Ch37-P1-重要自由基反应复习.md","溶解金属还原"
"04-题库","04-题库/教材习题/Clayden/题-465-Clayden-Ch37-P1-重要自由基反应复习.md","克莱森缩合"
"04-题库","04-题库/教材习题/Clayden/题-468-Clayden-Ch37-P4-NBS苄位烯丙位溴化及应用.md","NBS溴化"
"04-题库","04-题库/教材习题/Clayden/题-470-Clayden-Ch37-P6-避免自由基反应陷阱+实用性.md","工业有机合成"
"04-题库","04-题库/教材习题/Clayden/题-472-Clayden-Ch37-P8-环丙基取代基效应对自由基的影响.md","ESR波谱"
"04-题库","04-题库/教材习题/Clayden/题-475-Clayden-Ch37-P11-自由基关环的奇特立体化学.md","缩醛化学"
"04-题库","04-题库/教材习题/Clayden/题-476-Clayden-Ch37-P12-结构分析+自由基官能团化.md","内酯化"
"04-题库","04-题库/教材习题/Clayden/题-494-Clayden-Ch34-P6-1,3-偶极环加成立体化学控制.md","立体选择性还原"
"04-题库","04-题库/教材习题/Clayden/题-497-Clayden-Ch34-P9-光化学2+2环加成选择性.md","内酯形成"
"04-题库","04-题库/教材习题/Clayden/题-500-Clayden-Ch34-P12-烯酮2+2环加成.md","烯酮化学"
"04-题库","04-题库/教材习题/Clayden/题-502-Clayden-Ch35-P2-Claisen-3,3-σ迁移入门.md","椅式构象"
"04-题库","04-题库/教材习题/Clayden/题-515-Clayden-Ch40-P2-Heck反应机理步骤理解.md","β-消除"
"04-题库","04-题库/教材习题/Clayden/题-526-Clayden-Ch41-P3-不对称合成初步规划.md","不对称Diels-Alder"
"04-题库","04-题库/教材习题/Clayden/题-527-Clayden-Ch41-P4-巧妙不对称诱导方法分析.md","热力学控制vs动力学控制"
"04-题库","04-题库/教材习题/Clayden/题-528-Clayden-Ch41-P5-简单序列逐步讨论.md","N-苄基保护"
"04-题库","04-题库/教材习题/Clayden/题-536-Clayden-Ch18-P1-C6H5FO的13C NMR C-F偶合结构确定.md","氟代芳烃"
"04-题库","04-题库/教材习题/Clayden/题-547-Clayden-Ch18-P12-A(C10H13OP)和B(C12H17O2)结构（P偶合）.md","有机磷化学"
"04-题库","04-题库/教材习题/Clayden/题-548-Clayden-Ch18-P13-仅1H NMR确定小分子ABC.md","小环化合物"
"04-题库","04-题库/教材习题/Clayden/题-551-Clayden-Ch29-P2-烷基吡啶LHMDS侧链延伸.md","碱性去质子化"
"04-题库","04-题库/教材习题/Clayden/题-552-Clayden-Ch29-P3-呋喃不寻常亲电取代选择性.md","烯丙基碳正离子"
"04-题库","04-题库/教材习题/Clayden/题-555-Clayden-Ch29-P6-杂环化合物亲核取代选择性.md","哌嗪"
"04-题库","04-题库/教材习题/Clayden/题-556-Clayden-Ch29-P7-2-吡啶酮转胺硝化酶抑制剂合成.md","NMR解析"
"04-题库","04-题库/教材习题/Clayden/题-558-Clayden-Ch29-P9-吡咯并吡啶芳香体系反应性和合成.md","稠环体系"
"04-题库","04-题库/教材习题/Clayden/题-559-Clayden-Ch29-P10-呋喃选择性锂化时序.md","选择性合成"
"04-题库","04-题库/教材习题/Clayden/题-590-Clayden-Ch32-P7-甲苯磺酰化环氧化乙烯基铜开环Se消除.md","多步合成"
"04-题库","04-题库/教材习题/Clayden/题-595-Clayden-Ch32-P12-多章复习：缩醛化+消除+环氧化+构象.md","多步合成"
"04-题库","04-题库/教材习题/Clayden/题-597-Clayden-Ch33-P2-锌介导螯合控制还原.md","螯合控制"
"04-题库","04-题库/教材习题/Clayden/题-599-Clayden-Ch33-P4-LDA烷基化中螯合控制.md","螯合控制"
"04-题库","04-题库/教材习题/Clayden/题-608-Clayden-Ch36-P1-原子编号追踪重排.md","有机金属化学"
"04-题库","04-题库/教材习题/Clayden/题-609-Clayden-Ch36-P2-Beckmann重排立体化学和机理.md","肟"
"04-题库","04-题库/教材习题/Clayden/题-616-Clayden-Ch36-P9-多重排依次发生加立体化学.md","碘内酯化"
"04-题库","04-题库/教材习题/Clayden/题-618-Clayden-Ch36-P11-杂环中小环扩张更容易.md","β-内酰胺"
"04-题库","04-题库/教材习题/Clayden/题-621-Clayden-Ch36-P14-酯水解关联的碎片化.md","烯醇互变异构"
"04-题库","04-题库/教材习题/Clayden/题-626-Clayden-Ch36-P19-复杂反应中碎片化识别.md","腙"
"04-题库","04-题库/教材习题/Clayden/题-628-Clayden-Ch38-P1-碱引发两个简单卡宾反应.md","α-消除"
"04-题库","04-题库/教材习题/Clayden/题-633-Clayden-Ch38-P6-结构分析+烯烃几何+卡宾环加成.md","反式环烯烃"
"04-题库","04-题库/教材习题/Clayden/题-634-Clayden-Ch38-P7-常规卡宾插入+氮烯类比.md","Hofmann降解"
"04-题库","04-题库/教材习题/Clayden/题-635-Clayden-Ch38-P8-分子内卡宾插入→笼状化合物.md","重氮酮"
"04-题库","04-题库/教材习题/Clayden/题-636-Clayden-Ch38-P9-卡宾化学不期望出现时如何避免.md","机理辨析"
"04-题库","04-题库/教材习题/Clayden/题-641-Clayden-Ch39-P1-多种合理机理的反应研究.md","机理辨析"
"04-题库","04-题库/教材习题/Clayden/题-641-Clayden-Ch39-P1-多种合理机理的反应研究.md","酯水解"
"04-题库","04-题库/教材习题/Clayden/题-644-Clayden-Ch39-P4-pH-速率曲线解读.md","溶剂同位素效应"
"04-题库","04-题库/教材习题/Clayden/题-644-Clayden-Ch39-P4-pH-速率曲线解读.md","酯水解"
"04-题库","04-题库/教材习题/Clayden/题-647-Clayden-Ch39-P7-极端催化现象.md","催化反应"
"04-题库","04-题库/教材习题/Clayden/题-647-Clayden-Ch39-P7-极端催化现象.md","酯水解"
"04-题库","04-题库/教材习题/Clayden/题-652-Clayden-Ch39-P12-新反应中中间体内部捕获.md","环丙酮"
"04-题库","04-题库/教材习题/Clayden/题-653-Clayden-Ch39-P13-物理数据+结构变化综合机理图景.md","环氧乙烷衍生物"
"04-题库","04-题库/教材习题/Clayden/题-654-Clayden-Ch39-P14-逆向思维：你需要什么证据.md","实验设计"
"04-题库","04-题库/教材习题/上海中学竞赛课程/题-001-上海中学-卤族元素-习题1.md","铬酸根指示剂"
"04-题库","04-题库/教材习题/上海中学竞赛课程/题-003-上海中学-卤族元素-习题3.md","卤化银沉淀"
"04-题库","04-题库/教材习题/上海中学竞赛课程/题-003-上海中学-卤族元素-习题3.md","化学计量推断"
"04-题库","04-题库/教材习题/上海中学竞赛课程/题-004-上海中学-卤族元素-习题4.md","氰化法提金"
"04-题库","04-题库/教材习题/上海中学竞赛课程/题-005-上海中学-卤族元素-习题5.md","溴的氧化物"
"04-题库","04-题库/教材习题/上海中学竞赛课程/题-006-上海中学-卤族元素-习题6.md","氙的化合物"
"04-题库","04-题库/教材习题/上海中学竞赛课程/题-006-上海中学-卤族元素-习题6.md","有机氙化学"
"04-题库","04-题库/教材习题/上海中学竞赛课程/题-006-上海中学-卤族元素-习题6.md","IF5构型"
"04-题库","04-题库/教材习题/上海中学竞赛课程/题-007-上海中学-卤族元素-习题7.md","键能计算"
"04-题库","04-题库/教材习题/上海中学竞赛课程/题-007-上海中学-卤族元素-习题7.md","氯水pH"
"04-题库","04-题库/教材习题/上海中学竞赛课程/题-008-上海中学-氧族元素-习题1.md","臭氧同素异形体"
"04-题库","04-题库/教材习题/上海中学竞赛课程/题-008-上海中学-氧族元素-习题1.md","氧化性比较"
"04-题库","04-题库/教材习题/上海中学竞赛课程/题-009-上海中学-氧族元素-习题3.md","VSEPR构型"
"04-题库","04-题库/教材习题/上海中学竞赛课程/题-009-上海中学-氧族元素-习题3.md","硫的卤氧化物"
"04-题库","04-题库/教材习题/上海中学竞赛课程/题-010-上海中学-氧族元素-习题4.md","臭氧性质"
"04-题库","04-题库/教材习题/上海中学竞赛课程/题-010-上海中学-氧族元素-习题4.md","电解制臭氧"
"04-题库","04-题库/教材习题/上海中学竞赛课程/题-011-上海中学-氧族元素-习题5.md","溶解氧测定"
"04-题库","04-题库/教材习题/上海中学竞赛课程/题-011-上海中学-氧族元素-习题5.md","硫代硫酸钠滴定"
"04-题库","04-题库/教材习题/上海中学竞赛课程/题-012-上海中学-氧族元素-习题6.md","硫的化学性质"
"04-题库","04-题库/教材习题/上海中学竞赛课程/题-013-上海中学-氧族元素-习题7.md","硫磺纯度测定"
"04-题库","04-题库/教材习题/上海中学竞赛课程/题-013-上海中学-氧族元素-习题7.md","H2S吸收"
"04-题库","04-题库/教材习题/上海中学竞赛课程/题-014-上海中学-氮族元素-习题1.md","肼"
"04-题库","04-题库/教材习题/上海中学竞赛课程/题-015-上海中学-氮族元素-习题2.md","原硝酸盐"
"04-题库","04-题库/教材习题/上海中学竞赛课程/题-016-上海中学-氮族元素-习题3.md","磷的卤化物"
"04-题库","04-题库/教材习题/上海中学竞赛课程/题-017-上海中学-氮族元素-习题4.md","叠氮酸"
"04-题库","04-题库/教材习题/上海中学竞赛课程/题-018-上海中学-氮族元素-习题5.md","多磷酸"
"04-题库","04-题库/教材习题/上海中学竞赛课程/题-019-上海中学-氮族元素-习题6.md","锑的化合物"
"04-题库","04-题库/教材习题/上海中学竞赛课程/题-020-上海中学-氮族元素-习题7.md","亚硝酸盐"
"04-题库","04-题库/教材习题/上海中学竞赛课程/题-020-上海中学-氮族元素-习题7.md","食品安全"
"04-题库","04-题库/教材习题/上海中学竞赛课程/题-022-上海中学-氮族元素-习题2.md","铅的化合物"
"04-题库","04-题库/教材习题/上海中学竞赛课程/题-023-上海中学-氮族元素-习题3.md","三氟化硼"
"04-题库","04-题库/教材习题/上海中学竞赛课程/题-024-上海中学-氮族元素-习题4.md","离子取代"
"04-题库","04-题库/教材习题/上海中学竞赛课程/题-024-上海中学-氮族元素-习题4.md","矿物风化"
"04-题库","04-题库/教材习题/上海中学竞赛课程/题-024-上海中学-氮族元素-习题4.md","硅酸盐化学"
"04-题库","04-题库/教材习题/上海中学竞赛课程/题-026-上海中学-氮族元素-习题6.md","硅的化合物"
"04-题库","04-题库/教材习题/上海中学竞赛课程/题-026-上海中学-氮族元素-习题6.md","硅酸盐结构"
"04-题库","04-题库/教材习题/上海中学竞赛课程/题-026-上海中学-氮族元素-习题6.md","硅的卤化物"
"04-题库","04-题库/教材习题/上海中学竞赛课程/题-027-上海中学-氮族元素-习题7.md","碳酸盐分解"
"04-题库","04-题库/教材习题/上海中学竞赛课程/题-028-上海中学-碱金属碱土金属-习题1.md","水化焓"
"04-题库","04-题库/教材习题/上海中学竞赛课程/题-029-上海中学-碱金属碱土金属-习题2.md","水"
"04-题库","04-题库/教材习题/上海中学竞赛课程/题-029-上海中学-碱金属碱土金属-习题2.md","水合电子"
"04-题库","04-题库/教材习题/上海中学竞赛课程/题-030-上海中学-碱金属碱土金属-习题3.md","氢能"
"04-题库","04-题库/教材习题/上海中学竞赛课程/题-030-上海中学-碱金属碱土金属-习题3.md","二次能源"
"04-题库","04-题库/教材习题/上海中学竞赛课程/题-030-上海中学-碱金属碱土金属-习题3.md","电解水"
"04-题库","04-题库/教材习题/上海中学竞赛课程/题-030-上海中学-碱金属碱土金属-习题3.md","硫碘循环"
"04-题库","04-题库/教材习题/上海中学竞赛课程/题-031-上海中学-碱金属碱土金属-习题4.md","两性元素"
"04-题库","04-题库/教材习题/上海中学竞赛课程/题-034-上海中学-碱金属碱土金属-习题7.md","蛋壳"
"04-题库","04-题库/教材习题/上海中学竞赛课程/题-034-上海中学-碱金属碱土金属-习题7.md","草酸钙"
"04-题库","04-题库/教材习题/上海中学竞赛课程/题-035-上海中学-过渡金属-习题1.md","金属冶炼"
"04-题库","04-题库/教材习题/上海中学竞赛课程/题-036-上海中学-过渡金属-习题2.md","铌"
"04-题库","04-题库/教材习题/上海中学竞赛课程/题-037-上海中学-过渡金属-习题3.md","草酸铵配合物"
"04-题库","04-题库/教材习题/上海中学竞赛课程/题-038-上海中学-过渡金属-习题4.md","离子交换"
"04-题库","04-题库/教材习题/上海中学竞赛课程/题-039-上海中学-过渡金属-习题5.md","钒酸根"
"04-题库","04-题库/教材习题/上海中学竞赛课程/题-039-上海中学-过渡金属-习题5.md","晶体空隙"
"04-题库","04-题库/教材习题/上海中学竞赛课程/题-039-上海中学-过渡金属-习题5.md","硅氧四面体"
"04-题库","04-题库/教材习题/上海中学竞赛课程/题-040-上海中学-过渡金属-习题6.md","反滴定"
"04-题库","04-题库/教材习题/上海中学竞赛课程/题-040-上海中学-过渡金属-习题6.md","间接滴定"
"04-题库","04-题库/教材习题/上海中学竞赛课程/题-040-上海中学-过渡金属-习题6.md","非化学计量"
"04-题库","04-题库/教材习题/上海中学竞赛课程/题-041-上海中学-过渡金属-习题7.md","铁铝钛分析"
"04-题库","04-题库/教材习题/上海中学竞赛课程/题-041-上海中学-过渡金属-习题7.md","K2Cr2O7滴定"
"04-题库","04-题库/教材习题/上海中学竞赛课程/题-041-上海中学-过渡金属-习题7.md","锌汞还原器"
"04-题库","04-题库/教材习题/上海中学竞赛课程/题-042-上海中学-氧化还原反应-习题1.md","半反应"
"04-题库","04-题库/教材习题/上海中学竞赛课程/题-046-上海中学-分子结构和性质-习题1.md","沸点比较"
"04-题库","04-题库/教材习题/上海中学竞赛课程/题-050-上海中学-其他类型晶体-习题1.md","混合型晶体"
"04-题库","04-题库/教材习题/上海中学竞赛课程/题-053-上海中学-溶液和胶体-习题1.md","萃取分配定律"
"04-题库","04-题库/教材习题/上海中学竞赛课程/题-053-上海中学-溶液和胶体-习题1.md","聚沉"
"04-题库","04-题库/教材习题/上海中学竞赛课程/题-055-上海中学-化学平衡-习题1.md","化学平衡常数"
"04-题库","04-题库/教材习题/上海中学竞赛课程/题-055-上海中学-化学平衡-习题1.md","Gibbs自由能与平衡"
"04-题库","04-题库/教材习题/上海中学竞赛课程/题-058-上海中学-水中平衡-习题1.md","酸碱电离平衡"
"04-题库","04-题库/教材习题/上海中学竞赛课程/题-059-上海中学-电化学-习题1.md","题-059-上海中学-电化学基础-习题1"
"04-题库","04-题库/教材习题/上海中学竞赛课程/题-062-上海中学-有机化学准备知识-习题1.md","光学活性"
"04-题库","04-题库/教材习题/上海中学竞赛课程/题-062-上海中学-有机化学准备知识-习题1.md","费歇尔投影式"
"04-题库","04-题库/教材习题/化学竞赛初赛讲义/题-033-初赛讲义-晶体结构-习题7.25.md","金属间化合物"
"04-题库","04-题库/教材习题/化学竞赛初赛讲义/题-034-初赛讲义-晶体结构-习题7.31.md","复合硫化物"
"04-题库","04-题库/教材习题/化学竞赛初赛讲义/题-035-初赛讲义-晶体结构-习题7.32.md","半导体"
"04-题库","04-题库/教材习题/化学竞赛初赛讲义/题-035-初赛讲义-热力学和动力学初步-习题8.32.md","银分离"
"04-题库","04-题库/教材习题/化学竞赛初赛讲义/题-036-初赛讲义-晶体结构-习题7.33.md","半导体"
"04-题库","04-题库/教材习题/化学竞赛初赛讲义/题-038-初赛讲义-热力学和动力学初步-习题8.37.md","饱和蒸气压"
"04-题库","04-题库/教材习题/化学竞赛初赛讲义/题-039-初赛讲义-推断技术-习题6.34.md","题-040-初赛讲义-推断技术-习题6.35"
"04-题库","04-题库/教材习题/化学竞赛初赛讲义/题-040-初赛讲义-热力学和动力学初步-习题8.40.md","锕系元素"
"04-题库","04-题库/教材习题/化学竞赛初赛讲义/题-041-初赛讲义-推断技术-习题6.35.md","题-041-初赛讲义-推断技术-习题6.36"
"04-题库","04-题库/教材习题/化学竞赛初赛讲义/题-041-初赛讲义-热力学和动力学初步-习题8.42.md","有机金属"
"04-题库","04-题库/教材习题/化学竞赛初赛讲义/题-042-初赛讲义-热力学和动力学初步-习题8.44.md","pH优化"
"04-题库","04-题库/教材习题/化学竞赛初赛讲义/题-042-初赛讲义-热力学和动力学初步-习题8.44.md","麻醉剂"
"04-题库","04-题库/教材习题/化学竞赛初赛讲义/题-044-初赛讲义-热力学和动力学初步-习题8.46.md","回环序列"
"04-题库","04-题库/教材习题/化学竞赛初赛讲义/题-045-初赛讲义-热力学和动力学初步-习题8.47.md","热力学效率"
"04-题库","04-题库/教材习题/化学竞赛初赛讲义/题-047-初赛讲义-推断技术-习题6.52.md","水泥化学"
"04-题库","04-题库/教材习题/化学竞赛初赛讲义/题-047-初赛讲义-热力学和动力学初步-习题8.49.md","质量作用定律"
"04-题库","04-题库/教材习题/化学竞赛初赛讲义/题-047-初赛讲义-热力学和动力学初步-习题8.49.md","凝结核"
"04-题库","04-题库/教材习题/化学竞赛初赛讲义/题-048-初赛讲义-推断技术-习题6.55.md","矿物颜料"
"04-题库","04-题库/教材习题/化学竞赛初赛讲义/题-050-初赛讲义-溶液与化学分析-习题9.23.md","亨利常数"
"04-题库","04-题库/教材习题/化学竞赛初赛讲义/题-050-初赛讲义-溶液与化学分析-习题9.23.md","理想稀溶液"
"04-题库","04-题库/教材习题/化学竞赛初赛讲义/题-050-初赛讲义-热力学和动力学初步-习题8.16.md","放射化学"
"04-题库","04-题库/教材习题/化学竞赛初赛讲义/题-051-初赛讲义-晶体结构-习题7.48.md","超导"
"04-题库","04-题库/教材习题/化学竞赛初赛讲义/题-051-初赛讲义-溶液与化学分析-习题9.25.md","酸雨"
"04-题库","04-题库/教材习题/化学竞赛初赛讲义/题-051-初赛讲义-溶液与化学分析-习题9.25.md","SO2溶解度"
"04-题库","04-题库/教材习题/化学竞赛初赛讲义/题-051-初赛讲义-溶液与化学分析-习题9.25.md","亚硫酸"
"04-题库","04-题库/教材习题/化学竞赛初赛讲义/题-052-初赛讲义-溶液与化学分析-习题9.28.md","碳酸平衡"
"04-题库","04-题库/教材习题/化学竞赛初赛讲义/题-052-初赛讲义-溶液与化学分析-习题9.28.md","CO2溶解度"
"04-题库","04-题库/教材习题/化学竞赛初赛讲义/题-052-初赛讲义-溶液与化学分析-习题9.29.md","物种分布"
"04-题库","04-题库/教材习题/化学竞赛初赛讲义/题-052-初赛讲义-溶液与化学分析-习题9.30.md","电导率"
"04-题库","04-题库/教材习题/化学竞赛初赛讲义/题-052-初赛讲义-溶液与化学分析-习题9.30.md","电离平衡常数"
"04-题库","04-题库/教材习题/化学竞赛初赛讲义/题-052-初赛讲义-热力学和动力学初步-习题8.25.md","核化学"
"04-题库","04-题库/教材习题/化学竞赛初赛讲义/题-052-初赛讲义-热力学和动力学初步-习题8.25.md","年代测定"
"04-题库","04-题库/教材习题/化学竞赛初赛讲义/题-053-初赛讲义-溶液与化学分析-习题9.41.md","pKa测定"
"04-题库","04-题库/教材习题/化学竞赛初赛讲义/题-053-初赛讲义-溶液与化学分析-习题9.41.md","二甲基黄"
"04-题库","04-题库/教材习题/化学竞赛初赛讲义/题-053-初赛讲义-溶液与化学分析-习题9.42.md","胶体金"
"04-题库","04-题库/教材习题/化学竞赛初赛讲义/题-053-初赛讲义-溶液与化学分析-习题9.42.md","摩尔消光系数"
"04-题库","04-题库/教材习题/化学竞赛初赛讲义/题-053-初赛讲义-溶液与化学分析-习题9.42.md","维生素C"
"04-题库","04-题库/教材习题/化学竞赛初赛讲义/题-053-初赛讲义-溶液与化学分析-习题9.43.md","多组分测定"
"04-题库","04-题库/教材习题/化学竞赛初赛讲义/题-053-初赛讲义-溶液与化学分析-习题9.43.md","吸光度加和性"
"04-题库","04-题库/教材习题/化学竞赛初赛讲义/题-053-初赛讲义-溶液与化学分析-习题9.43.md","硝酸根吸收"
"04-题库","04-题库/教材习题/化学竞赛初赛讲义/题-054-初赛讲义-溶液与化学分析-习题9.31.md","磷酸平衡"
"04-题库","04-题库/教材习题/化学竞赛初赛讲义/题-055-初赛讲义-溶液与化学分析-习题9.32.md","沉淀溶解损失"
"04-题库","04-题库/教材习题/化学竞赛初赛讲义/题-055-初赛讲义-溶液与化学分析-习题9.32.md","磷测定"
"04-题库","04-题库/教材习题/化学竞赛初赛讲义/题-056-初赛讲义-溶液与化学分析-习题9.33.md","弱酸近似"
"04-题库","04-题库/教材习题/化学竞赛初赛讲义/题-056-初赛讲义-溶液与化学分析-习题9.33.md","醋酸"
"04-题库","04-题库/教材习题/化学竞赛初赛讲义/题-056-初赛讲义-溶液与化学分析-习题9.33.md","近似条件"
"04-题库","04-题库/教材习题/化学竞赛初赛讲义/题-057-初赛讲义-晶体结构-习题7.54.md","多面体"
"04-题库","04-题库/教材习题/化学竞赛初赛讲义/题-057-初赛讲义-溶液与化学分析-习题9.34.md","阿司匹林"
"04-题库","04-题库/教材习题/化学竞赛初赛讲义/题-057-初赛讲义-溶液与化学分析-习题9.34.md","滴定误差"
"04-题库","04-题库/教材习题/化学竞赛初赛讲义/题-058-初赛讲义-溶液与化学分析-习题9.36.md","滴定误差"
"04-题库","04-题库/教材习题/化学竞赛初赛讲义/题-058-初赛讲义-溶液与化学分析-习题9.36.md","钙镁分离"
"04-题库","04-题库/教材习题/化学竞赛初赛讲义/题-059-初赛讲义-溶液与化学分析-习题9.39.md","配合平衡"
"04-题库","04-题库/教材习题/化学竞赛初赛讲义/题-059-初赛讲义-溶液与化学分析-习题9.39.md","银氨配合物"
"04-题库","04-题库/教材习题/化学竞赛初赛讲义/题-059-初赛讲义-溶液与化学分析-习题9.47.md","硫化锌"
"04-题库","04-题库/教材习题/化学竞赛初赛讲义/题-060-初赛讲义-溶液与化学分析-习题9.48.md","溶剂萃取"
"04-题库","04-题库/教材习题/化学竞赛初赛讲义/题-061-初赛讲义-溶液与化学分析-习题9.50.md","氨盐分析"
"04-题库","04-题库/教材习题/化学竞赛初赛讲义/题-061-初赛讲义-溶液与化学分析-习题9.50.md","氮含量测定"
"04-题库","04-题库/教材习题/化学竞赛初赛讲义/题-061-初赛讲义-溶液与化学分析-习题9.51.md","痕量分析"
"04-题库","04-题库/教材习题/化学竞赛初赛讲义/题-061-初赛讲义-溶液与化学分析-习题9.51.md","沉淀法"
"04-题库","04-题库/教材习题/化学竞赛初赛讲义/题-061-初赛讲义-溶液与化学分析-习题9.51.md","铋测定"
"04-题库","04-题库/教材习题/化学竞赛初赛讲义/题-062-初赛讲义-溶液与化学分析-习题9.52.md","砷化合物"
"04-题库","04-题库/教材习题/化学竞赛初赛讲义/题-063-初赛讲义-溶液与化学分析-习题9.54.md","砷化物分析"
"04-题库","04-题库/教材习题/化学竞赛初赛讲义/题-063-初赛讲义-溶液与化学分析-习题9.54.md","鹤顶红"
"04-题库","04-题库/教材习题/化学竞赛初赛讲义/题-063-初赛讲义-溶液与化学分析-习题9.56.md","硫化铵"
"04-题库","04-题库/教材习题/化学竞赛初赛讲义/题-063-初赛讲义-溶液与化学分析-习题9.56.md","蒸馏法"
"04-题库","04-题库/教材习题/化学竞赛初赛讲义/题-063-初赛讲义-溶液与化学分析-习题9.57.md","KI纯度测定"
"04-题库","04-题库/教材习题/化学竞赛初赛讲义/题-063-初赛讲义-溶液与化学分析-习题9.57.md","碘酸钾"
"04-题库","04-题库/教材习题/化学竞赛初赛讲义/题-063-初赛讲义-溶液与化学分析-习题9.59.md","五步碘量法"
"04-题库","04-题库/教材习题/化学竞赛初赛讲义/题-063-初赛讲义-溶液与化学分析-习题9.59.md","二氧化氯"
"04-题库","04-题库/教材习题/化学竞赛初赛讲义/题-067-初赛讲义-溶液与化学分析-习题9.35.md","滴定误差"
"04-题库","04-题库/教材习题/化学竞赛初赛讲义/题-069-初赛讲义-晶体结构-习题7.66.md","量子点"
"04-题库","04-题库/教材习题/化学竞赛初赛讲义/题-069-初赛讲义-晶体结构-习题7.66.md","半导体"
"04-题库","04-题库/教材习题/化学竞赛初赛讲义/题-070-初赛讲义-溶液与化学分析-习题9.40.md","沉淀平衡"
"04-题库","04-题库/教材习题/化学竞赛初赛讲义/题-072-初赛讲义-晶体结构-习题7.23.md","稀土永磁体"
"04-题库","04-题库/教材习题/化学竞赛初赛讲义/题-072-初赛讲义-溶液与化学分析-习题9.45.md","二聚平衡"
"04-题库","04-题库/教材习题/化学竞赛初赛讲义/题-073-初赛讲义-晶体结构-习题7.28.md","结晶水合物"
"04-题库","04-题库/教材习题/化学竞赛初赛讲义/题-073-初赛讲义-溶液与化学分析-习题9.46.md","铀化学"
"04-题库","04-题库/教材习题/化学竞赛初赛讲义/题-074-初赛讲义-溶液与化学分析-习题9.49.md","渗透平衡"
"04-题库","04-题库/教材习题/化学竞赛初赛讲义/题-074-初赛讲义-溶液与化学分析-习题9.49.md","结合常数"
"04-题库","04-题库/教材习题/化学竞赛初赛讲义/题-075-初赛讲义-溶液与化学分析-习题9.53.md","磷的测定"
"04-题库","04-题库/教材习题/物理化学Atkins/主题10-分子对称性-习题.md","不可约表示"
"04-题库","04-题库/教材习题/物理化学Atkins/主题10-分子对称性-习题.md","特征标表"
"04-题库","04-题库/教材习题/物理化学Atkins/主题17-19-动力学与表面过程-习题.md","反应速率方程"
"04-题库","04-题库/教材习题/物理化学Atkins/主题17-19-动力学与表面过程-习题.md","分子碰撞理论"
"04-题库","04-题库/教材习题/物理化学Atkins/主题17-19-动力学与表面过程-习题.md","吸附等温线"
"04-题库","04-题库/教材习题/物理化学Atkins/主题2-3-热力学定律-习题.md","功的计算"
"04-题库","04-题库/教材习题/物理化学Atkins/主题2-3-热力学定律-习题.md","热容与焓变"
"04-题库","04-题库/教材习题/物理化学Atkins/主题2-3-热力学定律-习题.md","相变熵变"
"04-题库","04-题库/教材习题/物理化学Atkins/主题7-8-9-量子理论与结构-习题.md","薛定谔方程"
"04-题库","04-题库/教材习题/物理化学Atkins/主题7-8-9-量子理论与结构-习题.md","氢原子轨道"
"04-题库","04-题库/教材习题/物理化学Atkins/主题7-8-9-量子理论与结构-习题.md","黑体辐射"
"04-题库","04-题库/有机化学/亲核取代与消除反应/题-有机-消除-霍夫曼消除特殊情况分析.md","消除方向选择性"
"04-题库","04-题库/有机化学/加成反应/题-有机-加成-共轭二烯12与14加成.md","动力学与热力学控制"
"04-题库","04-题库/有机化学/加成反应/题-有机-加成-溴甲醇溶液加成产物判断.md","反式加成"
"04-题库","04-题库/有机化学/周环反应/题-有机-周环-s-cis固定trans构型DA判断.md","s-cis构象"
"04-题库","04-题库/有机化学/有机合成与金属有机/题-有机-合成-C与H活化在全合成中的应用.md","导向基策略"
"04-题库","04-题库/有机化学/有机合成与金属有机/题-有机-合成-保护基策略与正交性.md","正交性"
"04-题库","04-题库/有机化学/有机合成与金属有机/题-有机-合成-烯烃复分解反应.md","Grubbs催化剂"
"04-题库","04-题库/有机化学/有机合成与金属有机/题-有机-合成-连续多步合成路线综合.md","酰氯合成"
"04-题库","04-题库/有机化学/有机结构基础与电子效应/题-有机-结构-共振与酸性判断冲突分析.md","酸性比较"
"04-题库","04-题库/有机化学/有机结构基础与电子效应/题-有机-结构-共振与酸性判断冲突分析.md","负电荷离域"
"04-题库","04-题库/有机化学/有机结构基础与电子效应/题-有机-结构-共轭稳定化能计算.md","稳定化能"
"04-题库","04-题库/有机化学/有机结构基础与电子效应/题-有机-结构-共轭稳定化能计算.md","1,3-丁二烯"
"04-题库","04-题库/有机化学/有机结构基础与电子效应/题-有机-结构-环大小与分子内反应速率.md","熵效应"
"04-题库","04-题库/有机化学/有机结构基础与电子效应/题-有机-结构-聚合物单体推断陷阱题.md","单体推断"
"04-题库","04-题库/有机化学/有机结构基础与电子效应/题-有机-结构-胺的碱性排序综合分析.md","杂化效应"
"04-题库","04-题库/有机化学/波谱分析/题-有机-波谱-IR-3000以上吸收峰判断.md","C-H伸缩振动"
"04-题库","04-题库/有机化学/波谱分析/题-有机-波谱-IR-C与D键波数比较.md","氘代标记"
"04-题库","04-题库/有机化学/波谱分析/题-有机-波谱-IR-C与N键波数排序.md","力常数"
"04-题库","04-题库/有机化学/波谱分析/题-有机-波谱-IR-不同杂化C-H波数排序.md","s轨道成分"
"04-题库","04-题库/有机化学/波谱分析/题-有机-波谱-IR约化质量与波数关系.md","约化质量"
"04-题库","04-题库/有机化学/波谱分析/题-有机-波谱-MS-含Cl同位素峰强度比.md","氯同位素"
"04-题库","04-题库/有机化学/波谱分析/题-有机-波谱-MS-含双Cl同位素峰强度比.md","二项式分布"
"04-题库","04-题库/有机化学/波谱分析/题-有机-波谱-NMR-二乙基醚类信号数判断.md","磁等价"
"04-题库","04-题库/有机化学/波谱分析/题-有机-波谱-NMR-二乙基醚类信号数判断.md","偶合裂分"
"04-题库","04-题库/有机化学/波谱分析/题-有机-波谱-NMR-二甲苯异构体信号数.md","对二甲苯"
"04-题库","04-题库/有机化学/波谱分析/题-有机-波谱-NMR-二甲苯异构体信号数.md","邻二甲苯"
"04-题库","04-题库/有机化学/波谱分析/题-有机-波谱-NMR-二甲苯异构体信号数.md","间二甲苯"
"04-题库","04-题库/有机化学/波谱分析/题-有机-波谱-UV-吸收与共轭体系判断.md","λmax"
"04-题库","04-题库/有机化学/波谱分析/题-有机-波谱-UV-吸收与共轭体系判断.md","Woodward规则"
"04-题库","04-题库/有机化学/活性中间体与反应机理/题-有机-中间体-亚胺正离子催化机理.md","亚胺正离子"
"04-题库","04-题库/有机化学/活性中间体与反应机理/题-有机-中间体-亚胺正离子催化机理.md","烯胺催化"
"04-题库","04-题库/有机化学/活性中间体与反应机理/题-有机-中间体-亚胺正离子催化机理.md","羰基活化"
"04-题库","04-题库/有机化学/活性中间体与反应机理/题-有机-中间体-亚胺正离子催化机理.md","有机催化"
"04-题库","04-题库/有机化学/活性中间体与反应机理/题-有机-中间体-动力学与热力学产物预测.md","可逆反应"
"04-题库","04-题库/有机化学/活性中间体与反应机理/题-有机-中间体-动力学同位素效应与中间体捕获.md","中间体捕获"
"04-题库","04-题库/有机化学/活性中间体与反应机理/题-有机-中间体-卡宾的Simmons-Smith环丙烷化.md","卡宾等价体"
"04-题库","04-题库/有机化学/活性中间体与反应机理/题-有机-中间体-卡宾的Simmons-Smith环丙烷化.md","有机锌"
"04-题库","04-题库/有机化学/活性中间体与反应机理/题-有机-中间体-卡宾的生成与单线态三线态.md","单线态卡宾"
"04-题库","04-题库/有机化学/活性中间体与反应机理/题-有机-中间体-卡宾的生成与单线态三线态.md","三线态卡宾"
"04-题库","04-题库/有机化学/活性中间体与反应机理/题-有机-中间体-卡宾的生成与单线态三线态.md","碳烯"
"04-题库","04-题库/有机化学/活性中间体与反应机理/题-有机-中间体-碳正离子碳负离子自由基稳定性比较.md","碳负离子稳定性"
"04-题库","04-题库/有机化学/立体化学与区域选择性/题-有机-立体-化学选择性区域选择性立体选择性统一框架.md","合成策略"
"04-题库","04-题库/有机化学/立体化学与区域选择性/题-有机-立体-手性分子RS构型判断.md","R/S构型标记"
"04-题库","04-题库/有机化学/立体化学与区域选择性/题-有机-立体-桥环化合物立体异构体计数.md","桥环化合物"
"04-题库","04-题库/有机化学/立体化学与区域选择性/题-有机-立体-桥环化合物立体异构体计数.md","桥头锁定效应"
"04-题库","04-题库/有机化学/索引.md","题-有机-结构-手性分子对称性判断"
"04-题库","04-题库/有机化学/索引.md","题-有机-结构-六元环构象稳定性分析"
"04-题库","04-题库/有机化学/羰基化学与缩合反应/题-有机-羰基-Evans Aldol过渡态分析.md","硼烯醇盐"
"04-题库","04-题库/有机化学/羰基化学与缩合反应/题-有机-羰基-Evans Aldol过渡态分析.md","手性辅基"
"04-题库","04-题库/有机化学/羰基化学与缩合反应/题-有机-羰基-酰基转化完整链路网络.md","酰基转化"
"04-题库","04-题库/有机化学/羰基化学与缩合反应/题-有机-羰基-酰基转化完整链路网络.md","活性顺序"
"04-题库","04-题库/有机化学/自由基反应/题-有机-自由基-分子内环化与Baldwin规则.md","自由基环化"
"04-题库","04-题库/有机化学/自由基反应/题-有机-自由基-分子内环化与Baldwin规则.md","5-exo-trig"
"04-题库","04-题库/有机化学/自由基反应/题-有机-自由基-分子内环化与Baldwin规则.md","6-endo-trig"
"04-题库","04-题库/有机化学/重排反应/题-有机-重排-BaeyerVilliger重排.md","BaeyerVilliger重排"
"04-题库","04-题库/有机化学/重排反应/题-有机-重排-BaeyerVilliger重排.md","过氧酸氧化"
"04-题库","04-题库/有机化学/重排反应/题-有机-重排-BaeyerVilliger重排.md","迁移能力"
"04-题库","04-题库/有机化学/重排反应/题-有机-重排-Beckmann重排扩环.md","酮肟"
"04-题库","04-题库/有机化学/重排反应/题-有机-重排-Favorskii重排缩环.md","环丙酮中间体"
"04-题库","04-题库/有机化学/重排反应/题-有机-重排-Favorskii重排缩环.md","缩环反应"
"04-题库","04-题库/有机化学/重排反应/题-有机-重排-WagnerMeerwein标记追踪.md","WagnerMeerwein重排"
"04-题库","04-题库/有机化学/重排反应/题-有机-重排-邻基参与碱性vs弱碱对比.md","构型保持"
"04-题库","04-题库/真题/第25届初赛/分析化学/题-025-4-3-Co氧化数与氧缺陷计算.md","氧化还原计算"
"04-题库","04-题库/真题/第25届初赛/化学原理/题-025-1-1-居里夫人发现元素.md","化学史"
"04-题库","04-题库/真题/第25届初赛/化学原理/题-025-1-2-Ti红氧化与CuCl沉淀.md","Ti氧化还原"
"04-题库","04-题库/真题/第25届初赛/化学原理/题-025-6-1-NO2浓度变化计算.md","Kp平衡计算"
"04-题库","04-题库/真题/第25届初赛/无机和结构化学/题-025-2-2-磁矩计算.md","磁矩公式"
"04-题库","04-题库/真题/第25届初赛/无机和结构化学/题-025-2-3-配合物手性判据.md","手性判据"
"04-题库","04-题库/真题/第25届初赛/无机和结构化学/题-025-2-3-配合物手性判据.md","对称面·对称中心"
"04-题库","04-题库/真题/第25届初赛/无机和结构化学/题-025-2-5-六氨合钴合成机理.md","Co配位化学"
"04-题库","04-题库/真题/第25届初赛/无机和结构化学/题-025-3-锂氮氢化物储氢.md","Li/N化学"
"04-题库","04-题库/真题/第25届初赛/无机和结构化学/题-025-5-1-Wilkinson催化剂结构.md","16e规则"
"04-题库","04-题库/真题/第25届初赛/无机和结构化学/题-025-5-1-Wilkinson催化剂结构.md","dsp2杂化"
"04-题库","04-题库/真题/第25届初赛/无机和结构化学/题-025-5-3-配合物氧化态.md","氧化态计算"
"04-题库","04-题库/真题/第25届初赛/无机和结构化学/题-025-5-5-顺磁性抗磁性判断.md","顺磁性·抗磁性"
"04-题库","04-题库/真题/第25届初赛/无机和结构化学/题-025-7-1-金刚石晶胞键连.md","金刚石结构"
"04-题库","04-题库/真题/第25届初赛/无机和结构化学/题-025-7-3-六方ZnS晶胞框选.md","六方ZnS结构"
"04-题库","04-题库/真题/第25届初赛/有机化学/题-025-8-1-维生素A不饱和度.md","不饱和度公式"
"04-题库","04-题库/真题/第25届初赛/有机化学/题-025-9-1-有机推断结构式.md","酯水解"
"04-题库","04-题库/真题/第26届初赛/分析化学/题-026-3-1-KMnO4滴定草酸.md","KMnO₄滴定"
"04-题库","04-题库/真题/第26届初赛/无机和结构化学/题-026-2-4-B2Cl4醇解.md","醇解反应"
"04-题库","04-题库/真题/第26届初赛/无机和结构化学/题-026-4-1-Co配合物立体异构.md","trans构型"
"04-题库","04-题库/真题/第26届初赛/无机和结构化学/题-026-7-2-硼酸盐pH分布.md","pH分布图"
"04-题库","04-题库/真题/第26届初赛/有机化学/题-026-11-1-羟汞化反应产物.md","羟汞化反应"
"04-题库","04-题库/真题/第28届决赛/理论/题-028决-1-Cu元素推断与晶体.md","碘量法原理"
"04-题库","04-题库/真题/第28届决赛/理论/题-028决-1-Cu元素推断与晶体.md","铜元素化学"
"04-题库","04-题库/真题/第28届决赛/理论/题-028决-1-Cu元素推断与晶体.md","分子晶体与离子晶体辨析"
"04-题库","04-题库/真题/第28届决赛/理论/题-028决-1-Cu元素推断与晶体.md","Cu2O晶胞结构"
"04-题库","04-题库/真题/第28届决赛/理论/题-028决-1-Cu元素推断与晶体.md","配位场理论与d-d跃迁"
"04-题库","04-题库/真题/第28届决赛/理论/题-028决-1-Cu元素推断与晶体.md","晶胞参数与原子间距计算"
"04-题库","04-题库/真题/第28届决赛/理论/题-028决-10-喹啉三组分反应.md","喹啉的亲核加成"
"04-题库","04-题库/真题/第28届决赛/理论/题-028决-10-喹啉三组分反应.md","芳香性与芳构化能"
"04-题库","04-题库/真题/第28届决赛/理论/题-028决-10-喹啉三组分反应.md","碳负离子化学"
"04-题库","04-题库/真题/第28届决赛/理论/题-028决-10-喹啉三组分反应.md","多组分反应设计"
"04-题库","04-题库/真题/第28届决赛/理论/题-028决-2-活塞气体平衡.md","反应商与平衡常数判据"
"04-题库","04-题库/真题/第28届决赛/理论/题-028决-2-活塞气体平衡.md","等效平衡条件"
"04-题库","04-题库/真题/第28届决赛/理论/题-028决-3-Ksp与电化学平衡.md","溶度积Ksp与溶解度"
"04-题库","04-题库/真题/第28届决赛/理论/题-028决-3-Ksp与电化学平衡.md","多重平衡计算"
"04-题库","04-题库/真题/第28届决赛/理论/题-028决-3-Ksp与电化学平衡.md","氧化还原溶解"
"04-题库","04-题库/真题/第28届决赛/理论/题-028决-3-Ksp与电化学平衡.md","弱酸电离常数"
"04-题库","04-题库/真题/第28届决赛/理论/题-028决-3-Ksp与电化学平衡.md","标准电极电位"
"04-题库","04-题库/真题/第28届决赛/理论/题-028决-4-EDTA滴定PbBiNi.md","EDTA配位滴定原理"
"04-题库","04-题库/真题/第28届决赛/理论/题-028决-4-EDTA滴定PbBiNi.md","掩蔽与解蔽技术"
"04-题库","04-题库/真题/第28届决赛/理论/题-028决-4-EDTA滴定PbBiNi.md","酸效应系数"
"04-题库","04-题库/真题/第28届决赛/理论/题-028决-4-EDTA滴定PbBiNi.md","辅助配位效应"
"04-题库","04-题库/真题/第28届决赛/理论/题-028决-5-HgBaCuO超导晶体.md","晶体密度计算"
"04-题库","04-题库/真题/第28届决赛/理论/题-028决-5-HgBaCuO超导晶体.md","d电子构型与几何构型"
"04-题库","04-题库/真题/第28届决赛/理论/题-028决-6-多相平衡NaHCO3.md","相律与自由度"
"04-题库","04-题库/真题/第28届决赛/理论/题-028决-6-多相平衡NaHCO3.md","分解平衡与Kp"
"04-题库","04-题库/真题/第28届决赛/理论/题-028决-6-多相平衡NaHCO3.md","水蒸气压与饱和蒸气压"
"04-题库","04-题库/真题/第28届决赛/理论/题-028决-7-电解与Pd催化.md","电解与分解电压"
"04-题库","04-题库/真题/第28届决赛/理论/题-028决-7-电解与Pd催化.md","Wacker法催化机理"
"04-题库","04-题库/真题/第28届决赛/理论/题-028决-7-电解与Pd催化.md","配位化学与催化"
"04-题库","04-题库/真题/第28届决赛/理论/题-028决-7-电解与Pd催化.md","速率方程与反应级数"
"04-题库","04-题库/真题/第28届决赛/理论/题-028决-8-有机反应产物.md","有机反应类型"
"04-题库","04-题库/真题/第28届决赛/理论/题-028决-8-有机反应产物.md","亲核取代与消除"
"04-题库","04-题库/真题/第28届决赛/理论/题-028决-8-有机反应产物.md","立体化学与反应选择性"
"04-题库","04-题库/真题/第28届决赛/理论/题-028决-9-山梨醇生物质转化.md","Fischer投影式与糖的结构"
"04-题库","04-题库/真题/第28届决赛/理论/题-028决-9-山梨醇生物质转化.md","分子内脱水"
"04-题库","04-题库/真题/第28届决赛/理论/题-028决-9-山梨醇生物质转化.md","立体化学与非对映选择性"
"04-题库","04-题库/真题/第28届决赛/理论/题-028决-9-山梨醇生物质转化.md","碳水化合物化学"
"04-题库","04-题库/真题/第28届决赛/理论/题-028决-9-山梨醇生物质转化.md","硝酸酯化学"
"04-题库","04-题库/真题/第33届决赛/理论/题-33决理-2-催化动力学光度法测定锰.md","催化动力学"
"04-题库","04-题库/真题/第33届决赛/理论/题-33决理-2-催化动力学光度法测定锰.md","反应级数深化"
"04-题库","04-题库/真题/第33届决赛/理论/题-33决理-2-催化动力学光度法测定锰.md","Arrhenius方程深化"
"04-题库","04-题库/真题/第33届决赛/理论/题-33决理-3-钙离子拮抗剂合成.md","Hantzsch反应深化"
"04-题库","04-题库/真题/第33届决赛/理论/题-33决理-3-钙离子拮抗剂合成.md","杂环合成深化"
"04-题库","04-题库/真题/第33届决赛/理论/题-33决理-4-石硫合剂的制备与性质.md","硫代硫酸盐"
"04-题库","04-题库/真题/第33届决赛/理论/题-33决理-4-石硫合剂的制备与性质.md","金的提取"
"04-题库","04-题库/真题/第33届决赛/理论/题-33决理-4-石硫合剂的制备与性质.md","农药化学"
"04-题库","04-题库/真题/第33届决赛/理论/题-33决理-4-石硫合剂的制备与性质.md","硫化学深化"
"04-题库","04-题库/真题/第33届决赛/理论/题-33决理-4-石硫合剂的制备与性质.md","多硫化物深化"
"04-题库","04-题库/真题/第33届决赛/理论/题-33决理-5-消除反应与构象分析.md","烯烃性质"
"04-题库","04-题库/真题/第33届决赛/理论/题-33决理-5-消除反应与构象分析.md","E2反应深化"
"04-题库","04-题库/真题/第33届决赛/理论/题-33决理-5-消除反应与构象分析.md","构象分析深化"
"04-题库","04-题库/真题/第33届决赛/理论/题-33决理-6-银硫簇合物结构.md","聚集诱导发光"
"04-题库","04-题库/真题/第33届决赛/理论/题-33决理-6-银硫簇合物结构.md","多面体几何"
"04-题库","04-题库/真题/第33届决赛/理论/题-33决理-6-银硫簇合物结构.md","光致发光"
"04-题库","04-题库/真题/第33届决赛/理论/题-33决理-6-银硫簇合物结构.md","金属簇合物深化"
"04-题库","04-题库/真题/第33届决赛/理论/题-33决理-6-银硫簇合物结构.md","聚集诱导发光深化"
"04-题库","04-题库/真题/第33届决赛/理论/题-33决理-8-佐米曲坦合成.md","吲哚化学"
"04-题库","04-题库/真题/第33届决赛/理论/题-33决理-8-佐米曲坦合成.md","Fischer吲哚合成深化"
"04-题库","04-题库/真题/第33届决赛/理论/题-33决理-8-佐米曲坦合成.md","药物合成深化"
"04-题库","04-题库/真题/第34届决赛/理论/题-34决理-1-1-卡宾化学与硅磷化合物.md","弯键"
"04-题库","04-题库/真题/第34届决赛/理论/题-34决理-1-1-卡宾化学与硅磷化合物.md","张力分子"
"04-题库","04-题库/真题/第34届决赛/理论/题-34决理-1-1-卡宾化学与硅磷化合物.md","化学键理论深化"
"04-题库","04-题库/真题/第34届决赛/理论/题-34决理-1-2-1-CO2传感器pH计算.md","Henderson-Hasselbalch方程"
"04-题库","04-题库/真题/第34届决赛/理论/题-34决理-1-2-1-CO2传感器pH计算.md","CO2传感器"
"04-题库","04-题库/真题/第34届决赛/理论/题-34决理-1-2-1-CO2传感器pH计算.md","分光光度法深化"
"04-题库","04-题库/真题/第34届决赛/理论/题-34决理-1-2-2-电荷平衡方程式.md","溶液化学"
"04-题库","04-题库/真题/第34届决赛/理论/题-34决理-1-2-2-电荷平衡方程式.md","溶液电中性"
"04-题库","04-题库/真题/第34届决赛/理论/题-34决理-1-2-2-电荷平衡方程式.md","电荷平衡深化"
"04-题库","04-题库/真题/第34届决赛/理论/题-34决理-1-2-2-电荷平衡方程式.md","溶液化学深化"
"04-题库","04-题库/真题/第34届决赛/理论/题-34决理-1-2-3-CO2浓度计算.md","CO2平衡"
"04-题库","04-题库/真题/第34届决赛/理论/题-34决理-1-2-3-CO2浓度计算.md","浓度计算"
"04-题库","04-题库/真题/第34届决赛/理论/题-34决理-1-2-3-CO2浓度计算.md","多平衡体系"
"04-题库","04-题库/真题/第34届决赛/理论/题-34决理-1-2-3-CO2浓度计算.md","近似计算"
"04-题库","04-题库/真题/第34届决赛/理论/题-34决理-1-2-3-CO2浓度计算.md","多平衡体系深化"
"04-题库","04-题库/真题/第34届决赛/理论/题-34决理-1-2-3-CO2浓度计算.md","CO₂平衡深化"
"04-题库","04-题库/真题/第34届决赛/理论/题-34决理-1-2-硫磷化锂电池材料.md","球磨反应"
"04-题库","04-题库/真题/第34届决赛/理论/题-34决理-1-2-硫磷化锂电池材料.md","固态化学"
"04-题库","04-题库/真题/第34届决赛/理论/题-34决理-1-2-硫磷化锂电池材料.md","全固态电池"
"04-题库","04-题库/真题/第34届决赛/理论/题-34决理-1-2-硫磷化锂电池材料.md","化学式推断深化"
"04-题库","04-题库/真题/第34届决赛/理论/题-34决理-1-2-硫磷化锂电池材料.md","固态化学深化"
"04-题库","04-题库/真题/第34届决赛/理论/题-34决理-1-3-1-超氧离子分子轨道.md","光谱"
"04-题库","04-题库/真题/第34届决赛/理论/题-34决理-1-3-1-超氧离子分子轨道.md","反应活性"
"04-题库","04-题库/真题/第34届决赛/理论/题-34决理-1-3-1-超氧离子分子轨道.md","氧化学深化"
"04-题库","04-题库/真题/第34届决赛/理论/题-34决理-1-3-2-超氧化物晶体结构.md","点阵理论"
"04-题库","04-题库/真题/第34届决赛/理论/题-34决理-1-3-2-超氧化物晶体结构.md","点阵理论深化"
"04-题库","04-题库/真题/第34届决赛/理论/题-34决理-1-3-3-LiO2晶胞参数计算.md","正交晶系"
"04-题库","04-题库/真题/第34届决赛/理论/题-34决理-1-3-3-LiO2晶胞参数计算.md","原子间距离"
"04-题库","04-题库/真题/第34届决赛/理论/题-34决理-1-3-3-LiO2晶胞参数计算.md","晶胞体积"
"04-题库","04-题库/真题/第34届决赛/理论/题-34决理-1-3-3-LiO2晶胞参数计算.md","晶胞参数深化"
"04-题库","04-题库/真题/第34届决赛/理论/题-34决理-1-3-3-LiO2晶胞参数计算.md","晶体密度深化"
"04-题库","04-题库/真题/第34届决赛/理论/题-34决理-1-3-4-Cs过氧超氧化合物.md","过氧化物"
"04-题库","04-题库/真题/第34届决赛/理论/题-34决理-1-3-4-Cs过氧超氧化合物.md","电荷有序"
"04-题库","04-题库/真题/第34届决赛/理论/题-34决理-1-3-4-Cs过氧超氧化合物.md","O-O键长"
"04-题库","04-题库/真题/第34届决赛/理论/题-34决理-1-3-4-Cs过氧超氧化合物.md","过氧化物深化"
"04-题库","04-题库/真题/第34届决赛/理论/题-34决理-1-3-4-Cs过氧超氧化合物.md","超氧化物深化"
"04-题库","04-题库/真题/第34届决赛/理论/题-34决理-1-3-化合物杂化轨道.md","分子几何"
"04-题库","04-题库/真题/第34届决赛/理论/题-34决理-1-3-化合物杂化轨道.md","孤对电子"
"04-题库","04-题库/真题/第34届决赛/理论/题-34决理-1-4-1-Al标准摩尔熵.md","熔化焓"
"04-题库","04-题库/真题/第34届决赛/理论/题-34决理-1-4-1-Al标准摩尔熵.md","气化焓"
"04-题库","04-题库/真题/第34届决赛/理论/题-34决理-1-4-1-Al标准摩尔熵.md","热力学深化"
"04-题库","04-题库/真题/第34届决赛/理论/题-34决理-1-4-1-Al标准摩尔熵.md","熵变计算深化"
"04-题库","04-题库/真题/第34届决赛/理论/题-34决理-1-4-2-Al燃烧最高温度.md","最高温度"
"04-题库","04-题库/真题/第34届决赛/理论/题-34决理-1-4-2-Al燃烧最高温度.md","多相反应"
"04-题库","04-题库/真题/第34届决赛/理论/题-34决理-1-4-2-Al燃烧最高温度.md","热平衡"
"04-题库","04-题库/真题/第34届决赛/理论/题-34决理-1-4-2-Al燃烧最高温度.md","燃烧热深化"
"04-题库","04-题库/真题/第34届决赛/理论/题-34决理-1-4-2-Al燃烧最高温度.md","绝热过程深化"
"04-题库","04-题库/真题/第34届决赛/理论/题-34决理-1-4-3-纳米铝粉性质.md","纳米材料"
"04-题库","04-题库/真题/第34届决赛/理论/题-34决理-1-4-3-纳米铝粉性质.md","表面效应"
"04-题库","04-题库/真题/第34届决赛/理论/题-34决理-1-4-3-纳米铝粉性质.md","比表面积"
"04-题库","04-题库/真题/第34届决赛/理论/题-34决理-1-4-3-纳米铝粉性质.md","纳米材料深化"
"04-题库","04-题库/真题/第34届决赛/理论/题-34决理-1-4-3-纳米铝粉性质.md","表面效应深化"
"04-题库","04-题库/真题/第34届决赛/理论/题-34决理-1-4-卡宾配合物与锗化学.md","锗化学"
"04-题库","04-题库/真题/第34届决赛/理论/题-34决理-1-4-卡宾配合物与锗化学.md","配位化学深化"
"04-题库","04-题库/真题/第34届决赛/理论/题-34决理-1-4-卡宾配合物与锗化学.md","结构推断深化"
"04-题库","04-题库/真题/第34届决赛/理论/题-34决理-1-5-1-过氧化氢酶动力学.md","过氧化氢酶"
"04-题库","04-题库/真题/第34届决赛/理论/题-34决理-1-5-1-过氧化氢酶动力学.md","Michaelis-Menten方程"
"04-题库","04-题库/真题/第34届决赛/理论/题-34决理-1-5-1-过氧化氢酶动力学.md","Lineweaver-Burk作图"
"04-题库","04-题库/真题/第34届决赛/理论/题-34决理-1-5-1-过氧化氢酶动力学.md","抑制剂"
"04-题库","04-题库/真题/第34届决赛/理论/题-34决理-1-5-1-过氧化氢酶动力学.md","酶动力学深化"
"04-题库","04-题库/真题/第34届决赛/理论/题-34决理-1-5-1-过氧化氢酶动力学.md","抑制剂深化"
"04-题库","04-题库/真题/第34届决赛/理论/题-34决理-1-5-2-酶抑制机理分析.md","动力学机理"
"04-题库","04-题库/真题/第34届决赛/理论/题-34决理-1-5-2-酶抑制机理分析.md","酶结构"
"04-题库","04-题库/真题/第34届决赛/理论/题-34决理-1-5-2-酶抑制机理分析.md","活性位点"
"04-题库","04-题库/真题/第34届决赛/理论/题-34决理-1-5-2-酶抑制机理分析.md","构象变化"
"04-题库","04-题库/真题/第34届决赛/理论/题-34决理-1-5-2-酶抑制机理分析.md","酶学深化"
"04-题库","04-题库/真题/第34届决赛/理论/题-34决理-1-5-2-酶抑制机理分析.md","药物设计深化"
"04-题库","04-题库/真题/第34届决赛/理论/题-34决理-1-5-3-酶动力学应用.md","抑制效率"
"04-题库","04-题库/真题/第34届决赛/理论/题-34决理-1-5-3-酶动力学应用.md","药物效力"
"04-题库","04-题库/真题/第34届决赛/理论/题-34决理-1-5-3-酶动力学应用.md","药物评价深化"
"04-题库","04-题库/真题/第34届决赛/理论/题-34决理-1-5-3-酶动力学应用.md","抑制剂设计深化"
"04-题库","04-题库/真题/第34届决赛/理论/题-34决理-1-6-1-铁催化合成苯胺.md","铁催化"
"04-题库","04-题库/真题/第34届决赛/理论/题-34决理-1-6-1-铁催化合成苯胺.md","硝基还原"
"04-题库","04-题库/真题/第34届决赛/理论/题-34决理-1-6-1-铁催化合成苯胺.md","催化化学深化"
"04-题库","04-题库/真题/第34届决赛/理论/题-34决理-1-6-2-催化机理研究.md","自由基捕获"
"04-题库","04-题库/真题/第34届决赛/理论/题-34决理-1-6-2-催化机理研究.md","自由基化学深化"
"04-题库","04-题库/真题/第34届决赛/理论/题-34决理-1-6-2-催化机理研究.md","反应机理深化"
"04-题库","04-题库/真题/第34届决赛/理论/题-34决理-1-6-3-催化剂优化.md","催化剂优化"
"04-题库","04-题库/真题/第34届决赛/理论/题-34决理-1-6-3-催化剂优化.md","配体效应"
"04-题库","04-题库/真题/第34届决赛/理论/题-34决理-1-6-3-催化剂优化.md","σ供电子能力"
"04-题库","04-题库/真题/第34届决赛/理论/题-34决理-1-6-3-催化剂优化.md","催化剂优化深化"
"04-题库","04-题库/真题/第34届决赛/理论/题-34决理-1-6-3-催化剂优化.md","绿色化学深化"
"04-题库","04-题库/真题/第34届决赛/理论/题-34决理-1-7-1-氧化反应与立体化学.md","环氧化物开环"
"04-题库","04-题库/真题/第34届决赛/理论/题-34决理-1-7-1-氧化反应与立体化学.md","手性合成深化"
"04-题库","04-题库/真题/第34届决赛/理论/题-34决理-1-7-1-氧化反应与立体化学.md","Lewis酸催化深化"
"04-题库","04-题库/真题/第34届决赛/理论/题-34决理-1-7-2-连续手性碳合成.md","多步合成"
"04-题库","04-题库/真题/第34届决赛/理论/题-34决理-1-7-2-连续手性碳合成.md","多步合成深化"
"04-题库","04-题库/真题/第34届决赛/理论/题-34决理-1-7-3-反应关键中间体.md","Lewis酸催化深化"
"04-题库","04-题库/真题/第34届决赛/理论/题-34决理-1-8-1-LiTMP反应与环加成.md","捕获反应"
"04-题库","04-题库/真题/第34届决赛/理论/题-34决理-1-8-1-LiTMP反应与环加成.md","碳负离子化学深化"
"04-题库","04-题库/真题/第34届决赛/理论/题-34决理-1-8-1-LiTMP反应与环加成.md","强碱反应深化"
"04-题库","04-题库/真题/第34届决赛/理论/题-34决理-1-8-2-Diels-Alder反应.md","捕获反应"
"04-题库","04-题库/真题/第34届决赛/理论/题-34决理-1-8-2-Diels-Alder反应.md","双烯体"
"04-题库","04-题库/真题/第34届决赛/理论/题-34决理-1-8-2-Diels-Alder反应.md","亲双烯体"
"04-题库","04-题库/真题/第34届决赛/理论/题-34决理-1-8-2-Diels-Alder反应.md","周环反应深化"
"04-题库","04-题库/真题/第34届决赛/理论/题-34决理-1-8-3-三组分反应.md","三组分反应"
"04-题库","04-题库/真题/第34届决赛/理论/题-34决理-1-8-3-三组分反应.md","捕获反应"
"04-题库","04-题库/真题/第34届决赛/理论/题-34决理-1-8-3-三组分反应.md","多组分合成"
"04-题库","04-题库/真题/第34届决赛/理论/题-34决理-1-8-3-三组分反应.md","多组分反应深化"
"04-题库","04-题库/真题/第34届决赛/理论/题-34决理-1-8-3-三组分反应.md","卡宾化学深化"
"04-题库","04-题库/真题/第34届决赛/理论/题-34决理-1-9-1-酰胺转化与环化.md","酰胺转化"
"04-题库","04-题库/真题/第34届决赛/理论/题-34决理-1-9-1-酰胺转化与环化.md","酰胺化学深化"
"04-题库","04-题库/真题/第34届决赛/理论/题-34决理-1-9-2-TMSOTf促进反应.md","Lewis酸催化深化"
"04-题库","04-题库/真题/第34届决赛/理论/题-34决理-1-9-2-TMSOTf促进反应.md","亲核加成深化"
"04-题库","04-题库/真题/第34届决赛/理论/题-34决理-2-1-1-硅化学与腐蚀.md","腐蚀"
"04-题库","04-题库/真题/第34届决赛/理论/题-34决理-2-1-1-硅化学与腐蚀.md","重铬酸盐"
"04-题库","04-题库/真题/第34届决赛/理论/题-34决理-2-1-1-硅化学与腐蚀.md","氢氟酸"
"04-题库","04-题库/真题/第34届决赛/理论/题-34决理-2-1-1-硅化学与腐蚀.md","硅化学深化"
"04-题库","04-题库/真题/第34届决赛/理论/题-34决理-2-1-1-硅化学与腐蚀.md","腐蚀化学深化"
"04-题库","04-题库/真题/第34届决赛/理论/题-34决理-2-1-2-硅酸盐结构与酸性.md","结构化学"
"04-题库","04-题库/真题/第34届决赛/理论/题-34决理-2-1-2-硅酸盐结构与酸性.md","酸性"
"04-题库","04-题库/真题/第34届决赛/理论/题-34决理-2-1-2-硅酸盐结构与酸性.md","d-p π键"
"04-题库","04-题库/真题/第34届决赛/理论/题-34决理-2-1-2-硅酸盐结构与酸性.md","Al取代"
"04-题库","04-题库/真题/第34届决赛/理论/题-34决理-2-1-2-硅酸盐结构与酸性.md","Brönsted酸"
"04-题库","04-题库/真题/第34届决赛/理论/题-34决理-2-1-2-硅酸盐结构与酸性.md","硅酸盐深化"
"04-题库","04-题库/真题/第34届决赛/理论/题-34决理-2-1-2-硅酸盐结构与酸性.md","分子筛深化"
"04-题库","04-题库/真题/第34届决赛/理论/题-34决理-2-1-3-硅烷配位聚合物.md","玻璃化转变温度"
"04-题库","04-题库/真题/第34届决赛/理论/题-34决理-2-1-3-硅烷配位聚合物.md","配体取代"
"04-题库","04-题库/真题/第34届决赛/理论/题-34决理-2-1-3-硅烷配位聚合物.md","硅烯"
"04-题库","04-题库/真题/第34届决赛/理论/题-34决理-2-1-3-硅烷配位聚合物.md","配位聚合物深化"
"04-题库","04-题库/真题/第34届决赛/理论/题-34决理-2-1-3-硅烷配位聚合物.md","有机硅深化"
"04-题库","04-题库/真题/第34届决赛/理论/题-34决理-2-2-1-CO2插入钛配合物.md","钛配合物"
"04-题库","04-题库/真题/第34届决赛/理论/题-34决理-2-2-1-CO2插入钛配合物.md","羧酸配合物"
"04-题库","04-题库/真题/第34届决赛/理论/题-34决理-2-2-1-CO2插入钛配合物.md","CO₂活化深化"
"04-题库","04-题库/真题/第34届决赛/理论/题-34决理-2-2-1-CO2插入钛配合物.md","金属有机深化"
"04-题库","04-题库/真题/第34届决赛/理论/题-34决理-2-2-2-CO2插入M-N键.md","M-N键插入"
"04-题库","04-题库/真题/第34届决赛/理论/题-34决理-2-2-2-CO2插入M-N键.md","氨基甲酸"
"04-题库","04-题库/真题/第34届决赛/理论/题-34决理-2-2-2-CO2插入M-N键.md","CO₂活化深化"
"04-题库","04-题库/真题/第34届决赛/理论/题-34决理-2-2-2-CO2插入M-N键.md","胺化学深化"
"04-题库","04-题库/真题/第34届决赛/理论/题-34决理-2-2-3-CO2插入Fe-Zr双金属键.md","双金属配合物"
"04-题库","04-题库/真题/第34届决赛/理论/题-34决理-2-2-3-CO2插入Fe-Zr双金属键.md","Fe-Zr键"
"04-题库","04-题库/真题/第34届决赛/理论/题-34决理-2-2-3-CO2插入Fe-Zr双金属键.md","四元环过渡态"
"04-题库","04-题库/真题/第34届决赛/理论/题-34决理-2-2-3-CO2插入Fe-Zr双金属键.md","双金属化学深化"
"04-题库","04-题库/真题/第34届决赛/理论/题-34决理-2-2-3-CO2插入Fe-Zr双金属键.md","过渡态理论深化"
"04-题库","04-题库/真题/第34届决赛/理论/题-34决理-2-2-4-钳型铱配合物CO2插入.md","铱配合物"
"04-题库","04-题库/真题/第34届决赛/理论/题-34决理-2-2-4-钳型铱配合物CO2插入.md","钳型配体"
"04-题库","04-题库/真题/第34届决赛/理论/题-34决理-2-2-4-钳型铱配合物CO2插入.md","CO₂催化深化"
"04-题库","04-题库/真题/第34届决赛/理论/题-34决理-2-2-4-钳型铱配合物CO2插入.md","铱化学深化"
"04-题库","04-题库/真题/第34届决赛/理论/题-34决理-2-2-5-CO2与磷镓化合物加成.md","镓化学"
"04-题库","04-题库/真题/第34届决赛/理论/题-34决理-2-2-5-CO2与磷镓化合物加成.md","主族化学"
"04-题库","04-题库/真题/第34届决赛/理论/题-34决理-2-2-5-CO2与磷镓化合物加成.md","键长变化"
"04-题库","04-题库/真题/第34届决赛/理论/题-34决理-2-2-5-CO2与磷镓化合物加成.md","主族化学深化"
"04-题库","04-题库/真题/第34届决赛/理论/题-34决理-2-2-5-CO2与磷镓化合物加成.md","CO₂活化深化"
"04-题库","04-题库/真题/第34届决赛/理论/题-34决理-2-3-2-MOF溶剂分子推断.md","溶剂分子"
"04-题库","04-题库/真题/第34届决赛/理论/题-34决理-2-3-2-MOF溶剂分子推断.md","晶体计算深化"
"04-题库","04-题库/真题/第34届决赛/理论/题-34决理-2-3-3-MOF5稳定性.md","稳定性"
"04-题库","04-题库/真题/第34届决赛/理论/题-34决理-2-3-3-MOF5稳定性.md","框架结构"
"04-题库","04-题库/真题/第34届决赛/理论/题-34决理-2-3-3-MOF5稳定性.md","刚性"
"04-题库","04-题库/真题/第34届决赛/理论/题-34决理-2-3-3-MOF5稳定性.md","晶体工程深化"
"04-题库","04-题库/真题/第34届决赛/理论/题-34决理-2-4-1-赖氨酸等电点与分布.md","多元酸碱"
"04-题库","04-题库/真题/第34届决赛/理论/题-34决理-2-4-2-赖氨酸滴定方法.md","氨基酸滴定"
"04-题库","04-题库/真题/第34届决赛/理论/题-34决理-2-4-3-滴定基准物质选择.md","称量误差"
"04-题库","04-题库/真题/第34届决赛/理论/题-34决理-2-4-3-滴定基准物质选择.md","误差计算"
"04-题库","04-题库/真题/第34届决赛/理论/题-34决理-2-4-3-滴定基准物质选择.md","天平精度"
"04-题库","04-题库/真题/第34届决赛/理论/题-34决理-2-4-3-滴定基准物质选择.md","误差分析深化"
"04-题库","04-题库/真题/第34届决赛/理论/题-34决理-2-4-4-赖氨酸含量计算.md","含量计算"
"04-题库","04-题库/真题/第34届决赛/理论/题-34决理-2-4-4-赖氨酸含量计算.md","单位换算"
"04-题库","04-题库/真题/第34届决赛/理论/题-34决理-2-4-4-赖氨酸含量计算.md","滴定计算深化"
"04-题库","04-题库/真题/第34届决赛/理论/题-34决理-2-4-4-赖氨酸含量计算.md","定量分析深化"
"04-题库","04-题库/真题/第34届决赛/理论/题-34决理-2-5-1-合成氨热力学.md","热力学计算深化"
"04-题库","04-题库/真题/第34届决赛/理论/题-34决理-2-5-1-合成氨热力学.md","化学平衡深化"
"04-题库","04-题库/真题/第34届决赛/理论/题-34决理-2-5-2-vant Hoff方程应用.md","反应焓变"
"04-题库","04-题库/真题/第34届决赛/理论/题-34决理-2-5-2-vant Hoff方程应用.md","van't Hoff方程深化"
"04-题库","04-题库/真题/第34届决赛/理论/题-34决理-2-5-2-vant Hoff方程应用.md","化学平衡深化"
"04-题库","04-题库/真题/第34届决赛/理论/题-34决理-2-5-3-合成氨平衡组成.md","平衡组成"
"04-题库","04-题库/真题/第34届决赛/理论/题-34决理-2-5-3-合成氨平衡组成.md","摩尔分数"
"04-题库","04-题库/真题/第34届决赛/理论/题-34决理-2-5-3-合成氨平衡组成.md","压力影响"
"04-题库","04-题库/真题/第34届决赛/理论/题-34决理-2-5-3-合成氨平衡组成.md","化学平衡深化"
"04-题库","04-题库/真题/第34届决赛/理论/题-34决理-2-5-3-合成氨平衡组成.md","工业化学深化"
"04-题库","04-题库/真题/第34届决赛/理论/题-34决理-2-5-4-合成氨催化剂与电化学.md","绿色化学深化"
"04-题库","04-题库/真题/第34届决赛/理论/题-34决理-2-5-5-非理想气体与平衡常数.md","气体偏离"
"04-题库","04-题库/真题/第34届决赛/理论/题-34决理-2-5-5-非理想气体与平衡常数.md","非理想气体深化"
"04-题库","04-题库/真题/第34届决赛/理论/题-34决理-2-5-5-非理想气体与平衡常数.md","逸度深化"
"04-题库","04-题库/真题/第34届决赛/理论/题-34决理-2-5-6-合成氨电化学合成.md","绿色化学深化"
"04-题库","04-题库/真题/第34届决赛/理论/题-34决理-2-6-1-三级膨胀法蒸气压.md","三级膨胀法"
"04-题库","04-题库/真题/第34届决赛/理论/题-34决理-2-6-1-三级膨胀法蒸气压.md","物理化学"
"04-题库","04-题库/真题/第34届决赛/理论/题-34决理-2-6-1-三级膨胀法蒸气压.md","线性回归"
"04-题库","04-题库/真题/第34届决赛/理论/题-34决理-2-6-1-三级膨胀法蒸气压.md","蒸气压测定深化"
"04-题库","04-题库/真题/第34届决赛/理论/题-34决理-2-6-1-三级膨胀法蒸气压.md","物理化学深化"
"04-题库","04-题库/真题/第34届决赛/理论/题-34决理-2-7-1-选择题综合.md","有机反应深化"
"04-题库","04-题库/真题/第34届决赛/理论/题-34决理-2-7-1-选择题综合.md","反应机理深化"
"04-题库","04-题库/真题/第34届决赛/理论/题-34决理-2-8-1-有机合成与反应机理.md","捕获反应"
"04-题库","04-题库/真题/第34届决赛/理论/题-34决理-2-8-1-有机合成与反应机理.md","反应机理深化"
"04-题库","04-题库/真题/第34届决赛/理论/题-34决理-2-9-1-有机合成与立体化学.md","n-BuLi"
"04-题库","04-题库/真题/第34届初赛/无机和结构化学/题-034-6-2-B-F分子式推断.md","高价态氧合物"
"04-题库","04-题库/真题/第34届初赛/无机和结构化学/题-034-6-3-C分子结构示意图.md","多聚体结构"
"04-题库","04-题库/真题/第34届初赛/有机化学/题-034-10-1-有机转换中间体推断.md","极性反转"
"04-题库","04-题库/真题/第34届初赛/有机化学/题-034-10-2-亚砜活化反应产物推断.md","酚的亲核性"
"04-题库","04-题库/真题/第34届初赛/有机化学/题-034-10-3-2-自由基开环环化反应.md","五元环选择性"
"04-题库","04-题库/真题/第34届初赛/有机化学/题-034-10-3-3-转换中间体结构.md","锂卤交换中间体"
"04-题库","04-题库/真题/第34届初赛/有机化学/题-034-4-1-开环聚合热力学驱动力比较.md","环张力与开环聚合"
"04-题库","04-题库/真题/第34届初赛/有机化学/题-034-8-2-多类化合物酸性排序.md","pKa记忆"
"04-题库","04-题库/真题/第34届初赛/有机化学/题-034-9-1-1-氮杂环丙烷与甲醇反应产物.md","三元环开环反应"
"04-题库","04-题库/真题/第34届初赛/有机化学/题-034-9-1-2-氮杂环丙烷正离子反应速率排序.md","环氧化合物酸性开环"
"04-题库","04-题库/真题/第34届初赛/有机化学/题-034-9-2-1-Cannizzaro反应氘代产物.md","活泼氢交换"
"04-题库","04-题库/真题/第34届初赛/有机化学/题-034-9-2-2-Cannizzaro反应氧18标记产物.md","半缩醛可逆性"
"04-题库","04-题库/真题/第34届初赛/有机化学/题-034-9-2-2-Cannizzaro反应氧18标记产物.md","羰基化合物反应可逆性"
"04-题库","04-题库/真题/第35届决赛/理论/第一场/题-35决理-1-8-有机新试剂与合成应用.md","偶极环加成"
"04-题库","04-题库/真题/第35届决赛/理论/第一场/题-35决理-1-8-有机新试剂与合成应用.md","1,3-σ迁移"
"04-题库","04-题库/真题/第36届决赛/理论/第一场/题-36决理-1-2-锇的氟化物化学.md","氟化物"
"04-题库","04-题库/真题/第36届决赛/理论/第二场/题-36决理-2-9-烯烃和卤素的亲电加成.md","卤素加成"
"04-题库","04-题库/真题/第38届决赛/理论/题-38决理-5-乙醇代谢中的反应.md","米氏方程"
"04-题库","04-题库/真题/第38届决赛/理论/题-38决理-5-乙醇代谢中的反应.md","双倒数作图"
"04-题库","04-题库/真题/第38届决赛/理论/题-38决理-5-乙醇代谢中的反应.md","生化标准态"
"04-题库","04-题库/真题/第38届决赛/理论/题-38决理-5-乙醇代谢中的反应.md","热力学平衡"
"04-题库","04-题库/真题（无答案）/索引.md","2012-2018合集（26-32届）.pdf"
"04-题库","04-题库/真题（无答案）/索引.md","2021年（35届）/第35届中国化学奥林匹克初赛参考答案.pdf"
"04-题库","04-题库/真题（无答案）/索引.md","2025年（39届）/第39届中国化学奥林匹克初赛官方评分细则和参考答案.pdf"
"07-资料提炼","07-资料提炼/习题提炼/化学原理-重复题目去重记录.md","文件名"
"07-资料提炼","07-资料提炼/书籍提炼/提炼-ABOC-PhaseD-习题拆题清单.md","选择性控制"
"07-资料提炼","07-资料提炼/书籍提炼/提炼-ABOC-PhaseD-习题拆题清单.md","Norrish反应"
"07-资料提炼","07-资料提炼/书籍提炼/提炼-ABOC-PhaseD-习题拆题清单.md","选择性控制"
"07-资料提炼","07-资料提炼/书籍提炼/提炼-ABOC-PhaseD-习题拆题清单.md","锂试剂"
"07-资料提炼","07-资料提炼/书籍提炼/提炼-ABOC-PhaseD-习题拆题清单.md","β-内酰胺"
"07-资料提炼","07-资料提炼/书籍提炼/提炼-ABOC-PhaseD-习题拆题清单.md","选择性控制"
"07-资料提炼","07-资料提炼/书籍提炼/提炼-ABOC-第11章-解题训练.md","选择性控制"
"07-资料提炼","07-资料提炼/书籍提炼/提炼-ABOC-第11章-解题训练.md","选择性控制"
"07-资料提炼","07-资料提炼/书籍提炼/提炼-ABOC-第2章-基本反应.md","α-碳负离子"
"07-资料提炼","07-资料提炼/书籍提炼/提炼-ABOC-第2章-基本反应.md","平衡思维"
"07-资料提炼","07-资料提炼/书籍提炼/提炼-ABOC-第9章-杂环合成.md","Knorr吡咯合成"
"07-资料提炼","07-资料提炼/书籍提炼/提炼-ABOC.md","mineru/03-教材书籍/ABOC有机化学/ABOC202505_1-200_images/xxx.jpg"
"07-资料提炼","07-资料提炼/书籍提炼/提炼-Atkins物理化学-主题05-简单混合物.md","低共熔混合物"
"07-资料提炼","07-资料提炼/书籍提炼/提炼-Atkins物理化学-主题10-分子对称性.md","分子轨道理论初步"
"07-资料提炼","07-资料提炼/书籍提炼/提炼-Atkins物理化学-主题10-分子对称性.md","配位化合物结构与性质"
"07-资料提炼","07-资料提炼/书籍提炼/提炼-Atkins物理化学-主题13-14-统计热力学与分子相互作用.md","物理化学（第11版）14章 分子相互作用 594-649"
"07-资料提炼","07-资料提炼/书籍提炼/提炼-Atkins物理化学-主题13-14-统计热力学与分子相互作用.md","决赛03-结构化学"
"07-资料提炼","07-资料提炼/书籍提炼/提炼-Atkins物理化学-主题13-14-统计热力学与分子相互作用.md","决赛03-结构化学"
"07-资料提炼","07-资料提炼/书籍提炼/提炼-Atkins物理化学-主题15-固体.md","决赛03-晶体结构补充"
"07-资料提炼","07-资料提炼/书籍提炼/提炼-Atkins物理化学-主题15-固体.md","决赛03-晶体结构补充"
"07-资料提炼","07-资料提炼/书籍提炼/提炼-Atkins物理化学-主题15-固体.md","决赛03-晶体结构补充"
"07-资料提炼","07-资料提炼/书籍提炼/提炼-Atkins物理化学-主题2-3-热力学定律.md","统计热力学"
"07-资料提炼","07-资料提炼/书籍提炼/提炼-Atkins物理化学-主题7-8-9-量子理论与结构.md","双原子分子电子结构"
"07-资料提炼","07-资料提炼/书籍提炼/提炼-Clayden-PhaseD-习题拆题清单.md","机理辨析"
"07-资料提炼","07-资料提炼/书籍提炼/提炼-Clayden-PhaseD-习题拆题清单.md","碱的选择"
"07-资料提炼","07-资料提炼/书籍提炼/提炼-Clayden-PhaseD-习题拆题清单.md","催化反应"
"07-资料提炼","07-资料提炼/书籍提炼/提炼-Clayden-PhaseD-习题拆题清单.md","α-卤代"
"07-资料提炼","07-资料提炼/书籍提炼/提炼-Clayden-PhaseD-习题拆题清单.md","碱的选择"
"07-资料提炼","07-资料提炼/书籍提炼/提炼-Clayden-PhaseD-习题拆题清单.md","推断题"
"07-资料提炼","07-资料提炼/书籍提炼/提炼-Clayden-PhaseD-习题拆题清单.md","推断题"
"07-资料提炼","07-资料提炼/书籍提炼/提炼-Clayden-PhaseD-习题拆题清单.md","烯酮化学"
"07-资料提炼","07-资料提炼/书籍提炼/提炼-Clayden-PhaseD-习题拆题清单.md","推断题"
"07-资料提炼","07-资料提炼/书籍提炼/提炼-Clayden-PhaseD-习题拆题清单.md","多步合成"
"07-资料提炼","07-资料提炼/书籍提炼/提炼-Clayden-PhaseD-习题拆题清单.md","多步合成"
"07-资料提炼","07-资料提炼/书籍提炼/提炼-Clayden-PhaseD-习题拆题清单.md","螯合控制"
"07-资料提炼","07-资料提炼/书籍提炼/提炼-Clayden-PhaseD-习题拆题清单.md","螯合控制"
"07-资料提炼","07-资料提炼/书籍提炼/提炼-Clayden-PhaseD-习题拆题清单.md","机理辨析"
"07-资料提炼","07-资料提炼/书籍提炼/提炼-Clayden-PhaseD-习题拆题清单.md","机理辨析"
"07-资料提炼","07-资料提炼/书籍提炼/提炼-Clayden-PhaseD-习题拆题清单.md","催化反应"
"07-资料提炼","07-资料提炼/书籍提炼/提炼-Clayden-PhaseD-习题拆题清单.md","实验设计"
"07-资料提炼","07-资料提炼/书籍提炼/提炼-Clayden-第10章-羰基上的亲核取代.md","Schotten-Baumann反应"
"07-资料提炼","07-资料提炼/书籍提炼/提炼-Clayden-第10章-羰基上的亲核取代.md","Weinreb酰胺"
"07-资料提炼","07-资料提炼/书籍提炼/提炼-Clayden-第10章-羰基上的亲核取代.md","亚硫酰氯"
"07-资料提炼","07-资料提炼/书籍提炼/提炼-Clayden-第13章-核磁共振氢谱.md","积分"
"07-资料提炼","07-资料提炼/书籍提炼/提炼-Clayden-第13章-核磁共振氢谱.md","AB体系"
"07-资料提炼","07-资料提炼/书籍提炼/提炼-Clayden-第13章-核磁共振氢谱.md","¹H NMR化学位移速查表"
"07-资料提炼","07-资料提炼/书籍提炼/提炼-Clayden-第13章-核磁共振氢谱.md","典型偶合常数"
"07-资料提炼","07-资料提炼/书籍提炼/提炼-Clayden-第14章-立体化学.md","E/Z构型"
"07-资料提炼","07-资料提炼/书籍提炼/提炼-Clayden-第14章-立体化学.md","Fisher投影式"
"07-资料提炼","07-资料提炼/书籍提炼/提炼-Clayden-第16章-构象分析.md","1,3-双直立相互作用"
"07-资料提炼","07-资料提炼/书籍提炼/提炼-Clayden-第16章-构象分析.md","甾族化合物"
"07-资料提炼","07-资料提炼/书籍提炼/提炼-Clayden-第17章-消除反应.md","消除反应-取代竞争"
"07-资料提炼","07-资料提炼/书籍提炼/提炼-Clayden-第18章-光谱法综述.md","¹³C NMR"
"07-资料提炼","07-资料提炼/书籍提炼/提炼-Clayden-第20章-烯醇和烯醇盐.md","α-卤代"
"07-资料提炼","07-资料提炼/书籍提炼/提炼-Clayden-第20章-烯醇和烯醇盐.md","α-卤代"
"07-资料提炼","07-资料提炼/书籍提炼/提炼-Clayden-第24章-区域选择性.md","萘的化学"
"07-资料提炼","07-资料提炼/书籍提炼/提炼-Clayden-第24章-区域选择性.md","化竞机理题"
"07-资料提炼","07-资料提炼/书籍提炼/提炼-Clayden-第25章-烯醇盐的烷基化.md","化竞机理题"
"07-资料提炼","07-资料提炼/书籍提炼/提炼-Clayden-第26章-羟醛反应和Claisen反应.md","交叉Aldol"
"07-资料提炼","07-资料提炼/书籍提炼/提炼-Clayden-第27章-有机化学中的硫硅磷.md","硫稳定阴离子"
"07-资料提炼","07-资料提炼/书籍提炼/提炼-Clayden-第27章-有机化学中的硫硅磷.md","β-硅基阳离子"
"07-资料提炼","07-资料提炼/书籍提炼/提炼-Clayden-第28章-逆合成分析.md","极性反转Umpolung"
"07-资料提炼","07-资料提炼/书籍提炼/提炼-Clayden-第2章-有机结构.md","氧化程度分类"
"07-资料提炼","07-资料提炼/书籍提炼/提炼-Clayden-第2章-有机结构.md","结构推断题"
"07-资料提炼","07-资料提炼/书籍提炼/提炼-Clayden-第2章-有机结构.md","命名题"
"07-资料提炼","07-资料提炼/书籍提炼/提炼-Clayden-第35章-σ重排和电环化反应.md","Cr(VI)氧化"
"07-资料提炼","07-资料提炼/书籍提炼/提炼-Clayden-第35章-σ重排和电环化反应.md","维生素D"
"07-资料提炼","07-资料提炼/书籍提炼/提炼-Clayden-第37章-自由基反应.md","键的强度"
"07-资料提炼","07-资料提炼/书籍提炼/提炼-Clayden-第37章-自由基反应.md","化竞合成题"
"07-资料提炼","07-资料提炼/书籍提炼/提炼-Clayden-第38章-卡宾的合成与反应.md","36-重排反应"
"07-资料提炼","07-资料提炼/书籍提炼/提炼-Clayden-第38章-卡宾的合成与反应.md","35-消除反应"
"07-资料提炼","07-资料提炼/书籍提炼/提炼-Clayden-第38章-卡宾的合成与反应.md","39-金属有机化学"
"07-资料提炼","07-资料提炼/书籍提炼/提炼-Clayden-第38章-卡宾的合成与反应.md","卡宾体"
"07-资料提炼","07-资料提炼/书籍提炼/提炼-Clayden-第3章-有机结构的确定.md","X射线晶体学"
"07-资料提炼","07-资料提炼/书籍提炼/提炼-Clayden-第40章-金属有机化学.md","β-负氢消除"
"07-资料提炼","07-资料提炼/书籍提炼/提炼-Clayden-第41章-不对称合成.md","配体加速催化"
"07-资料提炼","07-资料提炼/书籍提炼/提炼-Clayden-第41章-不对称合成.md","化竞合成题"
"07-资料提炼","07-资料提炼/书籍提炼/提炼-Clayden-第42章-生命中的有机化学.md","核酸结构"
"07-资料提炼","07-资料提炼/书籍提炼/提炼-Clayden-第42章-生命中的有机化学.md","环状磷酸酯"
"07-资料提炼","07-资料提炼/书籍提炼/提炼-Clayden-第42章-生命中的有机化学.md","syllabus_gap_analysis_v3.json"
"07-资料提炼","07-资料提炼/书籍提炼/提炼-Clayden-第7章-离域与共轭.md","σ键与π键"
"07-资料提炼","07-资料提炼/书籍提炼/提炼-Clayden-第7章-离域与共轭.md","化竞机理题"
"07-资料提炼","07-资料提炼/书籍提炼/提炼-中级无机化学-第11章-生物无机化学.md","提炼-中级无机化学-第3章-配合物"
"07-资料提炼","07-资料提炼/书籍提炼/提炼-中级无机化学-第11章-生物无机化学.md","提炼-中级无机化学-第6章-有机金属化学"
"07-资料提炼","07-资料提炼/书籍提炼/提炼-中级无机化学-第2章-配位立体化学.md","07-资料提炼/书籍提炼/提炼-结构化学基础-第6章-配合物.md"
"07-资料提炼","07-资料提炼/书籍提炼/提炼-中级无机化学-第8章-配位催化反应.md","决赛51-金属有机"
"07-资料提炼","07-资料提炼/书籍提炼/提炼-化学竞赛初赛讲义-附录B-有机化学知识要点.md","极性反转"
"07-资料提炼","07-资料提炼/书籍提炼/提炼-化学竞赛初赛讲义-附录B-有机化学知识要点.md","Thorpe-Ingold效应"
"07-资料提炼","07-资料提炼/书籍提炼/提炼-无机化学第6版-第19章-d区金属.md","铂族元素化学"
"07-资料提炼","07-资料提炼/书籍提炼/提炼-无机化学第6版-第20章-配位化学理论.md","光谱项"
"07-资料提炼","07-资料提炼/书籍提炼/提炼-无机化学第6版-第20章-配位化学理论.md","电子云重排效应"
"07-资料提炼","07-资料提炼/书籍提炼/提炼-无机化学第6版-第20章-配位化学理论.md","选律（自旋+Laporte）"
"07-资料提炼","07-资料提炼/书籍提炼/提炼-无机化学第6版-第20章-配位化学理论.md","Irving-Williams序列"
"07-资料提炼","07-资料提炼/书籍提炼/提炼-无机化学第6版-第21章-配位反应机理.md","内层与外层电子转移"
"07-资料提炼","07-资料提炼/书籍提炼/提炼-无机化学第6版-第23章-f区元素化学.md","锕系元素化学"
"07-资料提炼","07-资料提炼/书籍提炼/提炼-无机化学第6版-第23章-f区元素化学.md","离子交换色谱"
"07-资料提炼","07-资料提炼/书籍提炼/提炼-无机化学第6版-第24-25章-材料化学与催化.md","决赛10-金属有机"
"07-资料提炼","07-资料提炼/书籍提炼/提炼-无机化学第6版-第24-25章-材料化学与催化.md","决赛10-金属有机"
"07-资料提炼","07-资料提炼/书籍提炼/提炼-无机化学第6版-第24-25章-材料化学与催化.md","决赛11-物理化学"
"07-资料提炼","07-资料提炼/书籍提炼/提炼-无机化学第6版-第24-25章-材料化学与催化.md","接触法制硫酸"
"07-资料提炼","07-资料提炼/书籍提炼/提炼-无机化学第6版-第5章-氧化还原反应180-212.md","歧化"
"07-资料提炼","07-资料提炼/书籍提炼/提炼-无机化学第五版-第12章-碱金属和碱土金属.md","含氧化合物分类"
"07-资料提炼","07-资料提炼/书籍提炼/提炼-无机化学第五版-第14章-碳族元素.md","硅酸盐与分子筛"
"07-资料提炼","07-资料提炼/书籍提炼/提炼-无机化学第五版-第15章-氮族元素.md","02-原子结构与元素周期律"
"07-资料提炼","07-资料提炼/书籍提炼/提炼-无机化学第五版-第16章-氧族元素.md","02-原子结构与元素周期律"
"07-资料提炼","07-资料提炼/书籍提炼/提炼-无机化学第五版-第17章-卤素.md","02-原子结构与元素周期律"
"07-资料提炼","07-资料提炼/书籍提炼/提炼-无机化学第五版-第20章-钛副族和钒副族元素.md","铌钽"
"07-资料提炼","07-资料提炼/书籍提炼/提炼-无机化学第五版-第20章-钛副族和钒副族元素.md","钪系、钛系、钪系"
"07-资料提炼","07-资料提炼/书籍提炼/提炼-普化原理-第15章-元素化学.md","镧系元素"
"07-资料提炼","07-资料提炼/书籍提炼/提炼-普化原理-第2章-气体.md","气体分子运动论"
"07-资料提炼","07-资料提炼/书籍提炼/提炼-普化原理-第2章-气体.md","气体扩散定律"
"07-资料提炼","07-资料提炼/书籍提炼/提炼-普化原理-第5章-化学热力学.md","Gibbs-Helmholtz方程"
"07-资料提炼","07-资料提炼/书籍提炼/提炼-结构化学基础-第10章-次级键与超分子.md","习题-结构化学基础-第10章-次级键与超分子"
"07-资料提炼","07-资料提炼/书籍提炼/提炼-结构化学基础-第1章-量子力学基础.md","粒子在箱中模型"
"07-资料提炼","07-资料提炼/书籍提炼/提炼-结构化学基础-第5章-多原子分子结构.md","习题-结构化学基础-第5章-多原子分子结构"
"07-资料提炼","07-资料提炼/书籍提炼/提炼计划-中级无机化学.md","决赛13/14/15-超分子"
"07-资料提炼","07-资料提炼/书籍提炼/提炼计划-中级无机化学.md","决赛51-过渡金属催化基础"
"07-资料提炼","07-资料提炼/书籍提炼/提炼计划-中级无机化学.md","决赛-材料化学"
"07-资料提炼","07-资料提炼/书籍提炼/提炼计划-中级无机化学.md","媒体仓库/zjwx_chX_*.jpg"
"07-资料提炼","07-资料提炼/书籍提炼/提炼计划-无机化学下册.md","f区元素化学"
"07-资料提炼","07-资料提炼/书籍提炼/提炼计划-无机化学下册.md","文件名.jpg"
"07-资料提炼","07-资料提炼/提炼-无机化学第12章-碱金属和碱土金属.md","含氧化合物分类"
"07-资料提炼","07-资料提炼/提炼-无机化学第12章-碱金属和碱土金属.md","碱金属液氨溶液"
"07-资料提炼","07-资料提炼/提炼-无机化学第12章-碱金属和碱土金属.md","氨碱法与联合制碱法"
"07-资料提炼","07-资料提炼/提炼-无机化学第12章-碱金属和碱土金属.md","离子势与氢氧化物酸碱性"
"07-资料提炼","07-资料提炼/提炼-无机化学第12章-碱金属和碱土金属.md","含氧化合物分类"
"07-资料提炼","07-资料提炼/提炼-第31届初赛试题解析.md","磷硫化合物"
"07-资料提炼","07-资料提炼/提炼-第31届初赛试题解析.md","配体交换"
"07-资料提炼","07-资料提炼/提炼-第31届初赛试题解析.md","电荷转移跃迁"
"07-资料提炼","07-资料提炼/提炼-第32届初赛试题解析.md","碲"
"07-资料提炼","07-资料提炼/提炼-第32届初赛试题解析.md","磷的含氧酸"
"07-资料提炼","07-资料提炼/提炼-第32届初赛试题解析.md","超价分子"
"07-资料提炼","07-资料提炼/提炼-第32届初赛试题解析.md","离子交换膜"
"07-资料提炼","07-资料提炼/提炼-第32届初赛试题解析.md","放射定年"
"07-资料提炼","07-资料提炼/提炼-第32届初赛试题解析.md","三棱柱配位场"
"07-资料提炼","07-资料提炼/提炼-第32届初赛试题解析.md","溶剂化效应"
"07-资料提炼","07-资料提炼/提炼-第33届初赛试题解析.md","质能关系"
"07-资料提炼","07-资料提炼/提炼-第33届初赛试题解析.md","湿法冶金"
"07-资料提炼","07-资料提炼/提炼-第33届初赛试题解析.md","配位模式"
"07-资料提炼","07-资料提炼/提炼-第33届初赛试题解析.md","稀有气体化学"
"07-资料提炼","07-资料提炼/提炼-第33届初赛试题解析.md","Fischer投影"
"07-资料提炼","07-资料提炼/提炼-第33届初赛试题解析.md","茚三酮反应"
"07-资料提炼","07-资料提炼/提炼-第33届初赛试题解析.md","超酸"
"07-资料提炼","07-资料提炼/提炼-第34届初赛试题解析.md","交联聚合物"
"07-资料提炼","07-资料提炼/提炼-第34届初赛试题解析.md","针铁矿"
"07-资料提炼","07-资料提炼/提炼-第34届初赛试题解析.md","铱"
"07-资料提炼","07-资料提炼/提炼-第34届初赛试题解析.md","非单纯配体"
"07-资料提炼","07-资料提炼/提炼-第35届初赛试题解析.md","1-化学方程式"
"07-资料提炼","07-资料提炼/提炼-第35届初赛试题解析.md","6-热力学初步"
"07-资料提炼","07-资料提炼/提炼-第35届初赛试题解析.md","7-化学平衡"
"07-资料提炼","07-资料提炼/提炼-第35届初赛试题解析.md","6-热力学初步"
"07-资料提炼","07-资料提炼/提炼-第35届初赛试题解析.md","全碳环"
"07-资料提炼","07-资料提炼/提炼-第35届初赛试题解析.md","7-化学平衡"
"07-资料提炼","07-资料提炼/提炼-第35届初赛试题解析.md","30-立体化学"
"07-资料提炼","07-资料提炼/提炼-第35届初赛试题解析.md","31-取代反应"
"07-资料提炼","07-资料提炼/提炼-第35届初赛试题解析.md","32-消除反应"
"07-资料提炼","07-资料提炼/提炼-第35届初赛试题解析.md","33-加成反应"
"07-资料提炼","07-资料提炼/提炼-第35届初赛试题解析.md","44-亲电取代反应"
"07-资料提炼","07-资料提炼/提炼-第36届初赛试题解析（第一场）.md","二硫化钼"
"07-资料提炼","07-资料提炼/提炼-第36届初赛试题解析（第一场）.md","Zintl相"
"07-资料提炼","07-资料提炼/提炼-第36届初赛试题解析（第一场）.md","锗宾"
"07-资料提炼","07-资料提炼/提炼-第36届初赛试题解析（第一场）.md","超氧配合物"
"07-资料提炼","07-资料提炼/提炼-第36届初赛试题解析（第一场）.md","绿锈"
"07-资料提炼","07-资料提炼/提炼-第36届初赛试题解析（第一场）.md","水滑石"
"07-资料提炼","07-资料提炼/提炼-第36届初赛试题解析（第一场）.md","非水溶剂电化学"
"07-资料提炼","07-资料提炼/提炼-第36届初赛试题解析（第一场）.md","四醋酸铅"
"07-资料提炼","07-资料提炼/提炼-第36届初赛试题解析（第二场）.md","熔盐"
"07-资料提炼","07-资料提炼/提炼-第36届初赛试题解析（第二场）.md","高价配合物"
"07-资料提炼","07-资料提炼/提炼-第36届初赛试题解析（第二场）.md","电镀铜"
"07-资料提炼","07-资料提炼/提炼-第36届初赛试题解析（第二场）.md","电镀添加剂"
"07-资料提炼","07-资料提炼/提炼-第36届初赛试题解析（第二场）.md","磷酸盐矿物"
"07-资料提炼","07-资料提炼/提炼-第36届初赛试题解析（第二场）.md","Nazarov反应"
"07-资料提炼","07-资料提炼/提炼-第36届初赛试题解析（第二场）.md","邻位交叉效应"
"07-资料提炼","07-资料提炼/提炼-第36届初赛试题解析（第二场）.md","六氟异丙醇"
"07-资料提炼","07-资料提炼/提炼-第37届初赛试题解析.md","Zintl相"
"07-资料提炼","07-资料提炼/提炼-第37届初赛试题解析.md","复盐"
"07-资料提炼","07-资料提炼/提炼-第37届初赛试题解析.md","锂离子电池"
"07-资料提炼","07-资料提炼/提炼-第37届初赛试题解析.md","法拉第定律"
"07-资料提炼","07-资料提炼/提炼-第37届初赛试题解析.md","铂"
"07-资料提炼","07-资料提炼/提炼-第37届初赛试题解析.md","亚硝基硫醇"
"07-资料提炼","07-资料提炼/提炼-第37届初赛试题解析.md","MAX相"
"07-资料提炼","07-资料提炼/提炼-第37届初赛试题解析.md","膜电位"
"07-资料提炼","07-资料提炼/提炼-第37届初赛试题解析.md","Ireland-Claisen重排"
"07-资料提炼","07-资料提炼/提炼-第37届初赛试题解析.md","SN2'反应"
"07-资料提炼","07-资料提炼/提炼-第38届初赛试题解析.md","王水"
"07-资料提炼","07-资料提炼/提炼-第38届初赛试题解析.md","化学史"
"07-资料提炼","07-资料提炼/提炼-第38届初赛试题解析.md","机械力化学"
"07-资料提炼","07-资料提炼/提炼-第38届初赛试题解析.md","螺吡喃"
"07-资料提炼","07-资料提炼/提炼-第38届初赛试题解析.md","临界打包参数"
"07-资料提炼","07-资料提炼/提炼-第38届初赛试题解析.md","点阵型式"
"07-资料提炼","07-资料提炼/提炼-第38届初赛试题解析.md","醋酸亚铬"
"07-资料提炼","07-资料提炼/提炼-第38届初赛试题解析.md","金属金属键"
"07-资料提炼","07-资料提炼/提炼-第38届初赛试题解析.md","碳捕集"
"07-资料提炼","07-资料提炼/提炼-第38届初赛试题解析.md","离子交换树脂"
"07-资料提炼","07-资料提炼/提炼-第38届初赛试题解析.md","Hinsberg反应"
"07-资料提炼","07-资料提炼/提炼-第38届初赛试题解析.md","sigma配合物"
"07-资料提炼","07-资料提炼/提炼-第38届初赛试题解析.md","手性硫"
"07-资料提炼","07-资料提炼/提炼-第38届初赛试题解析.md","2,3-σ迁移"
"07-资料提炼","07-资料提炼/教学逻辑提炼/Zchem 中级无机结构化学/教学逻辑提炼-Zchem-主族元素的结构化学I-第二轮深化.md","专题-配合物基础"
"07-资料提炼","07-资料提炼/教学逻辑提炼/Zchem 中级无机结构化学/教学逻辑提炼-Zchem-主族元素的结构化学II-第二轮深化.md","专题-氢键与分子间作用力"
"07-资料提炼","07-资料提炼/教学逻辑提炼/Zchem 中级无机结构化学/教学逻辑提炼-Zchem-主族元素的结构化学II-第二轮深化.md","专题-主族元素化学"
"07-资料提炼","07-资料提炼/教学逻辑提炼/Zchem 中级无机结构化学/教学逻辑提炼-Zchem-主族元素的结构化学II-第二轮深化.md","单线态氧"
"07-资料提炼","07-资料提炼/教学逻辑提炼/Zchem 中级无机结构化学/教学逻辑提炼-Zchem-主族元素的结构化学II-第二轮深化.md","反应活性"
"07-资料提炼","07-资料提炼/教学逻辑提炼/Zchem 中级无机结构化学/教学逻辑提炼-Zchem-过渡元素的结构化学-第三轮深化.md","专题-配位化学深化"
"07-资料提炼","07-资料提炼/教学逻辑提炼/Zchem 中级无机结构化学/教学逻辑提炼-Zchem-过渡元素的结构化学-第三轮深化.md","专题-金属有机化学"
"07-资料提炼","07-资料提炼/教学逻辑提炼/Zchem 元素化学与结构化学/教学逻辑提炼-Zchem-卤素-第一轮.md","专题-卤素"
"07-资料提炼","07-资料提炼/教学逻辑提炼/Zchem 元素化学与结构化学/教学逻辑提炼-Zchem-卤素-第一轮.md","专题-分子结构"
"07-资料提炼","07-资料提炼/教学逻辑提炼/Zchem 元素化学与结构化学/教学逻辑提炼-Zchem-卤素-第一轮.md","专题-卤素"
"07-资料提炼","07-资料提炼/教学逻辑提炼/Zchem 元素化学与结构化学/教学逻辑提炼-Zchem-钛钒铬锰与稀土-第一轮.md","钛化学"
"07-资料提炼","07-资料提炼/教学逻辑提炼/Zchem 元素化学与结构化学/教学逻辑提炼-Zchem-钛钒铬锰与稀土-第一轮.md","钒化学"
"07-资料提炼","07-资料提炼/教学逻辑提炼/Zchem 元素化学与结构化学/教学逻辑提炼-Zchem-钛钒铬锰与稀土-第一轮.md","锰化学"
"07-资料提炼","07-资料提炼/教学逻辑提炼/Zchem 元素化学与结构化学/教学逻辑提炼-Zchem-铁系与铂系-第一轮.md","钴化学"
"07-资料提炼","07-资料提炼/教学逻辑提炼/Zchem 元素化学与结构化学/教学逻辑提炼-Zchem-铁系与铂系-第一轮.md","镍化学"
"07-资料提炼","07-资料提炼/教学逻辑提炼/Zchem 元素化学与结构化学/教学逻辑提炼-Zchem-铜锌副族-第一轮.md","专题-ds区元素"
"07-资料提炼","07-资料提炼/教学逻辑提炼/Zchem 基础有机化学/教学逻辑提炼-Zchem基础有机化学-批次Z-A到Z-E-结构与反应体系.md","学而思有机化学基础-批次A~E"
"07-资料提炼","07-资料提炼/教学逻辑提炼/Zchem 基础有机化学/教学逻辑提炼-Zchem基础有机化学-批次Z-F-高阶专题（周环重排波谱）.md","有机反应热力学"
"07-资料提炼","07-资料提炼/教学逻辑提炼/Zchem 基础有机化学/教学逻辑提炼-Zchem基础有机化学-批次Z-F-高阶专题（周环重排波谱）.md","二苯乙醇酸重排"
"07-资料提炼","07-资料提炼/教学逻辑提炼/Zchem 基础有机化学/教学逻辑提炼-Zchem基础有机化学-批次Z-F-高阶专题（周环重排波谱）.md","波谱原理"
"07-资料提炼","07-资料提炼/教学逻辑提炼/Zchem 基础有机化学/教学逻辑提炼-Zchem基础有机化学-批次Z-F-高阶专题（周环重排波谱）.md","学而思有机化学基础-批次A~E"
"07-资料提炼","07-资料提炼/教学逻辑提炼/Zchem 基础有机化学/教学逻辑提炼-Zchem基础有机化学-批次Z-G-综合复习与例题.md","有机化学综合"
"07-资料提炼","07-资料提炼/教学逻辑提炼/Zchem 基础有机化学/教学逻辑提炼-Zchem基础有机化学-批次Z-G-综合复习与例题.md","学而思有机化学基础-批次A~E"
"07-资料提炼","07-资料提炼/教学逻辑提炼/Zchem 有机反应合成与机理/教学逻辑提炼-Zchem-波谱分析与结构表征-第三轮.md","波谱分析总论"
"07-资料提炼","07-资料提炼/教学逻辑提炼/Zchem 有机反应合成与机理/教学逻辑提炼-Zchem-物理有机与机理判断-第四轮.md","动力学控制vs热力学控制"
"07-资料提炼","07-资料提炼/教学逻辑提炼/Zchem 物理化学 上/教学逻辑提炼-Zchem-化学平衡-第一三轮.md","实际气体"
"07-资料提炼","07-资料提炼/教学逻辑提炼/Zchem 物理化学 上/教学逻辑提炼-Zchem-化学平衡-第一三轮.md","理想溶液"
"07-资料提炼","07-资料提炼/教学逻辑提炼/Zchem 物理化学 上/教学逻辑提炼-Zchem-化学平衡-第一三轮.md","范特霍夫微分式"
"07-资料提炼","07-资料提炼/教学逻辑提炼/Zchem 物理化学 下/教学逻辑提炼-Zchem-电化学-第一轮.md","离子淌度"
"07-资料提炼","07-资料提炼/教学逻辑提炼/Zchem 物理化学 下/教学逻辑提炼-Zchem-电化学-第一轮.md","标准氢电极"
"07-资料提炼","07-资料提炼/教学逻辑提炼/Zchem 物理化学 下/教学逻辑提炼-Zchem-电化学-第一轮.md","极化"
"07-资料提炼","07-资料提炼/教学逻辑提炼/Zchem 物理化学 下/教学逻辑提炼-Zchem-相平衡与胶体-第三轮.md","自由度"
"07-资料提炼","07-资料提炼/教学逻辑提炼/Zchem 物理化学 下/教学逻辑提炼-Zchem-相平衡与胶体-第三轮.md","蒸馏"
"07-资料提炼","07-资料提炼/教学逻辑提炼/Zchem 物理化学 下/教学逻辑提炼-Zchem-相平衡与胶体-第三轮.md","相"
"07-资料提炼","07-资料提炼/教学逻辑提炼/Zchem 物理化学 下/教学逻辑提炼-Zchem-相平衡与胶体-第三轮.md","自由度"
"07-资料提炼","07-资料提炼/教学逻辑提炼/Zchem 物理化学 下/教学逻辑提炼-Zchem-相平衡与胶体-第三轮.md","自由度"
"07-资料提炼","07-资料提炼/教学逻辑提炼/Zchem 物理化学 下/教学逻辑提炼-Zchem-相平衡与胶体-第三轮.md","相图扩展"
"07-资料提炼","07-资料提炼/教学逻辑提炼/Zchem 物理化学 下/教学逻辑提炼-Zchem-相平衡与胶体-第三轮.md","蒸馏"
"07-资料提炼","07-资料提炼/教学逻辑提炼/Zchem 物理化学 下/教学逻辑提炼-Zchem-相平衡与胶体-第三轮.md","相"
"07-资料提炼","07-资料提炼/教学逻辑提炼/Zchem 物理化学 下/教学逻辑提炼-Zchem-相平衡与胶体-第三轮.md","自由度"
"07-资料提炼","07-资料提炼/教学逻辑提炼/Zchem 物理化学 下/教学逻辑提炼-Zchem-相平衡与胶体-第三轮.md","蒸馏"
"07-资料提炼","07-资料提炼/教学逻辑提炼/学而思 有机化学基础/教学逻辑提炼-学而思有机化学基础-批次A-第三轮起步.md","烷烃"
"07-资料提炼","07-资料提炼/教学逻辑提炼/学而思 有机化学基础/教学逻辑提炼-学而思有机化学基础-批次A-第三轮起步.md","烷烃"
"07-资料提炼","07-资料提炼/教学逻辑提炼/学而思 有机化学基础/教学逻辑提炼-学而思有机化学基础-批次A-第三轮起步.md","烷烃"
"07-资料提炼","07-资料提炼/教学逻辑提炼/学而思 有机化学基础/教学逻辑提炼-学而思有机化学基础-批次E-酰基取代与活泼亚甲基工具箱.md","极性反转"
"07-资料提炼","07-资料提炼/教学逻辑提炼/无机化学-周坤-2020/教学逻辑提炼-周坤无机新课-原子结构与分子结构-第一轮.md","专题-原子结构"
"07-资料提炼","07-资料提炼/教学逻辑提炼/无机化学-周坤-2020/教学逻辑提炼-周坤无机新课-原子结构与分子结构-第一轮.md","专题-分子结构"
"07-资料提炼","07-资料提炼/教学逻辑提炼/无机化学-周坤-2020/教学逻辑提炼-周坤无机新课-原子结构与分子结构-第一轮.md","决赛要求/物理化学深化"
"07-资料提炼","07-资料提炼/教学逻辑提炼/无机化学-周坤-2020/教学逻辑提炼-周坤无机新课-晶体配合物与气体-第一轮.md","专题-分子结构"
"07-资料提炼","07-资料提炼/教学逻辑提炼/无机化学-周坤-2020/教学逻辑提炼-周坤无机新课-晶体配合物与气体-第一轮.md","专题-晶体结构深化"
"07-资料提炼","07-资料提炼/教学逻辑提炼/无机化学-周坤-2020/教学逻辑提炼-周坤无机新课-晶体配合物与气体-第一轮.md","决赛要求/结构与配位深化"
"07-资料提炼","07-资料提炼/教学逻辑提炼/无机化学-周坤-2020/教学逻辑提炼-周坤无机新课-晶体配合物与气体-第一轮.md","专题-配合物深化"
"07-资料提炼","07-资料提炼/教学逻辑提炼/无机化学-周坤-2020/教学逻辑提炼-周坤无机新课-晶体配合物与气体-第一轮.md","决赛要求/结构与配位深化"
"07-资料提炼","07-资料提炼/教学逻辑提炼/无机化学-周坤-2020/教学逻辑提炼-周坤无机新课-晶体配合物与气体-第一轮.md","决赛要求/物理化学深化"
"07-资料提炼","07-资料提炼/教学逻辑提炼/无机化学-周坤-2020/教学逻辑提炼-周坤无机新课-晶体配合物与气体-第一轮.md","物理化学/溶液与电化学"
"07-资料提炼","07-资料提炼/教学逻辑提炼/无机化学-周坤-2020/教学逻辑提炼-周坤无机新课-热力学与化学平衡-第一轮.md","专题-电化学基础"
"07-资料提炼","07-资料提炼/教学逻辑提炼/无机化学-周坤-2020/教学逻辑提炼-周坤无机新课-热力学与化学平衡-第一轮.md","专题-电化学基础"
"07-资料提炼","07-资料提炼/教学逻辑提炼/无机化学-周坤-2020/教学逻辑提炼-周坤无机新课-酸碱理论与电化学-第一轮.md","决赛要求/结构与配位深化"
"07-资料提炼","07-资料提炼/教学逻辑提炼/质心 元素化学和结构化学 上/教学逻辑提炼-质心-氧族元素-第一轮.md","专题-氧族元素"
"07-资料提炼","07-资料提炼/教学逻辑提炼/质心 元素化学和结构化学 上/教学逻辑提炼-质心-氧族元素-第一轮.md","专题-卤素"
"07-资料提炼","07-资料提炼/教学逻辑提炼/质心 元素化学和结构化学 上/教学逻辑提炼-质心-氧族元素深化-第一轮.md","专题-氧族元素"
"07-资料提炼","07-资料提炼/教学逻辑提炼/质心 元素化学和结构化学 上/教学逻辑提炼-质心-硫与氮-第一轮.md","专题-硫及其化合物"
"07-资料提炼","07-资料提炼/教学逻辑提炼/质心 元素化学和结构化学 上/教学逻辑提炼-质心-硫与氮-第一轮.md","专题-氮及其化合物"
"07-资料提炼","07-资料提炼/教学逻辑提炼/质心 元素化学和结构化学 上/教学逻辑提炼-质心-硫与氮-第一轮.md","硫酸"
"07-资料提炼","07-资料提炼/教学逻辑提炼/质心 元素化学和结构化学 上/教学逻辑提炼-质心-硫与氮-第一轮.md","硫代硫酸"
"07-资料提炼","07-资料提炼/教学逻辑提炼/质心 元素化学和结构化学 上/教学逻辑提炼-质心-硫与氮-第一轮.md","氮气"
"07-资料提炼","07-资料提炼/教学逻辑提炼/质心 元素化学和结构化学 上/教学逻辑提炼-质心-硫与氮-第一轮.md","氨"
"07-资料提炼","07-资料提炼/教学逻辑提炼/质心 元素化学和结构化学 上/教学逻辑提炼-质心-硫与氮-第一轮.md","硫酸"
"07-资料提炼","07-资料提炼/教学逻辑提炼/质心 元素化学和结构化学 上/教学逻辑提炼-质心-硫与氮-第一轮.md","硫代硫酸"
"07-资料提炼","07-资料提炼/教学逻辑提炼/质心 元素化学和结构化学 上/教学逻辑提炼-质心-硫与氮-第一轮.md","氮气"
"07-资料提炼","07-资料提炼/教学逻辑提炼/质心 元素化学和结构化学 上/教学逻辑提炼-质心-硫与氮-第一轮.md","氨"
"07-资料提炼","07-资料提炼/教学逻辑提炼/质心 元素化学和结构化学 上/教学逻辑提炼-质心-硫与氮-第一轮.md","硫酸"
"07-资料提炼","07-资料提炼/教学逻辑提炼/质心 元素化学和结构化学 上/教学逻辑提炼-质心-硫与氮-第一轮.md","硫代硫酸"
"07-资料提炼","07-资料提炼/教学逻辑提炼/质心 元素化学和结构化学 上/教学逻辑提炼-质心-硫与氮-第一轮.md","氮气"
"07-资料提炼","07-资料提炼/教学逻辑提炼/质心 元素化学和结构化学 上/教学逻辑提炼-质心-硫与氮-第一轮.md","氨"
"07-资料提炼","07-资料提炼/教学逻辑提炼/质心 元素化学和结构化学 上/教学逻辑提炼-质心-硫与氮-第一轮.md","硫酸"
"07-资料提炼","07-资料提炼/教学逻辑提炼/质心 元素化学和结构化学 上/教学逻辑提炼-质心-硫与氮-第一轮.md","氨"
"07-资料提炼","07-资料提炼/教学逻辑提炼/质心 元素化学和结构化学 上/教学逻辑提炼-质心-非金属元素小结-第一轮.md","专题-氮及其化合物"
"07-资料提炼","07-资料提炼/教学逻辑提炼/质心 元素化学和结构化学 上/教学逻辑提炼-质心-非金属元素小结-第一轮.md","专题-磷及其化合物"
"07-资料提炼","07-资料提炼/教学逻辑提炼/质心 元素化学和结构化学 上/教学逻辑提炼-质心-非金属元素小结-第一轮.md","联氨"
"07-资料提炼","07-资料提炼/教学逻辑提炼/质心 元素化学和结构化学 上/教学逻辑提炼-质心-非金属元素小结-第一轮.md","叠氮酸"
"07-资料提炼","07-资料提炼/教学逻辑提炼/质心 元素化学和结构化学 上/教学逻辑提炼-质心-非金属元素小结-第一轮.md","联氨"
"07-资料提炼","07-资料提炼/教学逻辑提炼/质心 元素化学和结构化学 上/教学逻辑提炼-质心-非金属元素小结-第一轮.md","联氨"
"07-资料提炼","07-资料提炼/教学逻辑提炼/质心 元素化学和结构化学 上/教学逻辑提炼-质心-非金属元素小结-第一轮.md","叠氮酸"
"07-资料提炼","07-资料提炼/教学逻辑提炼/质心 元素化学和结构化学 上/教学逻辑提炼-质心-非金属元素小结-第一轮.md","叠氮酸"
"07-资料提炼","07-资料提炼/教学逻辑提炼/质心 元素化学和结构化学 上/教学逻辑提炼-质心-非金属元素小结-第一轮.md","联氨"
"07-资料提炼","07-资料提炼/教学逻辑提炼/质心 元素化学和结构化学 上/教学逻辑提炼-质心-非金属元素小结-第一轮.md","叠氮酸"
"07-资料提炼","07-资料提炼/教学逻辑提炼/质心 元素化学和结构化学 上/教学逻辑提炼-质心-非金属元素小结-第一轮.md","联氨"
"07-资料提炼","07-资料提炼/教学逻辑提炼/质心 元素化学和结构化学 下/教学逻辑提炼-质心-p区金属串讲-第一轮.md","专题-主族元素化学"
"07-资料提炼","07-资料提炼/教学逻辑提炼/质心 元素化学和结构化学 下/教学逻辑提炼-质心-p区金属串讲-第一轮.md","KP-锗"
"07-资料提炼","07-资料提炼/教学逻辑提炼/质心 元素化学和结构化学 下/教学逻辑提炼-质心-p区金属串讲-第一轮.md","KP-惰性电子对效应"
"07-资料提炼","07-资料提炼/教学逻辑提炼/质心 元素化学和结构化学 下/教学逻辑提炼-质心-p区金属串讲-第一轮.md","KP-锗"
"07-资料提炼","07-资料提炼/教学逻辑提炼/质心 元素化学和结构化学 下/教学逻辑提炼-质心-p区金属串讲-第一轮.md","KP-锗"
"07-资料提炼","07-资料提炼/教学逻辑提炼/质心 元素化学和结构化学 下/教学逻辑提炼-质心-p区金属串讲-第一轮.md","KP-惰性电子对效应"
"07-资料提炼","07-资料提炼/教学逻辑提炼/质心 元素化学和结构化学 下/教学逻辑提炼-质心-晶体结构-第一轮.md","KP-晶体结构基础"
"07-资料提炼","07-资料提炼/教学逻辑提炼/质心 元素化学和结构化学 下/教学逻辑提炼-质心-晶体结构-第一轮.md","KP-密堆积"
"07-资料提炼","07-资料提炼/教学逻辑提炼/质心 元素化学和结构化学 下/教学逻辑提炼-质心-晶体结构-第一轮.md","KP-离子晶体"
"07-资料提炼","07-资料提炼/教学逻辑提炼/质心 元素化学和结构化学 下/教学逻辑提炼-质心-晶体结构-第一轮.md","KP-晶体结构基础"
"07-资料提炼","07-资料提炼/教学逻辑提炼/质心 元素化学和结构化学 下/教学逻辑提炼-质心-晶体结构-第一轮.md","KP-晶体结构基础"
"07-资料提炼","07-资料提炼/教学逻辑提炼/质心 元素化学和结构化学 下/教学逻辑提炼-质心-晶体结构-第一轮.md","KP-密堆积"
"07-资料提炼","07-资料提炼/教学逻辑提炼/质心 元素化学和结构化学 下/教学逻辑提炼-质心-晶体结构-第一轮.md","KP-密堆积"
"07-资料提炼","07-资料提炼/教学逻辑提炼/质心 元素化学和结构化学 下/教学逻辑提炼-质心-晶体结构-第一轮.md","KP-离子晶体"
"07-资料提炼","07-资料提炼/教学逻辑提炼/质心 元素化学和结构化学 下/教学逻辑提炼-质心-晶体结构-第一轮.md","KP-离子晶体"
"07-资料提炼","07-资料提炼/教学逻辑提炼/质心 元素化学和结构化学 下/教学逻辑提炼-质心-晶体结构-第一轮.md","KP-晶体结构基础"
"07-资料提炼","07-资料提炼/教学逻辑提炼/质心 元素化学和结构化学 下/教学逻辑提炼-质心-晶体结构-第一轮.md","KP-晶体结构基础"
"07-资料提炼","07-资料提炼/教学逻辑提炼/质心 元素化学和结构化学 下/教学逻辑提炼-质心-晶体结构-第一轮.md","KP-密堆积"
"07-资料提炼","07-资料提炼/教学逻辑提炼/质心 元素化学和结构化学 下/教学逻辑提炼-质心-晶体结构-第一轮.md","KP-离子晶体"
"07-资料提炼","07-资料提炼/教学逻辑提炼/质心 元素化学和结构化学 下/教学逻辑提炼-质心-晶体结构-第一轮.md","KP-离子晶体"
"07-资料提炼","07-资料提炼/教学逻辑提炼/质心 元素化学和结构化学 下/教学逻辑提炼-质心-氮族元素与铜副族-第一轮.md","专题-主族元素化学"
"07-资料提炼","07-资料提炼/教学逻辑提炼/质心 元素化学和结构化学 下/教学逻辑提炼-质心-氮族元素与铜副族-第一轮.md","KP-惰性电子对效应"
"07-资料提炼","07-资料提炼/教学逻辑提炼/质心 元素化学和结构化学 下/教学逻辑提炼-质心-氮族元素与铜副族-第一轮.md","KP-惰性电子对效应"
"07-资料提炼","07-资料提炼/教学逻辑提炼/质心 元素化学和结构化学 下/教学逻辑提炼-质心-碱金属和碱土金属-第一轮.md","专题-主族元素化学"
"07-资料提炼","07-资料提炼/教学逻辑提炼/质心 元素化学和结构化学 下/教学逻辑提炼-质心-碱金属和碱土金属-第一轮.md","KP-碱金属"
"07-资料提炼","07-资料提炼/教学逻辑提炼/质心 元素化学和结构化学 下/教学逻辑提炼-质心-碱金属和碱土金属-第一轮.md","KP-碱土金属"
"07-资料提炼","07-资料提炼/教学逻辑提炼/质心 元素化学和结构化学 下/教学逻辑提炼-质心-碱金属和碱土金属-第一轮.md","KP-锂的特殊性"
"07-资料提炼","07-资料提炼/教学逻辑提炼/质心 元素化学和结构化学 下/教学逻辑提炼-质心-碱金属和碱土金属-第一轮.md","KP-铍的特殊性"
"07-资料提炼","07-资料提炼/教学逻辑提炼/质心 元素化学和结构化学 下/教学逻辑提炼-质心-碱金属和碱土金属-第一轮.md","KP-碱金属"
"07-资料提炼","07-资料提炼/教学逻辑提炼/质心 元素化学和结构化学 下/教学逻辑提炼-质心-碱金属和碱土金属-第一轮.md","KP-锂的特殊性"
"07-资料提炼","07-资料提炼/教学逻辑提炼/质心 元素化学和结构化学 下/教学逻辑提炼-质心-碱金属和碱土金属-第一轮.md","KP-碱土金属"
"07-资料提炼","07-资料提炼/教学逻辑提炼/质心 元素化学和结构化学 下/教学逻辑提炼-质心-碱金属和碱土金属-第一轮.md","KP-铍的特殊性"
"07-资料提炼","07-资料提炼/教学逻辑提炼/质心 元素化学和结构化学 下/教学逻辑提炼-质心-碱金属和碱土金属-第一轮.md","KP-铍"
"07-资料提炼","07-资料提炼/教学逻辑提炼/质心 元素化学和结构化学 下/教学逻辑提炼-质心-碱金属和碱土金属-第一轮.md","KP-镁"
"07-资料提炼","07-资料提炼/教学逻辑提炼/质心 元素化学和结构化学 下/教学逻辑提炼-质心-碱金属和碱土金属-第一轮.md","KP-钙"
"07-资料提炼","07-资料提炼/教学逻辑提炼/质心 元素化学和结构化学 下/教学逻辑提炼-质心-碱金属和碱土金属-第一轮.md","KP-碱金属"
"07-资料提炼","07-资料提炼/教学逻辑提炼/质心 元素化学和结构化学 下/教学逻辑提炼-质心-碱金属和碱土金属-第一轮.md","KP-锂的特殊性"
"07-资料提炼","07-资料提炼/教学逻辑提炼/质心 元素化学和结构化学 下/教学逻辑提炼-质心-碱金属和碱土金属-第一轮.md","KP-碱土金属"
"07-资料提炼","07-资料提炼/教学逻辑提炼/质心 元素化学和结构化学 下/教学逻辑提炼-质心-碱金属和碱土金属-第一轮.md","KP-铍的特殊性"
"07-资料提炼","07-资料提炼/教学逻辑提炼/质心 元素化学和结构化学 下/教学逻辑提炼-质心-碱金属和碱土金属-第一轮.md","KP-铍"
"07-资料提炼","07-资料提炼/教学逻辑提炼/质心 元素化学和结构化学 下/教学逻辑提炼-质心-碱金属和碱土金属-第一轮.md","KP-铍"
"07-资料提炼","07-资料提炼/教学逻辑提炼/质心 元素化学和结构化学 下/教学逻辑提炼-质心-碱金属和碱土金属-第一轮.md","KP-碱金属"
"07-资料提炼","07-资料提炼/教学逻辑提炼/质心 元素化学和结构化学 下/教学逻辑提炼-质心-碱金属和碱土金属-第一轮.md","KP-锂的特殊性"
"07-资料提炼","07-资料提炼/教学逻辑提炼/质心 元素化学和结构化学 下/教学逻辑提炼-质心-碱金属和碱土金属-第一轮.md","KP-铍"
"07-资料提炼","07-资料提炼/教学逻辑提炼/质心 元素化学和结构化学 下/教学逻辑提炼-质心-铁系元素-第一轮.md","KP-配体对电势的影响"
"07-资料提炼","07-资料提炼/教学逻辑提炼/质心 元素化学和结构化学 下/教学逻辑提炼-质心-铁系元素-第一轮.md","KP-配体对电势的影响"
"07-资料提炼","07-资料提炼/教学逻辑提炼/质心 元素化学和结构化学 下/教学逻辑提炼-质心-铁系元素-第一轮.md","KP-配体对电势的影响"
"07-资料提炼","07-资料提炼/教学逻辑提炼/质心 元素化学和结构化学 下/教学逻辑提炼-质心-铁系元素-第一轮.md","KP-配体对电势的影响"
"07-资料提炼","07-资料提炼/教学逻辑提炼/质心 元素化学和结构化学 下/教学逻辑提炼-质心-铬-第一轮.md","KP-二价铬四重键"
"07-资料提炼","07-资料提炼/教学逻辑提炼/质心 元素化学和结构化学 下/教学逻辑提炼-质心-铬-第一轮.md","KP-二价铬四重键"
"07-资料提炼","07-资料提炼/教学逻辑提炼/质心 元素化学和结构化学 下/教学逻辑提炼-质心-铬-第一轮.md","KP-二价铬四重键"
"07-资料提炼","07-资料提炼/教学逻辑提炼/质心 化学原理 上/教学逻辑提炼-质心-综合复习-第一轮.md","专题-综合复习"
"07-资料提炼","07-资料提炼/教学逻辑提炼/质心 化学原理 上/教学逻辑提炼-质心-综合复习-第一轮.md","熔沸点比较"
"07-资料提炼","07-资料提炼/教学逻辑提炼/质心 化学原理 上/教学逻辑提炼-质心-综合复习-第一轮.md","酸性"
"07-资料提炼","07-资料提炼/教学逻辑提炼/质心 化学原理 上/教学逻辑提炼-质心-综合复习-第一轮.md","熔沸点"
"07-资料提炼","07-资料提炼/教学逻辑提炼/质心 化学原理 上/教学逻辑提炼-质心-综合复习-第一轮.md","酸性"
"07-资料提炼","07-资料提炼/教学逻辑提炼/质心 化学原理 上/教学逻辑提炼-质心-综合复习-第一轮.md","熔沸点"
"07-资料提炼","07-资料提炼/教学逻辑提炼/质心 化学原理 上/教学逻辑提炼-质心-综合复习-第一轮.md","酸性"
"07-资料提炼","07-资料提炼/教学逻辑提炼/质心 化学原理 上/教学逻辑提炼-质心-综合复习-第一轮.md","熔沸点"
"07-资料提炼","07-资料提炼/教学逻辑提炼/质心 化学原理 上/教学逻辑提炼-质心-综合复习-第一轮.md","专题-综合复习"
"07-资料提炼","07-资料提炼/教学逻辑提炼/质心 化学原理 上/教学逻辑提炼-质心-综合复习-第一轮.md","熔沸点"
"07-资料提炼","07-资料提炼/教学逻辑提炼/质心 化学原理 上/教学逻辑提炼-质心-综合复习-第一轮.md","酸性"
"07-资料提炼","07-资料提炼/教学逻辑提炼/质心 化学原理 上/教学逻辑提炼-质心-综合复习-第一轮.md","专题-综合复习"
"07-资料提炼","07-资料提炼/教学逻辑提炼/质心 化学原理 上/教学逻辑提炼-质心-综合复习-第一轮.md","专题-综合复习"
"07-资料提炼","07-资料提炼/教学逻辑提炼/质心 化学原理 上/教学逻辑提炼-质心-综合复习-第一轮.md","专题-综合复习"
"07-资料提炼","07-资料提炼/教学逻辑提炼/质心 化学原理 上/教学逻辑提炼-质心-综合复习-第一轮.md","熔沸点"
"07-资料提炼","07-资料提炼/教学逻辑提炼/质心 化学原理 下/教学逻辑提炼-质心-化学平衡-第一轮.md","07-资料提炼/教学逻辑提炼/质心 化学原理 下/网课上课思路提炼-质心-化学平衡-L4化学平衡-第一轮试点"
"07-资料提炼","07-资料提炼/教学逻辑提炼/质心 化学原理 下/教学逻辑提炼-质心-化学平衡-第一轮.md","07-资料提炼/教学逻辑提炼/质心 化学原理 下/网课上课思路提炼-质心-化学平衡-L4化学平衡-第一轮试点"
"07-资料提炼","07-资料提炼/教学逻辑提炼/质心 化学原理 下/教学逻辑提炼-质心-期中复习-第一轮.md","专题-期中复习"
"07-资料提炼","07-资料提炼/教学逻辑提炼/质心 化学原理 下/教学逻辑提炼-质心-期中复习-第一轮.md","专题-期中复习"
"07-资料提炼","07-资料提炼/教学逻辑提炼/质心 化学原理 下/教学逻辑提炼-质心-期中复习-第一轮.md","专题-期中复习"
"07-资料提炼","07-资料提炼/教学逻辑提炼/质心 化学原理 下/教学逻辑提炼-质心-期中复习-第一轮.md","专题-期中复习"
"07-资料提炼","07-资料提炼/教学逻辑提炼/质心 化学原理 下/教学逻辑提炼-质心-期中复习-第一轮.md","专题-期中复习"
"07-资料提炼","07-资料提炼/教学逻辑提炼/质心 化学原理 下/教学逻辑提炼-质心-热力学初步-第一轮.md","质心直播课-L2热力学中_笔记"
"07-资料提炼","07-资料提炼/网课资料/学而思 有机化学基础/资料提炼-学而思有机化学基础-批次A-绪论烷烃立体化学.md","21-有机化合物的结构与性质关系"
"07-资料提炼","07-资料提炼/网课资料/学而思 有机化学基础/资料提炼-学而思有机化学基础-批次A-绪论烷烃立体化学.md","24-立体异构"
"07-资料提炼","07-资料提炼/网课资料/学而思 有机化学基础/资料提炼-学而思有机化学基础-批次A-绪论烷烃立体化学.md","27-构象分析与空间效应"
"07-资料提炼","07-资料提炼/网课资料/学而思 有机化学基础/资料提炼-学而思有机化学基础-批次A-绪论烷烃立体化学.md","31-自由基"
"07-资料提炼","07-资料提炼/网课资料/学而思 有机化学基础/资料提炼-学而思有机化学基础-批次A-绪论烷烃立体化学.md","34-活性中间体稳定性"
"07-资料提炼","07-资料提炼/网课资料/学而思 有机化学基础/资料提炼-学而思有机化学基础-批次A-绪论烷烃立体化学.md","35-有机酸碱"
"07-资料提炼","07-资料提炼/网课资料/学而思 有机化学基础/资料提炼-学而思有机化学基础-批次A-绪论烷烃立体化学.md","37-区域与立体选择性基础"
"07-资料提炼","07-资料提炼/网课资料/学而思 有机化学基础/资料提炼-学而思有机化学基础-批次A-绪论烷烃立体化学.md","烷烃"
"07-资料提炼","07-资料提炼/网课资料/学而思 有机化学基础/资料提炼-学而思有机化学基础-批次B-卤代烃烯烃炔烃与二烯烃.md","31-自由基"
"07-资料提炼","07-资料提炼/网课资料/学而思 有机化学基础/资料提炼-学而思有机化学基础-批次B-卤代烃烯烃炔烃与二烯烃.md","32-碳正离子与区域选择性"
"07-资料提炼","07-资料提炼/网课资料/学而思 有机化学基础/资料提炼-学而思有机化学基础-批次B-卤代烃烯烃炔烃与二烯烃.md","34-活性中间体稳定性"
"07-资料提炼","07-资料提炼/网课资料/学而思 有机化学基础/资料提炼-学而思有机化学基础-批次B-卤代烃烯烃炔烃与二烯烃.md","35-有机酸碱"
"07-资料提炼","07-资料提炼/网课资料/学而思 有机化学基础/资料提炼-学而思有机化学基础-批次B-卤代烃烯烃炔烃与二烯烃.md","36-亲核取代反应"
"07-资料提炼","07-资料提炼/网课资料/学而思 有机化学基础/资料提炼-学而思有机化学基础-批次B-卤代烃烯烃炔烃与二烯烃.md","37-加成与区域选择性"
"07-资料提炼","07-资料提炼/网课资料/学而思 有机化学基础/资料提炼-学而思有机化学基础-批次B-卤代烃烯烃炔烃与二烯烃.md","41-芳香/共轭与离域基础"
"07-资料提炼","07-资料提炼/网课资料/学而思 有机化学基础/资料提炼-学而思有机化学基础-批次B-卤代烃烯烃炔烃与二烯烃.md","43-烯烃和炔烃化学"
"07-资料提炼","07-资料提炼/网课资料/学而思 有机化学基础/资料提炼-学而思有机化学基础-批次B-卤代烃烯烃炔烃与二烯烃.md","44-取代与消除竞争"
"07-资料提炼","07-资料提炼/网课资料/学而思 有机化学基础/资料提炼-学而思有机化学基础-批次B-卤代烃烯烃炔烃与二烯烃.md","45-碳负离子与亲核加成"
"07-资料提炼","07-资料提炼/网课资料/学而思 有机化学基础/资料提炼-学而思有机化学基础-批次B-卤代烃烯烃炔烃与二烯烃.md","49-周环反应前置"
"07-资料提炼","07-资料提炼/网课资料/学而思 有机化学基础/资料提炼-学而思有机化学基础-批次C-芳香烃与醇酚醚.md","35-有机酸碱"
"07-资料提炼","07-资料提炼/网课资料/学而思 有机化学基础/资料提炼-学而思有机化学基础-批次C-芳香烃与醇酚醚.md","39-重排与互变异构前置"
"07-资料提炼","07-资料提炼/网课资料/学而思 有机化学基础/资料提炼-学而思有机化学基础-批次C-芳香烃与醇酚醚.md","43-烯烃和炔烃及含氧官能团转化"
"07-资料提炼","07-资料提炼/网课资料/学而思 有机化学基础/资料提炼-学而思有机化学基础-批次C-芳香烃与醇酚醚.md","45-碳负离子与亲核加成"
"07-资料提炼","07-资料提炼/网课资料/学而思 有机化学基础/资料提炼-学而思有机化学基础-批次C-芳香烃与醇酚醚.md","48-含氧有机物"
"07-资料提炼","07-资料提炼/网课资料/学而思 有机化学基础/资料提炼-学而思有机化学基础-批次C-芳香烃与醇酚醚.md","对甲苯磺酸酯"
"07-资料提炼","07-资料提炼/网课资料/学而思 有机化学基础/资料提炼-学而思有机化学基础-批次D-醛酮.md","39-重排与互变异构前置"
"07-资料提炼","07-资料提炼/网课资料/学而思 有机化学基础/资料提炼-学而思有机化学基础-批次D-醛酮.md","43-烯烃和炔烃及含氧官能团转化"
"07-资料提炼","07-资料提炼/网课资料/学而思 有机化学基础/资料提炼-学而思有机化学基础-批次D-醛酮.md","48-含氧有机物"
"07-资料提炼","07-资料提炼/网课资料/学而思 有机化学基础/资料提炼-学而思有机化学基础-批次D-醛酮.md","50-有机合成基础"
"07-资料提炼","07-资料提炼/网课资料/学而思 有机化学基础/资料提炼-学而思有机化学基础-批次D-醛酮.md","有机合成基础"
"07-资料提炼","07-资料提炼/网课资料/学而思 有机化学基础/资料提炼-学而思有机化学基础-批次E-羧酸羧衍缩合前置与含氮延伸.md","39-重排与互变异构前置"
"07-资料提炼","07-资料提炼/网课资料/学而思 有机化学基础/资料提炼-学而思有机化学基础-批次E-羧酸羧衍缩合前置与含氮延伸.md","48-含氧有机物"
"07-资料提炼","07-资料提炼/网课资料/学而思 有机化学基础/资料提炼-学而思有机化学基础-批次E-羧酸羧衍缩合前置与含氮延伸.md","50-有机合成基础"
"07-资料提炼","07-资料提炼/网课资料/学而思 有机化学基础/资料提炼-学而思有机化学基础-批次E-羧酸羧衍缩合前置与含氮延伸.md","52-杂环化合物与含氮有机物前置"
"07-资料提炼","07-资料提炼/网课资料/学而思 有机化学基础/资料提炼-学而思有机化学基础-批次E-羧酸羧衍缩合前置与含氮延伸.md","硝基化合物"
"07-资料提炼","07-资料提炼/网课资料/学而思 有机化学基础/资料提炼-学而思有机化学基础-批次E-羧酸羧衍缩合前置与含氮延伸.md","芳胺"
"07-资料提炼","07-资料提炼/网课资料/无机化学-新课-周坤-2020-难度适中/资料提炼/资料提炼-周坤-晶体结构与配位化学.md","反馈pi键"
"07-资料提炼","07-资料提炼/网课资料/无机化学-新课-周坤-2020-难度适中/资料提炼/资料提炼-周坤-晶体结构与配位化学.md","晶体场稳定化能-CFSE"
"07-资料提炼","07-资料提炼/网课资料/无机化学-新课-周坤-2020-难度适中/资料提炼/资料提炼-周坤-晶体结构与配位化学.md","离子半径测定"
"07-资料提炼","07-资料提炼/资料提炼.md","教学逻辑提炼"
"07-资料提炼","07-资料提炼/资料提炼.md","习题提炼"
"11-模板","11-模板/Agent提示词-知识库构建.md","07-资料提炼/普通化学原理/第5章-酸碱平衡"
"11-模板","11-模板/Agent提示词-知识库构建.md","知识点名"
"11-模板","11-模板/Agent提示词-知识库构建.md","知识点名"
"11-模板","11-模板/Agent提示词-知识库构建.md","文件名"
"11-模板","11-模板/Agent提示词-知识库构建.md","1A.网课上课思路提炼"
"11-模板","11-模板/Agent提示词-知识库维护.md","Lawesson 试剂"
"11-模板","11-模板/Agent提示词-知识库维护.md","source"
"11-模板","11-模板/Agent提示词-知识库维护.md","target"
"11-模板","11-模板/Agent提示词-知识库维护.md","deprecated"
"11-模板","11-模板/Agent提示词-知识库维护.md","^"
"11-模板","11-模板/Agent提示词-知识库维护.md","^"
"11-模板","11-模板/Frontmatter校验检查清单.md","wikilink"
"11-模板","11-模板/LaTeX PDF管线使用手册.md","wikilink"
"11-模板","11-模板/LaTeX PDF管线使用手册.md","wikilink"
"11-模板","11-模板/LaTeX PDF管线使用手册.md","foo.png"
"11-模板","11-模板/MD讲义格式参考（原子结构样板）.md","04-课件/备课大纲/xxxx"
"11-模板","11-模板/MD讲义格式参考（原子结构样板）.md","专题-xxx"
"11-模板","11-模板/MD讲义格式参考（原子结构样板）.md","哈希名.jpg"
"11-模板","11-模板/MD讲义格式参考（原子结构样板）.md","专题-xxx"
"11-模板","11-模板/MD讲义格式参考（原子结构样板）.md","专题-xxx"
"11-模板","11-模板/MD讲义格式参考（原子结构样板）.md","fff140a862....jpg"
"11-模板","11-模板/MD讲义格式参考（原子结构样板）.md","fff140a862....jpg"
"11-模板","11-模板/MD讲义格式参考（原子结构样板）.md","wikilink"
"11-模板","11-模板/MD讲义格式参考（原子结构样板）.md","哈希名.jpg"
"11-模板","11-模板/MD通用规范（Word-PDF共同最优子集）.md","B8FBFE0C.JPG"
"11-模板","11-模板/MD通用规范（Word-PDF共同最优子集）.md","B8FBFE0C.JPG"
"11-模板","11-模板/MD通用规范（Word-PDF共同最优子集）.md","B8FBFE0C.JPG"
"11-模板","11-模板/MD通用规范（Word-PDF共同最优子集）.md","页面名"
"11-模板","11-模板/MD通用规范（Word-PDF共同最优子集）.md","B8FBFE0C.JPG"
"11-模板","11-模板/MD通用规范（Word-PDF共同最优子集）.md","哈希名.png"
"11-模板","11-模板/MD通用规范（Word-PDF共同最优子集）.md","foo.png"
"11-模板","11-模板/MD通用规范（Word-PDF共同最优子集）.md","B8FBFE0C.JPG"
"11-模板","11-模板/PDF生成策略-Agent一键说明.md","foo.png"
"11-模板","11-模板/scripts/LATEX_STRATEGY.md","wikilink"
"11-模板","11-模板/scripts/LATEX_STRATEGY.md","^"
"11-模板","11-模板/图片替换决策树.md","旧图哈希名.jpg"
"11-模板","11-模板/图片替换决策树.md","新图哈希名.jpg"
"11-模板","11-模板/图片替换决策树.md","kb-image-finder"
"11-模板","11-模板/图片替换决策树.md","哈希名.jpg"
"11-模板","11-模板/学生讲义内容结构规划.md","专题-xxx"
"11-模板","11-模板/学生讲义内容结构规划.md","04-课件/备课大纲/xxx"
"11-模板","11-模板/学生讲义内容结构规划.md","知识点A"
"11-模板","11-模板/学生讲义内容结构规划.md","知识点B"
"11-模板","11-模板/学生讲义排版规范.md","链接"
"11-模板","11-模板/学生讲义排版规范.md","链接"
"11-模板","11-模板/学生讲义排版规范.md","链接"
"11-模板","11-模板/学生讲义排版规范.md","链接"
"11-模板","11-模板/学生讲义模板（v1.2 填充式）.md","KP链接"
"11-模板","11-模板/学生讲义模板（v1.2 填充式）.md","KP链接"
"11-模板","11-模板/学生讲义模板（v1.2 填充式）.md","哈希名.jpg"
"11-模板","11-模板/学生讲义模板（v1.2 填充式）.md","哈希名.jpg"
"11-模板","11-模板/学生讲义模板（v1.2 填充式）.md","B8FBFE0C.JPG"
"11-模板","11-模板/学生讲义模板（v1.2 填充式）.md","B8FBFE0C.JPG"
"11-模板","11-模板/学生讲义模板（v1.2 填充式）.md","B8FBFE0C.JPG"
"11-模板","11-模板/学生讲义模板（v1.2 填充式）.md","B8FBFE0C.JPG"
"11-模板","11-模板/学生讲义模板（v1.2 填充式）.md","KP名"
"11-模板","11-模板/归档/模板-学生讲义-自学完整版.md","前置知识A"
"11-模板","11-模板/归档/模板-学生讲义-自学完整版.md","前置知识B"
"11-模板","11-模板/归档/模板-学生讲义-课堂填空版.md","相关KP"
"11-模板","11-模板/归档/模板-学生讲义-课堂填空版.md","专题页"
"11-模板","11-模板/归档/模板-学生讲义-课堂填空版.md","对应KP"
"11-模板","11-模板/归档/模板-考纲条目.md","题型-"
"11-模板","11-模板/模板-专题.md","知识点文件名"
"11-模板","11-模板/模板-专题.md","题型-"
"11-模板","11-模板/模板-习题组.md","讲义链接"
"11-模板","11-模板/模板-习题课.md","模板-错题本"
"11-模板","11-模板/模板-健康检查报告.md","不存在的KP"
"11-模板","11-模板/模板-健康检查报告.md","Lawesson 试剂"
"11-模板","11-模板/模板-健康检查报告.md","^"
"11-模板","11-模板/模板-健康检查报告.md","X.md"
"11-模板","11-模板/模板-健康检查报告.md","^"
"11-模板","11-模板/模板-健康检查报告.md","^"
"11-模板","11-模板/模板-合并迁移计划.md","Lawesson 试剂"
"11-模板","11-模板/模板-合并迁移计划.md","source"
"11-模板","11-模板/模板-合并迁移计划.md","source"
"11-模板","11-模板/模板-备课大纲.md","教师讲义/教材章节"
"11-模板","11-模板/模板-备课大纲.md","提炼-YY"
"11-模板","11-模板/模板-备课大纲.md","EDTA"
"11-模板","11-模板/模板-备课大纲.md","KMnO4法"
"11-模板","11-模板/模板-备课大纲.md","待建KP"
"11-模板","11-模板/模板-复习课.md","KP-A"
"11-模板","11-模板/模板-复习课.md","前置模块"
"11-模板","11-模板/模板-复习课.md","核心主题"
"11-模板","11-模板/模板-复习课.md","KP-B"
"11-模板","11-模板/模板-复习课.md","后续模块"
"11-模板","11-模板/模板-复习课.md","KP-C"
"11-模板","11-模板/模板-复习课.md","易混点1"
"11-模板","11-模板/模板-复习课.md","易混点2"
"11-模板","11-模板/模板-复习课.md","KP-A"
"11-模板","11-模板/模板-复习课.md","KP-B"
"11-模板","11-模板/模板-复习课.md","KP-A"
"11-模板","11-模板/模板-复习课.md","KP-B"
"11-模板","11-模板/模板-复习课.md","KP-C"
"11-模板","11-模板/模板-复习课.md","KP-A"
"11-模板","11-模板/模板-复习课.md","KP-B"
"11-模板","11-模板/模板-复习课.md","KP-A"
"11-模板","11-模板/模板-复习课.md","KP-B"
"11-模板","11-模板/模板-复习课.md","KP-C"
"11-模板","11-模板/模板-复盘记录.md","KP-Z"
"11-模板","11-模板/模板-复盘记录.md","新 KP"
"11-模板","11-模板/模板-复盘记录.md","课件1"
"11-模板","11-模板/模板-复盘记录.md","课件2"
"11-模板","11-模板/模板-学生讲义型复习课.md","filename.jpg"
"11-模板","11-模板/模板-学生讲义型复习课.md","filename.jpg"
"11-模板","11-模板/模板-学生讲义型复习课.md","filename.jpg"
"11-模板","11-模板/模板-差异对照表.md","Lawesson 试剂"
"11-模板","11-模板/模板-差异对照表.md","09-审计报告/2026-05-07-健康检查"
"11-模板","11-模板/模板-差异对照表.md","source"
"11-模板","11-模板/模板-差异对照表.md","target"
"11-模板","11-模板/模板-差异对照表.md","source"
"11-模板","11-模板/模板-差异对照表.md","target"
"11-模板","11-模板/模板-差异对照表.md","source"
"11-模板","11-模板/模板-差异对照表.md","target"
"11-模板","11-模板/模板-差异对照表.md","source 全名"
"11-模板","11-模板/模板-差异对照表.md","alias1"
"11-模板","11-模板/模板-差异对照表.md","alias2"
"11-模板","11-模板/模板-方法微专题.md","前置方法1"
"11-模板","11-模板/模板-方法微专题.md","前置方法2"
"11-模板","11-模板/模板-方法微专题.md","后续方法或专题"
"11-模板","11-模板/模板-方法微专题.md","题-典例题"
"11-模板","11-模板/模板-方法微专题.md","题-演练题"
"11-模板","11-模板/模板-方法微专题.md","方法微专题-其他方法"
"11-模板","11-模板/模板-方法微专题.md","相关主课件"
"11-模板","11-模板/模板-方法策略卡.md","极限假设法"
"11-模板","11-模板/模板-活跃任务卡.md","来源笔记"
"11-模板","11-模板/模板-活跃任务卡.md","相关笔记1"
"11-模板","11-模板/模板-活跃任务卡.md","相关笔记2"
"11-模板","11-模板/模板-活跃任务卡.md","工作日志/证据1"
"11-模板","11-模板/模板-活跃任务卡.md","工作日志/证据2"
"11-模板","11-模板/模板-活跃任务卡.md","Agent-3/4/5"
"11-模板","11-模板/模板-活跃任务卡.md","Agent-7/8/9"
"11-模板","11-模板/模板-真题导入检查清单.md","06-外部资料导入/真题/images/xxx.jpg"
"11-模板","11-模板/模板-真题导入检查清单.md","提炼页"
"11-模板","11-模板/模板-真题导入检查清单.md","原始PDF"
"11-模板","11-模板/模板-真题导入检查清单.md","题-xxx-..."
"11-模板","11-模板/模板-真题导入检查清单.md","06-外部资料导入/真题/images/xxx.jpg"
"11-模板","11-模板/模板-真题导入检查清单.md","题型-晶胞投影图分析"
"11-模板","11-模板/模板-真题导入检查清单.md","path"
"11-模板","11-模板/模板-知识点.md","图注笔记路径"
"11-模板","11-模板/模板-知识点.md","10-附件/图注/Frost图-氮实例"
"11-模板","11-模板/模板-知识点.md","教学逻辑提炼-Zchem-主族II"
"11-模板","11-模板/模板-知识点.md","题型-"
"11-模板","11-模板/模板-知识点.md","前置 KP"
"11-模板","11-模板/模板-知识点.md","题型-"
"11-模板","11-模板/模板-网课上课思路提炼.md","07-资料提炼/教学逻辑提炼/质心 化学原理 下/教学逻辑提炼-质心-热力学初步-L1热力学上-第一轮试点"
"11-模板","11-模板/模板-课件加工页.md","00-首页/工作日志/YYYY-MM-DD"
"11-模板","11-模板/模板-课件加工页.md","教学洞察-..."
"11-模板","11-模板/模板-课件加工页.md","专题-..."
"11-模板","11-模板/模板-课件加工页.md","07-资料提炼/教材/..."
"11-模板","11-模板/模板-课件加工页.md","00-首页/工作日志/YYYY-MM-DD"
"11-模板","11-模板/模板-课件大纲.md","机理 KP"
"11-模板","11-模板/模板-课件大纲.md","下节主题"
"11-模板","11-模板/模板-课件大纲.md","相关 APiIC 章节"
"11-模板","11-模板/模板-资料提炼.md","知识点名"
"11-模板","11-模板/模板-资料提炼.md","知识点名"
"11-模板","11-模板/模板-错题归因.md","KP-___"
"11-模板","11-模板/模板-错题归因.md","方法策略卡-___"
"11-模板","11-模板/模板-题型.md","专题-"
"11-模板","11-模板/脚本-断链检测.md","$rawLink"
"11-模板","11-模板/脚本-断链检测.md","专题-气体计算"
"11-模板","11-模板/脚本-断链检测.md","专题-化学平衡综合计算"
"11-模板","11-模板/视觉核验标准流程.md","10-索引与统计/已核验图片清单"
"11-模板","11-模板/讲义重组标准流程.md","目标讲义路径"
"11-模板","11-模板/讲义重组标准流程.md","目标讲义路径"
"11-模板","11-模板/讲义重组标准流程.md","目标讲义路径"
